uke_aar,uke_nr,Kartkontor,Timer_Brukt,Kapasitet_Timer_Uke,Utnyttelse
2026,18,Oslo,4.33,21.63,0.2
2026,18,Hamar,3.61,18.03,0.2
2026,18,Skien,5.77,28.85,0.2
2026,18,Kristiansand,4.33,21.63,0.2
2026,18,Stavanger,4.04,20.19,0.2
2026,18,Bergen,5.77,28.85,0.2
2026,18,Molde,3.61,18.03,0.2
2026,18,Trondheim,7.5,37.5,0.2
2026,18,Bodø,3.17,15.87,0.2
2026,18,Tromsø,5.05,25.24,0.2
2026,19,Oslo,21.63,21.63,1.0
2026,19,Hamar,18.03,18.03,1.0
2026,19,Skien,28.85,28.85,1.0
2026,19,Kristiansand,21.63,21.63,1.0
2026,19,Stavanger,20.19,20.19,1.0
2026,19,Bergen,28.85,28.85,1.0
2026,19,Molde,18.03,18.03,1.0
2026,19,Trondheim,37.5,37.5,1.0
2026,19,Bodø,15.87,15.87,1.0
2026,19,Tromsø,25.24,25.24,1.0
2026,20,Oslo,21.63,21.63,1.0
2026,20,Hamar,18.03,18.03,1.0
2026,20,Skien,28.85,28.85,1.0
2026,20,Kristiansand,21.63,21.63,1.0
2026,20,Stavanger,20.19,20.19,1.0
2026,20,Bergen,28.85,28.85,1.0
2026,20,Molde,18.03,18.03,1.0
2026,20,Trondheim,37.5,37.5,1.0
2026,20,Bodø,15.87,15.87,1.0
2026,20,Tromsø,25.24,25.24,1.0
2026,21,Oslo,21.63,21.63,1.0
2026,21,Hamar,18.03,18.03,1.0
2026,21,Skien,28.85,28.85,1.0
2026,21,Kristiansand,21.63,21.63,1.0
2026,21,Stavanger,20.19,20.19,1.0
2026,21,Bergen,28.85,28.85,1.0
2026,21,Molde,18.03,18.03,1.0
2026,21,Trondheim,37.5,37.5,1.0
2026,21,Bodø,15.87,15.87,1.0
2026,21,Tromsø,25.24,25.24,1.0
2026,22,Oslo,21.63,21.63,1.0
2026,22,Hamar,18.03,18.03,1.0
2026,22,Skien,28.85,28.85,1.0
2026,22,Kristiansand,21.63,21.63,1.0
2026,22,Stavanger,20.19,20.19,1.0
2026,22,Bergen,28.85,28.85,1.0
2026,22,Molde,18.03,18.03,1.0
2026,22,Trondheim,37.5,37.5,1.0
2026,22,Bodø,15.87,15.87,1.0
2026,22,Tromsø,25.24,25.24,1.0
2026,23,Oslo,21.63,21.63,1.0
2026,23,Hamar,18.03,18.03,1.0
2026,23,Skien,28.85,28.85,1.0
2026,23,Kristiansand,21.63,21.63,1.0
2026,23,Stavanger,20.19,20.19,1.0
2026,23,Bergen,28.85,28.85,1.0
2026,23,Molde,18.03,18.03,1.0
2026,23,Trondheim,37.5,37.5,1.0
2026,23,Bodø,15.87,15.87,1.0
2026,23,Tromsø,25.24,25.24,1.0
2026,24,Oslo,21.63,21.63,1.0
2026,24,Hamar,18.03,18.03,1.0
2026,24,Skien,28.85,28.85,1.0
2026,24,Kristiansand,21.63,21.63,1.0
2026,24,Stavanger,20.19,20.19,1.0
2026,24,Bergen,28.85,28.85,1.0
2026,24,Molde,18.03,18.03,1.0
2026,24,Trondheim,37.5,37.5,1.0
2026,24,Bodø,15.87,15.87,1.0
2026,24,Tromsø,25.24,25.24,1.0
2026,25,Oslo,21.63,21.63,1.0
2026,25,Hamar,18.03,18.03,1.0
2026,25,Skien,14.25,28.85,0.494
2026,25,Kristiansand,21.63,21.63,1.0
2026,25,Stavanger,20.19,20.19,1.0
2026,25,Bergen,28.85,28.85,1.0
2026,25,Molde,18.03,18.03,1.0
2026,25,Trondheim,37.5,37.5,1.0
2026,25,Bodø,15.87,15.87,1.0
2026,25,Tromsø,25.24,25.24,1.0
2026,26,Oslo,21.63,21.63,1.0
2026,26,Hamar,18.03,18.03,1.0
2026,26,Skien,0.0,28.85,0.0
2026,26,Kristiansand,21.63,21.63,1.0
2026,26,Stavanger,11.57,20.19,0.573
2026,26,Bergen,28.85,28.85,1.0
2026,26,Molde,18.03,18.03,1.0
2026,26,Trondheim,37.5,37.5,1.0
2026,26,Bodø,15.87,15.87,1.0
2026,26,Tromsø,25.24,25.24,1.0
2026,27,Oslo,21.63,21.63,1.0
2026,27,Hamar,18.03,18.03,1.0
2026,27,Skien,0.0,28.85,0.0
2026,27,Kristiansand,21.63,21.63,1.0
2026,27,Stavanger,0.0,20.19,0.0
2026,27,Bergen,28.85,28.85,1.0
2026,27,Molde,4.39,18.03,0.244
2026,27,Trondheim,37.5,37.5,1.0
2026,27,Bodø,15.87,15.87,1.0
2026,27,Tromsø,25.24,25.24,1.0
2026,28,Oslo,21.63,21.63,1.0
2026,28,Hamar,18.03,18.03,1.0
2026,28,Skien,0.0,28.85,0.0
2026,28,Kristiansand,21.63,21.63,1.0
2026,28,Stavanger,0.0,20.19,0.0
2026,28,Bergen,28.85,28.85,1.0
2026,28,Molde,0.0,18.03,0.0
2026,28,Trondheim,37.5,37.5,1.0
2026,28,Bodø,15.87,15.87,1.0
2026,28,Tromsø,25.24,25.24,1.0
2026,29,Oslo,21.63,21.63,1.0
2026,29,Hamar,18.03,18.03,1.0
2026,29,Skien,0.0,28.85,0.0
2026,29,Kristiansand,21.63,21.63,1.0
2026,29,Stavanger,0.0,20.19,0.0
2026,29,Bergen,28.85,28.85,1.0
2026,29,Molde,0.0,18.03,0.0
2026,29,Trondheim,37.5,37.5,1.0
2026,29,Bodø,15.87,15.87,1.0
2026,29,Tromsø,25.24,25.24,1.0
2026,30,Oslo,21.63,21.63,1.0
2026,30,Hamar,18.03,18.03,1.0
2026,30,Skien,0.0,28.85,0.0
2026,30,Kristiansand,21.63,21.63,1.0
2026,30,Stavanger,0.0,20.19,0.0
2026,30,Bergen,28.85,28.85,1.0
2026,30,Molde,0.0,18.03,0.0
2026,30,Trondheim,37.5,37.5,1.0
2026,30,Bodø,15.87,15.87,1.0
2026,30,Tromsø,25.24,25.24,1.0
2026,31,Oslo,21.63,21.63,1.0
2026,31,Hamar,18.03,18.03,1.0
2026,31,Skien,0.0,28.85,0.0
2026,31,Kristiansand,19.55,21.63,0.903
2026,31,Stavanger,0.0,20.19,0.0
2026,31,Bergen,28.85,28.85,1.0
2026,31,Molde,0.0,18.03,0.0
2026,31,Trondheim,37.5,37.5,1.0
2026,31,Bodø,15.87,15.87,1.0
2026,31,Tromsø,25.24,25.24,1.0
2026,32,Oslo,21.63,21.63,1.0
2026,32,Hamar,18.03,18.03,1.0
2026,32,Skien,0.0,28.85,0.0
2026,32,Kristiansand,0.0,21.63,0.0
2026,32,Stavanger,0.0,20.19,0.0
2026,32,Bergen,28.85,28.85,1.0
2026,32,Molde,0.0,18.03,0.0
2026,32,Trondheim,37.5,37.5,1.0
2026,32,Bodø,15.87,15.87,1.0
2026,32,Tromsø,25.24,25.24,1.0
2026,33,Oslo,21.63,21.63,1.0
2026,33,Hamar,18.03,18.03,1.0
2026,33,Skien,0.0,28.85,0.0
2026,33,Kristiansand,0.0,21.63,0.0
2026,33,Stavanger,0.0,20.19,0.0
2026,33,Bergen,28.85,28.85,1.0
2026,33,Molde,0.0,18.03,0.0
2026,33,Trondheim,37.5,37.5,1.0
2026,33,Bodø,15.87,15.87,1.0
2026,33,Tromsø,25.24,25.24,1.0
2026,34,Oslo,21.63,21.63,1.0
2026,34,Hamar,18.03,18.03,1.0
2026,34,Skien,0.0,28.85,0.0
2026,34,Kristiansand,0.0,21.63,0.0
2026,34,Stavanger,0.0,20.19,0.0
2026,34,Bergen,28.85,28.85,1.0
2026,34,Molde,0.0,18.03,0.0
2026,34,Trondheim,37.5,37.5,1.0
2026,34,Bodø,15.87,15.87,1.0
2026,34,Tromsø,25.24,25.24,1.0
2026,35,Oslo,21.63,21.63,1.0
2026,35,Hamar,4.09,18.03,0.227
2026,35,Skien,0.0,28.85,0.0
2026,35,Kristiansand,0.0,21.63,0.0
2026,35,Stavanger,0.0,20.19,0.0
2026,35,Bergen,28.85,28.85,1.0
2026,35,Molde,0.0,18.03,0.0
2026,35,Trondheim,37.5,37.5,1.0
2026,35,Bodø,15.87,15.87,1.0
2026,35,Tromsø,25.24,25.24,1.0
2026,36,Oslo,21.63,21.63,1.0
2026,36,Hamar,14.42,18.03,0.8
2026,36,Skien,0.0,28.85,0.0
2026,36,Kristiansand,0.0,21.63,0.0
2026,36,Stavanger,0.0,20.19,0.0
2026,36,Bergen,28.85,28.85,1.0
2026,36,Molde,0.0,18.03,0.0
2026,36,Trondheim,37.5,37.5,1.0
2026,36,Bodø,15.87,15.87,1.0
2026,36,Tromsø,25.24,25.24,1.0
2026,37,Oslo,21.63,21.63,1.0
2026,37,Hamar,18.03,18.03,1.0
2026,37,Skien,0.0,28.85,0.0
2026,37,Kristiansand,0.0,21.63,0.0
2026,37,Stavanger,0.0,20.19,0.0
2026,37,Bergen,28.85,28.85,1.0
2026,37,Molde,0.0,18.03,0.0
2026,37,Trondheim,37.5,37.5,1.0
2026,37,Bodø,15.87,15.87,1.0
2026,37,Tromsø,25.24,25.24,1.0
2026,38,Oslo,21.63,21.63,1.0
2026,38,Hamar,18.03,18.03,1.0
2026,38,Skien,0.0,28.85,0.0
2026,38,Kristiansand,0.0,21.63,0.0
2026,38,Stavanger,0.0,20.19,0.0
2026,38,Bergen,28.85,28.85,1.0
2026,38,Molde,0.0,18.03,0.0
2026,38,Trondheim,14.19,37.5,0.378
2026,38,Bodø,15.87,15.87,1.0
2026,38,Tromsø,25.24,25.24,1.0
2026,39,Oslo,21.63,21.63,1.0
2026,39,Hamar,18.03,18.03,1.0
2026,39,Skien,0.0,28.85,0.0
2026,39,Kristiansand,0.0,21.63,0.0
2026,39,Stavanger,0.0,20.19,0.0
2026,39,Bergen,2.59,28.85,0.09
2026,39,Molde,0.0,18.03,0.0
2026,39,Trondheim,0.0,37.5,0.0
2026,39,Bodø,15.87,15.87,1.0
2026,39,Tromsø,25.24,25.24,1.0
2026,40,Oslo,21.63,21.63,1.0
2026,40,Hamar,18.03,18.03,1.0
2026,40,Skien,0.0,28.85,0.0
2026,40,Kristiansand,8.65,21.63,0.4
2026,40,Stavanger,8.08,20.19,0.4
2026,40,Bergen,0.0,28.85,0.0
2026,40,Molde,0.0,18.03,0.0
2026,40,Trondheim,0.0,37.5,0.0
2026,40,Bodø,15.87,15.87,1.0
2026,40,Tromsø,25.24,25.24,1.0
2026,41,Oslo,21.63,21.63,1.0
2026,41,Hamar,18.03,18.03,1.0
2026,41,Skien,0.0,28.85,0.0
2026,41,Kristiansand,21.63,21.63,1.0
2026,41,Stavanger,20.19,20.19,1.0
2026,41,Bergen,0.0,28.85,0.0
2026,41,Molde,0.0,18.03,0.0
2026,41,Trondheim,0.0,37.5,0.0
2026,41,Bodø,15.87,15.87,1.0
2026,41,Tromsø,25.24,25.24,1.0
2026,42,Oslo,21.63,21.63,1.0
2026,42,Hamar,18.03,18.03,1.0
2026,42,Skien,0.0,28.85,0.0
2026,42,Kristiansand,21.63,21.63,1.0
2026,42,Stavanger,20.19,20.19,1.0
2026,42,Bergen,0.0,28.85,0.0
2026,42,Molde,0.0,18.03,0.0
2026,42,Trondheim,0.0,37.5,0.0
2026,42,Bodø,15.87,15.87,1.0
2026,42,Tromsø,25.24,25.24,1.0
2026,43,Oslo,21.63,21.63,1.0
2026,43,Hamar,18.03,18.03,1.0
2026,43,Skien,0.0,28.85,0.0
2026,43,Kristiansand,21.63,21.63,1.0
2026,43,Stavanger,20.19,20.19,1.0
2026,43,Bergen,0.0,28.85,0.0
2026,43,Molde,0.0,18.03,0.0
2026,43,Trondheim,0.0,37.5,0.0
2026,43,Bodø,15.87,15.87,1.0
2026,43,Tromsø,25.24,25.24,1.0
2026,44,Oslo,21.63,21.63,1.0
2026,44,Hamar,18.03,18.03,1.0
2026,44,Skien,0.0,28.85,0.0
2026,44,Kristiansand,21.63,21.63,1.0
2026,44,Stavanger,20.19,20.19,1.0
2026,44,Bergen,0.0,28.85,0.0
2026,44,Molde,0.0,18.03,0.0
2026,44,Trondheim,0.0,37.5,0.0
2026,44,Bodø,15.87,15.87,1.0
2026,44,Tromsø,25.24,25.24,1.0
2026,45,Oslo,21.63,21.63,1.0
2026,45,Hamar,18.03,18.03,1.0
2026,45,Skien,0.0,28.85,0.0
2026,45,Kristiansand,21.63,21.63,1.0
2026,45,Stavanger,12.44,20.19,0.616
2026,45,Bergen,0.0,28.85,0.0
2026,45,Molde,0.0,18.03,0.0
2026,45,Trondheim,0.0,37.5,0.0
2026,45,Bodø,15.87,15.87,1.0
2026,45,Tromsø,25.24,25.24,1.0
2026,46,Oslo,21.63,21.63,1.0
2026,46,Hamar,18.03,18.03,1.0
2026,46,Skien,0.0,28.85,0.0
2026,46,Kristiansand,21.63,21.63,1.0
2026,46,Stavanger,0.0,20.19,0.0
2026,46,Bergen,0.0,28.85,0.0
2026,46,Molde,0.0,18.03,0.0
2026,46,Trondheim,0.0,37.5,0.0
2026,46,Bodø,15.87,15.87,1.0
2026,46,Tromsø,25.24,25.24,1.0
2026,47,Oslo,21.63,21.63,1.0
2026,47,Hamar,18.03,18.03,1.0
2026,47,Skien,0.0,28.85,0.0
2026,47,Kristiansand,21.63,21.63,1.0
2026,47,Stavanger,0.0,20.19,0.0
2026,47,Bergen,0.0,28.85,0.0
2026,47,Molde,0.0,18.03,0.0
2026,47,Trondheim,0.0,37.5,0.0
2026,47,Bodø,15.87,15.87,1.0
2026,47,Tromsø,25.24,25.24,1.0
2026,48,Oslo,21.63,21.63,1.0
2026,48,Hamar,18.03,18.03,1.0
2026,48,Skien,0.0,28.85,0.0
2026,48,Kristiansand,21.63,21.63,1.0
2026,48,Stavanger,0.0,20.19,0.0
2026,48,Bergen,0.0,28.85,0.0
2026,48,Molde,0.0,18.03,0.0
2026,48,Trondheim,0.0,37.5,0.0
2026,48,Bodø,15.87,15.87,1.0
2026,48,Tromsø,25.24,25.24,1.0
2026,49,Oslo,21.63,21.63,1.0
2026,49,Hamar,18.03,18.03,1.0
2026,49,Skien,0.0,28.85,0.0
2026,49,Kristiansand,21.63,21.63,1.0
2026,49,Stavanger,0.0,20.19,0.0
2026,49,Bergen,0.0,28.85,0.0
2026,49,Molde,14.42,18.03,0.8
2026,49,Trondheim,0.0,37.5,0.0
2026,49,Bodø,15.87,15.87,1.0
2026,49,Tromsø,25.24,25.24,1.0
2026,50,Oslo,21.63,21.63,1.0
2026,50,Hamar,18.03,18.03,1.0
2026,50,Skien,0.0,28.85,0.0
2026,50,Kristiansand,6.67,21.63,0.309
2026,50,Stavanger,0.0,20.19,0.0
2026,50,Bergen,0.0,28.85,0.0
2026,50,Molde,18.03,18.03,1.0
2026,50,Trondheim,0.0,37.5,0.0
2026,50,Bodø,15.87,15.87,1.0
2026,50,Tromsø,25.24,25.24,1.0
2026,51,Oslo,21.63,21.63,1.0
2026,51,Hamar,18.03,18.03,1.0
2026,51,Skien,0.0,28.85,0.0
2026,51,Kristiansand,0.0,21.63,0.0
2026,51,Stavanger,0.0,20.19,0.0
2026,51,Bergen,0.0,28.85,0.0
2026,51,Molde,18.03,18.03,1.0
2026,51,Trondheim,0.0,37.5,0.0
2026,51,Bodø,15.87,15.87,1.0
2026,51,Tromsø,25.24,25.24,1.0
2026,52,Oslo,19.0,21.63,0.878
2026,52,Hamar,18.03,18.03,1.0
2026,52,Skien,0.0,28.85,0.0
2026,52,Kristiansand,0.0,21.63,0.0
2026,52,Stavanger,0.0,20.19,0.0
2026,52,Bergen,0.0,28.85,0.0
2026,52,Molde,18.03,18.03,1.0
2026,52,Trondheim,0.0,37.5,0.0
2026,52,Bodø,14.01,15.87,0.883
2026,52,Tromsø,25.24,25.24,1.0
2026,53,Oslo,4.33,21.63,0.2
2026,53,Hamar,18.03,18.03,1.0
2026,53,Skien,5.77,28.85,0.2
2026,53,Kristiansand,0.0,21.63,0.0
2026,53,Stavanger,0.0,20.19,0.0
2026,53,Bergen,0.0,28.85,0.0
2026,53,Molde,4.36,18.03,0.242
2026,53,Trondheim,7.5,37.5,0.2
2026,53,Bodø,0.0,15.87,0.0
2026,53,Tromsø,25.24,25.24,1.0
2027,1,Oslo,21.63,21.63,1.0
2027,1,Hamar,18.03,18.03,1.0
2027,1,Skien,28.85,28.85,1.0
2027,1,Kristiansand,0.0,21.63,0.0
2027,1,Stavanger,0.0,20.19,0.0
2027,1,Bergen,0.0,28.85,0.0
2027,1,Molde,18.03,18.03,1.0
2027,1,Trondheim,37.5,37.5,1.0
2027,1,Bodø,0.0,15.87,0.0
2027,1,Tromsø,25.24,25.24,1.0
2027,2,Oslo,0.51,21.63,0.024
2027,2,Hamar,18.03,18.03,1.0
2027,2,Skien,28.85,28.85,1.0
2027,2,Kristiansand,0.0,21.63,0.0
2027,2,Stavanger,0.0,20.19,0.0
2027,2,Bergen,0.0,28.85,0.0
2027,2,Molde,5.05,18.03,0.28
2027,2,Trondheim,37.5,37.5,1.0
2027,2,Bodø,0.0,15.87,0.0
2027,2,Tromsø,25.24,25.24,1.0
2027,3,Oslo,0.0,21.63,0.0
2027,3,Hamar,18.03,18.03,1.0
2027,3,Skien,28.85,28.85,1.0
2027,3,Kristiansand,0.0,21.63,0.0
2027,3,Stavanger,0.0,20.19,0.0
2027,3,Bergen,0.0,28.85,0.0
2027,3,Molde,0.0,18.03,0.0
2027,3,Trondheim,1.17,37.5,0.031
2027,3,Bodø,0.0,15.87,0.0
2027,3,Tromsø,25.24,25.24,1.0
2027,4,Oslo,0.0,21.63,0.0
2027,4,Hamar,18.03,18.03,1.0
2027,4,Skien,28.85,28.85,1.0
2027,4,Kristiansand,0.0,21.63,0.0
2027,4,Stavanger,0.0,20.19,0.0
2027,4,Bergen,0.0,28.85,0.0
2027,4,Molde,0.0,18.03,0.0
2027,4,Trondheim,0.0,37.5,0.0
2027,4,Bodø,0.0,15.87,0.0
2027,4,Tromsø,25.24,25.24,1.0
2027,5,Oslo,0.0,21.63,0.0
2027,5,Hamar,18.03,18.03,1.0
2027,5,Skien,28.85,28.85,1.0
2027,5,Kristiansand,0.0,21.63,0.0
2027,5,Stavanger,0.0,20.19,0.0
2027,5,Bergen,0.0,28.85,0.0
2027,5,Molde,0.0,18.03,0.0
2027,5,Trondheim,0.0,37.5,0.0
2027,5,Bodø,0.0,15.87,0.0
2027,5,Tromsø,25.24,25.24,1.0
2027,6,Oslo,0.0,21.63,0.0
2027,6,Hamar,18.03,18.03,1.0
2027,6,Skien,28.85,28.85,1.0
2027,6,Kristiansand,0.0,21.63,0.0
2027,6,Stavanger,0.0,20.19,0.0
2027,6,Bergen,0.0,28.85,0.0
2027,6,Molde,0.0,18.03,0.0
2027,6,Trondheim,0.0,37.5,0.0
2027,6,Bodø,0.0,15.87,0.0
2027,6,Tromsø,25.24,25.24,1.0
2027,7,Oslo,0.0,21.63,0.0
2027,7,Hamar,18.03,18.03,1.0
2027,7,Skien,28.85,28.85,1.0
2027,7,Kristiansand,0.0,21.63,0.0
2027,7,Stavanger,0.0,20.19,0.0
2027,7,Bergen,0.0,28.85,0.0
2027,7,Molde,0.0,18.03,0.0
2027,7,Trondheim,0.0,37.5,0.0
2027,7,Bodø,0.0,15.87,0.0
2027,7,Tromsø,25.24,25.24,1.0
2027,8,Oslo,0.0,21.63,0.0
2027,8,Hamar,18.03,18.03,1.0
2027,8,Skien,28.85,28.85,1.0
2027,8,Kristiansand,0.0,21.63,0.0
2027,8,Stavanger,0.0,20.19,0.0
2027,8,Bergen,0.0,28.85,0.0
2027,8,Molde,0.0,18.03,0.0
2027,8,Trondheim,0.0,37.5,0.0
2027,8,Bodø,0.0,15.87,0.0
2027,8,Tromsø,10.03,25.24,0.397
2027,9,Oslo,0.0,21.63,0.0
2027,9,Hamar,18.03,18.03,1.0
2027,9,Skien,28.85,28.85,1.0
2027,9,Kristiansand,0.0,21.63,0.0
2027,9,Stavanger,0.0,20.19,0.0
2027,9,Bergen,28.85,28.85,1.0
2027,9,Molde,0.0,18.03,0.0
2027,9,Trondheim,0.0,37.5,0.0
2027,9,Bodø,0.0,15.87,0.0
2027,9,Tromsø,0.0,25.24,0.0
2027,10,Oslo,0.0,21.63,0.0
2027,10,Hamar,18.03,18.03,1.0
2027,10,Skien,28.85,28.85,1.0
2027,10,Kristiansand,0.0,21.63,0.0
2027,10,Stavanger,0.0,20.19,0.0
2027,10,Bergen,28.85,28.85,1.0
2027,10,Molde,0.0,18.03,0.0
2027,10,Trondheim,0.0,37.5,0.0
2027,10,Bodø,0.0,15.87,0.0
2027,10,Tromsø,0.0,25.24,0.0
2027,11,Oslo,0.0,21.63,0.0
2027,11,Hamar,18.03,18.03,1.0
2027,11,Skien,28.85,28.85,1.0
2027,11,Kristiansand,0.0,21.63,0.0
2027,11,Stavanger,0.0,20.19,0.0
2027,11,Bergen,28.85,28.85,1.0
2027,11,Molde,0.0,18.03,0.0
2027,11,Trondheim,0.0,37.5,0.0
2027,11,Bodø,0.0,15.87,0.0
2027,11,Tromsø,0.0,25.24,0.0
2027,12,Oslo,0.0,21.63,0.0
2027,12,Hamar,18.03,18.03,1.0
2027,12,Skien,24.31,28.85,0.843
2027,12,Kristiansand,0.0,21.63,0.0
2027,12,Stavanger,0.0,20.19,0.0
2027,12,Bergen,6.18,28.85,0.214
2027,12,Molde,0.0,18.03,0.0
2027,12,Trondheim,0.0,37.5,0.0
2027,12,Bodø,0.0,15.87,0.0
2027,12,Tromsø,0.0,25.24,0.0
2027,13,Oslo,0.0,21.63,0.0
2027,13,Hamar,18.03,18.03,1.0
2027,13,Skien,0.0,28.85,0.0
2027,13,Kristiansand,0.0,21.63,0.0
2027,13,Stavanger,0.0,20.19,0.0
2027,13,Bergen,11.54,28.85,0.4
2027,13,Molde,0.0,18.03,0.0
2027,13,Trondheim,0.0,37.5,0.0
2027,13,Bodø,0.0,15.87,0.0
2027,13,Tromsø,0.0,25.24,0.0
2027,14,Oslo,0.0,21.63,0.0
2027,14,Hamar,18.03,18.03,1.0
2027,14,Skien,0.0,28.85,0.0
2027,14,Kristiansand,0.0,21.63,0.0
2027,14,Stavanger,0.0,20.19,0.0
2027,14,Bergen,28.85,28.85,1.0
2027,14,Molde,0.0,18.03,0.0
2027,14,Trondheim,0.0,37.5,0.0
2027,14,Bodø,0.0,15.87,0.0
2027,14,Tromsø,0.0,25.24,0.0
2027,15,Oslo,0.0,21.63,0.0
2027,15,Hamar,18.03,18.03,1.0
2027,15,Skien,0.0,28.85,0.0
2027,15,Kristiansand,0.0,21.63,0.0
2027,15,Stavanger,0.0,20.19,0.0
2027,15,Bergen,28.85,28.85,1.0
2027,15,Molde,0.0,18.03,0.0
2027,15,Trondheim,0.0,37.5,0.0
2027,15,Bodø,0.0,15.87,0.0
2027,15,Tromsø,0.0,25.24,0.0
2027,16,Oslo,0.0,21.63,0.0
2027,16,Hamar,18.03,18.03,1.0
2027,16,Skien,0.0,28.85,0.0
2027,16,Kristiansand,0.0,21.63,0.0
2027,16,Stavanger,0.0,20.19,0.0
2027,16,Bergen,28.85,28.85,1.0
2027,16,Molde,0.0,18.03,0.0
2027,16,Trondheim,0.0,37.5,0.0
2027,16,Bodø,0.0,15.87,0.0
2027,16,Tromsø,0.0,25.24,0.0
2027,17,Oslo,0.0,21.63,0.0
2027,17,Hamar,18.03,18.03,1.0
2027,17,Skien,0.0,28.85,0.0
2027,17,Kristiansand,0.0,21.63,0.0
2027,17,Stavanger,0.0,20.19,0.0
2027,17,Bergen,28.85,28.85,1.0
2027,17,Molde,0.0,18.03,0.0
2027,17,Trondheim,0.0,37.5,0.0
2027,17,Bodø,0.0,15.87,0.0
2027,17,Tromsø,0.0,25.24,0.0
2027,18,Oslo,0.0,21.63,0.0
2027,18,Hamar,18.03,18.03,1.0
2027,18,Skien,0.0,28.85,0.0
2027,18,Kristiansand,0.0,21.63,0.0
2027,18,Stavanger,0.0,20.19,0.0
2027,18,Bergen,28.85,28.85,1.0
2027,18,Molde,0.0,18.03,0.0
2027,18,Trondheim,0.0,37.5,0.0
2027,18,Bodø,0.0,15.87,0.0
2027,18,Tromsø,0.0,25.24,0.0
2027,19,Oslo,0.0,21.63,0.0
2027,19,Hamar,18.03,18.03,1.0
2027,19,Skien,0.0,28.85,0.0
2027,19,Kristiansand,0.0,21.63,0.0
2027,19,Stavanger,0.0,20.19,0.0
2027,19,Bergen,28.85,28.85,1.0
2027,19,Molde,0.0,18.03,0.0
2027,19,Trondheim,0.0,37.5,0.0
2027,19,Bodø,0.0,15.87,0.0
2027,19,Tromsø,0.0,25.24,0.0
2027,20,Oslo,0.0,21.63,0.0
2027,20,Hamar,18.03,18.03,1.0
2027,20,Skien,0.0,28.85,0.0
2027,20,Kristiansand,0.0,21.63,0.0
2027,20,Stavanger,0.0,20.19,0.0
2027,20,Bergen,8.59,28.85,0.298
2027,20,Molde,0.0,18.03,0.0
2027,20,Trondheim,0.0,37.5,0.0
2027,20,Bodø,0.0,15.87,0.0
2027,20,Tromsø,0.0,25.24,0.0
2027,21,Oslo,0.0,21.63,0.0
2027,21,Hamar,18.03,18.03,1.0
2027,21,Skien,0.0,28.85,0.0
2027,21,Kristiansand,0.0,21.63,0.0
2027,21,Stavanger,0.0,20.19,0.0
2027,21,Bergen,0.0,28.85,0.0
2027,21,Molde,0.0,18.03,0.0
2027,21,Trondheim,0.0,37.5,0.0
2027,21,Bodø,0.0,15.87,0.0
2027,21,Tromsø,0.0,25.24,0.0
2027,22,Oslo,0.0,21.63,0.0
2027,22,Hamar,18.03,18.03,1.0
2027,22,Skien,0.0,28.85,0.0
2027,22,Kristiansand,0.0,21.63,0.0
2027,22,Stavanger,0.0,20.19,0.0
2027,22,Bergen,0.0,28.85,0.0
2027,22,Molde,0.0,18.03,0.0
2027,22,Trondheim,0.0,37.5,0.0
2027,22,Bodø,0.0,15.87,0.0
2027,22,Tromsø,20.19,25.24,0.8
2027,23,Oslo,0.0,21.63,0.0
2027,23,Hamar,18.03,18.03,1.0
2027,23,Skien,0.0,28.85,0.0
2027,23,Kristiansand,0.0,21.63,0.0
2027,23,Stavanger,0.0,20.19,0.0
2027,23,Bergen,0.0,28.85,0.0
2027,23,Molde,0.0,18.03,0.0
2027,23,Trondheim,0.0,37.5,0.0
2027,23,Bodø,0.0,15.87,0.0
2027,23,Tromsø,25.24,25.24,1.0
2027,24,Oslo,0.0,21.63,0.0
2027,24,Hamar,16.49,18.03,0.915
2027,24,Skien,0.0,28.85,0.0
2027,24,Kristiansand,0.0,21.63,0.0
2027,24,Stavanger,0.0,20.19,0.0
2027,24,Bergen,0.0,28.85,0.0
2027,24,Molde,0.0,18.03,0.0
2027,24,Trondheim,0.0,37.5,0.0
2027,24,Bodø,0.0,15.87,0.0
2027,24,Tromsø,25.24,25.24,1.0
2027,25,Oslo,0.0,21.63,0.0
2027,25,Hamar,0.0,18.03,0.0
2027,25,Skien,0.0,28.85,0.0
2027,25,Kristiansand,0.0,21.63,0.0
2027,25,Stavanger,0.0,20.19,0.0
2027,25,Bergen,0.0,28.85,0.0
2027,25,Molde,0.0,18.03,0.0
2027,25,Trondheim,0.0,37.5,0.0
2027,25,Bodø,0.0,15.87,0.0
2027,25,Tromsø,25.24,25.24,1.0
2027,26,Oslo,0.0,21.63,0.0
2027,26,Hamar,0.0,18.03,0.0
2027,26,Skien,0.0,28.85,0.0
2027,26,Kristiansand,0.0,21.63,0.0
2027,26,Stavanger,0.0,20.19,0.0
2027,26,Bergen,0.0,28.85,0.0
2027,26,Molde,0.0,18.03,0.0
2027,26,Trondheim,0.0,37.5,0.0
2027,26,Bodø,6.35,15.87,0.4
2027,26,Tromsø,3.27,25.24,0.129
2027,27,Oslo,0.0,21.63,0.0
2027,27,Hamar,0.0,18.03,0.0
2027,27,Skien,0.0,28.85,0.0
2027,27,Kristiansand,0.0,21.63,0.0
2027,27,Stavanger,0.0,20.19,0.0
2027,27,Bergen,0.0,28.85,0.0
2027,27,Molde,0.0,18.03,0.0
2027,27,Trondheim,0.0,37.5,0.0
2027,27,Bodø,15.87,15.87,1.0
2027,27,Tromsø,0.0,25.24,0.0
2027,28,Oslo,0.0,21.63,0.0
2027,28,Hamar,0.0,18.03,0.0
2027,28,Skien,0.0,28.85,0.0
2027,28,Kristiansand,0.0,21.63,0.0
2027,28,Stavanger,0.0,20.19,0.0
2027,28,Bergen,0.0,28.85,0.0
2027,28,Molde,0.0,18.03,0.0
2027,28,Trondheim,0.0,37.5,0.0
2027,28,Bodø,15.87,15.87,1.0
2027,28,Tromsø,0.0,25.24,0.0
2027,29,Oslo,0.0,21.63,0.0
2027,29,Hamar,0.0,18.03,0.0
2027,29,Skien,0.0,28.85,0.0
2027,29,Kristiansand,0.0,21.63,0.0
2027,29,Stavanger,0.0,20.19,0.0
2027,29,Bergen,0.0,28.85,0.0
2027,29,Molde,0.0,18.03,0.0
2027,29,Trondheim,0.0,37.5,0.0
2027,29,Bodø,15.87,15.87,1.0
2027,29,Tromsø,0.0,25.24,0.0
2027,30,Oslo,0.0,21.63,0.0
2027,30,Hamar,0.0,18.03,0.0
2027,30,Skien,0.0,28.85,0.0
2027,30,Kristiansand,0.0,21.63,0.0
2027,30,Stavanger,0.0,20.19,0.0
2027,30,Bergen,0.0,28.85,0.0
2027,30,Molde,0.0,18.03,0.0
2027,30,Trondheim,0.0,37.5,0.0
2027,30,Bodø,15.87,15.87,1.0
2027,30,Tromsø,0.0,25.24,0.0
2027,31,Oslo,0.0,21.63,0.0
2027,31,Hamar,0.0,18.03,0.0
2027,31,Skien,0.0,28.85,0.0
2027,31,Kristiansand,0.0,21.63,0.0
2027,31,Stavanger,0.0,20.19,0.0
2027,31,Bergen,0.0,28.85,0.0
2027,31,Molde,0.0,18.03,0.0
2027,31,Trondheim,0.0,37.5,0.0
2027,31,Bodø,15.87,15.87,1.0
2027,31,Tromsø,0.0,25.24,0.0
2027,32,Oslo,0.0,21.63,0.0
2027,32,Hamar,0.0,18.03,0.0
2027,32,Skien,0.0,28.85,0.0
2027,32,Kristiansand,0.0,21.63,0.0
2027,32,Stavanger,0.0,20.19,0.0
2027,32,Bergen,0.0,28.85,0.0
2027,32,Molde,0.0,18.03,0.0
2027,32,Trondheim,0.0,37.5,0.0
2027,32,Bodø,15.87,15.87,1.0
2027,32,Tromsø,0.0,25.24,0.0
2027,33,Oslo,0.0,21.63,0.0
2027,33,Hamar,0.0,18.03,0.0
2027,33,Skien,0.0,28.85,0.0
2027,33,Kristiansand,0.0,21.63,0.0
2027,33,Stavanger,0.0,20.19,0.0
2027,33,Bergen,0.0,28.85,0.0
2027,33,Molde,0.0,18.03,0.0
2027,33,Trondheim,0.0,37.5,0.0
2027,33,Bodø,15.87,15.87,1.0
2027,33,Tromsø,0.0,25.24,0.0
2027,34,Oslo,0.0,21.63,0.0
2027,34,Hamar,0.0,18.03,0.0
2027,34,Skien,0.0,28.85,0.0
2027,34,Kristiansand,0.0,21.63,0.0
2027,34,Stavanger,0.0,20.19,0.0
2027,34,Bergen,0.0,28.85,0.0
2027,34,Molde,0.0,18.03,0.0
2027,34,Trondheim,0.0,37.5,0.0
2027,34,Bodø,15.87,15.87,1.0
2027,34,Tromsø,0.0,25.24,0.0
2027,35,Oslo,0.0,21.63,0.0
2027,35,Hamar,0.0,18.03,0.0
2027,35,Skien,0.0,28.85,0.0
2027,35,Kristiansand,0.0,21.63,0.0
2027,35,Stavanger,0.0,20.19,0.0
2027,35,Bergen,0.0,28.85,0.0
2027,35,Molde,0.0,18.03,0.0
2027,35,Trondheim,0.0,37.5,0.0
2027,35,Bodø,15.87,15.87,1.0
2027,35,Tromsø,0.0,25.24,0.0
2027,36,Oslo,0.0,21.63,0.0
2027,36,Hamar,0.0,18.03,0.0
2027,36,Skien,0.0,28.85,0.0
2027,36,Kristiansand,0.0,21.63,0.0
2027,36,Stavanger,0.0,20.19,0.0
2027,36,Bergen,0.0,28.85,0.0
2027,36,Molde,0.0,18.03,0.0
2027,36,Trondheim,0.0,37.5,0.0
2027,36,Bodø,15.87,15.87,1.0
2027,36,Tromsø,0.0,25.24,0.0
2027,37,Oslo,0.0,21.63,0.0
2027,37,Hamar,0.0,18.03,0.0
2027,37,Skien,0.0,28.85,0.0
2027,37,Kristiansand,0.0,21.63,0.0
2027,37,Stavanger,0.0,20.19,0.0
2027,37,Bergen,0.0,28.85,0.0
2027,37,Molde,0.0,18.03,0.0
2027,37,Trondheim,0.0,37.5,0.0
2027,37,Bodø,2.07,15.87,0.13
2027,37,Tromsø,0.0,25.24,0.0
2027,38,Oslo,0.0,21.63,0.0
2027,38,Hamar,0.0,18.03,0.0
2027,38,Skien,0.0,28.85,0.0
2027,38,Kristiansand,0.0,21.63,0.0
2027,38,Stavanger,0.0,20.19,0.0
2027,38,Bergen,0.0,28.85,0.0
2027,38,Molde,0.0,18.03,0.0
2027,38,Trondheim,0.0,37.5,0.0
2027,38,Bodø,0.0,15.87,0.0
2027,38,Tromsø,0.0,25.24,0.0
2027,39,Oslo,0.0,21.63,0.0
2027,39,Hamar,0.0,18.03,0.0
2027,39,Skien,0.0,28.85,0.0
2027,39,Kristiansand,0.0,21.63,0.0
2027,39,Stavanger,0.0,20.19,0.0
2027,39,Bergen,0.0,28.85,0.0
2027,39,Molde,0.0,18.03,0.0
2027,39,Trondheim,0.0,37.5,0.0
2027,39,Bodø,0.0,15.87,0.0
2027,39,Tromsø,0.0,25.24,0.0
2027,40,Oslo,0.0,21.63,0.0
2027,40,Hamar,0.0,18.03,0.0
2027,40,Skien,0.0,28.85,0.0
2027,40,Kristiansand,0.0,21.63,0.0
2027,40,Stavanger,0.0,20.19,0.0
2027,40,Bergen,0.0,28.85,0.0
2027,40,Molde,0.0,18.03,0.0
2027,40,Trondheim,0.0,37.5,0.0
2027,40,Bodø,0.0,15.87,0.0
2027,40,Tromsø,0.0,25.24,0.0
2027,41,Oslo,0.0,21.63,0.0
2027,41,Hamar,0.0,18.03,0.0
2027,41,Skien,0.0,28.85,0.0
2027,41,Kristiansand,0.0,21.63,0.0
2027,41,Stavanger,0.0,20.19,0.0
2027,41,Bergen,0.0,28.85,0.0
2027,41,Molde,0.0,18.03,0.0
2027,41,Trondheim,0.0,37.5,0.0
2027,41,Bodø,0.0,15.87,0.0
2027,41,Tromsø,0.0,25.24,0.0
2027,42,Oslo,0.0,21.63,0.0
2027,42,Hamar,0.0,18.03,0.0
2027,42,Skien,0.0,28.85,0.0
2027,42,Kristiansand,0.0,21.63,0.0
2027,42,Stavanger,0.0,20.19,0.0
2027,42,Bergen,0.0,28.85,0.0
2027,42,Molde,0.0,18.03,0.0
2027,42,Trondheim,0.0,37.5,0.0
2027,42,Bodø,0.0,15.87,0.0
2027,42,Tromsø,0.0,25.24,0.0
2027,43,Oslo,0.0,21.63,0.0
2027,43,Hamar,0.0,18.03,0.0
2027,43,Skien,0.0,28.85,0.0
2027,43,Kristiansand,0.0,21.63,0.0
2027,43,Stavanger,0.0,20.19,0.0
2027,43,Bergen,0.0,28.85,0.0
2027,43,Molde,0.0,18.03,0.0
2027,43,Trondheim,0.0,37.5,0.0
2027,43,Bodø,0.0,15.87,0.0
2027,43,Tromsø,0.0,25.24,0.0
2027,44,Oslo,0.0,21.63,0.0
2027,44,Hamar,0.0,18.03,0.0
2027,44,Skien,0.0,28.85,0.0
2027,44,Kristiansand,0.0,21.63,0.0
2027,44,Stavanger,0.0,20.19,0.0
2027,44,Bergen,0.0,28.85,0.0
2027,44,Molde,0.0,18.03,0.0
2027,44,Trondheim,0.0,37.5,0.0
2027,44,Bodø,0.0,15.87,0.0
2027,44,Tromsø,0.0,25.24,0.0
2027,45,Oslo,0.0,21.63,0.0
2027,45,Hamar,0.0,18.03,0.0
2027,45,Skien,0.0,28.85,0.0
2027,45,Kristiansand,0.0,21.63,0.0
2027,45,Stavanger,0.0,20.19,0.0
2027,45,Bergen,0.0,28.85,0.0
2027,45,Molde,0.0,18.03,0.0
2027,45,Trondheim,0.0,37.5,0.0
2027,45,Bodø,0.0,15.87,0.0
2027,45,Tromsø,0.0,25.24,0.0
2027,46,Oslo,0.0,21.63,0.0
2027,46,Hamar,0.0,18.03,0.0
2027,46,Skien,0.0,28.85,0.0
2027,46,Kristiansand,0.0,21.63,0.0
2027,46,Stavanger,0.0,20.19,0.0
2027,46,Bergen,0.0,28.85,0.0
2027,46,Molde,0.0,18.03,0.0
2027,46,Trondheim,0.0,37.5,0.0
2027,46,Bodø,0.0,15.87,0.0
2027,46,Tromsø,0.0,25.24,0.0
2027,47,Oslo,0.0,21.63,0.0
2027,47,Hamar,0.0,18.03,0.0
2027,47,Skien,0.0,28.85,0.0
2027,47,Kristiansand,0.0,21.63,0.0
2027,47,Stavanger,0.0,20.19,0.0
2027,47,Bergen,0.0,28.85,0.0
2027,47,Molde,0.0,18.03,0.0
2027,47,Trondheim,0.0,37.5,0.0
2027,47,Bodø,0.0,15.87,0.0
2027,47,Tromsø,0.0,25.24,0.0
2027,48,Oslo,0.0,21.63,0.0
2027,48,Hamar,0.0,18.03,0.0
2027,48,Skien,0.0,28.85,0.0
2027,48,Kristiansand,0.0,21.63,0.0
2027,48,Stavanger,0.0,20.19,0.0
2027,48,Bergen,0.0,28.85,0.0
2027,48,Molde,0.0,18.03,0.0
2027,48,Trondheim,0.0,37.5,0.0
2027,48,Bodø,0.0,15.87,0.0
2027,48,Tromsø,0.0,25.24,0.0
2027,49,Oslo,0.0,21.63,0.0
2027,49,Hamar,0.0,18.03,0.0
2027,49,Skien,0.0,28.85,0.0
2027,49,Kristiansand,0.0,21.63,0.0
2027,49,Stavanger,0.0,20.19,0.0
2027,49,Bergen,0.0,28.85,0.0
2027,49,Molde,0.0,18.03,0.0
2027,49,Trondheim,0.0,37.5,0.0
2027,49,Bodø,0.0,15.87,0.0
2027,49,Tromsø,0.0,25.24,0.0
2027,50,Oslo,0.0,21.63,0.0
2027,50,Hamar,0.0,18.03,0.0
2027,50,Skien,0.0,28.85,0.0
2027,50,Kristiansand,0.0,21.63,0.0
2027,50,Stavanger,0.0,20.19,0.0
2027,50,Bergen,0.0,28.85,0.0
2027,50,Molde,0.0,18.03,0.0
2027,50,Trondheim,0.0,37.5,0.0
2027,50,Bodø,0.0,15.87,0.0
2027,50,Tromsø,0.0,25.24,0.0
2027,51,Oslo,0.0,21.63,0.0
2027,51,Hamar,0.0,18.03,0.0
2027,51,Skien,0.0,28.85,0.0
2027,51,Kristiansand,0.0,21.63,0.0
2027,51,Stavanger,0.0,20.19,0.0
2027,51,Bergen,0.0,28.85,0.0
2027,51,Molde,0.0,18.03,0.0
2027,51,Trondheim,0.0,37.5,0.0
2027,51,Bodø,0.0,15.87,0.0
2027,51,Tromsø,0.0,25.24,0.0
2027,52,Oslo,0.0,21.63,0.0
2027,52,Hamar,0.0,18.03,0.0
2027,52,Skien,0.0,28.85,0.0
2027,52,Kristiansand,0.0,21.63,0.0
2027,52,Stavanger,0.0,20.19,0.0
2027,52,Bergen,0.0,28.85,0.0
2027,52,Molde,0.0,18.03,0.0
2027,52,Trondheim,0.0,37.5,0.0
2027,52,Bodø,0.0,15.87,0.0
2027,52,Tromsø,0.0,25.24,0.0
2028,1,Oslo,0.0,21.63,0.0
2028,1,Hamar,0.0,18.03,0.0
2028,1,Skien,0.0,28.85,0.0
2028,1,Kristiansand,0.0,21.63,0.0
2028,1,Stavanger,0.0,20.19,0.0
2028,1,Bergen,0.0,28.85,0.0
2028,1,Molde,0.0,18.03,0.0
2028,1,Trondheim,0.0,37.5,0.0
2028,1,Bodø,0.0,15.87,0.0
2028,1,Tromsø,0.0,25.24,0.0
2028,2,Oslo,0.0,21.63,0.0
2028,2,Hamar,0.0,18.03,0.0
2028,2,Skien,0.0,28.85,0.0
2028,2,Kristiansand,0.0,21.63,0.0
2028,2,Stavanger,0.0,20.19,0.0
2028,2,Bergen,0.0,28.85,0.0
2028,2,Molde,0.0,18.03,0.0
2028,2,Trondheim,0.0,37.5,0.0
2028,2,Bodø,0.0,15.87,0.0
2028,2,Tromsø,0.0,25.24,0.0
2028,3,Oslo,0.0,21.63,0.0
2028,3,Hamar,0.0,18.03,0.0
2028,3,Skien,0.0,28.85,0.0
2028,3,Kristiansand,0.0,21.63,0.0
2028,3,Stavanger,0.0,20.19,0.0
2028,3,Bergen,0.0,28.85,0.0
2028,3,Molde,0.0,18.03,0.0
2028,3,Trondheim,0.0,37.5,0.0
2028,3,Bodø,0.0,15.87,0.0
2028,3,Tromsø,0.0,25.24,0.0
2028,4,Oslo,0.0,21.63,0.0
2028,4,Hamar,0.0,18.03,0.0
2028,4,Skien,0.0,28.85,0.0
2028,4,Kristiansand,0.0,21.63,0.0
2028,4,Stavanger,0.0,20.19,0.0
2028,4,Bergen,0.0,28.85,0.0
2028,4,Molde,0.0,18.03,0.0
2028,4,Trondheim,0.0,37.5,0.0
2028,4,Bodø,0.0,15.87,0.0
2028,4,Tromsø,0.0,25.24,0.0
2028,5,Oslo,0.0,21.63,0.0
2028,5,Hamar,0.0,18.03,0.0
2028,5,Skien,0.0,28.85,0.0
2028,5,Kristiansand,0.0,21.63,0.0
2028,5,Stavanger,0.0,20.19,0.0
2028,5,Bergen,0.0,28.85,0.0
2028,5,Molde,0.0,18.03,0.0
2028,5,Trondheim,0.0,37.5,0.0
2028,5,Bodø,0.0,15.87,0.0
2028,5,Tromsø,0.0,25.24,0.0
2028,6,Oslo,0.0,21.63,0.0
2028,6,Hamar,0.0,18.03,0.0
2028,6,Skien,0.0,28.85,0.0
2028,6,Kristiansand,0.0,21.63,0.0
2028,6,Stavanger,0.0,20.19,0.0
2028,6,Bergen,0.0,28.85,0.0
2028,6,Molde,0.0,18.03,0.0
2028,6,Trondheim,0.0,37.5,0.0
2028,6,Bodø,0.0,15.87,0.0
2028,6,Tromsø,0.0,25.24,0.0
2028,7,Oslo,0.0,21.63,0.0
2028,7,Hamar,0.0,18.03,0.0
2028,7,Skien,0.0,28.85,0.0
2028,7,Kristiansand,0.0,21.63,0.0
2028,7,Stavanger,0.0,20.19,0.0
2028,7,Bergen,0.0,28.85,0.0
2028,7,Molde,0.0,18.03,0.0
2028,7,Trondheim,0.0,37.5,0.0
2028,7,Bodø,0.0,15.87,0.0
2028,7,Tromsø,0.0,25.24,0.0
2028,8,Oslo,0.0,21.63,0.0
2028,8,Hamar,0.0,18.03,0.0
2028,8,Skien,0.0,28.85,0.0
2028,8,Kristiansand,0.0,21.63,0.0
2028,8,Stavanger,0.0,20.19,0.0
2028,8,Bergen,0.0,28.85,0.0
2028,8,Molde,0.0,18.03,0.0
2028,8,Trondheim,0.0,37.5,0.0
2028,8,Bodø,0.0,15.87,0.0
2028,8,Tromsø,0.0,25.24,0.0
2028,9,Oslo,0.0,21.63,0.0
2028,9,Hamar,0.0,18.03,0.0
2028,9,Skien,0.0,28.85,0.0
2028,9,Kristiansand,0.0,21.63,0.0
2028,9,Stavanger,0.0,20.19,0.0
2028,9,Bergen,0.0,28.85,0.0
2028,9,Molde,0.0,18.03,0.0
2028,9,Trondheim,0.0,37.5,0.0
2028,9,Bodø,0.0,15.87,0.0
2028,9,Tromsø,0.0,25.24,0.0
2028,10,Oslo,0.0,21.63,0.0
2028,10,Hamar,0.0,18.03,0.0
2028,10,Skien,0.0,28.85,0.0
2028,10,Kristiansand,0.0,21.63,0.0
2028,10,Stavanger,0.0,20.19,0.0
2028,10,Bergen,0.0,28.85,0.0
2028,10,Molde,0.0,18.03,0.0
2028,10,Trondheim,0.0,37.5,0.0
2028,10,Bodø,0.0,15.87,0.0
2028,10,Tromsø,0.0,25.24,0.0
2028,11,Oslo,0.0,21.63,0.0
2028,11,Hamar,0.0,18.03,0.0
2028,11,Skien,0.0,28.85,0.0
2028,11,Kristiansand,0.0,21.63,0.0
2028,11,Stavanger,0.0,20.19,0.0
2028,11,Bergen,0.0,28.85,0.0
2028,11,Molde,0.0,18.03,0.0
2028,11,Trondheim,0.0,37.5,0.0
2028,11,Bodø,0.0,15.87,0.0
2028,11,Tromsø,0.0,25.24,0.0
2028,12,Oslo,0.0,21.63,0.0
2028,12,Hamar,0.0,18.03,0.0
2028,12,Skien,0.0,28.85,0.0
2028,12,Kristiansand,0.0,21.63,0.0
2028,12,Stavanger,0.0,20.19,0.0
2028,12,Bergen,0.0,28.85,0.0
2028,12,Molde,0.0,18.03,0.0
2028,12,Trondheim,0.0,37.5,0.0
2028,12,Bodø,0.0,15.87,0.0
2028,12,Tromsø,0.0,25.24,0.0
2028,13,Oslo,0.0,21.63,0.0
2028,13,Hamar,0.0,18.03,0.0
2028,13,Skien,0.0,28.85,0.0
2028,13,Kristiansand,0.0,21.63,0.0
2028,13,Stavanger,0.0,20.19,0.0
2028,13,Bergen,0.0,28.85,0.0
2028,13,Molde,0.0,18.03,0.0
2028,13,Trondheim,0.0,37.5,0.0
2028,13,Bodø,0.0,15.87,0.0
2028,13,Tromsø,0.0,25.24,0.0
2028,14,Oslo,0.0,21.63,0.0
2028,14,Hamar,0.0,18.03,0.0
2028,14,Skien,0.0,28.85,0.0
2028,14,Kristiansand,0.0,21.63,0.0
2028,14,Stavanger,0.0,20.19,0.0
2028,14,Bergen,0.0,28.85,0.0
2028,14,Molde,0.0,18.03,0.0
2028,14,Trondheim,0.0,37.5,0.0
2028,14,Bodø,0.0,15.87,0.0
2028,14,Tromsø,0.0,25.24,0.0
2028,15,Oslo,0.0,21.63,0.0
2028,15,Hamar,0.0,18.03,0.0
2028,15,Skien,0.0,28.85,0.0
2028,15,Kristiansand,0.0,21.63,0.0
2028,15,Stavanger,0.0,20.19,0.0
2028,15,Bergen,0.0,28.85,0.0
2028,15,Molde,0.0,18.03,0.0
2028,15,Trondheim,0.0,37.5,0.0
2028,15,Bodø,0.0,15.87,0.0
2028,15,Tromsø,0.0,25.24,0.0
2028,16,Oslo,0.0,21.63,0.0
2028,16,Hamar,0.0,18.03,0.0
2028,16,Skien,0.0,28.85,0.0
2028,16,Kristiansand,0.0,21.63,0.0
2028,16,Stavanger,0.0,20.19,0.0
2028,16,Bergen,0.0,28.85,0.0
2028,16,Molde,0.0,18.03,0.0
2028,16,Trondheim,0.0,37.5,0.0
2028,16,Bodø,0.0,15.87,0.0
2028,16,Tromsø,0.0,25.24,0.0
2028,17,Oslo,0.0,21.63,0.0
2028,17,Hamar,0.0,18.03,0.0
2028,17,Skien,0.0,28.85,0.0
2028,17,Kristiansand,0.0,21.63,0.0
2028,17,Stavanger,0.0,20.19,0.0
2028,17,Bergen,0.0,28.85,0.0
2028,17,Molde,0.0,18.03,0.0
2028,17,Trondheim,0.0,37.5,0.0
2028,17,Bodø,0.0,15.87,0.0
2028,17,Tromsø,0.0,25.24,0.0
2028,18,Oslo,0.0,21.63,0.0
2028,18,Hamar,0.0,18.03,0.0
2028,18,Skien,0.0,28.85,0.0
2028,18,Kristiansand,0.0,21.63,0.0
2028,18,Stavanger,0.0,20.19,0.0
2028,18,Bergen,0.0,28.85,0.0
2028,18,Molde,0.0,18.03,0.0
2028,18,Trondheim,0.0,37.5,0.0
2028,18,Bodø,0.0,15.87,0.0
2028,18,Tromsø,0.0,25.24,0.0
2028,19,Oslo,0.0,21.63,0.0
2028,19,Hamar,0.0,18.03,0.0
2028,19,Skien,0.0,28.85,0.0
2028,19,Kristiansand,0.0,21.63,0.0
2028,19,Stavanger,0.0,20.19,0.0
2028,19,Bergen,0.0,28.85,0.0
2028,19,Molde,0.0,18.03,0.0
2028,19,Trondheim,0.0,37.5,0.0
2028,19,Bodø,0.0,15.87,0.0
2028,19,Tromsø,0.0,25.24,0.0
2028,20,Oslo,0.0,21.63,0.0
2028,20,Hamar,0.0,18.03,0.0
2028,20,Skien,0.0,28.85,0.0
2028,20,Kristiansand,0.0,21.63,0.0
2028,20,Stavanger,0.0,20.19,0.0
2028,20,Bergen,0.0,28.85,0.0
2028,20,Molde,0.0,18.03,0.0
2028,20,Trondheim,0.0,37.5,0.0
2028,20,Bodø,0.0,15.87,0.0
2028,20,Tromsø,0.0,25.24,0.0
2028,21,Oslo,0.0,21.63,0.0
2028,21,Hamar,0.0,18.03,0.0
2028,21,Skien,0.0,28.85,0.0
2028,21,Kristiansand,0.0,21.63,0.0
2028,21,Stavanger,0.0,20.19,0.0
2028,21,Bergen,0.0,28.85,0.0
2028,21,Molde,0.0,18.03,0.0
2028,21,Trondheim,0.0,37.5,0.0
2028,21,Bodø,0.0,15.87,0.0
2028,21,Tromsø,0.0,25.24,0.0
2028,22,Oslo,0.0,21.63,0.0
2028,22,Hamar,0.0,18.03,0.0
2028,22,Skien,0.0,28.85,0.0
2028,22,Kristiansand,0.0,21.63,0.0
2028,22,Stavanger,0.0,20.19,0.0
2028,22,Bergen,0.0,28.85,0.0
2028,22,Molde,0.0,18.03,0.0
2028,22,Trondheim,0.0,37.5,0.0
2028,22,Bodø,0.0,15.87,0.0
2028,22,Tromsø,0.0,25.24,0.0
2028,23,Oslo,0.0,21.63,0.0
2028,23,Hamar,0.0,18.03,0.0
2028,23,Skien,0.0,28.85,0.0
2028,23,Kristiansand,0.0,21.63,0.0
2028,23,Stavanger,0.0,20.19,0.0
2028,23,Bergen,0.0,28.85,0.0
2028,23,Molde,0.0,18.03,0.0
2028,23,Trondheim,0.0,37.5,0.0
2028,23,Bodø,0.0,15.87,0.0
2028,23,Tromsø,0.0,25.24,0.0
2028,24,Oslo,0.0,21.63,0.0
2028,24,Hamar,0.0,18.03,0.0
2028,24,Skien,0.0,28.85,0.0
2028,24,Kristiansand,0.0,21.63,0.0
2028,24,Stavanger,0.0,20.19,0.0
2028,24,Bergen,0.0,28.85,0.0
2028,24,Molde,0.0,18.03,0.0
2028,24,Trondheim,0.0,37.5,0.0
2028,24,Bodø,0.0,15.87,0.0
2028,24,Tromsø,0.0,25.24,0.0
2028,25,Oslo,0.0,21.63,0.0
2028,25,Hamar,0.0,18.03,0.0
2028,25,Skien,0.0,28.85,0.0
2028,25,Kristiansand,0.0,21.63,0.0
2028,25,Stavanger,0.0,20.19,0.0
2028,25,Bergen,0.0,28.85,0.0
2028,25,Molde,0.0,18.03,0.0
2028,25,Trondheim,0.0,37.5,0.0
2028,25,Bodø,0.0,15.87,0.0
2028,25,Tromsø,0.0,25.24,0.0
2028,26,Oslo,0.0,21.63,0.0
2028,26,Hamar,0.0,18.03,0.0
2028,26,Skien,0.0,28.85,0.0
2028,26,Kristiansand,0.0,21.63,0.0
2028,26,Stavanger,0.0,20.19,0.0
2028,26,Bergen,0.0,28.85,0.0
2028,26,Molde,0.0,18.03,0.0
2028,26,Trondheim,0.0,37.5,0.0
2028,26,Bodø,0.0,15.87,0.0
2028,26,Tromsø,0.0,25.24,0.0
2028,27,Oslo,0.0,21.63,0.0
2028,27,Hamar,0.0,18.03,0.0
2028,27,Skien,0.0,28.85,0.0
2028,27,Kristiansand,0.0,21.63,0.0
2028,27,Stavanger,0.0,20.19,0.0
2028,27,Bergen,0.0,28.85,0.0
2028,27,Molde,0.0,18.03,0.0
2028,27,Trondheim,0.0,37.5,0.0
2028,27,Bodø,0.0,15.87,0.0
2028,27,Tromsø,0.0,25.24,0.0
2028,28,Oslo,0.0,21.63,0.0
2028,28,Hamar,0.0,18.03,0.0
2028,28,Skien,0.0,28.85,0.0
2028,28,Kristiansand,0.0,21.63,0.0
2028,28,Stavanger,0.0,20.19,0.0
2028,28,Bergen,0.0,28.85,0.0
2028,28,Molde,0.0,18.03,0.0
2028,28,Trondheim,0.0,37.5,0.0
2028,28,Bodø,0.0,15.87,0.0
2028,28,Tromsø,0.0,25.24,0.0
2028,29,Oslo,0.0,21.63,0.0
2028,29,Hamar,0.0,18.03,0.0
2028,29,Skien,0.0,28.85,0.0
2028,29,Kristiansand,0.0,21.63,0.0
2028,29,Stavanger,0.0,20.19,0.0
2028,29,Bergen,0.0,28.85,0.0
2028,29,Molde,0.0,18.03,0.0
2028,29,Trondheim,0.0,37.5,0.0
2028,29,Bodø,0.0,15.87,0.0
2028,29,Tromsø,0.0,25.24,0.0
2028,30,Oslo,0.0,21.63,0.0
2028,30,Hamar,0.0,18.03,0.0
2028,30,Skien,0.0,28.85,0.0
2028,30,Kristiansand,0.0,21.63,0.0
2028,30,Stavanger,0.0,20.19,0.0
2028,30,Bergen,0.0,28.85,0.0
2028,30,Molde,0.0,18.03,0.0
2028,30,Trondheim,0.0,37.5,0.0
2028,30,Bodø,0.0,15.87,0.0
2028,30,Tromsø,0.0,25.24,0.0
2028,31,Oslo,0.0,21.63,0.0
2028,31,Hamar,0.0,18.03,0.0
2028,31,Skien,0.0,28.85,0.0
2028,31,Kristiansand,0.0,21.63,0.0
2028,31,Stavanger,0.0,20.19,0.0
2028,31,Bergen,0.0,28.85,0.0
2028,31,Molde,0.0,18.03,0.0
2028,31,Trondheim,0.0,37.5,0.0
2028,31,Bodø,0.0,15.87,0.0
2028,31,Tromsø,0.0,25.24,0.0
2028,32,Oslo,0.0,21.63,0.0
2028,32,Hamar,0.0,18.03,0.0
2028,32,Skien,0.0,28.85,0.0
2028,32,Kristiansand,0.0,21.63,0.0
2028,32,Stavanger,0.0,20.19,0.0
2028,32,Bergen,0.0,28.85,0.0
2028,32,Molde,0.0,18.03,0.0
2028,32,Trondheim,0.0,37.5,0.0
2028,32,Bodø,0.0,15.87,0.0
2028,32,Tromsø,0.0,25.24,0.0
2028,33,Oslo,0.0,21.63,0.0
2028,33,Hamar,0.0,18.03,0.0
2028,33,Skien,0.0,28.85,0.0
2028,33,Kristiansand,0.0,21.63,0.0
2028,33,Stavanger,0.0,20.19,0.0
2028,33,Bergen,0.0,28.85,0.0
2028,33,Molde,0.0,18.03,0.0
2028,33,Trondheim,0.0,37.5,0.0
2028,33,Bodø,0.0,15.87,0.0
2028,33,Tromsø,0.0,25.24,0.0
2028,34,Oslo,0.0,21.63,0.0
2028,34,Hamar,0.0,18.03,0.0
2028,34,Skien,0.0,28.85,0.0
2028,34,Kristiansand,0.0,21.63,0.0
2028,34,Stavanger,0.0,20.19,0.0
2028,34,Bergen,0.0,28.85,0.0
2028,34,Molde,0.0,18.03,0.0
2028,34,Trondheim,0.0,37.5,0.0
2028,34,Bodø,0.0,15.87,0.0
2028,34,Tromsø,0.0,25.24,0.0
2028,35,Oslo,0.0,21.63,0.0
2028,35,Hamar,0.0,18.03,0.0
2028,35,Skien,0.0,28.85,0.0
2028,35,Kristiansand,0.0,21.63,0.0
2028,35,Stavanger,0.0,20.19,0.0
2028,35,Bergen,0.0,28.85,0.0
2028,35,Molde,0.0,18.03,0.0
2028,35,Trondheim,0.0,37.5,0.0
2028,35,Bodø,0.0,15.87,0.0
2028,35,Tromsø,0.0,25.24,0.0
2028,36,Oslo,0.0,21.63,0.0
2028,36,Hamar,0.0,18.03,0.0
2028,36,Skien,0.0,28.85,0.0
2028,36,Kristiansand,0.0,21.63,0.0
2028,36,Stavanger,0.0,20.19,0.0
2028,36,Bergen,0.0,28.85,0.0
2028,36,Molde,0.0,18.03,0.0
2028,36,Trondheim,0.0,37.5,0.0
2028,36,Bodø,0.0,15.87,0.0
2028,36,Tromsø,0.0,25.24,0.0
2028,37,Oslo,0.0,21.63,0.0
2028,37,Hamar,0.0,18.03,0.0
2028,37,Skien,0.0,28.85,0.0
2028,37,Kristiansand,0.0,21.63,0.0
2028,37,Stavanger,0.0,20.19,0.0
2028,37,Bergen,0.0,28.85,0.0
2028,37,Molde,0.0,18.03,0.0
2028,37,Trondheim,0.0,37.5,0.0
2028,37,Bodø,0.0,15.87,0.0
2028,37,Tromsø,0.0,25.24,0.0
2028,38,Oslo,0.0,21.63,0.0
2028,38,Hamar,0.0,18.03,0.0
2028,38,Skien,0.0,28.85,0.0
2028,38,Kristiansand,0.0,21.63,0.0
2028,38,Stavanger,0.0,20.19,0.0
2028,38,Bergen,0.0,28.85,0.0
2028,38,Molde,0.0,18.03,0.0
2028,38,Trondheim,0.0,37.5,0.0
2028,38,Bodø,0.0,15.87,0.0
2028,38,Tromsø,0.0,25.24,0.0
2028,39,Oslo,0.0,21.63,0.0
2028,39,Hamar,0.0,18.03,0.0
2028,39,Skien,0.0,28.85,0.0
2028,39,Kristiansand,0.0,21.63,0.0
2028,39,Stavanger,0.0,20.19,0.0
2028,39,Bergen,0.0,28.85,0.0
2028,39,Molde,0.0,18.03,0.0
2028,39,Trondheim,0.0,37.5,0.0
2028,39,Bodø,0.0,15.87,0.0
2028,39,Tromsø,0.0,25.24,0.0
2028,40,Oslo,0.0,21.63,0.0
2028,40,Hamar,0.0,18.03,0.0
2028,40,Skien,0.0,28.85,0.0
2028,40,Kristiansand,0.0,21.63,0.0
2028,40,Stavanger,0.0,20.19,0.0
2028,40,Bergen,0.0,28.85,0.0
2028,40,Molde,0.0,18.03,0.0
2028,40,Trondheim,0.0,37.5,0.0
2028,40,Bodø,0.0,15.87,0.0
2028,40,Tromsø,0.0,25.24,0.0
2028,41,Oslo,0.0,21.63,0.0
2028,41,Hamar,0.0,18.03,0.0
2028,41,Skien,0.0,28.85,0.0
2028,41,Kristiansand,0.0,21.63,0.0
2028,41,Stavanger,0.0,20.19,0.0
2028,41,Bergen,0.0,28.85,0.0
2028,41,Molde,0.0,18.03,0.0
2028,41,Trondheim,0.0,37.5,0.0
2028,41,Bodø,0.0,15.87,0.0
2028,41,Tromsø,0.0,25.24,0.0
2028,42,Oslo,0.0,21.63,0.0
2028,42,Hamar,0.0,18.03,0.0
2028,42,Skien,0.0,28.85,0.0
2028,42,Kristiansand,0.0,21.63,0.0
2028,42,Stavanger,0.0,20.19,0.0
2028,42,Bergen,0.0,28.85,0.0
2028,42,Molde,0.0,18.03,0.0
2028,42,Trondheim,0.0,37.5,0.0
2028,42,Bodø,0.0,15.87,0.0
2028,42,Tromsø,0.0,25.24,0.0
2028,43,Oslo,0.0,21.63,0.0
2028,43,Hamar,0.0,18.03,0.0
2028,43,Skien,0.0,28.85,0.0
2028,43,Kristiansand,0.0,21.63,0.0
2028,43,Stavanger,0.0,20.19,0.0
2028,43,Bergen,0.0,28.85,0.0
2028,43,Molde,0.0,18.03,0.0
2028,43,Trondheim,0.0,37.5,0.0
2028,43,Bodø,0.0,15.87,0.0
2028,43,Tromsø,0.0,25.24,0.0
2028,44,Oslo,0.0,21.63,0.0
2028,44,Hamar,0.0,18.03,0.0
2028,44,Skien,0.0,28.85,0.0
2028,44,Kristiansand,0.0,21.63,0.0
2028,44,Stavanger,0.0,20.19,0.0
2028,44,Bergen,0.0,28.85,0.0
2028,44,Molde,0.0,18.03,0.0
2028,44,Trondheim,0.0,37.5,0.0
2028,44,Bodø,0.0,15.87,0.0
2028,44,Tromsø,0.0,25.24,0.0
2028,45,Oslo,0.0,21.63,0.0
2028,45,Hamar,0.0,18.03,0.0
2028,45,Skien,0.0,28.85,0.0
2028,45,Kristiansand,0.0,21.63,0.0
2028,45,Stavanger,0.0,20.19,0.0
2028,45,Bergen,0.0,28.85,0.0
2028,45,Molde,0.0,18.03,0.0
2028,45,Trondheim,0.0,37.5,0.0
2028,45,Bodø,0.0,15.87,0.0
2028,45,Tromsø,0.0,25.24,0.0
2028,46,Oslo,0.0,21.63,0.0
2028,46,Hamar,0.0,18.03,0.0
2028,46,Skien,0.0,28.85,0.0
2028,46,Kristiansand,0.0,21.63,0.0
2028,46,Stavanger,0.0,20.19,0.0
2028,46,Bergen,0.0,28.85,0.0
2028,46,Molde,0.0,18.03,0.0
2028,46,Trondheim,0.0,37.5,0.0
2028,46,Bodø,0.0,15.87,0.0
2028,46,Tromsø,0.0,25.24,0.0
2028,47,Oslo,0.0,21.63,0.0
2028,47,Hamar,0.0,18.03,0.0
2028,47,Skien,0.0,28.85,0.0
2028,47,Kristiansand,0.0,21.63,0.0
2028,47,Stavanger,0.0,20.19,0.0
2028,47,Bergen,0.0,28.85,0.0
2028,47,Molde,0.0,18.03,0.0
2028,47,Trondheim,0.0,37.5,0.0
2028,47,Bodø,0.0,15.87,0.0
2028,47,Tromsø,0.0,25.24,0.0
2028,48,Oslo,0.0,21.63,0.0
2028,48,Hamar,0.0,18.03,0.0
2028,48,Skien,0.0,28.85,0.0
2028,48,Kristiansand,0.0,21.63,0.0
2028,48,Stavanger,0.0,20.19,0.0
2028,48,Bergen,0.0,28.85,0.0
2028,48,Molde,0.0,18.03,0.0
2028,48,Trondheim,0.0,37.5,0.0
2028,48,Bodø,0.0,15.87,0.0
2028,48,Tromsø,0.0,25.24,0.0
2028,49,Oslo,0.0,21.63,0.0
2028,49,Hamar,0.0,18.03,0.0
2028,49,Skien,0.0,28.85,0.0
2028,49,Kristiansand,0.0,21.63,0.0
2028,49,Stavanger,0.0,20.19,0.0
2028,49,Bergen,0.0,28.85,0.0
2028,49,Molde,0.0,18.03,0.0
2028,49,Trondheim,0.0,37.5,0.0
2028,49,Bodø,0.0,15.87,0.0
2028,49,Tromsø,0.0,25.24,0.0
2028,50,Oslo,0.0,21.63,0.0
2028,50,Hamar,0.0,18.03,0.0
2028,50,Skien,0.0,28.85,0.0
2028,50,Kristiansand,0.0,21.63,0.0
2028,50,Stavanger,0.0,20.19,0.0
2028,50,Bergen,0.0,28.85,0.0
2028,50,Molde,0.0,18.03,0.0
2028,50,Trondheim,0.0,37.5,0.0
2028,50,Bodø,0.0,15.87,0.0
2028,50,Tromsø,0.0,25.24,0.0
2028,51,Oslo,0.0,21.63,0.0
2028,51,Hamar,0.0,18.03,0.0
2028,51,Skien,0.0,28.85,0.0
2028,51,Kristiansand,0.0,21.63,0.0
2028,51,Stavanger,0.0,20.19,0.0
2028,51,Bergen,0.0,28.85,0.0
2028,51,Molde,0.0,18.03,0.0
2028,51,Trondheim,0.0,37.5,0.0
2028,51,Bodø,0.0,15.87,0.0
2028,51,Tromsø,0.0,25.24,0.0
2028,52,Oslo,0.0,21.63,0.0
2028,52,Hamar,0.0,18.03,0.0
2028,52,Skien,0.0,28.85,0.0
2028,52,Kristiansand,0.0,21.63,0.0
2028,52,Stavanger,0.0,20.19,0.0
2028,52,Bergen,0.0,28.85,0.0
2028,52,Molde,0.0,18.03,0.0
2028,52,Trondheim,0.0,37.5,0.0
2028,52,Bodø,0.0,15.87,0.0
2028,52,Tromsø,0.0,25.24,0.0
2029,1,Oslo,0.0,21.63,0.0
2029,1,Hamar,0.0,18.03,0.0
2029,1,Skien,0.0,28.85,0.0
2029,1,Kristiansand,0.0,21.63,0.0
2029,1,Stavanger,0.0,20.19,0.0
2029,1,Bergen,0.0,28.85,0.0
2029,1,Molde,0.0,18.03,0.0
2029,1,Trondheim,0.0,37.5,0.0
2029,1,Bodø,0.0,15.87,0.0
2029,1,Tromsø,0.0,25.24,0.0
2029,2,Oslo,0.0,21.63,0.0
2029,2,Hamar,0.0,18.03,0.0
2029,2,Skien,0.0,28.85,0.0
2029,2,Kristiansand,0.0,21.63,0.0
2029,2,Stavanger,0.0,20.19,0.0
2029,2,Bergen,0.0,28.85,0.0
2029,2,Molde,0.0,18.03,0.0
2029,2,Trondheim,0.0,37.5,0.0
2029,2,Bodø,0.0,15.87,0.0
2029,2,Tromsø,0.0,25.24,0.0
2029,3,Oslo,0.0,21.63,0.0
2029,3,Hamar,0.0,18.03,0.0
2029,3,Skien,0.0,28.85,0.0
2029,3,Kristiansand,0.0,21.63,0.0
2029,3,Stavanger,0.0,20.19,0.0
2029,3,Bergen,0.0,28.85,0.0
2029,3,Molde,0.0,18.03,0.0
2029,3,Trondheim,0.0,37.5,0.0
2029,3,Bodø,0.0,15.87,0.0
2029,3,Tromsø,0.0,25.24,0.0
2029,4,Oslo,0.0,21.63,0.0
2029,4,Hamar,0.0,18.03,0.0
2029,4,Skien,0.0,28.85,0.0
2029,4,Kristiansand,0.0,21.63,0.0
2029,4,Stavanger,0.0,20.19,0.0
2029,4,Bergen,0.0,28.85,0.0
2029,4,Molde,0.0,18.03,0.0
2029,4,Trondheim,0.0,37.5,0.0
2029,4,Bodø,0.0,15.87,0.0
2029,4,Tromsø,0.0,25.24,0.0
2029,5,Oslo,0.0,21.63,0.0
2029,5,Hamar,0.0,18.03,0.0
2029,5,Skien,0.0,28.85,0.0
2029,5,Kristiansand,0.0,21.63,0.0
2029,5,Stavanger,0.0,20.19,0.0
2029,5,Bergen,0.0,28.85,0.0
2029,5,Molde,0.0,18.03,0.0
2029,5,Trondheim,0.0,37.5,0.0
2029,5,Bodø,0.0,15.87,0.0
2029,5,Tromsø,0.0,25.24,0.0
2029,6,Oslo,0.0,21.63,0.0
2029,6,Hamar,0.0,18.03,0.0
2029,6,Skien,0.0,28.85,0.0
2029,6,Kristiansand,0.0,21.63,0.0
2029,6,Stavanger,0.0,20.19,0.0
2029,6,Bergen,0.0,28.85,0.0
2029,6,Molde,0.0,18.03,0.0
2029,6,Trondheim,0.0,37.5,0.0
2029,6,Bodø,0.0,15.87,0.0
2029,6,Tromsø,0.0,25.24,0.0
2029,7,Oslo,0.0,21.63,0.0
2029,7,Hamar,0.0,18.03,0.0
2029,7,Skien,0.0,28.85,0.0
2029,7,Kristiansand,0.0,21.63,0.0
2029,7,Stavanger,0.0,20.19,0.0
2029,7,Bergen,0.0,28.85,0.0
2029,7,Molde,0.0,18.03,0.0
2029,7,Trondheim,0.0,37.5,0.0
2029,7,Bodø,0.0,15.87,0.0
2029,7,Tromsø,0.0,25.24,0.0
2029,8,Oslo,0.0,21.63,0.0
2029,8,Hamar,0.0,18.03,0.0
2029,8,Skien,0.0,28.85,0.0
2029,8,Kristiansand,0.0,21.63,0.0
2029,8,Stavanger,0.0,20.19,0.0
2029,8,Bergen,0.0,28.85,0.0
2029,8,Molde,0.0,18.03,0.0
2029,8,Trondheim,0.0,37.5,0.0
2029,8,Bodø,0.0,15.87,0.0
2029,8,Tromsø,0.0,25.24,0.0
2029,9,Oslo,0.0,21.63,0.0
2029,9,Hamar,0.0,18.03,0.0
2029,9,Skien,0.0,28.85,0.0
2029,9,Kristiansand,0.0,21.63,0.0
2029,9,Stavanger,0.0,20.19,0.0
2029,9,Bergen,0.0,28.85,0.0
2029,9,Molde,0.0,18.03,0.0
2029,9,Trondheim,0.0,37.5,0.0
2029,9,Bodø,0.0,15.87,0.0
2029,9,Tromsø,0.0,25.24,0.0
2029,10,Oslo,0.0,21.63,0.0
2029,10,Hamar,0.0,18.03,0.0
2029,10,Skien,0.0,28.85,0.0
2029,10,Kristiansand,0.0,21.63,0.0
2029,10,Stavanger,0.0,20.19,0.0
2029,10,Bergen,0.0,28.85,0.0
2029,10,Molde,0.0,18.03,0.0
2029,10,Trondheim,0.0,37.5,0.0
2029,10,Bodø,0.0,15.87,0.0
2029,10,Tromsø,0.0,25.24,0.0
2029,11,Oslo,0.0,21.63,0.0
2029,11,Hamar,0.0,18.03,0.0
2029,11,Skien,0.0,28.85,0.0
2029,11,Kristiansand,0.0,21.63,0.0
2029,11,Stavanger,0.0,20.19,0.0
2029,11,Bergen,0.0,28.85,0.0
2029,11,Molde,0.0,18.03,0.0
2029,11,Trondheim,0.0,37.5,0.0
2029,11,Bodø,0.0,15.87,0.0
2029,11,Tromsø,0.0,25.24,0.0
2029,12,Oslo,0.0,21.63,0.0
2029,12,Hamar,0.0,18.03,0.0
2029,12,Skien,0.0,28.85,0.0
2029,12,Kristiansand,0.0,21.63,0.0
2029,12,Stavanger,0.0,20.19,0.0
2029,12,Bergen,0.0,28.85,0.0
2029,12,Molde,0.0,18.03,0.0
2029,12,Trondheim,0.0,37.5,0.0
2029,12,Bodø,0.0,15.87,0.0
2029,12,Tromsø,0.0,25.24,0.0
2029,13,Oslo,0.0,21.63,0.0
2029,13,Hamar,0.0,18.03,0.0
2029,13,Skien,0.0,28.85,0.0
2029,13,Kristiansand,0.0,21.63,0.0
2029,13,Stavanger,0.0,20.19,0.0
2029,13,Bergen,0.0,28.85,0.0
2029,13,Molde,0.0,18.03,0.0
2029,13,Trondheim,0.0,37.5,0.0
2029,13,Bodø,0.0,15.87,0.0
2029,13,Tromsø,0.0,25.24,0.0
2029,14,Oslo,0.0,21.63,0.0
2029,14,Hamar,0.0,18.03,0.0
2029,14,Skien,0.0,28.85,0.0
2029,14,Kristiansand,0.0,21.63,0.0
2029,14,Stavanger,0.0,20.19,0.0
2029,14,Bergen,0.0,28.85,0.0
2029,14,Molde,0.0,18.03,0.0
2029,14,Trondheim,0.0,37.5,0.0
2029,14,Bodø,0.0,15.87,0.0
2029,14,Tromsø,0.0,25.24,0.0
2029,15,Oslo,0.0,21.63,0.0
2029,15,Hamar,0.0,18.03,0.0
2029,15,Skien,0.0,28.85,0.0
2029,15,Kristiansand,0.0,21.63,0.0
2029,15,Stavanger,0.0,20.19,0.0
2029,15,Bergen,0.0,28.85,0.0
2029,15,Molde,0.0,18.03,0.0
2029,15,Trondheim,0.0,37.5,0.0
2029,15,Bodø,0.0,15.87,0.0
2029,15,Tromsø,0.0,25.24,0.0
2029,16,Oslo,0.0,21.63,0.0
2029,16,Hamar,0.0,18.03,0.0
2029,16,Skien,0.0,28.85,0.0
2029,16,Kristiansand,0.0,21.63,0.0
2029,16,Stavanger,0.0,20.19,0.0
2029,16,Bergen,0.0,28.85,0.0
2029,16,Molde,0.0,18.03,0.0
2029,16,Trondheim,0.0,37.5,0.0
2029,16,Bodø,0.0,15.87,0.0
2029,16,Tromsø,0.0,25.24,0.0
2029,17,Oslo,0.0,21.63,0.0
2029,17,Hamar,0.0,18.03,0.0
2029,17,Skien,0.0,28.85,0.0
2029,17,Kristiansand,0.0,21.63,0.0
2029,17,Stavanger,0.0,20.19,0.0
2029,17,Bergen,0.0,28.85,0.0
2029,17,Molde,0.0,18.03,0.0
2029,17,Trondheim,0.0,37.5,0.0
2029,17,Bodø,0.0,15.87,0.0
2029,17,Tromsø,0.0,25.24,0.0
2029,18,Oslo,0.0,21.63,0.0
2029,18,Hamar,0.0,18.03,0.0
2029,18,Skien,0.0,28.85,0.0
2029,18,Kristiansand,0.0,21.63,0.0
2029,18,Stavanger,0.0,20.19,0.0
2029,18,Bergen,0.0,28.85,0.0
2029,18,Molde,0.0,18.03,0.0
2029,18,Trondheim,0.0,37.5,0.0
2029,18,Bodø,0.0,15.87,0.0
2029,18,Tromsø,0.0,25.24,0.0
2029,19,Oslo,0.0,21.63,0.0
2029,19,Hamar,0.0,18.03,0.0
2029,19,Skien,0.0,28.85,0.0
2029,19,Kristiansand,0.0,21.63,0.0
2029,19,Stavanger,0.0,20.19,0.0
2029,19,Bergen,0.0,28.85,0.0
2029,19,Molde,0.0,18.03,0.0
2029,19,Trondheim,0.0,37.5,0.0
2029,19,Bodø,0.0,15.87,0.0
2029,19,Tromsø,0.0,25.24,0.0
2029,20,Oslo,0.0,21.63,0.0
2029,20,Hamar,0.0,18.03,0.0
2029,20,Skien,0.0,28.85,0.0
2029,20,Kristiansand,0.0,21.63,0.0
2029,20,Stavanger,0.0,20.19,0.0
2029,20,Bergen,0.0,28.85,0.0
2029,20,Molde,0.0,18.03,0.0
2029,20,Trondheim,0.0,37.5,0.0
2029,20,Bodø,0.0,15.87,0.0
2029,20,Tromsø,0.0,25.24,0.0
2029,21,Oslo,0.0,21.63,0.0
2029,21,Hamar,0.0,18.03,0.0
2029,21,Skien,0.0,28.85,0.0
2029,21,Kristiansand,0.0,21.63,0.0
2029,21,Stavanger,0.0,20.19,0.0
2029,21,Bergen,0.0,28.85,0.0
2029,21,Molde,0.0,18.03,0.0
2029,21,Trondheim,0.0,37.5,0.0
2029,21,Bodø,0.0,15.87,0.0
2029,21,Tromsø,0.0,25.24,0.0
2029,22,Oslo,0.0,21.63,0.0
2029,22,Hamar,0.0,18.03,0.0
2029,22,Skien,0.0,28.85,0.0
2029,22,Kristiansand,0.0,21.63,0.0
2029,22,Stavanger,0.0,20.19,0.0
2029,22,Bergen,0.0,28.85,0.0
2029,22,Molde,0.0,18.03,0.0
2029,22,Trondheim,0.0,37.5,0.0
2029,22,Bodø,0.0,15.87,0.0
2029,22,Tromsø,0.0,25.24,0.0
2029,23,Oslo,0.0,21.63,0.0
2029,23,Hamar,0.0,18.03,0.0
2029,23,Skien,0.0,28.85,0.0
2029,23,Kristiansand,0.0,21.63,0.0
2029,23,Stavanger,0.0,20.19,0.0
2029,23,Bergen,0.0,28.85,0.0
2029,23,Molde,0.0,18.03,0.0
2029,23,Trondheim,0.0,37.5,0.0
2029,23,Bodø,0.0,15.87,0.0
2029,23,Tromsø,0.0,25.24,0.0
2029,24,Oslo,0.0,21.63,0.0
2029,24,Hamar,0.0,18.03,0.0
2029,24,Skien,0.0,28.85,0.0
2029,24,Kristiansand,0.0,21.63,0.0
2029,24,Stavanger,0.0,20.19,0.0
2029,24,Bergen,0.0,28.85,0.0
2029,24,Molde,0.0,18.03,0.0
2029,24,Trondheim,0.0,37.5,0.0
2029,24,Bodø,0.0,15.87,0.0
2029,24,Tromsø,0.0,25.24,0.0
2029,25,Oslo,0.0,21.63,0.0
2029,25,Hamar,0.0,18.03,0.0
2029,25,Skien,0.0,28.85,0.0
2029,25,Kristiansand,0.0,21.63,0.0
2029,25,Stavanger,0.0,20.19,0.0
2029,25,Bergen,0.0,28.85,0.0
2029,25,Molde,0.0,18.03,0.0
2029,25,Trondheim,0.0,37.5,0.0
2029,25,Bodø,0.0,15.87,0.0
2029,25,Tromsø,0.0,25.24,0.0
2029,26,Oslo,0.0,21.63,0.0
2029,26,Hamar,0.0,18.03,0.0
2029,26,Skien,0.0,28.85,0.0
2029,26,Kristiansand,0.0,21.63,0.0
2029,26,Stavanger,0.0,20.19,0.0
2029,26,Bergen,0.0,28.85,0.0
2029,26,Molde,0.0,18.03,0.0
2029,26,Trondheim,0.0,37.5,0.0
2029,26,Bodø,0.0,15.87,0.0
2029,26,Tromsø,0.0,25.24,0.0
2029,27,Oslo,0.0,21.63,0.0
2029,27,Hamar,0.0,18.03,0.0
2029,27,Skien,0.0,28.85,0.0
2029,27,Kristiansand,0.0,21.63,0.0
2029,27,Stavanger,0.0,20.19,0.0
2029,27,Bergen,0.0,28.85,0.0
2029,27,Molde,0.0,18.03,0.0
2029,27,Trondheim,0.0,37.5,0.0
2029,27,Bodø,0.0,15.87,0.0
2029,27,Tromsø,0.0,25.24,0.0
2029,28,Oslo,0.0,21.63,0.0
2029,28,Hamar,0.0,18.03,0.0
2029,28,Skien,0.0,28.85,0.0
2029,28,Kristiansand,0.0,21.63,0.0
2029,28,Stavanger,0.0,20.19,0.0
2029,28,Bergen,0.0,28.85,0.0
2029,28,Molde,0.0,18.03,0.0
2029,28,Trondheim,0.0,37.5,0.0
2029,28,Bodø,0.0,15.87,0.0
2029,28,Tromsø,0.0,25.24,0.0
2029,29,Oslo,0.0,21.63,0.0
2029,29,Hamar,0.0,18.03,0.0
2029,29,Skien,0.0,28.85,0.0
2029,29,Kristiansand,0.0,21.63,0.0
2029,29,Stavanger,0.0,20.19,0.0
2029,29,Bergen,0.0,28.85,0.0
2029,29,Molde,0.0,18.03,0.0
2029,29,Trondheim,0.0,37.5,0.0
2029,29,Bodø,0.0,15.87,0.0
2029,29,Tromsø,0.0,25.24,0.0
2029,30,Oslo,0.0,21.63,0.0
2029,30,Hamar,0.0,18.03,0.0
2029,30,Skien,0.0,28.85,0.0
2029,30,Kristiansand,0.0,21.63,0.0
2029,30,Stavanger,0.0,20.19,0.0
2029,30,Bergen,0.0,28.85,0.0
2029,30,Molde,0.0,18.03,0.0
2029,30,Trondheim,0.0,37.5,0.0
2029,30,Bodø,0.0,15.87,0.0
2029,30,Tromsø,0.0,25.24,0.0
2029,31,Oslo,0.0,21.63,0.0
2029,31,Hamar,0.0,18.03,0.0
2029,31,Skien,0.0,28.85,0.0
2029,31,Kristiansand,0.0,21.63,0.0
2029,31,Stavanger,0.0,20.19,0.0
2029,31,Bergen,0.0,28.85,0.0
2029,31,Molde,0.0,18.03,0.0
2029,31,Trondheim,0.0,37.5,0.0
2029,31,Bodø,0.0,15.87,0.0
2029,31,Tromsø,0.0,25.24,0.0
2029,32,Oslo,0.0,21.63,0.0
2029,32,Hamar,0.0,18.03,0.0
2029,32,Skien,0.0,28.85,0.0
2029,32,Kristiansand,0.0,21.63,0.0
2029,32,Stavanger,0.0,20.19,0.0
2029,32,Bergen,0.0,28.85,0.0
2029,32,Molde,0.0,18.03,0.0
2029,32,Trondheim,0.0,37.5,0.0
2029,32,Bodø,0.0,15.87,0.0
2029,32,Tromsø,0.0,25.24,0.0
2029,33,Oslo,0.0,21.63,0.0
2029,33,Hamar,0.0,18.03,0.0
2029,33,Skien,0.0,28.85,0.0
2029,33,Kristiansand,0.0,21.63,0.0
2029,33,Stavanger,0.0,20.19,0.0
2029,33,Bergen,0.0,28.85,0.0
2029,33,Molde,0.0,18.03,0.0
2029,33,Trondheim,0.0,37.5,0.0
2029,33,Bodø,0.0,15.87,0.0
2029,33,Tromsø,0.0,25.24,0.0
2029,34,Oslo,0.0,21.63,0.0
2029,34,Hamar,0.0,18.03,0.0
2029,34,Skien,0.0,28.85,0.0
2029,34,Kristiansand,0.0,21.63,0.0
2029,34,Stavanger,0.0,20.19,0.0
2029,34,Bergen,0.0,28.85,0.0
2029,34,Molde,0.0,18.03,0.0
2029,34,Trondheim,0.0,37.5,0.0
2029,34,Bodø,0.0,15.87,0.0
2029,34,Tromsø,0.0,25.24,0.0
2029,35,Oslo,0.0,21.63,0.0
2029,35,Hamar,0.0,18.03,0.0
2029,35,Skien,0.0,28.85,0.0
2029,35,Kristiansand,0.0,21.63,0.0
2029,35,Stavanger,0.0,20.19,0.0
2029,35,Bergen,0.0,28.85,0.0
2029,35,Molde,0.0,18.03,0.0
2029,35,Trondheim,0.0,37.5,0.0
2029,35,Bodø,0.0,15.87,0.0
2029,35,Tromsø,0.0,25.24,0.0
2029,36,Oslo,0.0,21.63,0.0
2029,36,Hamar,0.0,18.03,0.0
2029,36,Skien,0.0,28.85,0.0
2029,36,Kristiansand,0.0,21.63,0.0
2029,36,Stavanger,0.0,20.19,0.0
2029,36,Bergen,0.0,28.85,0.0
2029,36,Molde,0.0,18.03,0.0
2029,36,Trondheim,0.0,37.5,0.0
2029,36,Bodø,0.0,15.87,0.0
2029,36,Tromsø,0.0,25.24,0.0
2029,37,Oslo,0.0,21.63,0.0
2029,37,Hamar,0.0,18.03,0.0
2029,37,Skien,0.0,28.85,0.0
2029,37,Kristiansand,0.0,21.63,0.0
2029,37,Stavanger,0.0,20.19,0.0
2029,37,Bergen,0.0,28.85,0.0
2029,37,Molde,0.0,18.03,0.0
2029,37,Trondheim,0.0,37.5,0.0
2029,37,Bodø,0.0,15.87,0.0
2029,37,Tromsø,0.0,25.24,0.0
2029,38,Oslo,0.0,21.63,0.0
2029,38,Hamar,0.0,18.03,0.0
2029,38,Skien,0.0,28.85,0.0
2029,38,Kristiansand,0.0,21.63,0.0
2029,38,Stavanger,0.0,20.19,0.0
2029,38,Bergen,0.0,28.85,0.0
2029,38,Molde,0.0,18.03,0.0
2029,38,Trondheim,0.0,37.5,0.0
2029,38,Bodø,0.0,15.87,0.0
2029,38,Tromsø,0.0,25.24,0.0
2029,39,Oslo,0.0,21.63,0.0
2029,39,Hamar,0.0,18.03,0.0
2029,39,Skien,0.0,28.85,0.0
2029,39,Kristiansand,0.0,21.63,0.0
2029,39,Stavanger,0.0,20.19,0.0
2029,39,Bergen,0.0,28.85,0.0
2029,39,Molde,0.0,18.03,0.0
2029,39,Trondheim,0.0,37.5,0.0
2029,39,Bodø,0.0,15.87,0.0
2029,39,Tromsø,0.0,25.24,0.0
2029,40,Oslo,0.0,21.63,0.0
2029,40,Hamar,0.0,18.03,0.0
2029,40,Skien,0.0,28.85,0.0
2029,40,Kristiansand,0.0,21.63,0.0
2029,40,Stavanger,0.0,20.19,0.0
2029,40,Bergen,0.0,28.85,0.0
2029,40,Molde,0.0,18.03,0.0
2029,40,Trondheim,0.0,37.5,0.0
2029,40,Bodø,0.0,15.87,0.0
2029,40,Tromsø,0.0,25.24,0.0
2029,41,Oslo,0.0,21.63,0.0
2029,41,Hamar,0.0,18.03,0.0
2029,41,Skien,0.0,28.85,0.0
2029,41,Kristiansand,0.0,21.63,0.0
2029,41,Stavanger,0.0,20.19,0.0
2029,41,Bergen,0.0,28.85,0.0
2029,41,Molde,0.0,18.03,0.0
2029,41,Trondheim,0.0,37.5,0.0
2029,41,Bodø,0.0,15.87,0.0
2029,41,Tromsø,0.0,25.24,0.0
2029,42,Oslo,0.0,21.63,0.0
2029,42,Hamar,0.0,18.03,0.0
2029,42,Skien,0.0,28.85,0.0
2029,42,Kristiansand,0.0,21.63,0.0
2029,42,Stavanger,0.0,20.19,0.0
2029,42,Bergen,0.0,28.85,0.0
2029,42,Molde,0.0,18.03,0.0
2029,42,Trondheim,0.0,37.5,0.0
2029,42,Bodø,0.0,15.87,0.0
2029,42,Tromsø,0.0,25.24,0.0
2029,43,Oslo,0.0,21.63,0.0
2029,43,Hamar,0.0,18.03,0.0
2029,43,Skien,0.0,28.85,0.0
2029,43,Kristiansand,0.0,21.63,0.0
2029,43,Stavanger,0.0,20.19,0.0
2029,43,Bergen,0.0,28.85,0.0
2029,43,Molde,0.0,18.03,0.0
2029,43,Trondheim,0.0,37.5,0.0
2029,43,Bodø,0.0,15.87,0.0
2029,43,Tromsø,0.0,25.24,0.0
2029,44,Oslo,0.0,21.63,0.0
2029,44,Hamar,0.0,18.03,0.0
2029,44,Skien,0.0,28.85,0.0
2029,44,Kristiansand,0.0,21.63,0.0
2029,44,Stavanger,0.0,20.19,0.0
2029,44,Bergen,0.0,28.85,0.0
2029,44,Molde,0.0,18.03,0.0
2029,44,Trondheim,0.0,37.5,0.0
2029,44,Bodø,0.0,15.87,0.0
2029,44,Tromsø,0.0,25.24,0.0
2029,45,Oslo,0.0,21.63,0.0
2029,45,Hamar,0.0,18.03,0.0
2029,45,Skien,0.0,28.85,0.0
2029,45,Kristiansand,0.0,21.63,0.0
2029,45,Stavanger,0.0,20.19,0.0
2029,45,Bergen,0.0,28.85,0.0
2029,45,Molde,0.0,18.03,0.0
2029,45,Trondheim,0.0,37.5,0.0
2029,45,Bodø,0.0,15.87,0.0
2029,45,Tromsø,0.0,25.24,0.0
2029,46,Oslo,0.0,21.63,0.0
2029,46,Hamar,0.0,18.03,0.0
2029,46,Skien,0.0,28.85,0.0
2029,46,Kristiansand,0.0,21.63,0.0
2029,46,Stavanger,0.0,20.19,0.0
2029,46,Bergen,0.0,28.85,0.0
2029,46,Molde,0.0,18.03,0.0
2029,46,Trondheim,0.0,37.5,0.0
2029,46,Bodø,0.0,15.87,0.0
2029,46,Tromsø,0.0,25.24,0.0
2029,47,Oslo,0.0,21.63,0.0
2029,47,Hamar,0.0,18.03,0.0
2029,47,Skien,0.0,28.85,0.0
2029,47,Kristiansand,0.0,21.63,0.0
2029,47,Stavanger,0.0,20.19,0.0
2029,47,Bergen,0.0,28.85,0.0
2029,47,Molde,0.0,18.03,0.0
2029,47,Trondheim,0.0,37.5,0.0
2029,47,Bodø,0.0,15.87,0.0
2029,47,Tromsø,0.0,25.24,0.0
2029,48,Oslo,0.0,21.63,0.0
2029,48,Hamar,0.0,18.03,0.0
2029,48,Skien,0.0,28.85,0.0
2029,48,Kristiansand,0.0,21.63,0.0
2029,48,Stavanger,0.0,20.19,0.0
2029,48,Bergen,0.0,28.85,0.0
2029,48,Molde,0.0,18.03,0.0
2029,48,Trondheim,0.0,37.5,0.0
2029,48,Bodø,0.0,15.87,0.0
2029,48,Tromsø,0.0,25.24,0.0
2029,49,Oslo,0.0,21.63,0.0
2029,49,Hamar,0.0,18.03,0.0
2029,49,Skien,0.0,28.85,0.0
2029,49,Kristiansand,0.0,21.63,0.0
2029,49,Stavanger,0.0,20.19,0.0
2029,49,Bergen,0.0,28.85,0.0
2029,49,Molde,0.0,18.03,0.0
2029,49,Trondheim,0.0,37.5,0.0
2029,49,Bodø,0.0,15.87,0.0
2029,49,Tromsø,0.0,25.24,0.0
2029,50,Oslo,0.0,21.63,0.0
2029,50,Hamar,0.0,18.03,0.0
2029,50,Skien,0.0,28.85,0.0
2029,50,Kristiansand,0.0,21.63,0.0
2029,50,Stavanger,0.0,20.19,0.0
2029,50,Bergen,0.0,28.85,0.0
2029,50,Molde,0.0,18.03,0.0
2029,50,Trondheim,0.0,37.5,0.0
2029,50,Bodø,0.0,15.87,0.0
2029,50,Tromsø,0.0,25.24,0.0
2029,51,Oslo,0.0,21.63,0.0
2029,51,Hamar,0.0,18.03,0.0
2029,51,Skien,0.0,28.85,0.0
2029,51,Kristiansand,0.0,21.63,0.0
2029,51,Stavanger,0.0,20.19,0.0
2029,51,Bergen,0.0,28.85,0.0
2029,51,Molde,0.0,18.03,0.0
2029,51,Trondheim,0.0,37.5,0.0
2029,51,Bodø,0.0,15.87,0.0
2029,51,Tromsø,0.0,25.24,0.0
2029,52,Oslo,0.0,21.63,0.0
2029,52,Hamar,0.0,18.03,0.0
2029,52,Skien,0.0,28.85,0.0
2029,52,Kristiansand,0.0,21.63,0.0
2029,52,Stavanger,0.0,20.19,0.0
2029,52,Bergen,0.0,28.85,0.0
2029,52,Molde,0.0,18.03,0.0
2029,52,Trondheim,0.0,37.5,0.0
2029,52,Bodø,0.0,15.87,0.0
2029,52,Tromsø,0.0,25.24,0.0
2030,1,Oslo,0.0,21.63,0.0
2030,1,Hamar,0.0,18.03,0.0
2030,1,Skien,0.0,28.85,0.0
2030,1,Kristiansand,0.0,21.63,0.0
2030,1,Stavanger,0.0,20.19,0.0
2030,1,Bergen,0.0,28.85,0.0
2030,1,Molde,0.0,18.03,0.0
2030,1,Trondheim,0.0,37.5,0.0
2030,1,Bodø,0.0,15.87,0.0
2030,1,Tromsø,0.0,25.24,0.0
2030,2,Oslo,0.0,21.63,0.0
2030,2,Hamar,0.0,18.03,0.0
2030,2,Skien,0.0,28.85,0.0
2030,2,Kristiansand,0.0,21.63,0.0
2030,2,Stavanger,0.0,20.19,0.0
2030,2,Bergen,0.0,28.85,0.0
2030,2,Molde,0.0,18.03,0.0
2030,2,Trondheim,0.0,37.5,0.0
2030,2,Bodø,0.0,15.87,0.0
2030,2,Tromsø,0.0,25.24,0.0
2030,3,Oslo,0.0,21.63,0.0
2030,3,Hamar,0.0,18.03,0.0
2030,3,Skien,0.0,28.85,0.0
2030,3,Kristiansand,0.0,21.63,0.0
2030,3,Stavanger,0.0,20.19,0.0
2030,3,Bergen,0.0,28.85,0.0
2030,3,Molde,0.0,18.03,0.0
2030,3,Trondheim,0.0,37.5,0.0
2030,3,Bodø,0.0,15.87,0.0
2030,3,Tromsø,0.0,25.24,0.0
2030,4,Oslo,0.0,21.63,0.0
2030,4,Hamar,0.0,18.03,0.0
2030,4,Skien,0.0,28.85,0.0
2030,4,Kristiansand,0.0,21.63,0.0
2030,4,Stavanger,0.0,20.19,0.0
2030,4,Bergen,0.0,28.85,0.0
2030,4,Molde,0.0,18.03,0.0
2030,4,Trondheim,0.0,37.5,0.0
2030,4,Bodø,0.0,15.87,0.0
2030,4,Tromsø,0.0,25.24,0.0
2030,5,Oslo,0.0,21.63,0.0
2030,5,Hamar,0.0,18.03,0.0
2030,5,Skien,0.0,28.85,0.0
2030,5,Kristiansand,0.0,21.63,0.0
2030,5,Stavanger,0.0,20.19,0.0
2030,5,Bergen,0.0,28.85,0.0
2030,5,Molde,0.0,18.03,0.0
2030,5,Trondheim,0.0,37.5,0.0
2030,5,Bodø,0.0,15.87,0.0
2030,5,Tromsø,0.0,25.24,0.0
2030,6,Oslo,0.0,21.63,0.0
2030,6,Hamar,0.0,18.03,0.0
2030,6,Skien,0.0,28.85,0.0
2030,6,Kristiansand,0.0,21.63,0.0
2030,6,Stavanger,0.0,20.19,0.0
2030,6,Bergen,0.0,28.85,0.0
2030,6,Molde,0.0,18.03,0.0
2030,6,Trondheim,0.0,37.5,0.0
2030,6,Bodø,0.0,15.87,0.0
2030,6,Tromsø,0.0,25.24,0.0
2030,7,Oslo,0.0,21.63,0.0
2030,7,Hamar,0.0,18.03,0.0
2030,7,Skien,0.0,28.85,0.0
2030,7,Kristiansand,0.0,21.63,0.0
2030,7,Stavanger,0.0,20.19,0.0
2030,7,Bergen,0.0,28.85,0.0
2030,7,Molde,0.0,18.03,0.0
2030,7,Trondheim,0.0,37.5,0.0
2030,7,Bodø,0.0,15.87,0.0
2030,7,Tromsø,0.0,25.24,0.0
2030,8,Oslo,0.0,21.63,0.0
2030,8,Hamar,0.0,18.03,0.0
2030,8,Skien,0.0,28.85,0.0
2030,8,Kristiansand,0.0,21.63,0.0
2030,8,Stavanger,0.0,20.19,0.0
2030,8,Bergen,0.0,28.85,0.0
2030,8,Molde,0.0,18.03,0.0
2030,8,Trondheim,0.0,37.5,0.0
2030,8,Bodø,0.0,15.87,0.0
2030,8,Tromsø,0.0,25.24,0.0
2030,9,Oslo,0.0,21.63,0.0
2030,9,Hamar,0.0,18.03,0.0
2030,9,Skien,0.0,28.85,0.0
2030,9,Kristiansand,0.0,21.63,0.0
2030,9,Stavanger,0.0,20.19,0.0
2030,9,Bergen,0.0,28.85,0.0
2030,9,Molde,0.0,18.03,0.0
2030,9,Trondheim,0.0,37.5,0.0
2030,9,Bodø,0.0,15.87,0.0
2030,9,Tromsø,0.0,25.24,0.0
2030,10,Oslo,0.0,21.63,0.0
2030,10,Hamar,0.0,18.03,0.0
2030,10,Skien,0.0,28.85,0.0
2030,10,Kristiansand,0.0,21.63,0.0
2030,10,Stavanger,0.0,20.19,0.0
2030,10,Bergen,0.0,28.85,0.0
2030,10,Molde,0.0,18.03,0.0
2030,10,Trondheim,0.0,37.5,0.0
2030,10,Bodø,0.0,15.87,0.0
2030,10,Tromsø,0.0,25.24,0.0
2030,11,Oslo,0.0,21.63,0.0
2030,11,Hamar,0.0,18.03,0.0
2030,11,Skien,0.0,28.85,0.0
2030,11,Kristiansand,0.0,21.63,0.0
2030,11,Stavanger,0.0,20.19,0.0
2030,11,Bergen,0.0,28.85,0.0
2030,11,Molde,0.0,18.03,0.0
2030,11,Trondheim,0.0,37.5,0.0
2030,11,Bodø,0.0,15.87,0.0
2030,11,Tromsø,0.0,25.24,0.0
2030,12,Oslo,0.0,21.63,0.0
2030,12,Hamar,0.0,18.03,0.0
2030,12,Skien,0.0,28.85,0.0
2030,12,Kristiansand,0.0,21.63,0.0
2030,12,Stavanger,0.0,20.19,0.0
2030,12,Bergen,0.0,28.85,0.0
2030,12,Molde,0.0,18.03,0.0
2030,12,Trondheim,0.0,37.5,0.0
2030,12,Bodø,0.0,15.87,0.0
2030,12,Tromsø,0.0,25.24,0.0
2030,13,Oslo,0.0,21.63,0.0
2030,13,Hamar,0.0,18.03,0.0
2030,13,Skien,0.0,28.85,0.0
2030,13,Kristiansand,0.0,21.63,0.0
2030,13,Stavanger,0.0,20.19,0.0
2030,13,Bergen,0.0,28.85,0.0
2030,13,Molde,0.0,18.03,0.0
2030,13,Trondheim,0.0,37.5,0.0
2030,13,Bodø,0.0,15.87,0.0
2030,13,Tromsø,0.0,25.24,0.0
2030,14,Oslo,0.0,21.63,0.0
2030,14,Hamar,0.0,18.03,0.0
2030,14,Skien,0.0,28.85,0.0
2030,14,Kristiansand,0.0,21.63,0.0
2030,14,Stavanger,0.0,20.19,0.0
2030,14,Bergen,0.0,28.85,0.0
2030,14,Molde,0.0,18.03,0.0
2030,14,Trondheim,0.0,37.5,0.0
2030,14,Bodø,0.0,15.87,0.0
2030,14,Tromsø,0.0,25.24,0.0
2030,15,Oslo,0.0,21.63,0.0
2030,15,Hamar,0.0,18.03,0.0
2030,15,Skien,0.0,28.85,0.0
2030,15,Kristiansand,0.0,21.63,0.0
2030,15,Stavanger,0.0,20.19,0.0
2030,15,Bergen,0.0,28.85,0.0
2030,15,Molde,0.0,18.03,0.0
2030,15,Trondheim,0.0,37.5,0.0
2030,15,Bodø,0.0,15.87,0.0
2030,15,Tromsø,0.0,25.24,0.0
2030,16,Oslo,0.0,21.63,0.0
2030,16,Hamar,0.0,18.03,0.0
2030,16,Skien,0.0,28.85,0.0
2030,16,Kristiansand,0.0,21.63,0.0
2030,16,Stavanger,0.0,20.19,0.0
2030,16,Bergen,0.0,28.85,0.0
2030,16,Molde,0.0,18.03,0.0
2030,16,Trondheim,0.0,37.5,0.0
2030,16,Bodø,0.0,15.87,0.0
2030,16,Tromsø,0.0,25.24,0.0
2030,17,Oslo,0.0,21.63,0.0
2030,17,Hamar,0.0,18.03,0.0
2030,17,Skien,0.0,28.85,0.0
2030,17,Kristiansand,0.0,21.63,0.0
2030,17,Stavanger,0.0,20.19,0.0
2030,17,Bergen,0.0,28.85,0.0
2030,17,Molde,0.0,18.03,0.0
2030,17,Trondheim,0.0,37.5,0.0
2030,17,Bodø,0.0,15.87,0.0
2030,17,Tromsø,0.0,25.24,0.0
2030,18,Oslo,0.0,21.63,0.0
2030,18,Hamar,0.0,18.03,0.0
2030,18,Skien,0.0,28.85,0.0
2030,18,Kristiansand,0.0,21.63,0.0
2030,18,Stavanger,0.0,20.19,0.0
2030,18,Bergen,0.0,28.85,0.0
2030,18,Molde,0.0,18.03,0.0
2030,18,Trondheim,0.0,37.5,0.0
2030,18,Bodø,0.0,15.87,0.0
2030,18,Tromsø,0.0,25.24,0.0
2030,19,Oslo,0.0,21.63,0.0
2030,19,Hamar,0.0,18.03,0.0
2030,19,Skien,0.0,28.85,0.0
2030,19,Kristiansand,0.0,21.63,0.0
2030,19,Stavanger,0.0,20.19,0.0
2030,19,Bergen,0.0,28.85,0.0
2030,19,Molde,0.0,18.03,0.0
2030,19,Trondheim,0.0,37.5,0.0
2030,19,Bodø,0.0,15.87,0.0
2030,19,Tromsø,0.0,25.24,0.0
2030,20,Oslo,0.0,21.63,0.0
2030,20,Hamar,0.0,18.03,0.0
2030,20,Skien,0.0,28.85,0.0
2030,20,Kristiansand,0.0,21.63,0.0
2030,20,Stavanger,0.0,20.19,0.0
2030,20,Bergen,0.0,28.85,0.0
2030,20,Molde,0.0,18.03,0.0
2030,20,Trondheim,0.0,37.5,0.0
2030,20,Bodø,0.0,15.87,0.0
2030,20,Tromsø,0.0,25.24,0.0
2030,21,Oslo,0.0,21.63,0.0
2030,21,Hamar,0.0,18.03,0.0
2030,21,Skien,0.0,28.85,0.0
2030,21,Kristiansand,0.0,21.63,0.0
2030,21,Stavanger,0.0,20.19,0.0
2030,21,Bergen,0.0,28.85,0.0
2030,21,Molde,0.0,18.03,0.0
2030,21,Trondheim,0.0,37.5,0.0
2030,21,Bodø,0.0,15.87,0.0
2030,21,Tromsø,0.0,25.24,0.0
2030,22,Oslo,0.0,21.63,0.0
2030,22,Hamar,0.0,18.03,0.0
2030,22,Skien,0.0,28.85,0.0
2030,22,Kristiansand,0.0,21.63,0.0
2030,22,Stavanger,0.0,20.19,0.0
2030,22,Bergen,0.0,28.85,0.0
2030,22,Molde,0.0,18.03,0.0
2030,22,Trondheim,0.0,37.5,0.0
2030,22,Bodø,0.0,15.87,0.0
2030,22,Tromsø,0.0,25.24,0.0
2030,23,Oslo,0.0,21.63,0.0
2030,23,Hamar,0.0,18.03,0.0
2030,23,Skien,0.0,28.85,0.0
2030,23,Kristiansand,0.0,21.63,0.0
2030,23,Stavanger,0.0,20.19,0.0
2030,23,Bergen,0.0,28.85,0.0
2030,23,Molde,0.0,18.03,0.0
2030,23,Trondheim,0.0,37.5,0.0
2030,23,Bodø,0.0,15.87,0.0
2030,23,Tromsø,0.0,25.24,0.0
2030,24,Oslo,0.0,21.63,0.0
2030,24,Hamar,0.0,18.03,0.0
2030,24,Skien,0.0,28.85,0.0
2030,24,Kristiansand,0.0,21.63,0.0
2030,24,Stavanger,0.0,20.19,0.0
2030,24,Bergen,0.0,28.85,0.0
2030,24,Molde,0.0,18.03,0.0
2030,24,Trondheim,0.0,37.5,0.0
2030,24,Bodø,0.0,15.87,0.0
2030,24,Tromsø,0.0,25.24,0.0
2030,25,Oslo,0.0,21.63,0.0
2030,25,Hamar,0.0,18.03,0.0
2030,25,Skien,0.0,28.85,0.0
2030,25,Kristiansand,0.0,21.63,0.0
2030,25,Stavanger,0.0,20.19,0.0
2030,25,Bergen,0.0,28.85,0.0
2030,25,Molde,0.0,18.03,0.0
2030,25,Trondheim,0.0,37.5,0.0
2030,25,Bodø,0.0,15.87,0.0
2030,25,Tromsø,0.0,25.24,0.0
2030,26,Oslo,0.0,21.63,0.0
2030,26,Hamar,0.0,18.03,0.0
2030,26,Skien,0.0,28.85,0.0
2030,26,Kristiansand,0.0,21.63,0.0
2030,26,Stavanger,0.0,20.19,0.0
2030,26,Bergen,0.0,28.85,0.0
2030,26,Molde,0.0,18.03,0.0
2030,26,Trondheim,0.0,37.5,0.0
2030,26,Bodø,0.0,15.87,0.0
2030,26,Tromsø,0.0,25.24,0.0
2030,27,Oslo,0.0,21.63,0.0
2030,27,Hamar,0.0,18.03,0.0
2030,27,Skien,0.0,28.85,0.0
2030,27,Kristiansand,0.0,21.63,0.0
2030,27,Stavanger,0.0,20.19,0.0
2030,27,Bergen,0.0,28.85,0.0
2030,27,Molde,0.0,18.03,0.0
2030,27,Trondheim,0.0,37.5,0.0
2030,27,Bodø,0.0,15.87,0.0
2030,27,Tromsø,0.0,25.24,0.0
2030,28,Oslo,0.0,21.63,0.0
2030,28,Hamar,0.0,18.03,0.0
2030,28,Skien,0.0,28.85,0.0
2030,28,Kristiansand,0.0,21.63,0.0
2030,28,Stavanger,0.0,20.19,0.0
2030,28,Bergen,0.0,28.85,0.0
2030,28,Molde,0.0,18.03,0.0
2030,28,Trondheim,0.0,37.5,0.0
2030,28,Bodø,0.0,15.87,0.0
2030,28,Tromsø,0.0,25.24,0.0
2030,29,Oslo,0.0,21.63,0.0
2030,29,Hamar,0.0,18.03,0.0
2030,29,Skien,0.0,28.85,0.0
2030,29,Kristiansand,0.0,21.63,0.0
2030,29,Stavanger,0.0,20.19,0.0
2030,29,Bergen,0.0,28.85,0.0
2030,29,Molde,0.0,18.03,0.0
2030,29,Trondheim,0.0,37.5,0.0
2030,29,Bodø,0.0,15.87,0.0
2030,29,Tromsø,0.0,25.24,0.0
2030,30,Oslo,0.0,21.63,0.0
2030,30,Hamar,0.0,18.03,0.0
2030,30,Skien,0.0,28.85,0.0
2030,30,Kristiansand,0.0,21.63,0.0
2030,30,Stavanger,0.0,20.19,0.0
2030,30,Bergen,0.0,28.85,0.0
2030,30,Molde,0.0,18.03,0.0
2030,30,Trondheim,0.0,37.5,0.0
2030,30,Bodø,0.0,15.87,0.0
2030,30,Tromsø,0.0,25.24,0.0
2030,31,Oslo,0.0,21.63,0.0
2030,31,Hamar,0.0,18.03,0.0
2030,31,Skien,0.0,28.85,0.0
2030,31,Kristiansand,0.0,21.63,0.0
2030,31,Stavanger,0.0,20.19,0.0
2030,31,Bergen,0.0,28.85,0.0
2030,31,Molde,0.0,18.03,0.0
2030,31,Trondheim,0.0,37.5,0.0
2030,31,Bodø,0.0,15.87,0.0
2030,31,Tromsø,0.0,25.24,0.0
2030,32,Oslo,0.0,21.63,0.0
2030,32,Hamar,0.0,18.03,0.0
2030,32,Skien,0.0,28.85,0.0
2030,32,Kristiansand,0.0,21.63,0.0
2030,32,Stavanger,0.0,20.19,0.0
2030,32,Bergen,0.0,28.85,0.0
2030,32,Molde,0.0,18.03,0.0
2030,32,Trondheim,0.0,37.5,0.0
2030,32,Bodø,0.0,15.87,0.0
2030,32,Tromsø,0.0,25.24,0.0
2030,33,Oslo,0.0,21.63,0.0
2030,33,Hamar,0.0,18.03,0.0
2030,33,Skien,0.0,28.85,0.0
2030,33,Kristiansand,0.0,21.63,0.0
2030,33,Stavanger,0.0,20.19,0.0
2030,33,Bergen,0.0,28.85,0.0
2030,33,Molde,0.0,18.03,0.0
2030,33,Trondheim,0.0,37.5,0.0
2030,33,Bodø,0.0,15.87,0.0
2030,33,Tromsø,0.0,25.24,0.0
2030,34,Oslo,0.0,21.63,0.0
2030,34,Hamar,0.0,18.03,0.0
2030,34,Skien,0.0,28.85,0.0
2030,34,Kristiansand,0.0,21.63,0.0
2030,34,Stavanger,0.0,20.19,0.0
2030,34,Bergen,0.0,28.85,0.0
2030,34,Molde,0.0,18.03,0.0
2030,34,Trondheim,0.0,37.5,0.0
2030,34,Bodø,0.0,15.87,0.0
2030,34,Tromsø,0.0,25.24,0.0
2030,35,Oslo,0.0,21.63,0.0
2030,35,Hamar,0.0,18.03,0.0
2030,35,Skien,0.0,28.85,0.0
2030,35,Kristiansand,0.0,21.63,0.0
2030,35,Stavanger,0.0,20.19,0.0
2030,35,Bergen,0.0,28.85,0.0
2030,35,Molde,0.0,18.03,0.0
2030,35,Trondheim,0.0,37.5,0.0
2030,35,Bodø,0.0,15.87,0.0
2030,35,Tromsø,0.0,25.24,0.0
2030,36,Oslo,0.0,21.63,0.0
2030,36,Hamar,0.0,18.03,0.0
2030,36,Skien,0.0,28.85,0.0
2030,36,Kristiansand,0.0,21.63,0.0
2030,36,Stavanger,0.0,20.19,0.0
2030,36,Bergen,0.0,28.85,0.0
2030,36,Molde,0.0,18.03,0.0
2030,36,Trondheim,0.0,37.5,0.0
2030,36,Bodø,0.0,15.87,0.0
2030,36,Tromsø,0.0,25.24,0.0
2030,37,Oslo,0.0,21.63,0.0
2030,37,Hamar,0.0,18.03,0.0
2030,37,Skien,0.0,28.85,0.0
2030,37,Kristiansand,0.0,21.63,0.0
2030,37,Stavanger,0.0,20.19,0.0
2030,37,Bergen,0.0,28.85,0.0
2030,37,Molde,0.0,18.03,0.0
2030,37,Trondheim,0.0,37.5,0.0
2030,37,Bodø,0.0,15.87,0.0
2030,37,Tromsø,0.0,25.24,0.0
2030,38,Oslo,0.0,21.63,0.0
2030,38,Hamar,0.0,18.03,0.0
2030,38,Skien,0.0,28.85,0.0
2030,38,Kristiansand,0.0,21.63,0.0
2030,38,Stavanger,0.0,20.19,0.0
2030,38,Bergen,0.0,28.85,0.0
2030,38,Molde,0.0,18.03,0.0
2030,38,Trondheim,0.0,37.5,0.0
2030,38,Bodø,0.0,15.87,0.0
2030,38,Tromsø,0.0,25.24,0.0
2030,39,Oslo,0.0,21.63,0.0
2030,39,Hamar,0.0,18.03,0.0
2030,39,Skien,0.0,28.85,0.0
2030,39,Kristiansand,0.0,21.63,0.0
2030,39,Stavanger,0.0,20.19,0.0
2030,39,Bergen,0.0,28.85,0.0
2030,39,Molde,0.0,18.03,0.0
2030,39,Trondheim,0.0,37.5,0.0
2030,39,Bodø,0.0,15.87,0.0
2030,39,Tromsø,0.0,25.24,0.0
2030,40,Oslo,0.0,21.63,0.0
2030,40,Hamar,0.0,18.03,0.0
2030,40,Skien,0.0,28.85,0.0
2030,40,Kristiansand,0.0,21.63,0.0
2030,40,Stavanger,0.0,20.19,0.0
2030,40,Bergen,0.0,28.85,0.0
2030,40,Molde,0.0,18.03,0.0
2030,40,Trondheim,0.0,37.5,0.0
2030,40,Bodø,0.0,15.87,0.0
2030,40,Tromsø,0.0,25.24,0.0
2030,41,Oslo,0.0,21.63,0.0
2030,41,Hamar,0.0,18.03,0.0
2030,41,Skien,0.0,28.85,0.0
2030,41,Kristiansand,0.0,21.63,0.0
2030,41,Stavanger,0.0,20.19,0.0
2030,41,Bergen,0.0,28.85,0.0
2030,41,Molde,0.0,18.03,0.0
2030,41,Trondheim,0.0,37.5,0.0
2030,41,Bodø,0.0,15.87,0.0
2030,41,Tromsø,0.0,25.24,0.0
2030,42,Oslo,0.0,21.63,0.0
2030,42,Hamar,0.0,18.03,0.0
2030,42,Skien,0.0,28.85,0.0
2030,42,Kristiansand,0.0,21.63,0.0
2030,42,Stavanger,0.0,20.19,0.0
2030,42,Bergen,0.0,28.85,0.0
2030,42,Molde,0.0,18.03,0.0
2030,42,Trondheim,0.0,37.5,0.0
2030,42,Bodø,0.0,15.87,0.0
2030,42,Tromsø,0.0,25.24,0.0
2030,43,Oslo,0.0,21.63,0.0
2030,43,Hamar,0.0,18.03,0.0
2030,43,Skien,0.0,28.85,0.0
2030,43,Kristiansand,0.0,21.63,0.0
2030,43,Stavanger,0.0,20.19,0.0
2030,43,Bergen,0.0,28.85,0.0
2030,43,Molde,0.0,18.03,0.0
2030,43,Trondheim,0.0,37.5,0.0
2030,43,Bodø,0.0,15.87,0.0
2030,43,Tromsø,0.0,25.24,0.0
2030,44,Oslo,0.0,21.63,0.0
2030,44,Hamar,0.0,18.03,0.0
2030,44,Skien,0.0,28.85,0.0
2030,44,Kristiansand,0.0,21.63,0.0
2030,44,Stavanger,0.0,20.19,0.0
2030,44,Bergen,0.0,28.85,0.0
2030,44,Molde,0.0,18.03,0.0
2030,44,Trondheim,0.0,37.5,0.0
2030,44,Bodø,0.0,15.87,0.0
2030,44,Tromsø,0.0,25.24,0.0
2030,45,Oslo,0.0,21.63,0.0
2030,45,Hamar,0.0,18.03,0.0
2030,45,Skien,0.0,28.85,0.0
2030,45,Kristiansand,0.0,21.63,0.0
2030,45,Stavanger,0.0,20.19,0.0
2030,45,Bergen,0.0,28.85,0.0
2030,45,Molde,0.0,18.03,0.0
2030,45,Trondheim,0.0,37.5,0.0
2030,45,Bodø,0.0,15.87,0.0
2030,45,Tromsø,0.0,25.24,0.0
2030,46,Oslo,0.0,21.63,0.0
2030,46,Hamar,0.0,18.03,0.0
2030,46,Skien,0.0,28.85,0.0
2030,46,Kristiansand,0.0,21.63,0.0
2030,46,Stavanger,0.0,20.19,0.0
2030,46,Bergen,0.0,28.85,0.0
2030,46,Molde,0.0,18.03,0.0
2030,46,Trondheim,0.0,37.5,0.0
2030,46,Bodø,0.0,15.87,0.0
2030,46,Tromsø,0.0,25.24,0.0
2030,47,Oslo,0.0,21.63,0.0
2030,47,Hamar,0.0,18.03,0.0
2030,47,Skien,0.0,28.85,0.0
2030,47,Kristiansand,0.0,21.63,0.0
2030,47,Stavanger,0.0,20.19,0.0
2030,47,Bergen,0.0,28.85,0.0
2030,47,Molde,0.0,18.03,0.0
2030,47,Trondheim,0.0,37.5,0.0
2030,47,Bodø,0.0,15.87,0.0
2030,47,Tromsø,0.0,25.24,0.0
2030,48,Oslo,0.0,21.63,0.0
2030,48,Hamar,0.0,18.03,0.0
2030,48,Skien,0.0,28.85,0.0
2030,48,Kristiansand,0.0,21.63,0.0
2030,48,Stavanger,0.0,20.19,0.0
2030,48,Bergen,0.0,28.85,0.0
2030,48,Molde,0.0,18.03,0.0
2030,48,Trondheim,0.0,37.5,0.0
2030,48,Bodø,0.0,15.87,0.0
2030,48,Tromsø,0.0,25.24,0.0
2030,49,Oslo,0.0,21.63,0.0
2030,49,Hamar,0.0,18.03,0.0
2030,49,Skien,0.0,28.85,0.0
2030,49,Kristiansand,0.0,21.63,0.0
2030,49,Stavanger,0.0,20.19,0.0
2030,49,Bergen,0.0,28.85,0.0
2030,49,Molde,0.0,18.03,0.0
2030,49,Trondheim,0.0,37.5,0.0
2030,49,Bodø,0.0,15.87,0.0
2030,49,Tromsø,0.0,25.24,0.0
2030,50,Oslo,0.0,21.63,0.0
2030,50,Hamar,0.0,18.03,0.0
2030,50,Skien,0.0,28.85,0.0
2030,50,Kristiansand,0.0,21.63,0.0
2030,50,Stavanger,0.0,20.19,0.0
2030,50,Bergen,0.0,28.85,0.0
2030,50,Molde,0.0,18.03,0.0
2030,50,Trondheim,0.0,37.5,0.0
2030,50,Bodø,0.0,15.87,0.0
2030,50,Tromsø,0.0,25.24,0.0
2030,51,Oslo,0.0,21.63,0.0
2030,51,Hamar,0.0,18.03,0.0
2030,51,Skien,0.0,28.85,0.0
2030,51,Kristiansand,0.0,21.63,0.0
2030,51,Stavanger,0.0,20.19,0.0
2030,51,Bergen,0.0,28.85,0.0
2030,51,Molde,0.0,18.03,0.0
2030,51,Trondheim,0.0,37.5,0.0
2030,51,Bodø,0.0,15.87,0.0
2030,51,Tromsø,0.0,25.24,0.0
2030,52,Oslo,0.0,21.63,0.0
2030,52,Hamar,0.0,18.03,0.0
2030,52,Skien,0.0,28.85,0.0
2030,52,Kristiansand,0.0,21.63,0.0
2030,52,Stavanger,0.0,20.19,0.0
2030,52,Bergen,0.0,28.85,0.0
2030,52,Molde,0.0,18.03,0.0
2030,52,Trondheim,0.0,37.5,0.0
2030,52,Bodø,0.0,15.87,0.0
2030,52,Tromsø,0.0,25.24,0.0
2031,1,Oslo,0.0,21.63,0.0
2031,1,Hamar,0.0,18.03,0.0
2031,1,Skien,0.0,28.85,0.0
2031,1,Kristiansand,0.0,21.63,0.0
2031,1,Stavanger,0.0,20.19,0.0
2031,1,Bergen,0.0,28.85,0.0
2031,1,Molde,0.0,18.03,0.0
2031,1,Trondheim,0.0,37.5,0.0
2031,1,Bodø,0.0,15.87,0.0
2031,1,Tromsø,0.0,25.24,0.0
2031,2,Oslo,0.0,21.63,0.0
2031,2,Hamar,0.0,18.03,0.0
2031,2,Skien,0.0,28.85,0.0
2031,2,Kristiansand,0.0,21.63,0.0
2031,2,Stavanger,0.0,20.19,0.0
2031,2,Bergen,0.0,28.85,0.0
2031,2,Molde,0.0,18.03,0.0
2031,2,Trondheim,0.0,37.5,0.0
2031,2,Bodø,0.0,15.87,0.0
2031,2,Tromsø,0.0,25.24,0.0
2031,3,Oslo,0.0,21.63,0.0
2031,3,Hamar,0.0,18.03,0.0
2031,3,Skien,0.0,28.85,0.0
2031,3,Kristiansand,0.0,21.63,0.0
2031,3,Stavanger,0.0,20.19,0.0
2031,3,Bergen,0.0,28.85,0.0
2031,3,Molde,0.0,18.03,0.0
2031,3,Trondheim,0.0,37.5,0.0
2031,3,Bodø,0.0,15.87,0.0
2031,3,Tromsø,0.0,25.24,0.0
2031,4,Oslo,0.0,21.63,0.0
2031,4,Hamar,0.0,18.03,0.0
2031,4,Skien,0.0,28.85,0.0
2031,4,Kristiansand,0.0,21.63,0.0
2031,4,Stavanger,0.0,20.19,0.0
2031,4,Bergen,0.0,28.85,0.0
2031,4,Molde,0.0,18.03,0.0
2031,4,Trondheim,0.0,37.5,0.0
2031,4,Bodø,0.0,15.87,0.0
2031,4,Tromsø,0.0,25.24,0.0
2031,5,Oslo,0.0,21.63,0.0
2031,5,Hamar,0.0,18.03,0.0
2031,5,Skien,0.0,28.85,0.0
2031,5,Kristiansand,0.0,21.63,0.0
2031,5,Stavanger,0.0,20.19,0.0
2031,5,Bergen,0.0,28.85,0.0
2031,5,Molde,0.0,18.03,0.0
2031,5,Trondheim,0.0,37.5,0.0
2031,5,Bodø,0.0,15.87,0.0
2031,5,Tromsø,0.0,25.24,0.0
2031,6,Oslo,0.0,21.63,0.0
2031,6,Hamar,0.0,18.03,0.0
2031,6,Skien,0.0,28.85,0.0
2031,6,Kristiansand,0.0,21.63,0.0
2031,6,Stavanger,0.0,20.19,0.0
2031,6,Bergen,0.0,28.85,0.0
2031,6,Molde,0.0,18.03,0.0
2031,6,Trondheim,0.0,37.5,0.0
2031,6,Bodø,0.0,15.87,0.0
2031,6,Tromsø,0.0,25.24,0.0
2031,7,Oslo,0.0,21.63,0.0
2031,7,Hamar,0.0,18.03,0.0
2031,7,Skien,0.0,28.85,0.0
2031,7,Kristiansand,0.0,21.63,0.0
2031,7,Stavanger,0.0,20.19,0.0
2031,7,Bergen,0.0,28.85,0.0
2031,7,Molde,0.0,18.03,0.0
2031,7,Trondheim,0.0,37.5,0.0
2031,7,Bodø,0.0,15.87,0.0
2031,7,Tromsø,0.0,25.24,0.0
2031,8,Oslo,0.0,21.63,0.0
2031,8,Hamar,0.0,18.03,0.0
2031,8,Skien,0.0,28.85,0.0
2031,8,Kristiansand,0.0,21.63,0.0
2031,8,Stavanger,0.0,20.19,0.0
2031,8,Bergen,0.0,28.85,0.0
2031,8,Molde,0.0,18.03,0.0
2031,8,Trondheim,0.0,37.5,0.0
2031,8,Bodø,0.0,15.87,0.0
2031,8,Tromsø,0.0,25.24,0.0
2031,9,Oslo,0.0,21.63,0.0
2031,9,Hamar,0.0,18.03,0.0
2031,9,Skien,0.0,28.85,0.0
2031,9,Kristiansand,0.0,21.63,0.0
2031,9,Stavanger,0.0,20.19,0.0
2031,9,Bergen,0.0,28.85,0.0
2031,9,Molde,0.0,18.03,0.0
2031,9,Trondheim,0.0,37.5,0.0
2031,9,Bodø,0.0,15.87,0.0
2031,9,Tromsø,0.0,25.24,0.0
2031,10,Oslo,0.0,21.63,0.0
2031,10,Hamar,0.0,18.03,0.0
2031,10,Skien,0.0,28.85,0.0
2031,10,Kristiansand,0.0,21.63,0.0
2031,10,Stavanger,0.0,20.19,0.0
2031,10,Bergen,0.0,28.85,0.0
2031,10,Molde,0.0,18.03,0.0
2031,10,Trondheim,0.0,37.5,0.0
2031,10,Bodø,0.0,15.87,0.0
2031,10,Tromsø,0.0,25.24,0.0
2031,11,Oslo,0.0,21.63,0.0
2031,11,Hamar,0.0,18.03,0.0
2031,11,Skien,0.0,28.85,0.0
2031,11,Kristiansand,0.0,21.63,0.0
2031,11,Stavanger,0.0,20.19,0.0
2031,11,Bergen,0.0,28.85,0.0
2031,11,Molde,0.0,18.03,0.0
2031,11,Trondheim,0.0,37.5,0.0
2031,11,Bodø,0.0,15.87,0.0
2031,11,Tromsø,0.0,25.24,0.0
2031,12,Oslo,0.0,21.63,0.0
2031,12,Hamar,0.0,18.03,0.0
2031,12,Skien,0.0,28.85,0.0
2031,12,Kristiansand,0.0,21.63,0.0
2031,12,Stavanger,0.0,20.19,0.0
2031,12,Bergen,0.0,28.85,0.0
2031,12,Molde,0.0,18.03,0.0
2031,12,Trondheim,0.0,37.5,0.0
2031,12,Bodø,0.0,15.87,0.0
2031,12,Tromsø,0.0,25.24,0.0
2031,13,Oslo,0.0,21.63,0.0
2031,13,Hamar,0.0,18.03,0.0
2031,13,Skien,0.0,28.85,0.0
2031,13,Kristiansand,0.0,21.63,0.0
2031,13,Stavanger,0.0,20.19,0.0
2031,13,Bergen,0.0,28.85,0.0
2031,13,Molde,0.0,18.03,0.0
2031,13,Trondheim,0.0,37.5,0.0
2031,13,Bodø,0.0,15.87,0.0
2031,13,Tromsø,0.0,25.24,0.0
2031,14,Oslo,0.0,21.63,0.0
2031,14,Hamar,0.0,18.03,0.0
2031,14,Skien,0.0,28.85,0.0
2031,14,Kristiansand,0.0,21.63,0.0
2031,14,Stavanger,0.0,20.19,0.0
2031,14,Bergen,0.0,28.85,0.0
2031,14,Molde,0.0,18.03,0.0
2031,14,Trondheim,0.0,37.5,0.0
2031,14,Bodø,0.0,15.87,0.0
2031,14,Tromsø,0.0,25.24,0.0
2031,15,Oslo,0.0,21.63,0.0
2031,15,Hamar,0.0,18.03,0.0
2031,15,Skien,0.0,28.85,0.0
2031,15,Kristiansand,0.0,21.63,0.0
2031,15,Stavanger,0.0,20.19,0.0
2031,15,Bergen,0.0,28.85,0.0
2031,15,Molde,0.0,18.03,0.0
2031,15,Trondheim,0.0,37.5,0.0
2031,15,Bodø,0.0,15.87,0.0
2031,15,Tromsø,0.0,25.24,0.0
2031,16,Oslo,0.0,21.63,0.0
2031,16,Hamar,0.0,18.03,0.0
2031,16,Skien,0.0,28.85,0.0
2031,16,Kristiansand,0.0,21.63,0.0
2031,16,Stavanger,0.0,20.19,0.0
2031,16,Bergen,0.0,28.85,0.0
2031,16,Molde,0.0,18.03,0.0
2031,16,Trondheim,0.0,37.5,0.0
2031,16,Bodø,0.0,15.87,0.0
2031,16,Tromsø,0.0,25.24,0.0
2031,17,Oslo,0.0,21.63,0.0
2031,17,Hamar,0.0,18.03,0.0
2031,17,Skien,0.0,28.85,0.0
2031,17,Kristiansand,0.0,21.63,0.0
2031,17,Stavanger,0.0,20.19,0.0
2031,17,Bergen,0.0,28.85,0.0
2031,17,Molde,0.0,18.03,0.0
2031,17,Trondheim,0.0,37.5,0.0
2031,17,Bodø,0.0,15.87,0.0
2031,17,Tromsø,0.0,25.24,0.0
2031,18,Oslo,0.0,21.63,0.0
2031,18,Hamar,0.0,18.03,0.0
2031,18,Skien,0.0,28.85,0.0
2031,18,Kristiansand,0.0,21.63,0.0
2031,18,Stavanger,0.0,20.19,0.0
2031,18,Bergen,0.0,28.85,0.0
2031,18,Molde,0.0,18.03,0.0
2031,18,Trondheim,0.0,37.5,0.0
2031,18,Bodø,0.0,15.87,0.0
2031,18,Tromsø,0.0,25.24,0.0
2031,19,Oslo,0.0,21.63,0.0
2031,19,Hamar,0.0,18.03,0.0
2031,19,Skien,0.0,28.85,0.0
2031,19,Kristiansand,0.0,21.63,0.0
2031,19,Stavanger,0.0,20.19,0.0
2031,19,Bergen,0.0,28.85,0.0
2031,19,Molde,0.0,18.03,0.0
2031,19,Trondheim,0.0,37.5,0.0
2031,19,Bodø,0.0,15.87,0.0
2031,19,Tromsø,0.0,25.24,0.0
2031,20,Oslo,0.0,21.63,0.0
2031,20,Hamar,0.0,18.03,0.0
2031,20,Skien,0.0,28.85,0.0
2031,20,Kristiansand,0.0,21.63,0.0
2031,20,Stavanger,0.0,20.19,0.0
2031,20,Bergen,0.0,28.85,0.0
2031,20,Molde,0.0,18.03,0.0
2031,20,Trondheim,0.0,37.5,0.0
2031,20,Bodø,0.0,15.87,0.0
2031,20,Tromsø,0.0,25.24,0.0
2031,21,Oslo,0.0,21.63,0.0
2031,21,Hamar,0.0,18.03,0.0
2031,21,Skien,0.0,28.85,0.0
2031,21,Kristiansand,0.0,21.63,0.0
2031,21,Stavanger,0.0,20.19,0.0
2031,21,Bergen,0.0,28.85,0.0
2031,21,Molde,0.0,18.03,0.0
2031,21,Trondheim,0.0,37.5,0.0
2031,21,Bodø,0.0,15.87,0.0
2031,21,Tromsø,0.0,25.24,0.0
2031,22,Oslo,0.0,21.63,0.0
2031,22,Hamar,0.0,18.03,0.0
2031,22,Skien,0.0,28.85,0.0
2031,22,Kristiansand,0.0,21.63,0.0
2031,22,Stavanger,0.0,20.19,0.0
2031,22,Bergen,0.0,28.85,0.0
2031,22,Molde,0.0,18.03,0.0
2031,22,Trondheim,0.0,37.5,0.0
2031,22,Bodø,0.0,15.87,0.0
2031,22,Tromsø,0.0,25.24,0.0
2031,23,Oslo,0.0,21.63,0.0
2031,23,Hamar,0.0,18.03,0.0
2031,23,Skien,0.0,28.85,0.0
2031,23,Kristiansand,0.0,21.63,0.0
2031,23,Stavanger,0.0,20.19,0.0
2031,23,Bergen,0.0,28.85,0.0
2031,23,Molde,0.0,18.03,0.0
2031,23,Trondheim,0.0,37.5,0.0
2031,23,Bodø,0.0,15.87,0.0
2031,23,Tromsø,0.0,25.24,0.0
2031,24,Oslo,0.0,21.63,0.0
2031,24,Hamar,0.0,18.03,0.0
2031,24,Skien,0.0,28.85,0.0
2031,24,Kristiansand,0.0,21.63,0.0
2031,24,Stavanger,0.0,20.19,0.0
2031,24,Bergen,0.0,28.85,0.0
2031,24,Molde,0.0,18.03,0.0
2031,24,Trondheim,0.0,37.5,0.0
2031,24,Bodø,0.0,15.87,0.0
2031,24,Tromsø,0.0,25.24,0.0
2031,25,Oslo,0.0,21.63,0.0
2031,25,Hamar,0.0,18.03,0.0
2031,25,Skien,0.0,28.85,0.0
2031,25,Kristiansand,0.0,21.63,0.0
2031,25,Stavanger,0.0,20.19,0.0
2031,25,Bergen,0.0,28.85,0.0
2031,25,Molde,0.0,18.03,0.0
2031,25,Trondheim,0.0,37.5,0.0
2031,25,Bodø,0.0,15.87,0.0
2031,25,Tromsø,0.0,25.24,0.0
2031,26,Oslo,0.0,21.63,0.0
2031,26,Hamar,0.0,18.03,0.0
2031,26,Skien,0.0,28.85,0.0
2031,26,Kristiansand,0.0,21.63,0.0
2031,26,Stavanger,0.0,20.19,0.0
2031,26,Bergen,0.0,28.85,0.0
2031,26,Molde,0.0,18.03,0.0
2031,26,Trondheim,0.0,37.5,0.0
2031,26,Bodø,0.0,15.87,0.0
2031,26,Tromsø,0.0,25.24,0.0
2031,27,Oslo,0.0,21.63,0.0
2031,27,Hamar,0.0,18.03,0.0
2031,27,Skien,0.0,28.85,0.0
2031,27,Kristiansand,0.0,21.63,0.0
2031,27,Stavanger,0.0,20.19,0.0
2031,27,Bergen,0.0,28.85,0.0
2031,27,Molde,0.0,18.03,0.0
2031,27,Trondheim,0.0,37.5,0.0
2031,27,Bodø,0.0,15.87,0.0
2031,27,Tromsø,0.0,25.24,0.0
2031,28,Oslo,0.0,21.63,0.0
2031,28,Hamar,0.0,18.03,0.0
2031,28,Skien,0.0,28.85,0.0
2031,28,Kristiansand,0.0,21.63,0.0
2031,28,Stavanger,0.0,20.19,0.0
2031,28,Bergen,0.0,28.85,0.0
2031,28,Molde,0.0,18.03,0.0
2031,28,Trondheim,0.0,37.5,0.0
2031,28,Bodø,0.0,15.87,0.0
2031,28,Tromsø,0.0,25.24,0.0
2031,29,Oslo,0.0,21.63,0.0
2031,29,Hamar,0.0,18.03,0.0
2031,29,Skien,0.0,28.85,0.0
2031,29,Kristiansand,0.0,21.63,0.0
2031,29,Stavanger,0.0,20.19,0.0
2031,29,Bergen,0.0,28.85,0.0
2031,29,Molde,0.0,18.03,0.0
2031,29,Trondheim,0.0,37.5,0.0
2031,29,Bodø,0.0,15.87,0.0
2031,29,Tromsø,0.0,25.24,0.0
2031,30,Oslo,0.0,21.63,0.0
2031,30,Hamar,0.0,18.03,0.0
2031,30,Skien,0.0,28.85,0.0
2031,30,Kristiansand,0.0,21.63,0.0
2031,30,Stavanger,0.0,20.19,0.0
2031,30,Bergen,0.0,28.85,0.0
2031,30,Molde,0.0,18.03,0.0
2031,30,Trondheim,0.0,37.5,0.0
2031,30,Bodø,0.0,15.87,0.0
2031,30,Tromsø,0.0,25.24,0.0
2031,31,Oslo,0.0,21.63,0.0
2031,31,Hamar,0.0,18.03,0.0
2031,31,Skien,0.0,28.85,0.0
2031,31,Kristiansand,0.0,21.63,0.0
2031,31,Stavanger,0.0,20.19,0.0
2031,31,Bergen,0.0,28.85,0.0
2031,31,Molde,0.0,18.03,0.0
2031,31,Trondheim,0.0,37.5,0.0
2031,31,Bodø,0.0,15.87,0.0
2031,31,Tromsø,0.0,25.24,0.0
2031,32,Oslo,0.0,21.63,0.0
2031,32,Hamar,0.0,18.03,0.0
2031,32,Skien,0.0,28.85,0.0
2031,32,Kristiansand,0.0,21.63,0.0
2031,32,Stavanger,0.0,20.19,0.0
2031,32,Bergen,0.0,28.85,0.0
2031,32,Molde,0.0,18.03,0.0
2031,32,Trondheim,0.0,37.5,0.0
2031,32,Bodø,0.0,15.87,0.0
2031,32,Tromsø,0.0,25.24,0.0
2031,33,Oslo,0.0,21.63,0.0
2031,33,Hamar,0.0,18.03,0.0
2031,33,Skien,0.0,28.85,0.0
2031,33,Kristiansand,0.0,21.63,0.0
2031,33,Stavanger,0.0,20.19,0.0
2031,33,Bergen,0.0,28.85,0.0
2031,33,Molde,0.0,18.03,0.0
2031,33,Trondheim,0.0,37.5,0.0
2031,33,Bodø,0.0,15.87,0.0
2031,33,Tromsø,0.0,25.24,0.0
2031,34,Oslo,0.0,21.63,0.0
2031,34,Hamar,0.0,18.03,0.0
2031,34,Skien,0.0,28.85,0.0
2031,34,Kristiansand,0.0,21.63,0.0
2031,34,Stavanger,0.0,20.19,0.0
2031,34,Bergen,0.0,28.85,0.0
2031,34,Molde,0.0,18.03,0.0
2031,34,Trondheim,0.0,37.5,0.0
2031,34,Bodø,0.0,15.87,0.0
2031,34,Tromsø,0.0,25.24,0.0
2031,35,Oslo,0.0,21.63,0.0
2031,35,Hamar,0.0,18.03,0.0
2031,35,Skien,0.0,28.85,0.0
2031,35,Kristiansand,0.0,21.63,0.0
2031,35,Stavanger,0.0,20.19,0.0
2031,35,Bergen,0.0,28.85,0.0
2031,35,Molde,0.0,18.03,0.0
2031,35,Trondheim,0.0,37.5,0.0
2031,35,Bodø,0.0,15.87,0.0
2031,35,Tromsø,0.0,25.24,0.0
2031,36,Oslo,0.0,21.63,0.0
2031,36,Hamar,0.0,18.03,0.0
2031,36,Skien,0.0,28.85,0.0
2031,36,Kristiansand,0.0,21.63,0.0
2031,36,Stavanger,0.0,20.19,0.0
2031,36,Bergen,0.0,28.85,0.0
2031,36,Molde,0.0,18.03,0.0
2031,36,Trondheim,0.0,37.5,0.0
2031,36,Bodø,0.0,15.87,0.0
2031,36,Tromsø,0.0,25.24,0.0
2031,37,Oslo,0.0,21.63,0.0
2031,37,Hamar,0.0,18.03,0.0
2031,37,Skien,0.0,28.85,0.0
2031,37,Kristiansand,0.0,21.63,0.0
2031,37,Stavanger,0.0,20.19,0.0
2031,37,Bergen,0.0,28.85,0.0
2031,37,Molde,0.0,18.03,0.0
2031,37,Trondheim,0.0,37.5,0.0
2031,37,Bodø,0.0,15.87,0.0
2031,37,Tromsø,0.0,25.24,0.0
2031,38,Oslo,0.0,21.63,0.0
2031,38,Hamar,0.0,18.03,0.0
2031,38,Skien,0.0,28.85,0.0
2031,38,Kristiansand,0.0,21.63,0.0
2031,38,Stavanger,0.0,20.19,0.0
2031,38,Bergen,0.0,28.85,0.0
2031,38,Molde,0.0,18.03,0.0
2031,38,Trondheim,0.0,37.5,0.0
2031,38,Bodø,0.0,15.87,0.0
2031,38,Tromsø,0.0,25.24,0.0
2031,39,Oslo,0.0,21.63,0.0
2031,39,Hamar,0.0,18.03,0.0
2031,39,Skien,0.0,28.85,0.0
2031,39,Kristiansand,0.0,21.63,0.0
2031,39,Stavanger,0.0,20.19,0.0
2031,39,Bergen,0.0,28.85,0.0
2031,39,Molde,0.0,18.03,0.0
2031,39,Trondheim,0.0,37.5,0.0
2031,39,Bodø,0.0,15.87,0.0
2031,39,Tromsø,0.0,25.24,0.0
2031,40,Oslo,0.0,21.63,0.0
2031,40,Hamar,0.0,18.03,0.0
2031,40,Skien,0.0,28.85,0.0
2031,40,Kristiansand,0.0,21.63,0.0
2031,40,Stavanger,0.0,20.19,0.0
2031,40,Bergen,0.0,28.85,0.0
2031,40,Molde,0.0,18.03,0.0
2031,40,Trondheim,0.0,37.5,0.0
2031,40,Bodø,0.0,15.87,0.0
2031,40,Tromsø,0.0,25.24,0.0
2031,41,Oslo,0.0,21.63,0.0
2031,41,Hamar,0.0,18.03,0.0
2031,41,Skien,0.0,28.85,0.0
2031,41,Kristiansand,0.0,21.63,0.0
2031,41,Stavanger,0.0,20.19,0.0
2031,41,Bergen,0.0,28.85,0.0
2031,41,Molde,0.0,18.03,0.0
2031,41,Trondheim,0.0,37.5,0.0
2031,41,Bodø,0.0,15.87,0.0
2031,41,Tromsø,0.0,25.24,0.0
2031,42,Oslo,0.0,21.63,0.0
2031,42,Hamar,0.0,18.03,0.0
2031,42,Skien,0.0,28.85,0.0
2031,42,Kristiansand,0.0,21.63,0.0
2031,42,Stavanger,0.0,20.19,0.0
2031,42,Bergen,0.0,28.85,0.0
2031,42,Molde,0.0,18.03,0.0
2031,42,Trondheim,0.0,37.5,0.0
2031,42,Bodø,0.0,15.87,0.0
2031,42,Tromsø,0.0,25.24,0.0
2031,43,Oslo,0.0,21.63,0.0
2031,43,Hamar,0.0,18.03,0.0
2031,43,Skien,0.0,28.85,0.0
2031,43,Kristiansand,0.0,21.63,0.0
2031,43,Stavanger,0.0,20.19,0.0
2031,43,Bergen,0.0,28.85,0.0
2031,43,Molde,0.0,18.03,0.0
2031,43,Trondheim,0.0,37.5,0.0
2031,43,Bodø,0.0,15.87,0.0
2031,43,Tromsø,0.0,25.24,0.0
2031,44,Oslo,0.0,21.63,0.0
2031,44,Hamar,0.0,18.03,0.0
2031,44,Skien,0.0,28.85,0.0
2031,44,Kristiansand,0.0,21.63,0.0
2031,44,Stavanger,0.0,20.19,0.0
2031,44,Bergen,0.0,28.85,0.0
2031,44,Molde,0.0,18.03,0.0
2031,44,Trondheim,0.0,37.5,0.0
2031,44,Bodø,0.0,15.87,0.0
2031,44,Tromsø,0.0,25.24,0.0
2031,45,Oslo,0.0,21.63,0.0
2031,45,Hamar,0.0,18.03,0.0
2031,45,Skien,0.0,28.85,0.0
2031,45,Kristiansand,0.0,21.63,0.0
2031,45,Stavanger,0.0,20.19,0.0
2031,45,Bergen,0.0,28.85,0.0
2031,45,Molde,0.0,18.03,0.0
2031,45,Trondheim,0.0,37.5,0.0
2031,45,Bodø,0.0,15.87,0.0
2031,45,Tromsø,0.0,25.24,0.0
2031,46,Oslo,0.0,21.63,0.0
2031,46,Hamar,0.0,18.03,0.0
2031,46,Skien,0.0,28.85,0.0
2031,46,Kristiansand,0.0,21.63,0.0
2031,46,Stavanger,0.0,20.19,0.0
2031,46,Bergen,0.0,28.85,0.0
2031,46,Molde,0.0,18.03,0.0
2031,46,Trondheim,0.0,37.5,0.0
2031,46,Bodø,0.0,15.87,0.0
2031,46,Tromsø,0.0,25.24,0.0
2031,47,Oslo,0.0,21.63,0.0
2031,47,Hamar,0.0,18.03,0.0
2031,47,Skien,0.0,28.85,0.0
2031,47,Kristiansand,0.0,21.63,0.0
2031,47,Stavanger,0.0,20.19,0.0
2031,47,Bergen,0.0,28.85,0.0
2031,47,Molde,0.0,18.03,0.0
2031,47,Trondheim,0.0,37.5,0.0
2031,47,Bodø,0.0,15.87,0.0
2031,47,Tromsø,0.0,25.24,0.0
2031,48,Oslo,0.0,21.63,0.0
2031,48,Hamar,0.0,18.03,0.0
2031,48,Skien,0.0,28.85,0.0
2031,48,Kristiansand,0.0,21.63,0.0
2031,48,Stavanger,0.0,20.19,0.0
2031,48,Bergen,0.0,28.85,0.0
2031,48,Molde,0.0,18.03,0.0
2031,48,Trondheim,0.0,37.5,0.0
2031,48,Bodø,0.0,15.87,0.0
2031,48,Tromsø,0.0,25.24,0.0
2031,49,Oslo,0.0,21.63,0.0
2031,49,Hamar,0.0,18.03,0.0
2031,49,Skien,0.0,28.85,0.0
2031,49,Kristiansand,0.0,21.63,0.0
2031,49,Stavanger,0.0,20.19,0.0
2031,49,Bergen,0.0,28.85,0.0
2031,49,Molde,0.0,18.03,0.0
2031,49,Trondheim,0.0,37.5,0.0
2031,49,Bodø,0.0,15.87,0.0
2031,49,Tromsø,0.0,25.24,0.0
2031,50,Oslo,0.0,21.63,0.0
2031,50,Hamar,0.0,18.03,0.0
2031,50,Skien,0.0,28.85,0.0
2031,50,Kristiansand,0.0,21.63,0.0
2031,50,Stavanger,0.0,20.19,0.0
2031,50,Bergen,0.0,28.85,0.0
2031,50,Molde,0.0,18.03,0.0
2031,50,Trondheim,0.0,37.5,0.0
2031,50,Bodø,0.0,15.87,0.0
2031,50,Tromsø,0.0,25.24,0.0
2031,51,Oslo,0.0,21.63,0.0
2031,51,Hamar,0.0,18.03,0.0
2031,51,Skien,0.0,28.85,0.0
2031,51,Kristiansand,0.0,21.63,0.0
2031,51,Stavanger,0.0,20.19,0.0
2031,51,Bergen,0.0,28.85,0.0
2031,51,Molde,0.0,18.03,0.0
2031,51,Trondheim,0.0,37.5,0.0
2031,51,Bodø,0.0,15.87,0.0
2031,51,Tromsø,0.0,25.24,0.0
2031,52,Oslo,0.0,21.63,0.0
2031,52,Hamar,0.0,18.03,0.0
2031,52,Skien,0.0,28.85,0.0
2031,52,Kristiansand,0.0,21.63,0.0
2031,52,Stavanger,0.0,20.19,0.0
2031,52,Bergen,0.0,28.85,0.0
2031,52,Molde,0.0,18.03,0.0
2031,52,Trondheim,0.0,37.5,0.0
2031,52,Bodø,0.0,15.87,0.0
2031,52,Tromsø,0.0,25.24,0.0
2032,1,Oslo,0.0,21.63,0.0
2032,1,Hamar,0.0,18.03,0.0
2032,1,Skien,0.0,28.85,0.0
2032,1,Kristiansand,0.0,21.63,0.0
2032,1,Stavanger,0.0,20.19,0.0
2032,1,Bergen,0.0,28.85,0.0
2032,1,Molde,0.0,18.03,0.0
2032,1,Trondheim,0.0,37.5,0.0
2032,1,Bodø,0.0,15.87,0.0
2032,1,Tromsø,0.0,25.24,0.0
2032,2,Oslo,0.0,21.63,0.0
2032,2,Hamar,0.0,18.03,0.0
2032,2,Skien,0.0,28.85,0.0
2032,2,Kristiansand,0.0,21.63,0.0
2032,2,Stavanger,0.0,20.19,0.0
2032,2,Bergen,0.0,28.85,0.0
2032,2,Molde,0.0,18.03,0.0
2032,2,Trondheim,0.0,37.5,0.0
2032,2,Bodø,0.0,15.87,0.0
2032,2,Tromsø,0.0,25.24,0.0
2032,3,Oslo,0.0,21.63,0.0
2032,3,Hamar,0.0,18.03,0.0
2032,3,Skien,0.0,28.85,0.0
2032,3,Kristiansand,0.0,21.63,0.0
2032,3,Stavanger,0.0,20.19,0.0
2032,3,Bergen,0.0,28.85,0.0
2032,3,Molde,0.0,18.03,0.0
2032,3,Trondheim,0.0,37.5,0.0
2032,3,Bodø,0.0,15.87,0.0
2032,3,Tromsø,0.0,25.24,0.0
2032,4,Oslo,0.0,21.63,0.0
2032,4,Hamar,0.0,18.03,0.0
2032,4,Skien,0.0,28.85,0.0
2032,4,Kristiansand,0.0,21.63,0.0
2032,4,Stavanger,0.0,20.19,0.0
2032,4,Bergen,0.0,28.85,0.0
2032,4,Molde,0.0,18.03,0.0
2032,4,Trondheim,0.0,37.5,0.0
2032,4,Bodø,0.0,15.87,0.0
2032,4,Tromsø,0.0,25.24,0.0
2032,5,Oslo,0.0,21.63,0.0
2032,5,Hamar,0.0,18.03,0.0
2032,5,Skien,0.0,28.85,0.0
2032,5,Kristiansand,0.0,21.63,0.0
2032,5,Stavanger,0.0,20.19,0.0
2032,5,Bergen,0.0,28.85,0.0
2032,5,Molde,0.0,18.03,0.0
2032,5,Trondheim,0.0,37.5,0.0
2032,5,Bodø,0.0,15.87,0.0
2032,5,Tromsø,0.0,25.24,0.0
2032,6,Oslo,0.0,21.63,0.0
2032,6,Hamar,0.0,18.03,0.0
2032,6,Skien,0.0,28.85,0.0
2032,6,Kristiansand,0.0,21.63,0.0
2032,6,Stavanger,0.0,20.19,0.0
2032,6,Bergen,0.0,28.85,0.0
2032,6,Molde,0.0,18.03,0.0
2032,6,Trondheim,0.0,37.5,0.0
2032,6,Bodø,0.0,15.87,0.0
2032,6,Tromsø,0.0,25.24,0.0
2032,7,Oslo,0.0,21.63,0.0
2032,7,Hamar,0.0,18.03,0.0
2032,7,Skien,0.0,28.85,0.0
2032,7,Kristiansand,0.0,21.63,0.0
2032,7,Stavanger,0.0,20.19,0.0
2032,7,Bergen,0.0,28.85,0.0
2032,7,Molde,0.0,18.03,0.0
2032,7,Trondheim,0.0,37.5,0.0
2032,7,Bodø,0.0,15.87,0.0
2032,7,Tromsø,0.0,25.24,0.0
2032,8,Oslo,0.0,21.63,0.0
2032,8,Hamar,0.0,18.03,0.0
2032,8,Skien,0.0,28.85,0.0
2032,8,Kristiansand,0.0,21.63,0.0
2032,8,Stavanger,0.0,20.19,0.0
2032,8,Bergen,0.0,28.85,0.0
2032,8,Molde,0.0,18.03,0.0
2032,8,Trondheim,0.0,37.5,0.0
2032,8,Bodø,0.0,15.87,0.0
2032,8,Tromsø,0.0,25.24,0.0
2032,9,Oslo,0.0,21.63,0.0
2032,9,Hamar,0.0,18.03,0.0
2032,9,Skien,0.0,28.85,0.0
2032,9,Kristiansand,0.0,21.63,0.0
2032,9,Stavanger,0.0,20.19,0.0
2032,9,Bergen,0.0,28.85,0.0
2032,9,Molde,0.0,18.03,0.0
2032,9,Trondheim,0.0,37.5,0.0
2032,9,Bodø,0.0,15.87,0.0
2032,9,Tromsø,0.0,25.24,0.0
2032,10,Oslo,0.0,21.63,0.0
2032,10,Hamar,0.0,18.03,0.0
2032,10,Skien,0.0,28.85,0.0
2032,10,Kristiansand,0.0,21.63,0.0
2032,10,Stavanger,0.0,20.19,0.0
2032,10,Bergen,0.0,28.85,0.0
2032,10,Molde,0.0,18.03,0.0
2032,10,Trondheim,0.0,37.5,0.0
2032,10,Bodø,0.0,15.87,0.0
2032,10,Tromsø,0.0,25.24,0.0
2032,11,Oslo,0.0,21.63,0.0
2032,11,Hamar,0.0,18.03,0.0
2032,11,Skien,0.0,28.85,0.0
2032,11,Kristiansand,0.0,21.63,0.0
2032,11,Stavanger,0.0,20.19,0.0
2032,11,Bergen,0.0,28.85,0.0
2032,11,Molde,0.0,18.03,0.0
2032,11,Trondheim,0.0,37.5,0.0
2032,11,Bodø,0.0,15.87,0.0
2032,11,Tromsø,0.0,25.24,0.0
2032,12,Oslo,0.0,21.63,0.0
2032,12,Hamar,0.0,18.03,0.0
2032,12,Skien,0.0,28.85,0.0
2032,12,Kristiansand,0.0,21.63,0.0
2032,12,Stavanger,0.0,20.19,0.0
2032,12,Bergen,0.0,28.85,0.0
2032,12,Molde,0.0,18.03,0.0
2032,12,Trondheim,0.0,37.5,0.0
2032,12,Bodø,0.0,15.87,0.0
2032,12,Tromsø,0.0,25.24,0.0
2032,13,Oslo,0.0,21.63,0.0
2032,13,Hamar,0.0,18.03,0.0
2032,13,Skien,0.0,28.85,0.0
2032,13,Kristiansand,0.0,21.63,0.0
2032,13,Stavanger,0.0,20.19,0.0
2032,13,Bergen,0.0,28.85,0.0
2032,13,Molde,0.0,18.03,0.0
2032,13,Trondheim,0.0,37.5,0.0
2032,13,Bodø,0.0,15.87,0.0
2032,13,Tromsø,0.0,25.24,0.0
2032,14,Oslo,0.0,21.63,0.0
2032,14,Hamar,0.0,18.03,0.0
2032,14,Skien,0.0,28.85,0.0
2032,14,Kristiansand,0.0,21.63,0.0
2032,14,Stavanger,0.0,20.19,0.0
2032,14,Bergen,0.0,28.85,0.0
2032,14,Molde,0.0,18.03,0.0
2032,14,Trondheim,0.0,37.5,0.0
2032,14,Bodø,0.0,15.87,0.0
2032,14,Tromsø,0.0,25.24,0.0
2032,15,Oslo,0.0,21.63,0.0
2032,15,Hamar,0.0,18.03,0.0
2032,15,Skien,0.0,28.85,0.0
2032,15,Kristiansand,0.0,21.63,0.0
2032,15,Stavanger,0.0,20.19,0.0
2032,15,Bergen,0.0,28.85,0.0
2032,15,Molde,0.0,18.03,0.0
2032,15,Trondheim,0.0,37.5,0.0
2032,15,Bodø,0.0,15.87,0.0
2032,15,Tromsø,0.0,25.24,0.0
2032,16,Oslo,0.0,21.63,0.0
2032,16,Hamar,0.0,18.03,0.0
2032,16,Skien,0.0,28.85,0.0
2032,16,Kristiansand,0.0,21.63,0.0
2032,16,Stavanger,0.0,20.19,0.0
2032,16,Bergen,0.0,28.85,0.0
2032,16,Molde,0.0,18.03,0.0
2032,16,Trondheim,0.0,37.5,0.0
2032,16,Bodø,0.0,15.87,0.0
2032,16,Tromsø,0.0,25.24,0.0
2032,17,Oslo,0.0,21.63,0.0
2032,17,Hamar,0.0,18.03,0.0
2032,17,Skien,0.0,28.85,0.0
2032,17,Kristiansand,0.0,21.63,0.0
2032,17,Stavanger,0.0,20.19,0.0
2032,17,Bergen,0.0,28.85,0.0
2032,17,Molde,0.0,18.03,0.0
2032,17,Trondheim,0.0,37.5,0.0
2032,17,Bodø,0.0,15.87,0.0
2032,17,Tromsø,0.0,25.24,0.0
2032,18,Oslo,0.0,21.63,0.0
2032,18,Hamar,0.0,18.03,0.0
2032,18,Skien,0.0,28.85,0.0
2032,18,Kristiansand,0.0,21.63,0.0
2032,18,Stavanger,0.0,20.19,0.0
2032,18,Bergen,0.0,28.85,0.0
2032,18,Molde,0.0,18.03,0.0
2032,18,Trondheim,0.0,37.5,0.0
2032,18,Bodø,0.0,15.87,0.0
2032,18,Tromsø,0.0,25.24,0.0
2032,19,Oslo,0.0,21.63,0.0
2032,19,Hamar,0.0,18.03,0.0
2032,19,Skien,0.0,28.85,0.0
2032,19,Kristiansand,0.0,21.63,0.0
2032,19,Stavanger,0.0,20.19,0.0
2032,19,Bergen,0.0,28.85,0.0
2032,19,Molde,0.0,18.03,0.0
2032,19,Trondheim,0.0,37.5,0.0
2032,19,Bodø,0.0,15.87,0.0
2032,19,Tromsø,0.0,25.24,0.0
2032,20,Oslo,0.0,21.63,0.0
2032,20,Hamar,0.0,18.03,0.0
2032,20,Skien,0.0,28.85,0.0
2032,20,Kristiansand,0.0,21.63,0.0
2032,20,Stavanger,0.0,20.19,0.0
2032,20,Bergen,0.0,28.85,0.0
2032,20,Molde,0.0,18.03,0.0
2032,20,Trondheim,0.0,37.5,0.0
2032,20,Bodø,0.0,15.87,0.0
2032,20,Tromsø,0.0,25.24,0.0
2032,21,Oslo,0.0,21.63,0.0
2032,21,Hamar,0.0,18.03,0.0
2032,21,Skien,0.0,28.85,0.0
2032,21,Kristiansand,0.0,21.63,0.0
2032,21,Stavanger,0.0,20.19,0.0
2032,21,Bergen,0.0,28.85,0.0
2032,21,Molde,0.0,18.03,0.0
2032,21,Trondheim,0.0,37.5,0.0
2032,21,Bodø,0.0,15.87,0.0
2032,21,Tromsø,0.0,25.24,0.0
2032,22,Oslo,0.0,21.63,0.0
2032,22,Hamar,0.0,18.03,0.0
2032,22,Skien,0.0,28.85,0.0
2032,22,Kristiansand,0.0,21.63,0.0
2032,22,Stavanger,0.0,20.19,0.0
2032,22,Bergen,0.0,28.85,0.0
2032,22,Molde,0.0,18.03,0.0
2032,22,Trondheim,0.0,37.5,0.0
2032,22,Bodø,0.0,15.87,0.0
2032,22,Tromsø,0.0,25.24,0.0
2032,23,Oslo,0.0,21.63,0.0
2032,23,Hamar,0.0,18.03,0.0
2032,23,Skien,0.0,28.85,0.0
2032,23,Kristiansand,0.0,21.63,0.0
2032,23,Stavanger,0.0,20.19,0.0
2032,23,Bergen,0.0,28.85,0.0
2032,23,Molde,0.0,18.03,0.0
2032,23,Trondheim,0.0,37.5,0.0
2032,23,Bodø,0.0,15.87,0.0
2032,23,Tromsø,0.0,25.24,0.0
2032,24,Oslo,0.0,21.63,0.0
2032,24,Hamar,0.0,18.03,0.0
2032,24,Skien,0.0,28.85,0.0
2032,24,Kristiansand,0.0,21.63,0.0
2032,24,Stavanger,0.0,20.19,0.0
2032,24,Bergen,0.0,28.85,0.0
2032,24,Molde,0.0,18.03,0.0
2032,24,Trondheim,0.0,37.5,0.0
2032,24,Bodø,0.0,15.87,0.0
2032,24,Tromsø,0.0,25.24,0.0
2032,25,Oslo,0.0,21.63,0.0
2032,25,Hamar,0.0,18.03,0.0
2032,25,Skien,0.0,28.85,0.0
2032,25,Kristiansand,0.0,21.63,0.0
2032,25,Stavanger,0.0,20.19,0.0
2032,25,Bergen,0.0,28.85,0.0
2032,25,Molde,0.0,18.03,0.0
2032,25,Trondheim,0.0,37.5,0.0
2032,25,Bodø,0.0,15.87,0.0
2032,25,Tromsø,0.0,25.24,0.0
2032,26,Oslo,0.0,21.63,0.0
2032,26,Hamar,0.0,18.03,0.0
2032,26,Skien,0.0,28.85,0.0
2032,26,Kristiansand,0.0,21.63,0.0
2032,26,Stavanger,0.0,20.19,0.0
2032,26,Bergen,0.0,28.85,0.0
2032,26,Molde,0.0,18.03,0.0
2032,26,Trondheim,0.0,37.5,0.0
2032,26,Bodø,0.0,15.87,0.0
2032,26,Tromsø,0.0,25.24,0.0
2032,27,Oslo,0.0,21.63,0.0
2032,27,Hamar,0.0,18.03,0.0
2032,27,Skien,0.0,28.85,0.0
2032,27,Kristiansand,0.0,21.63,0.0
2032,27,Stavanger,0.0,20.19,0.0
2032,27,Bergen,0.0,28.85,0.0
2032,27,Molde,0.0,18.03,0.0
2032,27,Trondheim,0.0,37.5,0.0
2032,27,Bodø,0.0,15.87,0.0
2032,27,Tromsø,0.0,25.24,0.0
2032,28,Oslo,0.0,21.63,0.0
2032,28,Hamar,0.0,18.03,0.0
2032,28,Skien,0.0,28.85,0.0
2032,28,Kristiansand,0.0,21.63,0.0
2032,28,Stavanger,0.0,20.19,0.0
2032,28,Bergen,0.0,28.85,0.0
2032,28,Molde,0.0,18.03,0.0
2032,28,Trondheim,0.0,37.5,0.0
2032,28,Bodø,0.0,15.87,0.0
2032,28,Tromsø,0.0,25.24,0.0
2032,29,Oslo,0.0,21.63,0.0
2032,29,Hamar,0.0,18.03,0.0
2032,29,Skien,0.0,28.85,0.0
2032,29,Kristiansand,0.0,21.63,0.0
2032,29,Stavanger,0.0,20.19,0.0
2032,29,Bergen,0.0,28.85,0.0
2032,29,Molde,0.0,18.03,0.0
2032,29,Trondheim,0.0,37.5,0.0
2032,29,Bodø,0.0,15.87,0.0
2032,29,Tromsø,0.0,25.24,0.0
2032,30,Oslo,0.0,21.63,0.0
2032,30,Hamar,0.0,18.03,0.0
2032,30,Skien,0.0,28.85,0.0
2032,30,Kristiansand,0.0,21.63,0.0
2032,30,Stavanger,0.0,20.19,0.0
2032,30,Bergen,0.0,28.85,0.0
2032,30,Molde,0.0,18.03,0.0
2032,30,Trondheim,0.0,37.5,0.0
2032,30,Bodø,0.0,15.87,0.0
2032,30,Tromsø,0.0,25.24,0.0
2032,31,Oslo,0.0,21.63,0.0
2032,31,Hamar,0.0,18.03,0.0
2032,31,Skien,0.0,28.85,0.0
2032,31,Kristiansand,0.0,21.63,0.0
2032,31,Stavanger,0.0,20.19,0.0
2032,31,Bergen,0.0,28.85,0.0
2032,31,Molde,0.0,18.03,0.0
2032,31,Trondheim,0.0,37.5,0.0
2032,31,Bodø,0.0,15.87,0.0
2032,31,Tromsø,0.0,25.24,0.0
2032,32,Oslo,0.0,21.63,0.0
2032,32,Hamar,0.0,18.03,0.0
2032,32,Skien,0.0,28.85,0.0
2032,32,Kristiansand,0.0,21.63,0.0
2032,32,Stavanger,0.0,20.19,0.0
2032,32,Bergen,0.0,28.85,0.0
2032,32,Molde,0.0,18.03,0.0
2032,32,Trondheim,0.0,37.5,0.0
2032,32,Bodø,0.0,15.87,0.0
2032,32,Tromsø,0.0,25.24,0.0
2032,33,Oslo,0.0,21.63,0.0
2032,33,Hamar,0.0,18.03,0.0
2032,33,Skien,0.0,28.85,0.0
2032,33,Kristiansand,0.0,21.63,0.0
2032,33,Stavanger,0.0,20.19,0.0
2032,33,Bergen,0.0,28.85,0.0
2032,33,Molde,0.0,18.03,0.0
2032,33,Trondheim,0.0,37.5,0.0
2032,33,Bodø,0.0,15.87,0.0
2032,33,Tromsø,0.0,25.24,0.0
2032,34,Oslo,0.0,21.63,0.0
2032,34,Hamar,0.0,18.03,0.0
2032,34,Skien,0.0,28.85,0.0
2032,34,Kristiansand,0.0,21.63,0.0
2032,34,Stavanger,0.0,20.19,0.0
2032,34,Bergen,0.0,28.85,0.0
2032,34,Molde,0.0,18.03,0.0
2032,34,Trondheim,0.0,37.5,0.0
2032,34,Bodø,0.0,15.87,0.0
2032,34,Tromsø,0.0,25.24,0.0
2032,35,Oslo,0.0,21.63,0.0
2032,35,Hamar,0.0,18.03,0.0
2032,35,Skien,0.0,28.85,0.0
2032,35,Kristiansand,0.0,21.63,0.0
2032,35,Stavanger,0.0,20.19,0.0
2032,35,Bergen,0.0,28.85,0.0
2032,35,Molde,0.0,18.03,0.0
2032,35,Trondheim,0.0,37.5,0.0
2032,35,Bodø,0.0,15.87,0.0
2032,35,Tromsø,0.0,25.24,0.0
2032,36,Oslo,0.0,21.63,0.0
2032,36,Hamar,0.0,18.03,0.0
2032,36,Skien,0.0,28.85,0.0
2032,36,Kristiansand,0.0,21.63,0.0
2032,36,Stavanger,0.0,20.19,0.0
2032,36,Bergen,0.0,28.85,0.0
2032,36,Molde,0.0,18.03,0.0
2032,36,Trondheim,0.0,37.5,0.0
2032,36,Bodø,0.0,15.87,0.0
2032,36,Tromsø,0.0,25.24,0.0
2032,37,Oslo,0.0,21.63,0.0
2032,37,Hamar,0.0,18.03,0.0
2032,37,Skien,0.0,28.85,0.0
2032,37,Kristiansand,0.0,21.63,0.0
2032,37,Stavanger,0.0,20.19,0.0
2032,37,Bergen,0.0,28.85,0.0
2032,37,Molde,0.0,18.03,0.0
2032,37,Trondheim,0.0,37.5,0.0
2032,37,Bodø,0.0,15.87,0.0
2032,37,Tromsø,0.0,25.24,0.0
2032,38,Oslo,0.0,21.63,0.0
2032,38,Hamar,0.0,18.03,0.0
2032,38,Skien,0.0,28.85,0.0
2032,38,Kristiansand,0.0,21.63,0.0
2032,38,Stavanger,0.0,20.19,0.0
2032,38,Bergen,0.0,28.85,0.0
2032,38,Molde,0.0,18.03,0.0
2032,38,Trondheim,0.0,37.5,0.0
2032,38,Bodø,0.0,15.87,0.0
2032,38,Tromsø,0.0,25.24,0.0
2032,39,Oslo,0.0,21.63,0.0
2032,39,Hamar,0.0,18.03,0.0
2032,39,Skien,0.0,28.85,0.0
2032,39,Kristiansand,0.0,21.63,0.0
2032,39,Stavanger,0.0,20.19,0.0
2032,39,Bergen,0.0,28.85,0.0
2032,39,Molde,0.0,18.03,0.0
2032,39,Trondheim,0.0,37.5,0.0
2032,39,Bodø,0.0,15.87,0.0
2032,39,Tromsø,0.0,25.24,0.0
2032,40,Oslo,0.0,21.63,0.0
2032,40,Hamar,0.0,18.03,0.0
2032,40,Skien,0.0,28.85,0.0
2032,40,Kristiansand,0.0,21.63,0.0
2032,40,Stavanger,0.0,20.19,0.0
2032,40,Bergen,0.0,28.85,0.0
2032,40,Molde,0.0,18.03,0.0
2032,40,Trondheim,0.0,37.5,0.0
2032,40,Bodø,0.0,15.87,0.0
2032,40,Tromsø,0.0,25.24,0.0
2032,41,Oslo,0.0,21.63,0.0
2032,41,Hamar,0.0,18.03,0.0
2032,41,Skien,0.0,28.85,0.0
2032,41,Kristiansand,0.0,21.63,0.0
2032,41,Stavanger,0.0,20.19,0.0
2032,41,Bergen,0.0,28.85,0.0
2032,41,Molde,0.0,18.03,0.0
2032,41,Trondheim,0.0,37.5,0.0
2032,41,Bodø,0.0,15.87,0.0
2032,41,Tromsø,0.0,25.24,0.0
2032,42,Oslo,0.0,21.63,0.0
2032,42,Hamar,0.0,18.03,0.0
2032,42,Skien,0.0,28.85,0.0
2032,42,Kristiansand,0.0,21.63,0.0
2032,42,Stavanger,0.0,20.19,0.0
2032,42,Bergen,0.0,28.85,0.0
2032,42,Molde,0.0,18.03,0.0
2032,42,Trondheim,0.0,37.5,0.0
2032,42,Bodø,0.0,15.87,0.0
2032,42,Tromsø,0.0,25.24,0.0
2032,43,Oslo,0.0,21.63,0.0
2032,43,Hamar,0.0,18.03,0.0
2032,43,Skien,0.0,28.85,0.0
2032,43,Kristiansand,0.0,21.63,0.0
2032,43,Stavanger,0.0,20.19,0.0
2032,43,Bergen,0.0,28.85,0.0
2032,43,Molde,0.0,18.03,0.0
2032,43,Trondheim,0.0,37.5,0.0
2032,43,Bodø,0.0,15.87,0.0
2032,43,Tromsø,0.0,25.24,0.0
2032,44,Oslo,0.0,21.63,0.0
2032,44,Hamar,0.0,18.03,0.0
2032,44,Skien,0.0,28.85,0.0
2032,44,Kristiansand,0.0,21.63,0.0
2032,44,Stavanger,0.0,20.19,0.0
2032,44,Bergen,0.0,28.85,0.0
2032,44,Molde,0.0,18.03,0.0
2032,44,Trondheim,0.0,37.5,0.0
2032,44,Bodø,0.0,15.87,0.0
2032,44,Tromsø,0.0,25.24,0.0
2032,45,Oslo,0.0,21.63,0.0
2032,45,Hamar,0.0,18.03,0.0
2032,45,Skien,0.0,28.85,0.0
2032,45,Kristiansand,0.0,21.63,0.0
2032,45,Stavanger,0.0,20.19,0.0
2032,45,Bergen,0.0,28.85,0.0
2032,45,Molde,0.0,18.03,0.0
2032,45,Trondheim,0.0,37.5,0.0
2032,45,Bodø,0.0,15.87,0.0
2032,45,Tromsø,0.0,25.24,0.0
2032,46,Oslo,0.0,21.63,0.0
2032,46,Hamar,0.0,18.03,0.0
2032,46,Skien,0.0,28.85,0.0
2032,46,Kristiansand,0.0,21.63,0.0
2032,46,Stavanger,0.0,20.19,0.0
2032,46,Bergen,0.0,28.85,0.0
2032,46,Molde,0.0,18.03,0.0
2032,46,Trondheim,0.0,37.5,0.0
2032,46,Bodø,0.0,15.87,0.0
2032,46,Tromsø,0.0,25.24,0.0
2032,47,Oslo,0.0,21.63,0.0
2032,47,Hamar,0.0,18.03,0.0
2032,47,Skien,0.0,28.85,0.0
2032,47,Kristiansand,0.0,21.63,0.0
2032,47,Stavanger,0.0,20.19,0.0
2032,47,Bergen,0.0,28.85,0.0
2032,47,Molde,0.0,18.03,0.0
2032,47,Trondheim,0.0,37.5,0.0
2032,47,Bodø,0.0,15.87,0.0
2032,47,Tromsø,0.0,25.24,0.0
2032,48,Oslo,0.0,21.63,0.0
2032,48,Hamar,0.0,18.03,0.0
2032,48,Skien,0.0,28.85,0.0
2032,48,Kristiansand,0.0,21.63,0.0
2032,48,Stavanger,0.0,20.19,0.0
2032,48,Bergen,0.0,28.85,0.0
2032,48,Molde,0.0,18.03,0.0
2032,48,Trondheim,0.0,37.5,0.0
2032,48,Bodø,0.0,15.87,0.0
2032,48,Tromsø,0.0,25.24,0.0
2032,49,Oslo,0.0,21.63,0.0
2032,49,Hamar,0.0,18.03,0.0
2032,49,Skien,0.0,28.85,0.0
2032,49,Kristiansand,0.0,21.63,0.0
2032,49,Stavanger,0.0,20.19,0.0
2032,49,Bergen,0.0,28.85,0.0
2032,49,Molde,0.0,18.03,0.0
2032,49,Trondheim,0.0,37.5,0.0
2032,49,Bodø,0.0,15.87,0.0
2032,49,Tromsø,0.0,25.24,0.0
2032,50,Oslo,0.0,21.63,0.0
2032,50,Hamar,0.0,18.03,0.0
2032,50,Skien,0.0,28.85,0.0
2032,50,Kristiansand,0.0,21.63,0.0
2032,50,Stavanger,0.0,20.19,0.0
2032,50,Bergen,0.0,28.85,0.0
2032,50,Molde,0.0,18.03,0.0
2032,50,Trondheim,0.0,37.5,0.0
2032,50,Bodø,0.0,15.87,0.0
2032,50,Tromsø,0.0,25.24,0.0
2032,51,Oslo,0.0,21.63,0.0
2032,51,Hamar,0.0,18.03,0.0
2032,51,Skien,0.0,28.85,0.0
2032,51,Kristiansand,0.0,21.63,0.0
2032,51,Stavanger,0.0,20.19,0.0
2032,51,Bergen,0.0,28.85,0.0
2032,51,Molde,0.0,18.03,0.0
2032,51,Trondheim,0.0,37.5,0.0
2032,51,Bodø,0.0,15.87,0.0
2032,51,Tromsø,0.0,25.24,0.0
2032,52,Oslo,0.0,21.63,0.0
2032,52,Hamar,0.0,18.03,0.0
2032,52,Skien,0.0,28.85,0.0
2032,52,Kristiansand,0.0,21.63,0.0
2032,52,Stavanger,0.0,20.19,0.0
2032,52,Bergen,0.0,28.85,0.0
2032,52,Molde,0.0,18.03,0.0
2032,52,Trondheim,0.0,37.5,0.0
2032,52,Bodø,0.0,15.87,0.0
2032,52,Tromsø,0.0,25.24,0.0
2032,53,Oslo,0.0,21.63,0.0
2032,53,Hamar,0.0,18.03,0.0
2032,53,Skien,0.0,28.85,0.0
2032,53,Kristiansand,0.0,21.63,0.0
2032,53,Stavanger,0.0,20.19,0.0
2032,53,Bergen,0.0,28.85,0.0
2032,53,Molde,0.0,18.03,0.0
2032,53,Trondheim,0.0,37.5,0.0
2032,53,Bodø,0.0,15.87,0.0
2032,53,Tromsø,0.0,25.24,0.0
2033,1,Oslo,0.0,21.63,0.0
2033,1,Hamar,0.0,18.03,0.0
2033,1,Skien,0.0,28.85,0.0
2033,1,Kristiansand,0.0,21.63,0.0
2033,1,Stavanger,0.0,20.19,0.0
2033,1,Bergen,0.0,28.85,0.0
2033,1,Molde,0.0,18.03,0.0
2033,1,Trondheim,0.0,37.5,0.0
2033,1,Bodø,0.0,15.87,0.0
2033,1,Tromsø,0.0,25.24,0.0
2033,2,Oslo,0.0,21.63,0.0
2033,2,Hamar,0.0,18.03,0.0
2033,2,Skien,0.0,28.85,0.0
2033,2,Kristiansand,0.0,21.63,0.0
2033,2,Stavanger,0.0,20.19,0.0
2033,2,Bergen,0.0,28.85,0.0
2033,2,Molde,0.0,18.03,0.0
2033,2,Trondheim,0.0,37.5,0.0
2033,2,Bodø,0.0,15.87,0.0
2033,2,Tromsø,0.0,25.24,0.0
2033,3,Oslo,0.0,21.63,0.0
2033,3,Hamar,0.0,18.03,0.0
2033,3,Skien,0.0,28.85,0.0
2033,3,Kristiansand,0.0,21.63,0.0
2033,3,Stavanger,0.0,20.19,0.0
2033,3,Bergen,0.0,28.85,0.0
2033,3,Molde,0.0,18.03,0.0
2033,3,Trondheim,0.0,37.5,0.0
2033,3,Bodø,0.0,15.87,0.0
2033,3,Tromsø,0.0,25.24,0.0
2033,4,Oslo,0.0,21.63,0.0
2033,4,Hamar,0.0,18.03,0.0
2033,4,Skien,0.0,28.85,0.0
2033,4,Kristiansand,0.0,21.63,0.0
2033,4,Stavanger,0.0,20.19,0.0
2033,4,Bergen,0.0,28.85,0.0
2033,4,Molde,0.0,18.03,0.0
2033,4,Trondheim,0.0,37.5,0.0
2033,4,Bodø,0.0,15.87,0.0
2033,4,Tromsø,0.0,25.24,0.0
2033,5,Oslo,0.0,21.63,0.0
2033,5,Hamar,0.0,18.03,0.0
2033,5,Skien,0.0,28.85,0.0
2033,5,Kristiansand,0.0,21.63,0.0
2033,5,Stavanger,0.0,20.19,0.0
2033,5,Bergen,0.0,28.85,0.0
2033,5,Molde,0.0,18.03,0.0
2033,5,Trondheim,0.0,37.5,0.0
2033,5,Bodø,0.0,15.87,0.0
2033,5,Tromsø,0.0,25.24,0.0
2033,6,Oslo,0.0,21.63,0.0
2033,6,Hamar,0.0,18.03,0.0
2033,6,Skien,0.0,28.85,0.0
2033,6,Kristiansand,0.0,21.63,0.0
2033,6,Stavanger,0.0,20.19,0.0
2033,6,Bergen,0.0,28.85,0.0
2033,6,Molde,0.0,18.03,0.0
2033,6,Trondheim,0.0,37.5,0.0
2033,6,Bodø,0.0,15.87,0.0
2033,6,Tromsø,0.0,25.24,0.0
2033,7,Oslo,0.0,21.63,0.0
2033,7,Hamar,0.0,18.03,0.0
2033,7,Skien,0.0,28.85,0.0
2033,7,Kristiansand,0.0,21.63,0.0
2033,7,Stavanger,0.0,20.19,0.0
2033,7,Bergen,0.0,28.85,0.0
2033,7,Molde,0.0,18.03,0.0
2033,7,Trondheim,0.0,37.5,0.0
2033,7,Bodø,0.0,15.87,0.0
2033,7,Tromsø,0.0,25.24,0.0
2033,8,Oslo,0.0,21.63,0.0
2033,8,Hamar,0.0,18.03,0.0
2033,8,Skien,0.0,28.85,0.0
2033,8,Kristiansand,0.0,21.63,0.0
2033,8,Stavanger,0.0,20.19,0.0
2033,8,Bergen,0.0,28.85,0.0
2033,8,Molde,0.0,18.03,0.0
2033,8,Trondheim,0.0,37.5,0.0
2033,8,Bodø,0.0,15.87,0.0
2033,8,Tromsø,0.0,25.24,0.0
2033,9,Oslo,0.0,21.63,0.0
2033,9,Hamar,0.0,18.03,0.0
2033,9,Skien,0.0,28.85,0.0
2033,9,Kristiansand,0.0,21.63,0.0
2033,9,Stavanger,0.0,20.19,0.0
2033,9,Bergen,0.0,28.85,0.0
2033,9,Molde,0.0,18.03,0.0
2033,9,Trondheim,0.0,37.5,0.0
2033,9,Bodø,0.0,15.87,0.0
2033,9,Tromsø,0.0,25.24,0.0
2033,10,Oslo,0.0,21.63,0.0
2033,10,Hamar,0.0,18.03,0.0
2033,10,Skien,0.0,28.85,0.0
2033,10,Kristiansand,0.0,21.63,0.0
2033,10,Stavanger,0.0,20.19,0.0
2033,10,Bergen,0.0,28.85,0.0
2033,10,Molde,0.0,18.03,0.0
2033,10,Trondheim,0.0,37.5,0.0
2033,10,Bodø,0.0,15.87,0.0
2033,10,Tromsø,0.0,25.24,0.0
2033,11,Oslo,0.0,21.63,0.0
2033,11,Hamar,0.0,18.03,0.0
2033,11,Skien,0.0,28.85,0.0
2033,11,Kristiansand,0.0,21.63,0.0
2033,11,Stavanger,0.0,20.19,0.0
2033,11,Bergen,0.0,28.85,0.0
2033,11,Molde,0.0,18.03,0.0
2033,11,Trondheim,0.0,37.5,0.0
2033,11,Bodø,0.0,15.87,0.0
2033,11,Tromsø,0.0,25.24,0.0
2033,12,Oslo,0.0,21.63,0.0
2033,12,Hamar,0.0,18.03,0.0
2033,12,Skien,0.0,28.85,0.0
2033,12,Kristiansand,0.0,21.63,0.0
2033,12,Stavanger,0.0,20.19,0.0
2033,12,Bergen,0.0,28.85,0.0
2033,12,Molde,0.0,18.03,0.0
2033,12,Trondheim,0.0,37.5,0.0
2033,12,Bodø,0.0,15.87,0.0
2033,12,Tromsø,0.0,25.24,0.0
2033,13,Oslo,0.0,21.63,0.0
2033,13,Hamar,0.0,18.03,0.0
2033,13,Skien,0.0,28.85,0.0
2033,13,Kristiansand,0.0,21.63,0.0
2033,13,Stavanger,0.0,20.19,0.0
2033,13,Bergen,0.0,28.85,0.0
2033,13,Molde,0.0,18.03,0.0
2033,13,Trondheim,0.0,37.5,0.0
2033,13,Bodø,0.0,15.87,0.0
2033,13,Tromsø,0.0,25.24,0.0
2033,14,Oslo,0.0,21.63,0.0
2033,14,Hamar,0.0,18.03,0.0
2033,14,Skien,0.0,28.85,0.0
2033,14,Kristiansand,0.0,21.63,0.0
2033,14,Stavanger,0.0,20.19,0.0
2033,14,Bergen,0.0,28.85,0.0
2033,14,Molde,0.0,18.03,0.0
2033,14,Trondheim,0.0,37.5,0.0
2033,14,Bodø,0.0,15.87,0.0
2033,14,Tromsø,0.0,25.24,0.0
2033,15,Oslo,0.0,21.63,0.0
2033,15,Hamar,0.0,18.03,0.0
2033,15,Skien,0.0,28.85,0.0
2033,15,Kristiansand,0.0,21.63,0.0
2033,15,Stavanger,0.0,20.19,0.0
2033,15,Bergen,0.0,28.85,0.0
2033,15,Molde,0.0,18.03,0.0
2033,15,Trondheim,0.0,37.5,0.0
2033,15,Bodø,0.0,15.87,0.0
2033,15,Tromsø,0.0,25.24,0.0
2033,16,Oslo,0.0,21.63,0.0
2033,16,Hamar,0.0,18.03,0.0
2033,16,Skien,0.0,28.85,0.0
2033,16,Kristiansand,0.0,21.63,0.0
2033,16,Stavanger,0.0,20.19,0.0
2033,16,Bergen,0.0,28.85,0.0
2033,16,Molde,0.0,18.03,0.0
2033,16,Trondheim,0.0,37.5,0.0
2033,16,Bodø,0.0,15.87,0.0
2033,16,Tromsø,0.0,25.24,0.0
2033,17,Oslo,0.0,21.63,0.0
2033,17,Hamar,0.0,18.03,0.0
2033,17,Skien,0.0,28.85,0.0
2033,17,Kristiansand,0.0,21.63,0.0
2033,17,Stavanger,0.0,20.19,0.0
2033,17,Bergen,0.0,28.85,0.0
2033,17,Molde,0.0,18.03,0.0
2033,17,Trondheim,0.0,37.5,0.0
2033,17,Bodø,0.0,15.87,0.0
2033,17,Tromsø,0.0,25.24,0.0
2033,18,Oslo,0.0,21.63,0.0
2033,18,Hamar,0.0,18.03,0.0
2033,18,Skien,0.0,28.85,0.0
2033,18,Kristiansand,0.0,21.63,0.0
2033,18,Stavanger,0.0,20.19,0.0
2033,18,Bergen,0.0,28.85,0.0
2033,18,Molde,0.0,18.03,0.0
2033,18,Trondheim,0.0,37.5,0.0
2033,18,Bodø,0.0,15.87,0.0
2033,18,Tromsø,0.0,25.24,0.0
2033,19,Oslo,0.0,21.63,0.0
2033,19,Hamar,0.0,18.03,0.0
2033,19,Skien,0.0,28.85,0.0
2033,19,Kristiansand,0.0,21.63,0.0
2033,19,Stavanger,0.0,20.19,0.0
2033,19,Bergen,0.0,28.85,0.0
2033,19,Molde,0.0,18.03,0.0
2033,19,Trondheim,0.0,37.5,0.0
2033,19,Bodø,0.0,15.87,0.0
2033,19,Tromsø,0.0,25.24,0.0
2033,20,Oslo,0.0,21.63,0.0
2033,20,Hamar,0.0,18.03,0.0
2033,20,Skien,0.0,28.85,0.0
2033,20,Kristiansand,0.0,21.63,0.0
2033,20,Stavanger,0.0,20.19,0.0
2033,20,Bergen,0.0,28.85,0.0
2033,20,Molde,0.0,18.03,0.0
2033,20,Trondheim,0.0,37.5,0.0
2033,20,Bodø,0.0,15.87,0.0
2033,20,Tromsø,0.0,25.24,0.0
2033,21,Oslo,0.0,21.63,0.0
2033,21,Hamar,0.0,18.03,0.0
2033,21,Skien,0.0,28.85,0.0
2033,21,Kristiansand,0.0,21.63,0.0
2033,21,Stavanger,0.0,20.19,0.0
2033,21,Bergen,0.0,28.85,0.0
2033,21,Molde,0.0,18.03,0.0
2033,21,Trondheim,0.0,37.5,0.0
2033,21,Bodø,0.0,15.87,0.0
2033,21,Tromsø,0.0,25.24,0.0
2033,22,Oslo,0.0,21.63,0.0
2033,22,Hamar,0.0,18.03,0.0
2033,22,Skien,0.0,28.85,0.0
2033,22,Kristiansand,0.0,21.63,0.0
2033,22,Stavanger,0.0,20.19,0.0
2033,22,Bergen,0.0,28.85,0.0
2033,22,Molde,0.0,18.03,0.0
2033,22,Trondheim,0.0,37.5,0.0
2033,22,Bodø,0.0,15.87,0.0
2033,22,Tromsø,0.0,25.24,0.0
2033,23,Oslo,0.0,21.63,0.0
2033,23,Hamar,0.0,18.03,0.0
2033,23,Skien,0.0,28.85,0.0
2033,23,Kristiansand,0.0,21.63,0.0
2033,23,Stavanger,0.0,20.19,0.0
2033,23,Bergen,0.0,28.85,0.0
2033,23,Molde,0.0,18.03,0.0
2033,23,Trondheim,0.0,37.5,0.0
2033,23,Bodø,0.0,15.87,0.0
2033,23,Tromsø,0.0,25.24,0.0
2033,24,Oslo,0.0,21.63,0.0
2033,24,Hamar,0.0,18.03,0.0
2033,24,Skien,0.0,28.85,0.0
2033,24,Kristiansand,0.0,21.63,0.0
2033,24,Stavanger,0.0,20.19,0.0
2033,24,Bergen,0.0,28.85,0.0
2033,24,Molde,0.0,18.03,0.0
2033,24,Trondheim,0.0,37.5,0.0
2033,24,Bodø,0.0,15.87,0.0
2033,24,Tromsø,0.0,25.24,0.0
2033,25,Oslo,0.0,21.63,0.0
2033,25,Hamar,0.0,18.03,0.0
2033,25,Skien,0.0,28.85,0.0
2033,25,Kristiansand,0.0,21.63,0.0
2033,25,Stavanger,0.0,20.19,0.0
2033,25,Bergen,0.0,28.85,0.0
2033,25,Molde,0.0,18.03,0.0
2033,25,Trondheim,0.0,37.5,0.0
2033,25,Bodø,0.0,15.87,0.0
2033,25,Tromsø,0.0,25.24,0.0
2033,26,Oslo,0.0,21.63,0.0
2033,26,Hamar,0.0,18.03,0.0
2033,26,Skien,0.0,28.85,0.0
2033,26,Kristiansand,0.0,21.63,0.0
2033,26,Stavanger,0.0,20.19,0.0
2033,26,Bergen,0.0,28.85,0.0
2033,26,Molde,0.0,18.03,0.0
2033,26,Trondheim,0.0,37.5,0.0
2033,26,Bodø,0.0,15.87,0.0
2033,26,Tromsø,0.0,25.24,0.0
2033,27,Oslo,0.0,21.63,0.0
2033,27,Hamar,0.0,18.03,0.0
2033,27,Skien,0.0,28.85,0.0
2033,27,Kristiansand,0.0,21.63,0.0
2033,27,Stavanger,0.0,20.19,0.0
2033,27,Bergen,0.0,28.85,0.0
2033,27,Molde,0.0,18.03,0.0
2033,27,Trondheim,0.0,37.5,0.0
2033,27,Bodø,0.0,15.87,0.0
2033,27,Tromsø,0.0,25.24,0.0
2033,28,Oslo,0.0,21.63,0.0
2033,28,Hamar,0.0,18.03,0.0
2033,28,Skien,0.0,28.85,0.0
2033,28,Kristiansand,0.0,21.63,0.0
2033,28,Stavanger,0.0,20.19,0.0
2033,28,Bergen,0.0,28.85,0.0
2033,28,Molde,0.0,18.03,0.0
2033,28,Trondheim,0.0,37.5,0.0
2033,28,Bodø,0.0,15.87,0.0
2033,28,Tromsø,0.0,25.24,0.0
2033,29,Oslo,0.0,21.63,0.0
2033,29,Hamar,0.0,18.03,0.0
2033,29,Skien,0.0,28.85,0.0
2033,29,Kristiansand,0.0,21.63,0.0
2033,29,Stavanger,0.0,20.19,0.0
2033,29,Bergen,0.0,28.85,0.0
2033,29,Molde,0.0,18.03,0.0
2033,29,Trondheim,0.0,37.5,0.0
2033,29,Bodø,0.0,15.87,0.0
2033,29,Tromsø,0.0,25.24,0.0
2033,30,Oslo,0.0,21.63,0.0
2033,30,Hamar,0.0,18.03,0.0
2033,30,Skien,0.0,28.85,0.0
2033,30,Kristiansand,0.0,21.63,0.0
2033,30,Stavanger,0.0,20.19,0.0
2033,30,Bergen,0.0,28.85,0.0
2033,30,Molde,0.0,18.03,0.0
2033,30,Trondheim,0.0,37.5,0.0
2033,30,Bodø,0.0,15.87,0.0
2033,30,Tromsø,0.0,25.24,0.0
2033,31,Oslo,0.0,21.63,0.0
2033,31,Hamar,0.0,18.03,0.0
2033,31,Skien,0.0,28.85,0.0
2033,31,Kristiansand,0.0,21.63,0.0
2033,31,Stavanger,0.0,20.19,0.0
2033,31,Bergen,0.0,28.85,0.0
2033,31,Molde,0.0,18.03,0.0
2033,31,Trondheim,0.0,37.5,0.0
2033,31,Bodø,0.0,15.87,0.0
2033,31,Tromsø,0.0,25.24,0.0
2033,32,Oslo,0.0,21.63,0.0
2033,32,Hamar,0.0,18.03,0.0
2033,32,Skien,0.0,28.85,0.0
2033,32,Kristiansand,0.0,21.63,0.0
2033,32,Stavanger,0.0,20.19,0.0
2033,32,Bergen,0.0,28.85,0.0
2033,32,Molde,0.0,18.03,0.0
2033,32,Trondheim,0.0,37.5,0.0
2033,32,Bodø,0.0,15.87,0.0
2033,32,Tromsø,0.0,25.24,0.0
2033,33,Oslo,0.0,21.63,0.0
2033,33,Hamar,0.0,18.03,0.0
2033,33,Skien,0.0,28.85,0.0
2033,33,Kristiansand,0.0,21.63,0.0
2033,33,Stavanger,0.0,20.19,0.0
2033,33,Bergen,0.0,28.85,0.0
2033,33,Molde,0.0,18.03,0.0
2033,33,Trondheim,0.0,37.5,0.0
2033,33,Bodø,0.0,15.87,0.0
2033,33,Tromsø,0.0,25.24,0.0
2033,34,Oslo,0.0,21.63,0.0
2033,34,Hamar,0.0,18.03,0.0
2033,34,Skien,0.0,28.85,0.0
2033,34,Kristiansand,0.0,21.63,0.0
2033,34,Stavanger,0.0,20.19,0.0
2033,34,Bergen,0.0,28.85,0.0
2033,34,Molde,0.0,18.03,0.0
2033,34,Trondheim,0.0,37.5,0.0
2033,34,Bodø,0.0,15.87,0.0
2033,34,Tromsø,0.0,25.24,0.0
2033,35,Oslo,0.0,21.63,0.0
2033,35,Hamar,0.0,18.03,0.0
2033,35,Skien,0.0,28.85,0.0
2033,35,Kristiansand,0.0,21.63,0.0
2033,35,Stavanger,0.0,20.19,0.0
2033,35,Bergen,0.0,28.85,0.0
2033,35,Molde,0.0,18.03,0.0
2033,35,Trondheim,0.0,37.5,0.0
2033,35,Bodø,0.0,15.87,0.0
2033,35,Tromsø,0.0,25.24,0.0
2033,36,Oslo,0.0,21.63,0.0
2033,36,Hamar,0.0,18.03,0.0
2033,36,Skien,0.0,28.85,0.0
2033,36,Kristiansand,0.0,21.63,0.0
2033,36,Stavanger,0.0,20.19,0.0
2033,36,Bergen,0.0,28.85,0.0
2033,36,Molde,0.0,18.03,0.0
2033,36,Trondheim,0.0,37.5,0.0
2033,36,Bodø,0.0,15.87,0.0
2033,36,Tromsø,0.0,25.24,0.0
2033,37,Oslo,0.0,21.63,0.0
2033,37,Hamar,0.0,18.03,0.0
2033,37,Skien,0.0,28.85,0.0
2033,37,Kristiansand,0.0,21.63,0.0
2033,37,Stavanger,0.0,20.19,0.0
2033,37,Bergen,0.0,28.85,0.0
2033,37,Molde,0.0,18.03,0.0
2033,37,Trondheim,0.0,37.5,0.0
2033,37,Bodø,0.0,15.87,0.0
2033,37,Tromsø,0.0,25.24,0.0
2033,38,Oslo,0.0,21.63,0.0
2033,38,Hamar,0.0,18.03,0.0
2033,38,Skien,0.0,28.85,0.0
2033,38,Kristiansand,0.0,21.63,0.0
2033,38,Stavanger,0.0,20.19,0.0
2033,38,Bergen,0.0,28.85,0.0
2033,38,Molde,0.0,18.03,0.0
2033,38,Trondheim,0.0,37.5,0.0
2033,38,Bodø,0.0,15.87,0.0
2033,38,Tromsø,0.0,25.24,0.0
2033,39,Oslo,0.0,21.63,0.0
2033,39,Hamar,0.0,18.03,0.0
2033,39,Skien,0.0,28.85,0.0
2033,39,Kristiansand,0.0,21.63,0.0
2033,39,Stavanger,0.0,20.19,0.0
2033,39,Bergen,0.0,28.85,0.0
2033,39,Molde,0.0,18.03,0.0
2033,39,Trondheim,0.0,37.5,0.0
2033,39,Bodø,0.0,15.87,0.0
2033,39,Tromsø,0.0,25.24,0.0
2033,40,Oslo,0.0,21.63,0.0
2033,40,Hamar,0.0,18.03,0.0
2033,40,Skien,0.0,28.85,0.0
2033,40,Kristiansand,0.0,21.63,0.0
2033,40,Stavanger,0.0,20.19,0.0
2033,40,Bergen,0.0,28.85,0.0
2033,40,Molde,0.0,18.03,0.0
2033,40,Trondheim,0.0,37.5,0.0
2033,40,Bodø,0.0,15.87,0.0
2033,40,Tromsø,0.0,25.24,0.0
2033,41,Oslo,0.0,21.63,0.0
2033,41,Hamar,0.0,18.03,0.0
2033,41,Skien,0.0,28.85,0.0
2033,41,Kristiansand,0.0,21.63,0.0
2033,41,Stavanger,0.0,20.19,0.0
2033,41,Bergen,0.0,28.85,0.0
2033,41,Molde,0.0,18.03,0.0
2033,41,Trondheim,0.0,37.5,0.0
2033,41,Bodø,0.0,15.87,0.0
2033,41,Tromsø,0.0,25.24,0.0
2033,42,Oslo,0.0,21.63,0.0
2033,42,Hamar,0.0,18.03,0.0
2033,42,Skien,0.0,28.85,0.0
2033,42,Kristiansand,0.0,21.63,0.0
2033,42,Stavanger,0.0,20.19,0.0
2033,42,Bergen,0.0,28.85,0.0
2033,42,Molde,0.0,18.03,0.0
2033,42,Trondheim,0.0,37.5,0.0
2033,42,Bodø,0.0,15.87,0.0
2033,42,Tromsø,0.0,25.24,0.0
2033,43,Oslo,0.0,21.63,0.0
2033,43,Hamar,0.0,18.03,0.0
2033,43,Skien,0.0,28.85,0.0
2033,43,Kristiansand,0.0,21.63,0.0
2033,43,Stavanger,0.0,20.19,0.0
2033,43,Bergen,0.0,28.85,0.0
2033,43,Molde,0.0,18.03,0.0
2033,43,Trondheim,0.0,37.5,0.0
2033,43,Bodø,0.0,15.87,0.0
2033,43,Tromsø,0.0,25.24,0.0
2033,44,Oslo,0.0,21.63,0.0
2033,44,Hamar,0.0,18.03,0.0
2033,44,Skien,0.0,28.85,0.0
2033,44,Kristiansand,0.0,21.63,0.0
2033,44,Stavanger,0.0,20.19,0.0
2033,44,Bergen,0.0,28.85,0.0
2033,44,Molde,0.0,18.03,0.0
2033,44,Trondheim,0.0,37.5,0.0
2033,44,Bodø,0.0,15.87,0.0
2033,44,Tromsø,0.0,25.24,0.0
2033,45,Oslo,0.0,21.63,0.0
2033,45,Hamar,0.0,18.03,0.0
2033,45,Skien,0.0,28.85,0.0
2033,45,Kristiansand,0.0,21.63,0.0
2033,45,Stavanger,0.0,20.19,0.0
2033,45,Bergen,0.0,28.85,0.0
2033,45,Molde,0.0,18.03,0.0
2033,45,Trondheim,0.0,37.5,0.0
2033,45,Bodø,0.0,15.87,0.0
2033,45,Tromsø,0.0,25.24,0.0
2033,46,Oslo,0.0,21.63,0.0
2033,46,Hamar,0.0,18.03,0.0
2033,46,Skien,0.0,28.85,0.0
2033,46,Kristiansand,0.0,21.63,0.0
2033,46,Stavanger,0.0,20.19,0.0
2033,46,Bergen,0.0,28.85,0.0
2033,46,Molde,0.0,18.03,0.0
2033,46,Trondheim,0.0,37.5,0.0
2033,46,Bodø,0.0,15.87,0.0
2033,46,Tromsø,0.0,25.24,0.0
2033,47,Oslo,0.0,21.63,0.0
2033,47,Hamar,0.0,18.03,0.0
2033,47,Skien,0.0,28.85,0.0
2033,47,Kristiansand,0.0,21.63,0.0
2033,47,Stavanger,0.0,20.19,0.0
2033,47,Bergen,0.0,28.85,0.0
2033,47,Molde,0.0,18.03,0.0
2033,47,Trondheim,0.0,37.5,0.0
2033,47,Bodø,0.0,15.87,0.0
2033,47,Tromsø,0.0,25.24,0.0
2033,48,Oslo,0.0,21.63,0.0
2033,48,Hamar,0.0,18.03,0.0
2033,48,Skien,0.0,28.85,0.0
2033,48,Kristiansand,0.0,21.63,0.0
2033,48,Stavanger,0.0,20.19,0.0
2033,48,Bergen,0.0,28.85,0.0
2033,48,Molde,0.0,18.03,0.0
2033,48,Trondheim,0.0,37.5,0.0
2033,48,Bodø,0.0,15.87,0.0
2033,48,Tromsø,0.0,25.24,0.0
2033,49,Oslo,0.0,21.63,0.0
2033,49,Hamar,0.0,18.03,0.0
2033,49,Skien,0.0,28.85,0.0
2033,49,Kristiansand,0.0,21.63,0.0
2033,49,Stavanger,0.0,20.19,0.0
2033,49,Bergen,0.0,28.85,0.0
2033,49,Molde,0.0,18.03,0.0
2033,49,Trondheim,0.0,37.5,0.0
2033,49,Bodø,0.0,15.87,0.0
2033,49,Tromsø,0.0,25.24,0.0
2033,50,Oslo,0.0,21.63,0.0
2033,50,Hamar,0.0,18.03,0.0
2033,50,Skien,0.0,28.85,0.0
2033,50,Kristiansand,0.0,21.63,0.0
2033,50,Stavanger,0.0,20.19,0.0
2033,50,Bergen,0.0,28.85,0.0
2033,50,Molde,0.0,18.03,0.0
2033,50,Trondheim,0.0,37.5,0.0
2033,50,Bodø,0.0,15.87,0.0
2033,50,Tromsø,0.0,25.24,0.0
2033,51,Oslo,0.0,21.63,0.0
2033,51,Hamar,0.0,18.03,0.0
2033,51,Skien,0.0,28.85,0.0
2033,51,Kristiansand,0.0,21.63,0.0
2033,51,Stavanger,0.0,20.19,0.0
2033,51,Bergen,0.0,28.85,0.0
2033,51,Molde,0.0,18.03,0.0
2033,51,Trondheim,0.0,37.5,0.0
2033,51,Bodø,0.0,15.87,0.0
2033,51,Tromsø,0.0,25.24,0.0
2033,52,Oslo,0.0,21.63,0.0
2033,52,Hamar,0.0,18.03,0.0
2033,52,Skien,0.0,28.85,0.0
2033,52,Kristiansand,0.0,21.63,0.0
2033,52,Stavanger,0.0,20.19,0.0
2033,52,Bergen,0.0,28.85,0.0
2033,52,Molde,0.0,18.03,0.0
2033,52,Trondheim,0.0,37.5,0.0
2033,52,Bodø,0.0,15.87,0.0
2033,52,Tromsø,0.0,25.24,0.0
2034,1,Oslo,0.0,21.63,0.0
2034,1,Hamar,0.0,18.03,0.0
2034,1,Skien,0.0,28.85,0.0
2034,1,Kristiansand,0.0,21.63,0.0
2034,1,Stavanger,0.0,20.19,0.0
2034,1,Bergen,0.0,28.85,0.0
2034,1,Molde,0.0,18.03,0.0
2034,1,Trondheim,0.0,37.5,0.0
2034,1,Bodø,0.0,15.87,0.0
2034,1,Tromsø,0.0,25.24,0.0
2034,2,Oslo,0.0,21.63,0.0
2034,2,Hamar,0.0,18.03,0.0
2034,2,Skien,0.0,28.85,0.0
2034,2,Kristiansand,0.0,21.63,0.0
2034,2,Stavanger,0.0,20.19,0.0
2034,2,Bergen,0.0,28.85,0.0
2034,2,Molde,0.0,18.03,0.0
2034,2,Trondheim,0.0,37.5,0.0
2034,2,Bodø,0.0,15.87,0.0
2034,2,Tromsø,0.0,25.24,0.0
2034,3,Oslo,0.0,21.63,0.0
2034,3,Hamar,0.0,18.03,0.0
2034,3,Skien,0.0,28.85,0.0
2034,3,Kristiansand,0.0,21.63,0.0
2034,3,Stavanger,0.0,20.19,0.0
2034,3,Bergen,0.0,28.85,0.0
2034,3,Molde,0.0,18.03,0.0
2034,3,Trondheim,0.0,37.5,0.0
2034,3,Bodø,0.0,15.87,0.0
2034,3,Tromsø,0.0,25.24,0.0
2034,4,Oslo,0.0,21.63,0.0
2034,4,Hamar,0.0,18.03,0.0
2034,4,Skien,0.0,28.85,0.0
2034,4,Kristiansand,0.0,21.63,0.0
2034,4,Stavanger,0.0,20.19,0.0
2034,4,Bergen,0.0,28.85,0.0
2034,4,Molde,0.0,18.03,0.0
2034,4,Trondheim,0.0,37.5,0.0
2034,4,Bodø,0.0,15.87,0.0
2034,4,Tromsø,0.0,25.24,0.0
2034,5,Oslo,0.0,21.63,0.0
2034,5,Hamar,0.0,18.03,0.0
2034,5,Skien,0.0,28.85,0.0
2034,5,Kristiansand,0.0,21.63,0.0
2034,5,Stavanger,0.0,20.19,0.0
2034,5,Bergen,0.0,28.85,0.0
2034,5,Molde,0.0,18.03,0.0
2034,5,Trondheim,0.0,37.5,0.0
2034,5,Bodø,0.0,15.87,0.0
2034,5,Tromsø,0.0,25.24,0.0
2034,6,Oslo,0.0,21.63,0.0
2034,6,Hamar,0.0,18.03,0.0
2034,6,Skien,0.0,28.85,0.0
2034,6,Kristiansand,0.0,21.63,0.0
2034,6,Stavanger,0.0,20.19,0.0
2034,6,Bergen,0.0,28.85,0.0
2034,6,Molde,0.0,18.03,0.0
2034,6,Trondheim,0.0,37.5,0.0
2034,6,Bodø,0.0,15.87,0.0
2034,6,Tromsø,0.0,25.24,0.0
2034,7,Oslo,0.0,21.63,0.0
2034,7,Hamar,0.0,18.03,0.0
2034,7,Skien,0.0,28.85,0.0
2034,7,Kristiansand,0.0,21.63,0.0
2034,7,Stavanger,0.0,20.19,0.0
2034,7,Bergen,0.0,28.85,0.0
2034,7,Molde,0.0,18.03,0.0
2034,7,Trondheim,0.0,37.5,0.0
2034,7,Bodø,0.0,15.87,0.0
2034,7,Tromsø,0.0,25.24,0.0
2034,8,Oslo,0.0,21.63,0.0
2034,8,Hamar,0.0,18.03,0.0
2034,8,Skien,0.0,28.85,0.0
2034,8,Kristiansand,0.0,21.63,0.0
2034,8,Stavanger,0.0,20.19,0.0
2034,8,Bergen,0.0,28.85,0.0
2034,8,Molde,0.0,18.03,0.0
2034,8,Trondheim,0.0,37.5,0.0
2034,8,Bodø,0.0,15.87,0.0
2034,8,Tromsø,0.0,25.24,0.0
2034,9,Oslo,0.0,21.63,0.0
2034,9,Hamar,0.0,18.03,0.0
2034,9,Skien,0.0,28.85,0.0
2034,9,Kristiansand,0.0,21.63,0.0
2034,9,Stavanger,0.0,20.19,0.0
2034,9,Bergen,0.0,28.85,0.0
2034,9,Molde,0.0,18.03,0.0
2034,9,Trondheim,0.0,37.5,0.0
2034,9,Bodø,0.0,15.87,0.0
2034,9,Tromsø,0.0,25.24,0.0
2034,10,Oslo,0.0,21.63,0.0
2034,10,Hamar,0.0,18.03,0.0
2034,10,Skien,0.0,28.85,0.0
2034,10,Kristiansand,0.0,21.63,0.0
2034,10,Stavanger,0.0,20.19,0.0
2034,10,Bergen,0.0,28.85,0.0
2034,10,Molde,0.0,18.03,0.0
2034,10,Trondheim,0.0,37.5,0.0
2034,10,Bodø,0.0,15.87,0.0
2034,10,Tromsø,0.0,25.24,0.0
2034,11,Oslo,0.0,21.63,0.0
2034,11,Hamar,0.0,18.03,0.0
2034,11,Skien,0.0,28.85,0.0
2034,11,Kristiansand,0.0,21.63,0.0
2034,11,Stavanger,0.0,20.19,0.0
2034,11,Bergen,0.0,28.85,0.0
2034,11,Molde,0.0,18.03,0.0
2034,11,Trondheim,0.0,37.5,0.0
2034,11,Bodø,0.0,15.87,0.0
2034,11,Tromsø,0.0,25.24,0.0
2034,12,Oslo,0.0,21.63,0.0
2034,12,Hamar,0.0,18.03,0.0
2034,12,Skien,0.0,28.85,0.0
2034,12,Kristiansand,0.0,21.63,0.0
2034,12,Stavanger,0.0,20.19,0.0
2034,12,Bergen,0.0,28.85,0.0
2034,12,Molde,0.0,18.03,0.0
2034,12,Trondheim,0.0,37.5,0.0
2034,12,Bodø,0.0,15.87,0.0
2034,12,Tromsø,0.0,25.24,0.0
2034,13,Oslo,0.0,21.63,0.0
2034,13,Hamar,0.0,18.03,0.0
2034,13,Skien,0.0,28.85,0.0
2034,13,Kristiansand,0.0,21.63,0.0
2034,13,Stavanger,0.0,20.19,0.0
2034,13,Bergen,0.0,28.85,0.0
2034,13,Molde,0.0,18.03,0.0
2034,13,Trondheim,0.0,37.5,0.0
2034,13,Bodø,0.0,15.87,0.0
2034,13,Tromsø,0.0,25.24,0.0
2034,14,Oslo,0.0,21.63,0.0
2034,14,Hamar,0.0,18.03,0.0
2034,14,Skien,0.0,28.85,0.0
2034,14,Kristiansand,0.0,21.63,0.0
2034,14,Stavanger,0.0,20.19,0.0
2034,14,Bergen,0.0,28.85,0.0
2034,14,Molde,0.0,18.03,0.0
2034,14,Trondheim,0.0,37.5,0.0
2034,14,Bodø,0.0,15.87,0.0
2034,14,Tromsø,0.0,25.24,0.0
2034,15,Oslo,0.0,21.63,0.0
2034,15,Hamar,0.0,18.03,0.0
2034,15,Skien,0.0,28.85,0.0
2034,15,Kristiansand,0.0,21.63,0.0
2034,15,Stavanger,0.0,20.19,0.0
2034,15,Bergen,0.0,28.85,0.0
2034,15,Molde,0.0,18.03,0.0
2034,15,Trondheim,0.0,37.5,0.0
2034,15,Bodø,0.0,15.87,0.0
2034,15,Tromsø,0.0,25.24,0.0
2034,16,Oslo,0.0,21.63,0.0
2034,16,Hamar,0.0,18.03,0.0
2034,16,Skien,0.0,28.85,0.0
2034,16,Kristiansand,0.0,21.63,0.0
2034,16,Stavanger,0.0,20.19,0.0
2034,16,Bergen,0.0,28.85,0.0
2034,16,Molde,0.0,18.03,0.0
2034,16,Trondheim,0.0,37.5,0.0
2034,16,Bodø,0.0,15.87,0.0
2034,16,Tromsø,0.0,25.24,0.0
2034,17,Oslo,0.0,21.63,0.0
2034,17,Hamar,0.0,18.03,0.0
2034,17,Skien,0.0,28.85,0.0
2034,17,Kristiansand,0.0,21.63,0.0
2034,17,Stavanger,0.0,20.19,0.0
2034,17,Bergen,0.0,28.85,0.0
2034,17,Molde,0.0,18.03,0.0
2034,17,Trondheim,0.0,37.5,0.0
2034,17,Bodø,0.0,15.87,0.0
2034,17,Tromsø,0.0,25.24,0.0
2034,18,Oslo,0.0,21.63,0.0
2034,18,Hamar,0.0,18.03,0.0
2034,18,Skien,0.0,28.85,0.0
2034,18,Kristiansand,0.0,21.63,0.0
2034,18,Stavanger,0.0,20.19,0.0
2034,18,Bergen,0.0,28.85,0.0
2034,18,Molde,0.0,18.03,0.0
2034,18,Trondheim,0.0,37.5,0.0
2034,18,Bodø,0.0,15.87,0.0
2034,18,Tromsø,0.0,25.24,0.0
2034,19,Oslo,0.0,21.63,0.0
2034,19,Hamar,0.0,18.03,0.0
2034,19,Skien,0.0,28.85,0.0
2034,19,Kristiansand,0.0,21.63,0.0
2034,19,Stavanger,0.0,20.19,0.0
2034,19,Bergen,0.0,28.85,0.0
2034,19,Molde,0.0,18.03,0.0
2034,19,Trondheim,0.0,37.5,0.0
2034,19,Bodø,0.0,15.87,0.0
2034,19,Tromsø,0.0,25.24,0.0
2034,20,Oslo,0.0,21.63,0.0
2034,20,Hamar,0.0,18.03,0.0
2034,20,Skien,0.0,28.85,0.0
2034,20,Kristiansand,0.0,21.63,0.0
2034,20,Stavanger,0.0,20.19,0.0
2034,20,Bergen,0.0,28.85,0.0
2034,20,Molde,0.0,18.03,0.0
2034,20,Trondheim,0.0,37.5,0.0
2034,20,Bodø,0.0,15.87,0.0
2034,20,Tromsø,0.0,25.24,0.0
2034,21,Oslo,0.0,21.63,0.0
2034,21,Hamar,0.0,18.03,0.0
2034,21,Skien,0.0,28.85,0.0
2034,21,Kristiansand,0.0,21.63,0.0
2034,21,Stavanger,0.0,20.19,0.0
2034,21,Bergen,0.0,28.85,0.0
2034,21,Molde,0.0,18.03,0.0
2034,21,Trondheim,0.0,37.5,0.0
2034,21,Bodø,0.0,15.87,0.0
2034,21,Tromsø,0.0,25.24,0.0
2034,22,Oslo,0.0,21.63,0.0
2034,22,Hamar,0.0,18.03,0.0
2034,22,Skien,0.0,28.85,0.0
2034,22,Kristiansand,0.0,21.63,0.0
2034,22,Stavanger,0.0,20.19,0.0
2034,22,Bergen,0.0,28.85,0.0
2034,22,Molde,0.0,18.03,0.0
2034,22,Trondheim,0.0,37.5,0.0
2034,22,Bodø,0.0,15.87,0.0
2034,22,Tromsø,0.0,25.24,0.0
2034,23,Oslo,0.0,21.63,0.0
2034,23,Hamar,0.0,18.03,0.0
2034,23,Skien,0.0,28.85,0.0
2034,23,Kristiansand,0.0,21.63,0.0
2034,23,Stavanger,0.0,20.19,0.0
2034,23,Bergen,0.0,28.85,0.0
2034,23,Molde,0.0,18.03,0.0
2034,23,Trondheim,0.0,37.5,0.0
2034,23,Bodø,0.0,15.87,0.0
2034,23,Tromsø,0.0,25.24,0.0
2034,24,Oslo,0.0,21.63,0.0
2034,24,Hamar,0.0,18.03,0.0
2034,24,Skien,0.0,28.85,0.0
2034,24,Kristiansand,0.0,21.63,0.0
2034,24,Stavanger,0.0,20.19,0.0
2034,24,Bergen,0.0,28.85,0.0
2034,24,Molde,0.0,18.03,0.0
2034,24,Trondheim,0.0,37.5,0.0
2034,24,Bodø,0.0,15.87,0.0
2034,24,Tromsø,0.0,25.24,0.0
2034,25,Oslo,0.0,21.63,0.0
2034,25,Hamar,0.0,18.03,0.0
2034,25,Skien,0.0,28.85,0.0
2034,25,Kristiansand,0.0,21.63,0.0
2034,25,Stavanger,0.0,20.19,0.0
2034,25,Bergen,0.0,28.85,0.0
2034,25,Molde,0.0,18.03,0.0
2034,25,Trondheim,0.0,37.5,0.0
2034,25,Bodø,0.0,15.87,0.0
2034,25,Tromsø,0.0,25.24,0.0
2034,26,Oslo,0.0,21.63,0.0
2034,26,Hamar,0.0,18.03,0.0
2034,26,Skien,0.0,28.85,0.0
2034,26,Kristiansand,0.0,21.63,0.0
2034,26,Stavanger,0.0,20.19,0.0
2034,26,Bergen,0.0,28.85,0.0
2034,26,Molde,0.0,18.03,0.0
2034,26,Trondheim,0.0,37.5,0.0
2034,26,Bodø,0.0,15.87,0.0
2034,26,Tromsø,0.0,25.24,0.0
2034,27,Oslo,0.0,21.63,0.0
2034,27,Hamar,0.0,18.03,0.0
2034,27,Skien,0.0,28.85,0.0
2034,27,Kristiansand,0.0,21.63,0.0
2034,27,Stavanger,0.0,20.19,0.0
2034,27,Bergen,0.0,28.85,0.0
2034,27,Molde,0.0,18.03,0.0
2034,27,Trondheim,0.0,37.5,0.0
2034,27,Bodø,0.0,15.87,0.0
2034,27,Tromsø,0.0,25.24,0.0
2034,28,Oslo,0.0,21.63,0.0
2034,28,Hamar,0.0,18.03,0.0
2034,28,Skien,0.0,28.85,0.0
2034,28,Kristiansand,0.0,21.63,0.0
2034,28,Stavanger,0.0,20.19,0.0
2034,28,Bergen,0.0,28.85,0.0
2034,28,Molde,0.0,18.03,0.0
2034,28,Trondheim,0.0,37.5,0.0
2034,28,Bodø,0.0,15.87,0.0
2034,28,Tromsø,0.0,25.24,0.0
2034,29,Oslo,0.0,21.63,0.0
2034,29,Hamar,0.0,18.03,0.0
2034,29,Skien,0.0,28.85,0.0
2034,29,Kristiansand,0.0,21.63,0.0
2034,29,Stavanger,0.0,20.19,0.0
2034,29,Bergen,0.0,28.85,0.0
2034,29,Molde,0.0,18.03,0.0
2034,29,Trondheim,0.0,37.5,0.0
2034,29,Bodø,0.0,15.87,0.0
2034,29,Tromsø,0.0,25.24,0.0
2034,30,Oslo,0.0,21.63,0.0
2034,30,Hamar,0.0,18.03,0.0
2034,30,Skien,0.0,28.85,0.0
2034,30,Kristiansand,0.0,21.63,0.0
2034,30,Stavanger,0.0,20.19,0.0
2034,30,Bergen,0.0,28.85,0.0
2034,30,Molde,0.0,18.03,0.0
2034,30,Trondheim,0.0,37.5,0.0
2034,30,Bodø,0.0,15.87,0.0
2034,30,Tromsø,0.0,25.24,0.0
2034,31,Oslo,0.0,21.63,0.0
2034,31,Hamar,0.0,18.03,0.0
2034,31,Skien,0.0,28.85,0.0
2034,31,Kristiansand,0.0,21.63,0.0
2034,31,Stavanger,0.0,20.19,0.0
2034,31,Bergen,0.0,28.85,0.0
2034,31,Molde,0.0,18.03,0.0
2034,31,Trondheim,0.0,37.5,0.0
2034,31,Bodø,0.0,15.87,0.0
2034,31,Tromsø,0.0,25.24,0.0
2034,32,Oslo,0.0,21.63,0.0
2034,32,Hamar,0.0,18.03,0.0
2034,32,Skien,0.0,28.85,0.0
2034,32,Kristiansand,0.0,21.63,0.0
2034,32,Stavanger,0.0,20.19,0.0
2034,32,Bergen,0.0,28.85,0.0
2034,32,Molde,0.0,18.03,0.0
2034,32,Trondheim,0.0,37.5,0.0
2034,32,Bodø,0.0,15.87,0.0
2034,32,Tromsø,0.0,25.24,0.0
2034,33,Oslo,0.0,21.63,0.0
2034,33,Hamar,0.0,18.03,0.0
2034,33,Skien,0.0,28.85,0.0
2034,33,Kristiansand,0.0,21.63,0.0
2034,33,Stavanger,0.0,20.19,0.0
2034,33,Bergen,0.0,28.85,0.0
2034,33,Molde,0.0,18.03,0.0
2034,33,Trondheim,0.0,37.5,0.0
2034,33,Bodø,0.0,15.87,0.0
2034,33,Tromsø,0.0,25.24,0.0
2034,34,Oslo,0.0,21.63,0.0
2034,34,Hamar,0.0,18.03,0.0
2034,34,Skien,0.0,28.85,0.0
2034,34,Kristiansand,0.0,21.63,0.0
2034,34,Stavanger,0.0,20.19,0.0
2034,34,Bergen,0.0,28.85,0.0
2034,34,Molde,0.0,18.03,0.0
2034,34,Trondheim,0.0,37.5,0.0
2034,34,Bodø,0.0,15.87,0.0
2034,34,Tromsø,0.0,25.24,0.0
2034,35,Oslo,0.0,21.63,0.0
2034,35,Hamar,0.0,18.03,0.0
2034,35,Skien,0.0,28.85,0.0
2034,35,Kristiansand,0.0,21.63,0.0
2034,35,Stavanger,0.0,20.19,0.0
2034,35,Bergen,0.0,28.85,0.0
2034,35,Molde,0.0,18.03,0.0
2034,35,Trondheim,0.0,37.5,0.0
2034,35,Bodø,0.0,15.87,0.0
2034,35,Tromsø,0.0,25.24,0.0
2034,36,Oslo,0.0,21.63,0.0
2034,36,Hamar,0.0,18.03,0.0
2034,36,Skien,0.0,28.85,0.0
2034,36,Kristiansand,0.0,21.63,0.0
2034,36,Stavanger,0.0,20.19,0.0
2034,36,Bergen,0.0,28.85,0.0
2034,36,Molde,0.0,18.03,0.0
2034,36,Trondheim,0.0,37.5,0.0
2034,36,Bodø,0.0,15.87,0.0
2034,36,Tromsø,0.0,25.24,0.0
2034,37,Oslo,0.0,21.63,0.0
2034,37,Hamar,0.0,18.03,0.0
2034,37,Skien,0.0,28.85,0.0
2034,37,Kristiansand,0.0,21.63,0.0
2034,37,Stavanger,0.0,20.19,0.0
2034,37,Bergen,0.0,28.85,0.0
2034,37,Molde,0.0,18.03,0.0
2034,37,Trondheim,0.0,37.5,0.0
2034,37,Bodø,0.0,15.87,0.0
2034,37,Tromsø,0.0,25.24,0.0
2034,38,Oslo,0.0,21.63,0.0
2034,38,Hamar,0.0,18.03,0.0
2034,38,Skien,0.0,28.85,0.0
2034,38,Kristiansand,0.0,21.63,0.0
2034,38,Stavanger,0.0,20.19,0.0
2034,38,Bergen,0.0,28.85,0.0
2034,38,Molde,0.0,18.03,0.0
2034,38,Trondheim,0.0,37.5,0.0
2034,38,Bodø,0.0,15.87,0.0
2034,38,Tromsø,0.0,25.24,0.0
2034,39,Oslo,0.0,21.63,0.0
2034,39,Hamar,0.0,18.03,0.0
2034,39,Skien,0.0,28.85,0.0
2034,39,Kristiansand,0.0,21.63,0.0
2034,39,Stavanger,0.0,20.19,0.0
2034,39,Bergen,0.0,28.85,0.0
2034,39,Molde,0.0,18.03,0.0
2034,39,Trondheim,0.0,37.5,0.0
2034,39,Bodø,0.0,15.87,0.0
2034,39,Tromsø,0.0,25.24,0.0
2034,40,Oslo,0.0,21.63,0.0
2034,40,Hamar,0.0,18.03,0.0
2034,40,Skien,0.0,28.85,0.0
2034,40,Kristiansand,0.0,21.63,0.0
2034,40,Stavanger,0.0,20.19,0.0
2034,40,Bergen,0.0,28.85,0.0
2034,40,Molde,0.0,18.03,0.0
2034,40,Trondheim,0.0,37.5,0.0
2034,40,Bodø,0.0,15.87,0.0
2034,40,Tromsø,0.0,25.24,0.0
2034,41,Oslo,0.0,21.63,0.0
2034,41,Hamar,0.0,18.03,0.0
2034,41,Skien,0.0,28.85,0.0
2034,41,Kristiansand,0.0,21.63,0.0
2034,41,Stavanger,0.0,20.19,0.0
2034,41,Bergen,0.0,28.85,0.0
2034,41,Molde,0.0,18.03,0.0
2034,41,Trondheim,0.0,37.5,0.0
2034,41,Bodø,0.0,15.87,0.0
2034,41,Tromsø,0.0,25.24,0.0
2034,42,Oslo,0.0,21.63,0.0
2034,42,Hamar,0.0,18.03,0.0
2034,42,Skien,0.0,28.85,0.0
2034,42,Kristiansand,0.0,21.63,0.0
2034,42,Stavanger,0.0,20.19,0.0
2034,42,Bergen,0.0,28.85,0.0
2034,42,Molde,0.0,18.03,0.0
2034,42,Trondheim,0.0,37.5,0.0
2034,42,Bodø,0.0,15.87,0.0
2034,42,Tromsø,0.0,25.24,0.0
2034,43,Oslo,0.0,21.63,0.0
2034,43,Hamar,0.0,18.03,0.0
2034,43,Skien,0.0,28.85,0.0
2034,43,Kristiansand,0.0,21.63,0.0
2034,43,Stavanger,0.0,20.19,0.0
2034,43,Bergen,0.0,28.85,0.0
2034,43,Molde,0.0,18.03,0.0
2034,43,Trondheim,0.0,37.5,0.0
2034,43,Bodø,0.0,15.87,0.0
2034,43,Tromsø,0.0,25.24,0.0
2034,44,Oslo,0.0,21.63,0.0
2034,44,Hamar,0.0,18.03,0.0
2034,44,Skien,0.0,28.85,0.0
2034,44,Kristiansand,0.0,21.63,0.0
2034,44,Stavanger,0.0,20.19,0.0
2034,44,Bergen,0.0,28.85,0.0
2034,44,Molde,0.0,18.03,0.0
2034,44,Trondheim,0.0,37.5,0.0
2034,44,Bodø,0.0,15.87,0.0
2034,44,Tromsø,0.0,25.24,0.0
2034,45,Oslo,0.0,21.63,0.0
2034,45,Hamar,0.0,18.03,0.0
2034,45,Skien,0.0,28.85,0.0
2034,45,Kristiansand,0.0,21.63,0.0
2034,45,Stavanger,0.0,20.19,0.0
2034,45,Bergen,0.0,28.85,0.0
2034,45,Molde,0.0,18.03,0.0
2034,45,Trondheim,0.0,37.5,0.0
2034,45,Bodø,0.0,15.87,0.0
2034,45,Tromsø,0.0,25.24,0.0
2034,46,Oslo,0.0,21.63,0.0
2034,46,Hamar,0.0,18.03,0.0
2034,46,Skien,0.0,28.85,0.0
2034,46,Kristiansand,0.0,21.63,0.0
2034,46,Stavanger,0.0,20.19,0.0
2034,46,Bergen,0.0,28.85,0.0
2034,46,Molde,0.0,18.03,0.0
2034,46,Trondheim,0.0,37.5,0.0
2034,46,Bodø,0.0,15.87,0.0
2034,46,Tromsø,0.0,25.24,0.0
2034,47,Oslo,0.0,21.63,0.0
2034,47,Hamar,0.0,18.03,0.0
2034,47,Skien,0.0,28.85,0.0
2034,47,Kristiansand,0.0,21.63,0.0
2034,47,Stavanger,0.0,20.19,0.0
2034,47,Bergen,0.0,28.85,0.0
2034,47,Molde,0.0,18.03,0.0
2034,47,Trondheim,0.0,37.5,0.0
2034,47,Bodø,0.0,15.87,0.0
2034,47,Tromsø,0.0,25.24,0.0
2034,48,Oslo,0.0,21.63,0.0
2034,48,Hamar,0.0,18.03,0.0
2034,48,Skien,0.0,28.85,0.0
2034,48,Kristiansand,0.0,21.63,0.0
2034,48,Stavanger,0.0,20.19,0.0
2034,48,Bergen,0.0,28.85,0.0
2034,48,Molde,0.0,18.03,0.0
2034,48,Trondheim,0.0,37.5,0.0
2034,48,Bodø,0.0,15.87,0.0
2034,48,Tromsø,0.0,25.24,0.0
2034,49,Oslo,0.0,21.63,0.0
2034,49,Hamar,0.0,18.03,0.0
2034,49,Skien,0.0,28.85,0.0
2034,49,Kristiansand,0.0,21.63,0.0
2034,49,Stavanger,0.0,20.19,0.0
2034,49,Bergen,0.0,28.85,0.0
2034,49,Molde,0.0,18.03,0.0
2034,49,Trondheim,0.0,37.5,0.0
2034,49,Bodø,0.0,15.87,0.0
2034,49,Tromsø,0.0,25.24,0.0
2034,50,Oslo,0.0,21.63,0.0
2034,50,Hamar,0.0,18.03,0.0
2034,50,Skien,0.0,28.85,0.0
2034,50,Kristiansand,0.0,21.63,0.0
2034,50,Stavanger,0.0,20.19,0.0
2034,50,Bergen,0.0,28.85,0.0
2034,50,Molde,0.0,18.03,0.0
2034,50,Trondheim,0.0,37.5,0.0
2034,50,Bodø,0.0,15.87,0.0
2034,50,Tromsø,0.0,25.24,0.0
2034,51,Oslo,0.0,21.63,0.0
2034,51,Hamar,0.0,18.03,0.0
2034,51,Skien,0.0,28.85,0.0
2034,51,Kristiansand,0.0,21.63,0.0
2034,51,Stavanger,0.0,20.19,0.0
2034,51,Bergen,0.0,28.85,0.0
2034,51,Molde,0.0,18.03,0.0
2034,51,Trondheim,0.0,37.5,0.0
2034,51,Bodø,0.0,15.87,0.0
2034,51,Tromsø,0.0,25.24,0.0
2034,52,Oslo,0.0,21.63,0.0
2034,52,Hamar,0.0,18.03,0.0
2034,52,Skien,0.0,28.85,0.0
2034,52,Kristiansand,0.0,21.63,0.0
2034,52,Stavanger,0.0,20.19,0.0
2034,52,Bergen,0.0,28.85,0.0
2034,52,Molde,0.0,18.03,0.0
2034,52,Trondheim,0.0,37.5,0.0
2034,52,Bodø,0.0,15.87,0.0
2034,52,Tromsø,0.0,25.24,0.0
2035,1,Oslo,0.0,21.63,0.0
2035,1,Hamar,0.0,18.03,0.0
2035,1,Skien,0.0,28.85,0.0
2035,1,Kristiansand,0.0,21.63,0.0
2035,1,Stavanger,0.0,20.19,0.0
2035,1,Bergen,0.0,28.85,0.0
2035,1,Molde,0.0,18.03,0.0
2035,1,Trondheim,0.0,37.5,0.0
2035,1,Bodø,0.0,15.87,0.0
2035,1,Tromsø,0.0,25.24,0.0
2035,2,Oslo,0.0,21.63,0.0
2035,2,Hamar,0.0,18.03,0.0
2035,2,Skien,0.0,28.85,0.0
2035,2,Kristiansand,0.0,21.63,0.0
2035,2,Stavanger,0.0,20.19,0.0
2035,2,Bergen,0.0,28.85,0.0
2035,2,Molde,0.0,18.03,0.0
2035,2,Trondheim,0.0,37.5,0.0
2035,2,Bodø,0.0,15.87,0.0
2035,2,Tromsø,0.0,25.24,0.0
2035,3,Oslo,0.0,21.63,0.0
2035,3,Hamar,0.0,18.03,0.0
2035,3,Skien,0.0,28.85,0.0
2035,3,Kristiansand,0.0,21.63,0.0
2035,3,Stavanger,0.0,20.19,0.0
2035,3,Bergen,0.0,28.85,0.0
2035,3,Molde,0.0,18.03,0.0
2035,3,Trondheim,0.0,37.5,0.0
2035,3,Bodø,0.0,15.87,0.0
2035,3,Tromsø,0.0,25.24,0.0
2035,4,Oslo,0.0,21.63,0.0
2035,4,Hamar,0.0,18.03,0.0
2035,4,Skien,0.0,28.85,0.0
2035,4,Kristiansand,0.0,21.63,0.0
2035,4,Stavanger,0.0,20.19,0.0
2035,4,Bergen,0.0,28.85,0.0
2035,4,Molde,0.0,18.03,0.0
2035,4,Trondheim,0.0,37.5,0.0
2035,4,Bodø,0.0,15.87,0.0
2035,4,Tromsø,0.0,25.24,0.0
2035,5,Oslo,0.0,21.63,0.0
2035,5,Hamar,0.0,18.03,0.0
2035,5,Skien,0.0,28.85,0.0
2035,5,Kristiansand,0.0,21.63,0.0
2035,5,Stavanger,0.0,20.19,0.0
2035,5,Bergen,0.0,28.85,0.0
2035,5,Molde,0.0,18.03,0.0
2035,5,Trondheim,0.0,37.5,0.0
2035,5,Bodø,0.0,15.87,0.0
2035,5,Tromsø,0.0,25.24,0.0
2035,6,Oslo,0.0,21.63,0.0
2035,6,Hamar,0.0,18.03,0.0
2035,6,Skien,0.0,28.85,0.0
2035,6,Kristiansand,0.0,21.63,0.0
2035,6,Stavanger,0.0,20.19,0.0
2035,6,Bergen,0.0,28.85,0.0
2035,6,Molde,0.0,18.03,0.0
2035,6,Trondheim,0.0,37.5,0.0
2035,6,Bodø,0.0,15.87,0.0
2035,6,Tromsø,0.0,25.24,0.0
2035,7,Oslo,0.0,21.63,0.0
2035,7,Hamar,0.0,18.03,0.0
2035,7,Skien,0.0,28.85,0.0
2035,7,Kristiansand,0.0,21.63,0.0
2035,7,Stavanger,0.0,20.19,0.0
2035,7,Bergen,0.0,28.85,0.0
2035,7,Molde,0.0,18.03,0.0
2035,7,Trondheim,0.0,37.5,0.0
2035,7,Bodø,0.0,15.87,0.0
2035,7,Tromsø,0.0,25.24,0.0
2035,8,Oslo,0.0,21.63,0.0
2035,8,Hamar,0.0,18.03,0.0
2035,8,Skien,0.0,28.85,0.0
2035,8,Kristiansand,0.0,21.63,0.0
2035,8,Stavanger,0.0,20.19,0.0
2035,8,Bergen,0.0,28.85,0.0
2035,8,Molde,0.0,18.03,0.0
2035,8,Trondheim,0.0,37.5,0.0
2035,8,Bodø,0.0,15.87,0.0
2035,8,Tromsø,0.0,25.24,0.0
2035,9,Oslo,0.0,21.63,0.0
2035,9,Hamar,0.0,18.03,0.0
2035,9,Skien,0.0,28.85,0.0
2035,9,Kristiansand,0.0,21.63,0.0
2035,9,Stavanger,0.0,20.19,0.0
2035,9,Bergen,0.0,28.85,0.0
2035,9,Molde,0.0,18.03,0.0
2035,9,Trondheim,0.0,37.5,0.0
2035,9,Bodø,0.0,15.87,0.0
2035,9,Tromsø,0.0,25.24,0.0
2035,10,Oslo,0.0,21.63,0.0
2035,10,Hamar,0.0,18.03,0.0
2035,10,Skien,0.0,28.85,0.0
2035,10,Kristiansand,0.0,21.63,0.0
2035,10,Stavanger,0.0,20.19,0.0
2035,10,Bergen,0.0,28.85,0.0
2035,10,Molde,0.0,18.03,0.0
2035,10,Trondheim,0.0,37.5,0.0
2035,10,Bodø,0.0,15.87,0.0
2035,10,Tromsø,0.0,25.24,0.0
2035,11,Oslo,0.0,21.63,0.0
2035,11,Hamar,0.0,18.03,0.0
2035,11,Skien,0.0,28.85,0.0
2035,11,Kristiansand,0.0,21.63,0.0
2035,11,Stavanger,0.0,20.19,0.0
2035,11,Bergen,0.0,28.85,0.0
2035,11,Molde,0.0,18.03,0.0
2035,11,Trondheim,0.0,37.5,0.0
2035,11,Bodø,0.0,15.87,0.0
2035,11,Tromsø,0.0,25.24,0.0
2035,12,Oslo,0.0,21.63,0.0
2035,12,Hamar,0.0,18.03,0.0
2035,12,Skien,0.0,28.85,0.0
2035,12,Kristiansand,0.0,21.63,0.0
2035,12,Stavanger,0.0,20.19,0.0
2035,12,Bergen,0.0,28.85,0.0
2035,12,Molde,0.0,18.03,0.0
2035,12,Trondheim,0.0,37.5,0.0
2035,12,Bodø,0.0,15.87,0.0
2035,12,Tromsø,0.0,25.24,0.0
2035,13,Oslo,0.0,21.63,0.0
2035,13,Hamar,0.0,18.03,0.0
2035,13,Skien,0.0,28.85,0.0
2035,13,Kristiansand,0.0,21.63,0.0
2035,13,Stavanger,0.0,20.19,0.0
2035,13,Bergen,0.0,28.85,0.0
2035,13,Molde,0.0,18.03,0.0
2035,13,Trondheim,0.0,37.5,0.0
2035,13,Bodø,0.0,15.87,0.0
2035,13,Tromsø,0.0,25.24,0.0
2035,14,Oslo,0.0,21.63,0.0
2035,14,Hamar,0.0,18.03,0.0
2035,14,Skien,0.0,28.85,0.0
2035,14,Kristiansand,0.0,21.63,0.0
2035,14,Stavanger,0.0,20.19,0.0
2035,14,Bergen,0.0,28.85,0.0
2035,14,Molde,0.0,18.03,0.0
2035,14,Trondheim,0.0,37.5,0.0
2035,14,Bodø,0.0,15.87,0.0
2035,14,Tromsø,0.0,25.24,0.0
2035,15,Oslo,0.0,21.63,0.0
2035,15,Hamar,0.0,18.03,0.0
2035,15,Skien,0.0,28.85,0.0
2035,15,Kristiansand,0.0,21.63,0.0
2035,15,Stavanger,0.0,20.19,0.0
2035,15,Bergen,0.0,28.85,0.0
2035,15,Molde,0.0,18.03,0.0
2035,15,Trondheim,0.0,37.5,0.0
2035,15,Bodø,0.0,15.87,0.0
2035,15,Tromsø,0.0,25.24,0.0
2035,16,Oslo,0.0,21.63,0.0
2035,16,Hamar,0.0,18.03,0.0
2035,16,Skien,0.0,28.85,0.0
2035,16,Kristiansand,0.0,21.63,0.0
2035,16,Stavanger,0.0,20.19,0.0
2035,16,Bergen,0.0,28.85,0.0
2035,16,Molde,0.0,18.03,0.0
2035,16,Trondheim,0.0,37.5,0.0
2035,16,Bodø,0.0,15.87,0.0
2035,16,Tromsø,0.0,25.24,0.0
2035,17,Oslo,0.0,21.63,0.0
2035,17,Hamar,0.0,18.03,0.0
2035,17,Skien,0.0,28.85,0.0
2035,17,Kristiansand,0.0,21.63,0.0
2035,17,Stavanger,0.0,20.19,0.0
2035,17,Bergen,0.0,28.85,0.0
2035,17,Molde,0.0,18.03,0.0
2035,17,Trondheim,0.0,37.5,0.0
2035,17,Bodø,0.0,15.87,0.0
2035,17,Tromsø,0.0,25.24,0.0
2035,18,Oslo,0.0,21.63,0.0
2035,18,Hamar,0.0,18.03,0.0
2035,18,Skien,0.0,28.85,0.0
2035,18,Kristiansand,0.0,21.63,0.0
2035,18,Stavanger,0.0,20.19,0.0
2035,18,Bergen,0.0,28.85,0.0
2035,18,Molde,0.0,18.03,0.0
2035,18,Trondheim,0.0,37.5,0.0
2035,18,Bodø,0.0,15.87,0.0
2035,18,Tromsø,0.0,25.24,0.0
2035,19,Oslo,0.0,21.63,0.0
2035,19,Hamar,0.0,18.03,0.0
2035,19,Skien,0.0,28.85,0.0
2035,19,Kristiansand,0.0,21.63,0.0
2035,19,Stavanger,0.0,20.19,0.0
2035,19,Bergen,0.0,28.85,0.0
2035,19,Molde,0.0,18.03,0.0
2035,19,Trondheim,0.0,37.5,0.0
2035,19,Bodø,0.0,15.87,0.0
2035,19,Tromsø,0.0,25.24,0.0
2035,20,Oslo,0.0,21.63,0.0
2035,20,Hamar,0.0,18.03,0.0
2035,20,Skien,0.0,28.85,0.0
2035,20,Kristiansand,0.0,21.63,0.0
2035,20,Stavanger,0.0,20.19,0.0
2035,20,Bergen,0.0,28.85,0.0
2035,20,Molde,0.0,18.03,0.0
2035,20,Trondheim,0.0,37.5,0.0
2035,20,Bodø,0.0,15.87,0.0
2035,20,Tromsø,0.0,25.24,0.0
2035,21,Oslo,0.0,21.63,0.0
2035,21,Hamar,0.0,18.03,0.0
2035,21,Skien,0.0,28.85,0.0
2035,21,Kristiansand,0.0,21.63,0.0
2035,21,Stavanger,0.0,20.19,0.0
2035,21,Bergen,0.0,28.85,0.0
2035,21,Molde,0.0,18.03,0.0
2035,21,Trondheim,0.0,37.5,0.0
2035,21,Bodø,0.0,15.87,0.0
2035,21,Tromsø,0.0,25.24,0.0
2035,22,Oslo,0.0,21.63,0.0
2035,22,Hamar,0.0,18.03,0.0
2035,22,Skien,0.0,28.85,0.0
2035,22,Kristiansand,0.0,21.63,0.0
2035,22,Stavanger,0.0,20.19,0.0
2035,22,Bergen,0.0,28.85,0.0
2035,22,Molde,0.0,18.03,0.0
2035,22,Trondheim,0.0,37.5,0.0
2035,22,Bodø,0.0,15.87,0.0
2035,22,Tromsø,0.0,25.24,0.0
2035,23,Oslo,0.0,21.63,0.0
2035,23,Hamar,0.0,18.03,0.0
2035,23,Skien,0.0,28.85,0.0
2035,23,Kristiansand,0.0,21.63,0.0
2035,23,Stavanger,0.0,20.19,0.0
2035,23,Bergen,0.0,28.85,0.0
2035,23,Molde,0.0,18.03,0.0
2035,23,Trondheim,0.0,37.5,0.0
2035,23,Bodø,0.0,15.87,0.0
2035,23,Tromsø,0.0,25.24,0.0
2035,24,Oslo,0.0,21.63,0.0
2035,24,Hamar,0.0,18.03,0.0
2035,24,Skien,0.0,28.85,0.0
2035,24,Kristiansand,0.0,21.63,0.0
2035,24,Stavanger,0.0,20.19,0.0
2035,24,Bergen,0.0,28.85,0.0
2035,24,Molde,0.0,18.03,0.0
2035,24,Trondheim,0.0,37.5,0.0
2035,24,Bodø,0.0,15.87,0.0
2035,24,Tromsø,0.0,25.24,0.0
2035,25,Oslo,0.0,21.63,0.0
2035,25,Hamar,0.0,18.03,0.0
2035,25,Skien,0.0,28.85,0.0
2035,25,Kristiansand,0.0,21.63,0.0
2035,25,Stavanger,0.0,20.19,0.0
2035,25,Bergen,0.0,28.85,0.0
2035,25,Molde,0.0,18.03,0.0
2035,25,Trondheim,0.0,37.5,0.0
2035,25,Bodø,0.0,15.87,0.0
2035,25,Tromsø,0.0,25.24,0.0
2035,26,Oslo,0.0,21.63,0.0
2035,26,Hamar,0.0,18.03,0.0
2035,26,Skien,0.0,28.85,0.0
2035,26,Kristiansand,0.0,21.63,0.0
2035,26,Stavanger,0.0,20.19,0.0
2035,26,Bergen,0.0,28.85,0.0
2035,26,Molde,0.0,18.03,0.0
2035,26,Trondheim,0.0,37.5,0.0
2035,26,Bodø,0.0,15.87,0.0
2035,26,Tromsø,0.0,25.24,0.0
2035,27,Oslo,0.0,21.63,0.0
2035,27,Hamar,0.0,18.03,0.0
2035,27,Skien,0.0,28.85,0.0
2035,27,Kristiansand,0.0,21.63,0.0
2035,27,Stavanger,0.0,20.19,0.0
2035,27,Bergen,0.0,28.85,0.0
2035,27,Molde,0.0,18.03,0.0
2035,27,Trondheim,0.0,37.5,0.0
2035,27,Bodø,0.0,15.87,0.0
2035,27,Tromsø,0.0,25.24,0.0
2035,28,Oslo,0.0,21.63,0.0
2035,28,Hamar,0.0,18.03,0.0
2035,28,Skien,0.0,28.85,0.0
2035,28,Kristiansand,0.0,21.63,0.0
2035,28,Stavanger,0.0,20.19,0.0
2035,28,Bergen,0.0,28.85,0.0
2035,28,Molde,0.0,18.03,0.0
2035,28,Trondheim,0.0,37.5,0.0
2035,28,Bodø,0.0,15.87,0.0
2035,28,Tromsø,0.0,25.24,0.0
2035,29,Oslo,0.0,21.63,0.0
2035,29,Hamar,0.0,18.03,0.0
2035,29,Skien,0.0,28.85,0.0
2035,29,Kristiansand,0.0,21.63,0.0
2035,29,Stavanger,0.0,20.19,0.0
2035,29,Bergen,0.0,28.85,0.0
2035,29,Molde,0.0,18.03,0.0
2035,29,Trondheim,0.0,37.5,0.0
2035,29,Bodø,0.0,15.87,0.0
2035,29,Tromsø,0.0,25.24,0.0
2035,30,Oslo,0.0,21.63,0.0
2035,30,Hamar,0.0,18.03,0.0
2035,30,Skien,0.0,28.85,0.0
2035,30,Kristiansand,0.0,21.63,0.0
2035,30,Stavanger,0.0,20.19,0.0
2035,30,Bergen,0.0,28.85,0.0
2035,30,Molde,0.0,18.03,0.0
2035,30,Trondheim,0.0,37.5,0.0
2035,30,Bodø,0.0,15.87,0.0
2035,30,Tromsø,0.0,25.24,0.0
2035,31,Oslo,0.0,21.63,0.0
2035,31,Hamar,0.0,18.03,0.0
2035,31,Skien,0.0,28.85,0.0
2035,31,Kristiansand,0.0,21.63,0.0
2035,31,Stavanger,0.0,20.19,0.0
2035,31,Bergen,0.0,28.85,0.0
2035,31,Molde,0.0,18.03,0.0
2035,31,Trondheim,0.0,37.5,0.0
2035,31,Bodø,0.0,15.87,0.0
2035,31,Tromsø,0.0,25.24,0.0
2035,32,Oslo,0.0,21.63,0.0
2035,32,Hamar,0.0,18.03,0.0
2035,32,Skien,0.0,28.85,0.0
2035,32,Kristiansand,0.0,21.63,0.0
2035,32,Stavanger,0.0,20.19,0.0
2035,32,Bergen,0.0,28.85,0.0
2035,32,Molde,0.0,18.03,0.0
2035,32,Trondheim,0.0,37.5,0.0
2035,32,Bodø,0.0,15.87,0.0
2035,32,Tromsø,0.0,25.24,0.0
2035,33,Oslo,0.0,21.63,0.0
2035,33,Hamar,0.0,18.03,0.0
2035,33,Skien,0.0,28.85,0.0
2035,33,Kristiansand,0.0,21.63,0.0
2035,33,Stavanger,0.0,20.19,0.0
2035,33,Bergen,0.0,28.85,0.0
2035,33,Molde,0.0,18.03,0.0
2035,33,Trondheim,0.0,37.5,0.0
2035,33,Bodø,0.0,15.87,0.0
2035,33,Tromsø,0.0,25.24,0.0
2035,34,Oslo,0.0,21.63,0.0
2035,34,Hamar,0.0,18.03,0.0
2035,34,Skien,0.0,28.85,0.0
2035,34,Kristiansand,0.0,21.63,0.0
2035,34,Stavanger,0.0,20.19,0.0
2035,34,Bergen,0.0,28.85,0.0
2035,34,Molde,0.0,18.03,0.0
2035,34,Trondheim,0.0,37.5,0.0
2035,34,Bodø,0.0,15.87,0.0
2035,34,Tromsø,0.0,25.24,0.0
2035,35,Oslo,0.0,21.63,0.0
2035,35,Hamar,0.0,18.03,0.0
2035,35,Skien,0.0,28.85,0.0
2035,35,Kristiansand,0.0,21.63,0.0
2035,35,Stavanger,0.0,20.19,0.0
2035,35,Bergen,0.0,28.85,0.0
2035,35,Molde,0.0,18.03,0.0
2035,35,Trondheim,0.0,37.5,0.0
2035,35,Bodø,0.0,15.87,0.0
2035,35,Tromsø,0.0,25.24,0.0
2035,36,Oslo,0.0,21.63,0.0
2035,36,Hamar,0.0,18.03,0.0
2035,36,Skien,0.0,28.85,0.0
2035,36,Kristiansand,0.0,21.63,0.0
2035,36,Stavanger,0.0,20.19,0.0
2035,36,Bergen,0.0,28.85,0.0
2035,36,Molde,0.0,18.03,0.0
2035,36,Trondheim,0.0,37.5,0.0
2035,36,Bodø,0.0,15.87,0.0
2035,36,Tromsø,0.0,25.24,0.0
2035,37,Oslo,0.0,21.63,0.0
2035,37,Hamar,0.0,18.03,0.0
2035,37,Skien,0.0,28.85,0.0
2035,37,Kristiansand,0.0,21.63,0.0
2035,37,Stavanger,0.0,20.19,0.0
2035,37,Bergen,0.0,28.85,0.0
2035,37,Molde,0.0,18.03,0.0
2035,37,Trondheim,0.0,37.5,0.0
2035,37,Bodø,0.0,15.87,0.0
2035,37,Tromsø,0.0,25.24,0.0
2035,38,Oslo,0.0,21.63,0.0
2035,38,Hamar,0.0,18.03,0.0
2035,38,Skien,0.0,28.85,0.0
2035,38,Kristiansand,0.0,21.63,0.0
2035,38,Stavanger,0.0,20.19,0.0
2035,38,Bergen,0.0,28.85,0.0
2035,38,Molde,0.0,18.03,0.0
2035,38,Trondheim,0.0,37.5,0.0
2035,38,Bodø,0.0,15.87,0.0
2035,38,Tromsø,0.0,25.24,0.0
2035,39,Oslo,0.0,21.63,0.0
2035,39,Hamar,0.0,18.03,0.0
2035,39,Skien,0.0,28.85,0.0
2035,39,Kristiansand,0.0,21.63,0.0
2035,39,Stavanger,0.0,20.19,0.0
2035,39,Bergen,0.0,28.85,0.0
2035,39,Molde,0.0,18.03,0.0
2035,39,Trondheim,0.0,37.5,0.0
2035,39,Bodø,0.0,15.87,0.0
2035,39,Tromsø,0.0,25.24,0.0
2035,40,Oslo,0.0,21.63,0.0
2035,40,Hamar,0.0,18.03,0.0
2035,40,Skien,0.0,28.85,0.0
2035,40,Kristiansand,0.0,21.63,0.0
2035,40,Stavanger,0.0,20.19,0.0
2035,40,Bergen,0.0,28.85,0.0
2035,40,Molde,0.0,18.03,0.0
2035,40,Trondheim,0.0,37.5,0.0
2035,40,Bodø,0.0,15.87,0.0
2035,40,Tromsø,0.0,25.24,0.0
2035,41,Oslo,0.0,21.63,0.0
2035,41,Hamar,0.0,18.03,0.0
2035,41,Skien,0.0,28.85,0.0
2035,41,Kristiansand,0.0,21.63,0.0
2035,41,Stavanger,0.0,20.19,0.0
2035,41,Bergen,0.0,28.85,0.0
2035,41,Molde,0.0,18.03,0.0
2035,41,Trondheim,0.0,37.5,0.0
2035,41,Bodø,0.0,15.87,0.0
2035,41,Tromsø,0.0,25.24,0.0
2035,42,Oslo,0.0,21.63,0.0
2035,42,Hamar,0.0,18.03,0.0
2035,42,Skien,0.0,28.85,0.0
2035,42,Kristiansand,0.0,21.63,0.0
2035,42,Stavanger,0.0,20.19,0.0
2035,42,Bergen,0.0,28.85,0.0
2035,42,Molde,0.0,18.03,0.0
2035,42,Trondheim,0.0,37.5,0.0
2035,42,Bodø,0.0,15.87,0.0
2035,42,Tromsø,0.0,25.24,0.0
2035,43,Oslo,0.0,21.63,0.0
2035,43,Hamar,0.0,18.03,0.0
2035,43,Skien,0.0,28.85,0.0
2035,43,Kristiansand,0.0,21.63,0.0
2035,43,Stavanger,0.0,20.19,0.0
2035,43,Bergen,0.0,28.85,0.0
2035,43,Molde,0.0,18.03,0.0
2035,43,Trondheim,0.0,37.5,0.0
2035,43,Bodø,0.0,15.87,0.0
2035,43,Tromsø,0.0,25.24,0.0
2035,44,Oslo,0.0,21.63,0.0
2035,44,Hamar,0.0,18.03,0.0
2035,44,Skien,0.0,28.85,0.0
2035,44,Kristiansand,0.0,21.63,0.0
2035,44,Stavanger,0.0,20.19,0.0
2035,44,Bergen,0.0,28.85,0.0
2035,44,Molde,0.0,18.03,0.0
2035,44,Trondheim,0.0,37.5,0.0
2035,44,Bodø,0.0,15.87,0.0
2035,44,Tromsø,0.0,25.24,0.0
2035,45,Oslo,0.0,21.63,0.0
2035,45,Hamar,0.0,18.03,0.0
2035,45,Skien,0.0,28.85,0.0
2035,45,Kristiansand,0.0,21.63,0.0
2035,45,Stavanger,0.0,20.19,0.0
2035,45,Bergen,0.0,28.85,0.0
2035,45,Molde,0.0,18.03,0.0
2035,45,Trondheim,0.0,37.5,0.0
2035,45,Bodø,0.0,15.87,0.0
2035,45,Tromsø,0.0,25.24,0.0
2035,46,Oslo,0.0,21.63,0.0
2035,46,Hamar,0.0,18.03,0.0
2035,46,Skien,0.0,28.85,0.0
2035,46,Kristiansand,0.0,21.63,0.0
2035,46,Stavanger,0.0,20.19,0.0
2035,46,Bergen,0.0,28.85,0.0
2035,46,Molde,0.0,18.03,0.0
2035,46,Trondheim,0.0,37.5,0.0
2035,46,Bodø,0.0,15.87,0.0
2035,46,Tromsø,0.0,25.24,0.0
2035,47,Oslo,0.0,21.63,0.0
2035,47,Hamar,0.0,18.03,0.0
2035,47,Skien,0.0,28.85,0.0
2035,47,Kristiansand,0.0,21.63,0.0
2035,47,Stavanger,0.0,20.19,0.0
2035,47,Bergen,0.0,28.85,0.0
2035,47,Molde,0.0,18.03,0.0
2035,47,Trondheim,0.0,37.5,0.0
2035,47,Bodø,0.0,15.87,0.0
2035,47,Tromsø,0.0,25.24,0.0
2035,48,Oslo,0.0,21.63,0.0
2035,48,Hamar,0.0,18.03,0.0
2035,48,Skien,0.0,28.85,0.0
2035,48,Kristiansand,0.0,21.63,0.0
2035,48,Stavanger,0.0,20.19,0.0
2035,48,Bergen,0.0,28.85,0.0
2035,48,Molde,0.0,18.03,0.0
2035,48,Trondheim,0.0,37.5,0.0
2035,48,Bodø,0.0,15.87,0.0
2035,48,Tromsø,0.0,25.24,0.0
2035,49,Oslo,0.0,21.63,0.0
2035,49,Hamar,0.0,18.03,0.0
2035,49,Skien,0.0,28.85,0.0
2035,49,Kristiansand,0.0,21.63,0.0
2035,49,Stavanger,0.0,20.19,0.0
2035,49,Bergen,0.0,28.85,0.0
2035,49,Molde,0.0,18.03,0.0
2035,49,Trondheim,0.0,37.5,0.0
2035,49,Bodø,0.0,15.87,0.0
2035,49,Tromsø,0.0,25.24,0.0
2035,50,Oslo,0.0,21.63,0.0
2035,50,Hamar,0.0,18.03,0.0
2035,50,Skien,0.0,28.85,0.0
2035,50,Kristiansand,0.0,21.63,0.0
2035,50,Stavanger,0.0,20.19,0.0
2035,50,Bergen,0.0,28.85,0.0
2035,50,Molde,0.0,18.03,0.0
2035,50,Trondheim,0.0,37.5,0.0
2035,50,Bodø,0.0,15.87,0.0
2035,50,Tromsø,0.0,25.24,0.0
2035,51,Oslo,0.0,21.63,0.0
2035,51,Hamar,0.0,18.03,0.0
2035,51,Skien,0.0,28.85,0.0
2035,51,Kristiansand,0.0,21.63,0.0
2035,51,Stavanger,0.0,20.19,0.0
2035,51,Bergen,0.0,28.85,0.0
2035,51,Molde,0.0,18.03,0.0
2035,51,Trondheim,0.0,37.5,0.0
2035,51,Bodø,0.0,15.87,0.0
2035,51,Tromsø,0.0,25.24,0.0
2035,52,Oslo,0.0,21.63,0.0
2035,52,Hamar,0.0,18.03,0.0
2035,52,Skien,0.0,28.85,0.0
2035,52,Kristiansand,0.0,21.63,0.0
2035,52,Stavanger,0.0,20.19,0.0
2035,52,Bergen,0.0,28.85,0.0
2035,52,Molde,0.0,18.03,0.0
2035,52,Trondheim,0.0,37.5,0.0
2035,52,Bodø,0.0,15.87,0.0
2035,52,Tromsø,0.0,25.24,0.0
2036,1,Oslo,0.0,21.63,0.0
2036,1,Hamar,0.0,18.03,0.0
2036,1,Skien,0.0,28.85,0.0
2036,1,Kristiansand,0.0,21.63,0.0
2036,1,Stavanger,0.0,20.19,0.0
2036,1,Bergen,0.0,28.85,0.0
2036,1,Molde,0.0,18.03,0.0
2036,1,Trondheim,0.0,37.5,0.0
2036,1,Bodø,0.0,15.87,0.0
2036,1,Tromsø,0.0,25.24,0.0
2036,2,Oslo,0.0,21.63,0.0
2036,2,Hamar,0.0,18.03,0.0
2036,2,Skien,0.0,28.85,0.0
2036,2,Kristiansand,0.0,21.63,0.0
2036,2,Stavanger,0.0,20.19,0.0
2036,2,Bergen,0.0,28.85,0.0
2036,2,Molde,0.0,18.03,0.0
2036,2,Trondheim,0.0,37.5,0.0
2036,2,Bodø,0.0,15.87,0.0
2036,2,Tromsø,0.0,25.24,0.0
2036,3,Oslo,0.0,21.63,0.0
2036,3,Hamar,0.0,18.03,0.0
2036,3,Skien,0.0,28.85,0.0
2036,3,Kristiansand,0.0,21.63,0.0
2036,3,Stavanger,0.0,20.19,0.0
2036,3,Bergen,0.0,28.85,0.0
2036,3,Molde,0.0,18.03,0.0
2036,3,Trondheim,0.0,37.5,0.0
2036,3,Bodø,0.0,15.87,0.0
2036,3,Tromsø,0.0,25.24,0.0
2036,4,Oslo,0.0,21.63,0.0
2036,4,Hamar,0.0,18.03,0.0
2036,4,Skien,0.0,28.85,0.0
2036,4,Kristiansand,0.0,21.63,0.0
2036,4,Stavanger,0.0,20.19,0.0
2036,4,Bergen,0.0,28.85,0.0
2036,4,Molde,0.0,18.03,0.0
2036,4,Trondheim,0.0,37.5,0.0
2036,4,Bodø,0.0,15.87,0.0
2036,4,Tromsø,0.0,25.24,0.0
2036,5,Oslo,0.0,21.63,0.0
2036,5,Hamar,0.0,18.03,0.0
2036,5,Skien,0.0,28.85,0.0
2036,5,Kristiansand,0.0,21.63,0.0
2036,5,Stavanger,0.0,20.19,0.0
2036,5,Bergen,0.0,28.85,0.0
2036,5,Molde,0.0,18.03,0.0
2036,5,Trondheim,0.0,37.5,0.0
2036,5,Bodø,0.0,15.87,0.0
2036,5,Tromsø,0.0,25.24,0.0
2036,6,Oslo,0.0,21.63,0.0
2036,6,Hamar,0.0,18.03,0.0
2036,6,Skien,0.0,28.85,0.0
2036,6,Kristiansand,0.0,21.63,0.0
2036,6,Stavanger,0.0,20.19,0.0
2036,6,Bergen,0.0,28.85,0.0
2036,6,Molde,0.0,18.03,0.0
2036,6,Trondheim,0.0,37.5,0.0
2036,6,Bodø,0.0,15.87,0.0
2036,6,Tromsø,0.0,25.24,0.0
2036,7,Oslo,0.0,21.63,0.0
2036,7,Hamar,0.0,18.03,0.0
2036,7,Skien,0.0,28.85,0.0
2036,7,Kristiansand,0.0,21.63,0.0
2036,7,Stavanger,0.0,20.19,0.0
2036,7,Bergen,0.0,28.85,0.0
2036,7,Molde,0.0,18.03,0.0
2036,7,Trondheim,0.0,37.5,0.0
2036,7,Bodø,0.0,15.87,0.0
2036,7,Tromsø,0.0,25.24,0.0
2036,8,Oslo,0.0,21.63,0.0
2036,8,Hamar,0.0,18.03,0.0
2036,8,Skien,0.0,28.85,0.0
2036,8,Kristiansand,0.0,21.63,0.0
2036,8,Stavanger,0.0,20.19,0.0
2036,8,Bergen,0.0,28.85,0.0
2036,8,Molde,0.0,18.03,0.0
2036,8,Trondheim,0.0,37.5,0.0
2036,8,Bodø,0.0,15.87,0.0
2036,8,Tromsø,0.0,25.24,0.0
2036,9,Oslo,0.0,21.63,0.0
2036,9,Hamar,0.0,18.03,0.0
2036,9,Skien,0.0,28.85,0.0
2036,9,Kristiansand,0.0,21.63,0.0
2036,9,Stavanger,0.0,20.19,0.0
2036,9,Bergen,0.0,28.85,0.0
2036,9,Molde,0.0,18.03,0.0
2036,9,Trondheim,0.0,37.5,0.0
2036,9,Bodø,0.0,15.87,0.0
2036,9,Tromsø,0.0,25.24,0.0
2036,10,Oslo,0.0,21.63,0.0
2036,10,Hamar,0.0,18.03,0.0
2036,10,Skien,0.0,28.85,0.0
2036,10,Kristiansand,0.0,21.63,0.0
2036,10,Stavanger,0.0,20.19,0.0
2036,10,Bergen,0.0,28.85,0.0
2036,10,Molde,0.0,18.03,0.0
2036,10,Trondheim,0.0,37.5,0.0
2036,10,Bodø,0.0,15.87,0.0
2036,10,Tromsø,0.0,25.24,0.0
2036,11,Oslo,0.0,21.63,0.0
2036,11,Hamar,0.0,18.03,0.0
2036,11,Skien,0.0,28.85,0.0
2036,11,Kristiansand,0.0,21.63,0.0
2036,11,Stavanger,0.0,20.19,0.0
2036,11,Bergen,0.0,28.85,0.0
2036,11,Molde,0.0,18.03,0.0
2036,11,Trondheim,0.0,37.5,0.0
2036,11,Bodø,0.0,15.87,0.0
2036,11,Tromsø,0.0,25.24,0.0
2036,12,Oslo,0.0,21.63,0.0
2036,12,Hamar,0.0,18.03,0.0
2036,12,Skien,0.0,28.85,0.0
2036,12,Kristiansand,0.0,21.63,0.0
2036,12,Stavanger,0.0,20.19,0.0
2036,12,Bergen,0.0,28.85,0.0
2036,12,Molde,0.0,18.03,0.0
2036,12,Trondheim,0.0,37.5,0.0
2036,12,Bodø,0.0,15.87,0.0
2036,12,Tromsø,0.0,25.24,0.0
2036,13,Oslo,0.0,21.63,0.0
2036,13,Hamar,0.0,18.03,0.0
2036,13,Skien,0.0,28.85,0.0
2036,13,Kristiansand,0.0,21.63,0.0
2036,13,Stavanger,0.0,20.19,0.0
2036,13,Bergen,0.0,28.85,0.0
2036,13,Molde,0.0,18.03,0.0
2036,13,Trondheim,0.0,37.5,0.0
2036,13,Bodø,0.0,15.87,0.0
2036,13,Tromsø,0.0,25.24,0.0
2036,14,Oslo,0.0,21.63,0.0
2036,14,Hamar,0.0,18.03,0.0
2036,14,Skien,0.0,28.85,0.0
2036,14,Kristiansand,0.0,21.63,0.0
2036,14,Stavanger,0.0,20.19,0.0
2036,14,Bergen,0.0,28.85,0.0
2036,14,Molde,0.0,18.03,0.0
2036,14,Trondheim,0.0,37.5,0.0
2036,14,Bodø,0.0,15.87,0.0
2036,14,Tromsø,0.0,25.24,0.0
2036,15,Oslo,0.0,21.63,0.0
2036,15,Hamar,0.0,18.03,0.0
2036,15,Skien,0.0,28.85,0.0
2036,15,Kristiansand,0.0,21.63,0.0
2036,15,Stavanger,0.0,20.19,0.0
2036,15,Bergen,0.0,28.85,0.0
2036,15,Molde,0.0,18.03,0.0
2036,15,Trondheim,0.0,37.5,0.0
2036,15,Bodø,0.0,15.87,0.0
2036,15,Tromsø,0.0,25.24,0.0
2036,16,Oslo,0.0,21.63,0.0
2036,16,Hamar,0.0,18.03,0.0
2036,16,Skien,0.0,28.85,0.0
2036,16,Kristiansand,0.0,21.63,0.0
2036,16,Stavanger,0.0,20.19,0.0
2036,16,Bergen,0.0,28.85,0.0
2036,16,Molde,0.0,18.03,0.0
2036,16,Trondheim,0.0,37.5,0.0
2036,16,Bodø,0.0,15.87,0.0
2036,16,Tromsø,0.0,25.24,0.0
2036,17,Oslo,0.0,21.63,0.0
2036,17,Hamar,0.0,18.03,0.0
2036,17,Skien,0.0,28.85,0.0
2036,17,Kristiansand,0.0,21.63,0.0
2036,17,Stavanger,0.0,20.19,0.0
2036,17,Bergen,0.0,28.85,0.0
2036,17,Molde,0.0,18.03,0.0
2036,17,Trondheim,0.0,37.5,0.0
2036,17,Bodø,0.0,15.87,0.0
2036,17,Tromsø,0.0,25.24,0.0
2036,18,Oslo,0.0,21.63,0.0
2036,18,Hamar,0.0,18.03,0.0
2036,18,Skien,0.0,28.85,0.0
2036,18,Kristiansand,0.0,21.63,0.0
2036,18,Stavanger,0.0,20.19,0.0
2036,18,Bergen,0.0,28.85,0.0
2036,18,Molde,0.0,18.03,0.0
2036,18,Trondheim,0.0,37.5,0.0
2036,18,Bodø,0.0,15.87,0.0
2036,18,Tromsø,0.0,25.24,0.0
2036,19,Oslo,0.0,21.63,0.0
2036,19,Hamar,0.0,18.03,0.0
2036,19,Skien,0.0,28.85,0.0
2036,19,Kristiansand,0.0,21.63,0.0
2036,19,Stavanger,0.0,20.19,0.0
2036,19,Bergen,0.0,28.85,0.0
2036,19,Molde,0.0,18.03,0.0
2036,19,Trondheim,0.0,37.5,0.0
2036,19,Bodø,0.0,15.87,0.0
2036,19,Tromsø,0.0,25.24,0.0
2036,20,Oslo,0.0,21.63,0.0
2036,20,Hamar,0.0,18.03,0.0
2036,20,Skien,0.0,28.85,0.0
2036,20,Kristiansand,0.0,21.63,0.0
2036,20,Stavanger,0.0,20.19,0.0
2036,20,Bergen,0.0,28.85,0.0
2036,20,Molde,0.0,18.03,0.0
2036,20,Trondheim,0.0,37.5,0.0
2036,20,Bodø,0.0,15.87,0.0
2036,20,Tromsø,0.0,25.24,0.0
2036,21,Oslo,0.0,21.63,0.0
2036,21,Hamar,0.0,18.03,0.0
2036,21,Skien,0.0,28.85,0.0
2036,21,Kristiansand,0.0,21.63,0.0
2036,21,Stavanger,0.0,20.19,0.0
2036,21,Bergen,0.0,28.85,0.0
2036,21,Molde,0.0,18.03,0.0
2036,21,Trondheim,0.0,37.5,0.0
2036,21,Bodø,0.0,15.87,0.0
2036,21,Tromsø,0.0,25.24,0.0
2036,22,Oslo,0.0,21.63,0.0
2036,22,Hamar,0.0,18.03,0.0
2036,22,Skien,0.0,28.85,0.0
2036,22,Kristiansand,0.0,21.63,0.0
2036,22,Stavanger,0.0,20.19,0.0
2036,22,Bergen,0.0,28.85,0.0
2036,22,Molde,0.0,18.03,0.0
2036,22,Trondheim,0.0,37.5,0.0
2036,22,Bodø,0.0,15.87,0.0
2036,22,Tromsø,0.0,25.24,0.0
