uke_aar,uke_nr,Kartkontor,Timer_Brukt,Kapasitet_Timer_Uke,Utnyttelse
2026,18,Oslo,4.08,20.39,0.2
2026,18,Hamar,3.4,16.99,0.2
2026,18,Skien,5.44,27.18,0.2
2026,18,Kristiansand,4.08,20.39,0.2
2026,18,Stavanger,3.81,19.03,0.2
2026,18,Bergen,5.44,27.18,0.2
2026,18,Molde,3.4,16.99,0.2
2026,18,Trondheim,7.07,35.34,0.2
2026,18,Bodø,2.99,14.95,0.2
2026,18,Tromsø,4.76,23.78,0.2
2026,19,Oslo,20.39,20.39,1.0
2026,19,Hamar,16.99,16.99,1.0
2026,19,Skien,27.18,27.18,1.0
2026,19,Kristiansand,20.39,20.39,1.0
2026,19,Stavanger,19.03,19.03,1.0
2026,19,Bergen,27.18,27.18,1.0
2026,19,Molde,16.99,16.99,1.0
2026,19,Trondheim,35.34,35.34,1.0
2026,19,Bodø,14.95,14.95,1.0
2026,19,Tromsø,23.78,23.78,1.0
2026,20,Oslo,20.39,20.39,1.0
2026,20,Hamar,16.99,16.99,1.0
2026,20,Skien,27.18,27.18,1.0
2026,20,Kristiansand,20.39,20.39,1.0
2026,20,Stavanger,19.03,19.03,1.0
2026,20,Bergen,27.18,27.18,1.0
2026,20,Molde,16.99,16.99,1.0
2026,20,Trondheim,35.34,35.34,1.0
2026,20,Bodø,14.95,14.95,1.0
2026,20,Tromsø,23.78,23.78,1.0
2026,21,Oslo,20.39,20.39,1.0
2026,21,Hamar,16.99,16.99,1.0
2026,21,Skien,27.18,27.18,1.0
2026,21,Kristiansand,20.39,20.39,1.0
2026,21,Stavanger,19.03,19.03,1.0
2026,21,Bergen,27.18,27.18,1.0
2026,21,Molde,16.99,16.99,1.0
2026,21,Trondheim,35.34,35.34,1.0
2026,21,Bodø,14.95,14.95,1.0
2026,21,Tromsø,23.78,23.78,1.0
2026,22,Oslo,20.39,20.39,1.0
2026,22,Hamar,16.99,16.99,1.0
2026,22,Skien,27.18,27.18,1.0
2026,22,Kristiansand,20.39,20.39,1.0
2026,22,Stavanger,19.03,19.03,1.0
2026,22,Bergen,27.18,27.18,1.0
2026,22,Molde,16.99,16.99,1.0
2026,22,Trondheim,35.34,35.34,1.0
2026,22,Bodø,14.95,14.95,1.0
2026,22,Tromsø,23.78,23.78,1.0
2026,23,Oslo,20.39,20.39,1.0
2026,23,Hamar,16.99,16.99,1.0
2026,23,Skien,27.18,27.18,1.0
2026,23,Kristiansand,20.39,20.39,1.0
2026,23,Stavanger,19.03,19.03,1.0
2026,23,Bergen,27.18,27.18,1.0
2026,23,Molde,16.99,16.99,1.0
2026,23,Trondheim,35.34,35.34,1.0
2026,23,Bodø,14.95,14.95,1.0
2026,23,Tromsø,23.78,23.78,1.0
2026,24,Oslo,20.39,20.39,1.0
2026,24,Hamar,16.99,16.99,1.0
2026,24,Skien,27.18,27.18,1.0
2026,24,Kristiansand,20.39,20.39,1.0
2026,24,Stavanger,19.03,19.03,1.0
2026,24,Bergen,27.18,27.18,1.0
2026,24,Molde,16.99,16.99,1.0
2026,24,Trondheim,35.34,35.34,1.0
2026,24,Bodø,14.95,14.95,1.0
2026,24,Tromsø,23.78,23.78,1.0
2026,25,Oslo,20.39,20.39,1.0
2026,25,Hamar,16.99,16.99,1.0
2026,25,Skien,24.57,27.18,0.904
2026,25,Kristiansand,20.39,20.39,1.0
2026,25,Stavanger,19.03,19.03,1.0
2026,25,Bergen,27.18,27.18,1.0
2026,25,Molde,16.99,16.99,1.0
2026,25,Trondheim,35.34,35.34,1.0
2026,25,Bodø,14.95,14.95,1.0
2026,25,Tromsø,23.78,23.78,1.0
2026,26,Oslo,20.39,20.39,1.0
2026,26,Hamar,16.99,16.99,1.0
2026,26,Skien,0.0,27.18,0.0
2026,26,Kristiansand,20.39,20.39,1.0
2026,26,Stavanger,19.03,19.03,1.0
2026,26,Bergen,27.18,27.18,1.0
2026,26,Molde,16.99,16.99,1.0
2026,26,Trondheim,35.34,35.34,1.0
2026,26,Bodø,14.95,14.95,1.0
2026,26,Tromsø,23.78,23.78,1.0
2026,27,Oslo,20.39,20.39,1.0
2026,27,Hamar,16.99,16.99,1.0
2026,27,Skien,0.0,27.18,0.0
2026,27,Kristiansand,20.39,20.39,1.0
2026,27,Stavanger,0.93,19.03,0.049
2026,27,Bergen,27.18,27.18,1.0
2026,27,Molde,8.55,16.99,0.503
2026,27,Trondheim,35.34,35.34,1.0
2026,27,Bodø,14.95,14.95,1.0
2026,27,Tromsø,23.78,23.78,1.0
2026,28,Oslo,20.39,20.39,1.0
2026,28,Hamar,16.99,16.99,1.0
2026,28,Skien,0.0,27.18,0.0
2026,28,Kristiansand,20.39,20.39,1.0
2026,28,Stavanger,0.0,19.03,0.0
2026,28,Bergen,27.18,27.18,1.0
2026,28,Molde,0.0,16.99,0.0
2026,28,Trondheim,35.34,35.34,1.0
2026,28,Bodø,14.95,14.95,1.0
2026,28,Tromsø,23.78,23.78,1.0
2026,29,Oslo,20.39,20.39,1.0
2026,29,Hamar,16.99,16.99,1.0
2026,29,Skien,0.0,27.18,0.0
2026,29,Kristiansand,20.39,20.39,1.0
2026,29,Stavanger,0.0,19.03,0.0
2026,29,Bergen,27.18,27.18,1.0
2026,29,Molde,0.0,16.99,0.0
2026,29,Trondheim,35.34,35.34,1.0
2026,29,Bodø,14.95,14.95,1.0
2026,29,Tromsø,23.78,23.78,1.0
2026,30,Oslo,20.39,20.39,1.0
2026,30,Hamar,16.99,16.99,1.0
2026,30,Skien,0.0,27.18,0.0
2026,30,Kristiansand,20.39,20.39,1.0
2026,30,Stavanger,0.0,19.03,0.0
2026,30,Bergen,27.18,27.18,1.0
2026,30,Molde,0.0,16.99,0.0
2026,30,Trondheim,35.34,35.34,1.0
2026,30,Bodø,14.95,14.95,1.0
2026,30,Tromsø,23.78,23.78,1.0
2026,31,Oslo,20.39,20.39,1.0
2026,31,Hamar,16.99,16.99,1.0
2026,31,Skien,0.0,27.18,0.0
2026,31,Kristiansand,20.39,20.39,1.0
2026,31,Stavanger,0.0,19.03,0.0
2026,31,Bergen,27.18,27.18,1.0
2026,31,Molde,0.0,16.99,0.0
2026,31,Trondheim,35.34,35.34,1.0
2026,31,Bodø,14.95,14.95,1.0
2026,31,Tromsø,23.78,23.78,1.0
2026,32,Oslo,20.39,20.39,1.0
2026,32,Hamar,16.99,16.99,1.0
2026,32,Skien,0.0,27.18,0.0
2026,32,Kristiansand,14.39,20.39,0.706
2026,32,Stavanger,0.0,19.03,0.0
2026,32,Bergen,27.18,27.18,1.0
2026,32,Molde,0.0,16.99,0.0
2026,32,Trondheim,35.34,35.34,1.0
2026,32,Bodø,14.95,14.95,1.0
2026,32,Tromsø,23.78,23.78,1.0
2026,33,Oslo,20.39,20.39,1.0
2026,33,Hamar,16.99,16.99,1.0
2026,33,Skien,0.0,27.18,0.0
2026,33,Kristiansand,0.0,20.39,0.0
2026,33,Stavanger,0.0,19.03,0.0
2026,33,Bergen,27.18,27.18,1.0
2026,33,Molde,0.0,16.99,0.0
2026,33,Trondheim,35.34,35.34,1.0
2026,33,Bodø,14.95,14.95,1.0
2026,33,Tromsø,23.78,23.78,1.0
2026,34,Oslo,20.39,20.39,1.0
2026,34,Hamar,16.99,16.99,1.0
2026,34,Skien,0.0,27.18,0.0
2026,34,Kristiansand,0.0,20.39,0.0
2026,34,Stavanger,0.0,19.03,0.0
2026,34,Bergen,27.18,27.18,1.0
2026,34,Molde,0.0,16.99,0.0
2026,34,Trondheim,35.34,35.34,1.0
2026,34,Bodø,14.95,14.95,1.0
2026,34,Tromsø,23.78,23.78,1.0
2026,35,Oslo,20.39,20.39,1.0
2026,35,Hamar,16.99,16.99,1.0
2026,35,Skien,0.0,27.18,0.0
2026,35,Kristiansand,0.0,20.39,0.0
2026,35,Stavanger,0.0,19.03,0.0
2026,35,Bergen,27.18,27.18,1.0
2026,35,Molde,0.0,16.99,0.0
2026,35,Trondheim,35.34,35.34,1.0
2026,35,Bodø,14.95,14.95,1.0
2026,35,Tromsø,23.78,23.78,1.0
2026,36,Oslo,20.39,20.39,1.0
2026,36,Hamar,16.99,16.99,1.0
2026,36,Skien,0.0,27.18,0.0
2026,36,Kristiansand,0.0,20.39,0.0
2026,36,Stavanger,0.0,19.03,0.0
2026,36,Bergen,27.18,27.18,1.0
2026,36,Molde,0.0,16.99,0.0
2026,36,Trondheim,35.34,35.34,1.0
2026,36,Bodø,14.95,14.95,1.0
2026,36,Tromsø,23.78,23.78,1.0
2026,37,Oslo,20.39,20.39,1.0
2026,37,Hamar,16.99,16.99,1.0
2026,37,Skien,0.0,27.18,0.0
2026,37,Kristiansand,0.0,20.39,0.0
2026,37,Stavanger,0.0,19.03,0.0
2026,37,Bergen,27.18,27.18,1.0
2026,37,Molde,0.0,16.99,0.0
2026,37,Trondheim,35.34,35.34,1.0
2026,37,Bodø,14.95,14.95,1.0
2026,37,Tromsø,23.78,23.78,1.0
2026,38,Oslo,20.39,20.39,1.0
2026,38,Hamar,16.99,16.99,1.0
2026,38,Skien,0.0,27.18,0.0
2026,38,Kristiansand,0.0,20.39,0.0
2026,38,Stavanger,0.0,19.03,0.0
2026,38,Bergen,27.18,27.18,1.0
2026,38,Molde,0.0,16.99,0.0
2026,38,Trondheim,35.34,35.34,1.0
2026,38,Bodø,14.95,14.95,1.0
2026,38,Tromsø,23.78,23.78,1.0
2026,39,Oslo,20.39,20.39,1.0
2026,39,Hamar,16.99,16.99,1.0
2026,39,Skien,0.0,27.18,0.0
2026,39,Kristiansand,0.0,20.39,0.0
2026,39,Stavanger,0.0,19.03,0.0
2026,39,Bergen,14.24,27.18,0.524
2026,39,Molde,0.0,16.99,0.0
2026,39,Trondheim,20.39,35.34,0.577
2026,39,Bodø,14.95,14.95,1.0
2026,39,Tromsø,23.78,23.78,1.0
2026,40,Oslo,20.39,20.39,1.0
2026,40,Hamar,16.99,16.99,1.0
2026,40,Skien,0.0,27.18,0.0
2026,40,Kristiansand,8.15,20.39,0.4
2026,40,Stavanger,7.61,19.03,0.4
2026,40,Bergen,0.0,27.18,0.0
2026,40,Molde,0.0,16.99,0.0
2026,40,Trondheim,0.0,35.34,0.0
2026,40,Bodø,14.95,14.95,1.0
2026,40,Tromsø,23.78,23.78,1.0
2026,41,Oslo,20.39,20.39,1.0
2026,41,Hamar,16.99,16.99,1.0
2026,41,Skien,0.0,27.18,0.0
2026,41,Kristiansand,20.39,20.39,1.0
2026,41,Stavanger,19.03,19.03,1.0
2026,41,Bergen,0.0,27.18,0.0
2026,41,Molde,0.0,16.99,0.0
2026,41,Trondheim,0.0,35.34,0.0
2026,41,Bodø,14.95,14.95,1.0
2026,41,Tromsø,23.78,23.78,1.0
2026,42,Oslo,20.39,20.39,1.0
2026,42,Hamar,16.99,16.99,1.0
2026,42,Skien,0.0,27.18,0.0
2026,42,Kristiansand,20.39,20.39,1.0
2026,42,Stavanger,19.03,19.03,1.0
2026,42,Bergen,0.0,27.18,0.0
2026,42,Molde,0.0,16.99,0.0
2026,42,Trondheim,0.0,35.34,0.0
2026,42,Bodø,14.95,14.95,1.0
2026,42,Tromsø,23.78,23.78,1.0
2026,43,Oslo,20.39,20.39,1.0
2026,43,Hamar,16.99,16.99,1.0
2026,43,Skien,0.0,27.18,0.0
2026,43,Kristiansand,20.39,20.39,1.0
2026,43,Stavanger,19.03,19.03,1.0
2026,43,Bergen,0.0,27.18,0.0
2026,43,Molde,0.0,16.99,0.0
2026,43,Trondheim,0.0,35.34,0.0
2026,43,Bodø,14.95,14.95,1.0
2026,43,Tromsø,23.78,23.78,1.0
2026,44,Oslo,20.39,20.39,1.0
2026,44,Hamar,16.99,16.99,1.0
2026,44,Skien,0.0,27.18,0.0
2026,44,Kristiansand,20.39,20.39,1.0
2026,44,Stavanger,19.03,19.03,1.0
2026,44,Bergen,0.0,27.18,0.0
2026,44,Molde,0.0,16.99,0.0
2026,44,Trondheim,0.0,35.34,0.0
2026,44,Bodø,14.95,14.95,1.0
2026,44,Tromsø,23.78,23.78,1.0
2026,45,Oslo,20.39,20.39,1.0
2026,45,Hamar,16.99,16.99,1.0
2026,45,Skien,0.0,27.18,0.0
2026,45,Kristiansand,20.39,20.39,1.0
2026,45,Stavanger,17.56,19.03,0.923
2026,45,Bergen,0.0,27.18,0.0
2026,45,Molde,0.0,16.99,0.0
2026,45,Trondheim,0.0,35.34,0.0
2026,45,Bodø,14.95,14.95,1.0
2026,45,Tromsø,23.78,23.78,1.0
2026,46,Oslo,20.39,20.39,1.0
2026,46,Hamar,16.99,16.99,1.0
2026,46,Skien,0.0,27.18,0.0
2026,46,Kristiansand,20.39,20.39,1.0
2026,46,Stavanger,0.0,19.03,0.0
2026,46,Bergen,0.0,27.18,0.0
2026,46,Molde,0.0,16.99,0.0
2026,46,Trondheim,0.0,35.34,0.0
2026,46,Bodø,14.95,14.95,1.0
2026,46,Tromsø,23.78,23.78,1.0
2026,47,Oslo,20.39,20.39,1.0
2026,47,Hamar,16.99,16.99,1.0
2026,47,Skien,0.0,27.18,0.0
2026,47,Kristiansand,20.39,20.39,1.0
2026,47,Stavanger,0.0,19.03,0.0
2026,47,Bergen,0.0,27.18,0.0
2026,47,Molde,0.0,16.99,0.0
2026,47,Trondheim,0.0,35.34,0.0
2026,47,Bodø,14.95,14.95,1.0
2026,47,Tromsø,23.78,23.78,1.0
2026,48,Oslo,20.39,20.39,1.0
2026,48,Hamar,16.99,16.99,1.0
2026,48,Skien,0.0,27.18,0.0
2026,48,Kristiansand,20.39,20.39,1.0
2026,48,Stavanger,0.0,19.03,0.0
2026,48,Bergen,0.0,27.18,0.0
2026,48,Molde,0.0,16.99,0.0
2026,48,Trondheim,0.0,35.34,0.0
2026,48,Bodø,14.95,14.95,1.0
2026,48,Tromsø,23.78,23.78,1.0
2026,49,Oslo,20.39,20.39,1.0
2026,49,Hamar,16.99,16.99,1.0
2026,49,Skien,0.0,27.18,0.0
2026,49,Kristiansand,20.39,20.39,1.0
2026,49,Stavanger,0.0,19.03,0.0
2026,49,Bergen,0.0,27.18,0.0
2026,49,Molde,13.59,16.99,0.8
2026,49,Trondheim,0.0,35.34,0.0
2026,49,Bodø,14.95,14.95,1.0
2026,49,Tromsø,23.78,23.78,1.0
2026,50,Oslo,20.39,20.39,1.0
2026,50,Hamar,16.99,16.99,1.0
2026,50,Skien,0.0,27.18,0.0
2026,50,Kristiansand,18.41,20.39,0.903
2026,50,Stavanger,0.0,19.03,0.0
2026,50,Bergen,0.0,27.18,0.0
2026,50,Molde,16.99,16.99,1.0
2026,50,Trondheim,0.0,35.34,0.0
2026,50,Bodø,14.95,14.95,1.0
2026,50,Tromsø,23.78,23.78,1.0
2026,51,Oslo,20.39,20.39,1.0
2026,51,Hamar,16.99,16.99,1.0
2026,51,Skien,0.0,27.18,0.0
2026,51,Kristiansand,0.0,20.39,0.0
2026,51,Stavanger,0.0,19.03,0.0
2026,51,Bergen,0.0,27.18,0.0
2026,51,Molde,16.99,16.99,1.0
2026,51,Trondheim,0.0,35.34,0.0
2026,51,Bodø,14.95,14.95,1.0
2026,51,Tromsø,23.78,23.78,1.0
2026,52,Oslo,20.39,20.39,1.0
2026,52,Hamar,16.99,16.99,1.0
2026,52,Skien,0.0,27.18,0.0
2026,52,Kristiansand,0.0,20.39,0.0
2026,52,Stavanger,0.0,19.03,0.0
2026,52,Bergen,0.0,27.18,0.0
2026,52,Molde,16.99,16.99,1.0
2026,52,Trondheim,0.0,35.34,0.0
2026,52,Bodø,14.95,14.95,1.0
2026,52,Tromsø,23.78,23.78,1.0
2026,53,Oslo,20.39,20.39,1.0
2026,53,Hamar,16.99,16.99,1.0
2026,53,Skien,5.44,27.18,0.2
2026,53,Kristiansand,0.0,20.39,0.0
2026,53,Stavanger,0.0,19.03,0.0
2026,53,Bergen,0.0,27.18,0.0
2026,53,Molde,12.47,16.99,0.734
2026,53,Trondheim,7.07,35.34,0.2
2026,53,Bodø,14.95,14.95,1.0
2026,53,Tromsø,23.78,23.78,1.0
2027,1,Oslo,20.39,20.39,1.0
2027,1,Hamar,16.99,16.99,1.0
2027,1,Skien,27.18,27.18,1.0
2027,1,Kristiansand,0.0,20.39,0.0
2027,1,Stavanger,0.0,19.03,0.0
2027,1,Bergen,0.0,27.18,0.0
2027,1,Molde,16.99,16.99,1.0
2027,1,Trondheim,35.34,35.34,1.0
2027,1,Bodø,14.5,14.95,0.97
2027,1,Tromsø,23.78,23.78,1.0
2027,2,Oslo,20.39,20.39,1.0
2027,2,Hamar,16.99,16.99,1.0
2027,2,Skien,27.18,27.18,1.0
2027,2,Kristiansand,0.0,20.39,0.0
2027,2,Stavanger,0.0,19.03,0.0
2027,2,Bergen,0.0,27.18,0.0
2027,2,Molde,6.3,16.99,0.371
2027,2,Trondheim,35.34,35.34,1.0
2027,2,Bodø,0.0,14.95,0.0
2027,2,Tromsø,23.78,23.78,1.0
2027,3,Oslo,5.37,20.39,0.263
2027,3,Hamar,16.99,16.99,1.0
2027,3,Skien,27.18,27.18,1.0
2027,3,Kristiansand,0.0,20.39,0.0
2027,3,Stavanger,0.0,19.03,0.0
2027,3,Bergen,0.0,27.18,0.0
2027,3,Molde,0.0,16.99,0.0
2027,3,Trondheim,5.93,35.34,0.168
2027,3,Bodø,0.0,14.95,0.0
2027,3,Tromsø,23.78,23.78,1.0
2027,4,Oslo,0.0,20.39,0.0
2027,4,Hamar,16.99,16.99,1.0
2027,4,Skien,27.18,27.18,1.0
2027,4,Kristiansand,0.0,20.39,0.0
2027,4,Stavanger,0.0,19.03,0.0
2027,4,Bergen,0.0,27.18,0.0
2027,4,Molde,0.0,16.99,0.0
2027,4,Trondheim,0.0,35.34,0.0
2027,4,Bodø,0.0,14.95,0.0
2027,4,Tromsø,23.78,23.78,1.0
2027,5,Oslo,0.0,20.39,0.0
2027,5,Hamar,16.99,16.99,1.0
2027,5,Skien,27.18,27.18,1.0
2027,5,Kristiansand,0.0,20.39,0.0
2027,5,Stavanger,0.0,19.03,0.0
2027,5,Bergen,0.0,27.18,0.0
2027,5,Molde,0.0,16.99,0.0
2027,5,Trondheim,0.0,35.34,0.0
2027,5,Bodø,0.0,14.95,0.0
2027,5,Tromsø,23.78,23.78,1.0
2027,6,Oslo,0.0,20.39,0.0
2027,6,Hamar,16.99,16.99,1.0
2027,6,Skien,27.18,27.18,1.0
2027,6,Kristiansand,0.0,20.39,0.0
2027,6,Stavanger,0.0,19.03,0.0
2027,6,Bergen,0.0,27.18,0.0
2027,6,Molde,0.0,16.99,0.0
2027,6,Trondheim,0.0,35.34,0.0
2027,6,Bodø,0.0,14.95,0.0
2027,6,Tromsø,23.78,23.78,1.0
2027,7,Oslo,0.0,20.39,0.0
2027,7,Hamar,16.99,16.99,1.0
2027,7,Skien,27.18,27.18,1.0
2027,7,Kristiansand,0.0,20.39,0.0
2027,7,Stavanger,0.0,19.03,0.0
2027,7,Bergen,0.0,27.18,0.0
2027,7,Molde,0.0,16.99,0.0
2027,7,Trondheim,0.0,35.34,0.0
2027,7,Bodø,0.0,14.95,0.0
2027,7,Tromsø,23.78,23.78,1.0
2027,8,Oslo,0.0,20.39,0.0
2027,8,Hamar,16.99,16.99,1.0
2027,8,Skien,27.18,27.18,1.0
2027,8,Kristiansand,0.0,20.39,0.0
2027,8,Stavanger,0.0,19.03,0.0
2027,8,Bergen,0.0,27.18,0.0
2027,8,Molde,0.0,16.99,0.0
2027,8,Trondheim,0.0,35.34,0.0
2027,8,Bodø,0.0,14.95,0.0
2027,8,Tromsø,23.78,23.78,1.0
2027,9,Oslo,0.0,20.39,0.0
2027,9,Hamar,16.99,16.99,1.0
2027,9,Skien,27.18,27.18,1.0
2027,9,Kristiansand,0.0,20.39,0.0
2027,9,Stavanger,0.0,19.03,0.0
2027,9,Bergen,27.18,27.18,1.0
2027,9,Molde,0.0,16.99,0.0
2027,9,Trondheim,0.0,35.34,0.0
2027,9,Bodø,0.0,14.95,0.0
2027,9,Tromsø,23.78,23.78,1.0
2027,10,Oslo,0.0,20.39,0.0
2027,10,Hamar,16.99,16.99,1.0
2027,10,Skien,27.18,27.18,1.0
2027,10,Kristiansand,0.0,20.39,0.0
2027,10,Stavanger,0.0,19.03,0.0
2027,10,Bergen,27.18,27.18,1.0
2027,10,Molde,0.0,16.99,0.0
2027,10,Trondheim,0.0,35.34,0.0
2027,10,Bodø,0.0,14.95,0.0
2027,10,Tromsø,23.78,23.78,1.0
2027,11,Oslo,0.0,20.39,0.0
2027,11,Hamar,16.99,16.99,1.0
2027,11,Skien,27.18,27.18,1.0
2027,11,Kristiansand,0.0,20.39,0.0
2027,11,Stavanger,0.0,19.03,0.0
2027,11,Bergen,27.18,27.18,1.0
2027,11,Molde,0.0,16.99,0.0
2027,11,Trondheim,0.0,35.34,0.0
2027,11,Bodø,0.0,14.95,0.0
2027,11,Tromsø,0.13,23.78,0.005
2027,12,Oslo,0.0,20.39,0.0
2027,12,Hamar,16.99,16.99,1.0
2027,12,Skien,27.18,27.18,1.0
2027,12,Kristiansand,0.0,20.39,0.0
2027,12,Stavanger,0.0,19.03,0.0
2027,12,Bergen,11.17,27.18,0.411
2027,12,Molde,0.0,16.99,0.0
2027,12,Trondheim,0.0,35.34,0.0
2027,12,Bodø,0.0,14.95,0.0
2027,12,Tromsø,0.0,23.78,0.0
2027,13,Oslo,0.0,20.39,0.0
2027,13,Hamar,16.99,16.99,1.0
2027,13,Skien,15.76,27.18,0.58
2027,13,Kristiansand,0.0,20.39,0.0
2027,13,Stavanger,0.0,19.03,0.0
2027,13,Bergen,10.87,27.18,0.4
2027,13,Molde,0.0,16.99,0.0
2027,13,Trondheim,0.0,35.34,0.0
2027,13,Bodø,0.0,14.95,0.0
2027,13,Tromsø,0.0,23.78,0.0
2027,14,Oslo,0.0,20.39,0.0
2027,14,Hamar,16.99,16.99,1.0
2027,14,Skien,0.0,27.18,0.0
2027,14,Kristiansand,0.0,20.39,0.0
2027,14,Stavanger,0.0,19.03,0.0
2027,14,Bergen,27.18,27.18,1.0
2027,14,Molde,0.0,16.99,0.0
2027,14,Trondheim,0.0,35.34,0.0
2027,14,Bodø,0.0,14.95,0.0
2027,14,Tromsø,0.0,23.78,0.0
2027,15,Oslo,0.0,20.39,0.0
2027,15,Hamar,16.99,16.99,1.0
2027,15,Skien,0.0,27.18,0.0
2027,15,Kristiansand,0.0,20.39,0.0
2027,15,Stavanger,0.0,19.03,0.0
2027,15,Bergen,27.18,27.18,1.0
2027,15,Molde,0.0,16.99,0.0
2027,15,Trondheim,0.0,35.34,0.0
2027,15,Bodø,0.0,14.95,0.0
2027,15,Tromsø,0.0,23.78,0.0
2027,16,Oslo,0.0,20.39,0.0
2027,16,Hamar,16.99,16.99,1.0
2027,16,Skien,0.0,27.18,0.0
2027,16,Kristiansand,0.0,20.39,0.0
2027,16,Stavanger,0.0,19.03,0.0
2027,16,Bergen,27.18,27.18,1.0
2027,16,Molde,0.0,16.99,0.0
2027,16,Trondheim,0.0,35.34,0.0
2027,16,Bodø,0.0,14.95,0.0
2027,16,Tromsø,0.0,23.78,0.0
2027,17,Oslo,0.0,20.39,0.0
2027,17,Hamar,16.99,16.99,1.0
2027,17,Skien,0.0,27.18,0.0
2027,17,Kristiansand,0.0,20.39,0.0
2027,17,Stavanger,0.0,19.03,0.0
2027,17,Bergen,27.18,27.18,1.0
2027,17,Molde,0.0,16.99,0.0
2027,17,Trondheim,0.0,35.34,0.0
2027,17,Bodø,0.0,14.95,0.0
2027,17,Tromsø,0.0,23.78,0.0
2027,18,Oslo,0.0,20.39,0.0
2027,18,Hamar,16.99,16.99,1.0
2027,18,Skien,0.0,27.18,0.0
2027,18,Kristiansand,0.0,20.39,0.0
2027,18,Stavanger,0.0,19.03,0.0
2027,18,Bergen,27.18,27.18,1.0
2027,18,Molde,0.0,16.99,0.0
2027,18,Trondheim,0.0,35.34,0.0
2027,18,Bodø,0.0,14.95,0.0
2027,18,Tromsø,0.0,23.78,0.0
2027,19,Oslo,0.0,20.39,0.0
2027,19,Hamar,16.99,16.99,1.0
2027,19,Skien,0.0,27.18,0.0
2027,19,Kristiansand,0.0,20.39,0.0
2027,19,Stavanger,0.0,19.03,0.0
2027,19,Bergen,27.18,27.18,1.0
2027,19,Molde,0.0,16.99,0.0
2027,19,Trondheim,0.0,35.34,0.0
2027,19,Bodø,0.0,14.95,0.0
2027,19,Tromsø,0.0,23.78,0.0
2027,20,Oslo,0.0,20.39,0.0
2027,20,Hamar,16.99,16.99,1.0
2027,20,Skien,0.0,27.18,0.0
2027,20,Kristiansand,0.0,20.39,0.0
2027,20,Stavanger,0.0,19.03,0.0
2027,20,Bergen,27.18,27.18,1.0
2027,20,Molde,0.0,16.99,0.0
2027,20,Trondheim,0.0,35.34,0.0
2027,20,Bodø,0.0,14.95,0.0
2027,20,Tromsø,0.0,23.78,0.0
2027,21,Oslo,0.0,20.39,0.0
2027,21,Hamar,16.99,16.99,1.0
2027,21,Skien,0.0,27.18,0.0
2027,21,Kristiansand,0.0,20.39,0.0
2027,21,Stavanger,0.0,19.03,0.0
2027,21,Bergen,14.03,27.18,0.516
2027,21,Molde,0.0,16.99,0.0
2027,21,Trondheim,0.0,35.34,0.0
2027,21,Bodø,0.0,14.95,0.0
2027,21,Tromsø,0.0,23.78,0.0
2027,22,Oslo,0.0,20.39,0.0
2027,22,Hamar,16.99,16.99,1.0
2027,22,Skien,0.0,27.18,0.0
2027,22,Kristiansand,0.0,20.39,0.0
2027,22,Stavanger,0.0,19.03,0.0
2027,22,Bergen,0.0,27.18,0.0
2027,22,Molde,0.0,16.99,0.0
2027,22,Trondheim,0.0,35.34,0.0
2027,22,Bodø,0.0,14.95,0.0
2027,22,Tromsø,19.03,23.78,0.8
2027,23,Oslo,0.0,20.39,0.0
2027,23,Hamar,16.99,16.99,1.0
2027,23,Skien,0.0,27.18,0.0
2027,23,Kristiansand,0.0,20.39,0.0
2027,23,Stavanger,0.0,19.03,0.0
2027,23,Bergen,0.0,27.18,0.0
2027,23,Molde,0.0,16.99,0.0
2027,23,Trondheim,0.0,35.34,0.0
2027,23,Bodø,0.0,14.95,0.0
2027,23,Tromsø,23.78,23.78,1.0
2027,24,Oslo,0.0,20.39,0.0
2027,24,Hamar,16.99,16.99,1.0
2027,24,Skien,0.0,27.18,0.0
2027,24,Kristiansand,0.0,20.39,0.0
2027,24,Stavanger,0.0,19.03,0.0
2027,24,Bergen,0.0,27.18,0.0
2027,24,Molde,0.0,16.99,0.0
2027,24,Trondheim,0.0,35.34,0.0
2027,24,Bodø,0.0,14.95,0.0
2027,24,Tromsø,23.78,23.78,1.0
2027,25,Oslo,0.0,20.39,0.0
2027,25,Hamar,16.99,16.99,1.0
2027,25,Skien,0.0,27.18,0.0
2027,25,Kristiansand,0.0,20.39,0.0
2027,25,Stavanger,0.0,19.03,0.0
2027,25,Bergen,0.0,27.18,0.0
2027,25,Molde,0.0,16.99,0.0
2027,25,Trondheim,0.0,35.34,0.0
2027,25,Bodø,0.0,14.95,0.0
2027,25,Tromsø,23.78,23.78,1.0
2027,26,Oslo,0.0,20.39,0.0
2027,26,Hamar,16.99,16.99,1.0
2027,26,Skien,0.0,27.18,0.0
2027,26,Kristiansand,0.0,20.39,0.0
2027,26,Stavanger,0.0,19.03,0.0
2027,26,Bergen,0.0,27.18,0.0
2027,26,Molde,0.0,16.99,0.0
2027,26,Trondheim,0.0,35.34,0.0
2027,26,Bodø,5.98,14.95,0.4
2027,26,Tromsø,8.8,23.78,0.37
2027,27,Oslo,0.0,20.39,0.0
2027,27,Hamar,8.51,16.99,0.501
2027,27,Skien,0.0,27.18,0.0
2027,27,Kristiansand,0.0,20.39,0.0
2027,27,Stavanger,0.0,19.03,0.0
2027,27,Bergen,0.0,27.18,0.0
2027,27,Molde,0.0,16.99,0.0
2027,27,Trondheim,0.0,35.34,0.0
2027,27,Bodø,14.95,14.95,1.0
2027,27,Tromsø,0.0,23.78,0.0
2027,28,Oslo,0.0,20.39,0.0
2027,28,Hamar,0.0,16.99,0.0
2027,28,Skien,0.0,27.18,0.0
2027,28,Kristiansand,0.0,20.39,0.0
2027,28,Stavanger,0.0,19.03,0.0
2027,28,Bergen,0.0,27.18,0.0
2027,28,Molde,0.0,16.99,0.0
2027,28,Trondheim,0.0,35.34,0.0
2027,28,Bodø,14.95,14.95,1.0
2027,28,Tromsø,0.0,23.78,0.0
2027,29,Oslo,0.0,20.39,0.0
2027,29,Hamar,0.0,16.99,0.0
2027,29,Skien,0.0,27.18,0.0
2027,29,Kristiansand,0.0,20.39,0.0
2027,29,Stavanger,0.0,19.03,0.0
2027,29,Bergen,0.0,27.18,0.0
2027,29,Molde,0.0,16.99,0.0
2027,29,Trondheim,0.0,35.34,0.0
2027,29,Bodø,14.95,14.95,1.0
2027,29,Tromsø,0.0,23.78,0.0
2027,30,Oslo,0.0,20.39,0.0
2027,30,Hamar,0.0,16.99,0.0
2027,30,Skien,0.0,27.18,0.0
2027,30,Kristiansand,0.0,20.39,0.0
2027,30,Stavanger,0.0,19.03,0.0
2027,30,Bergen,0.0,27.18,0.0
2027,30,Molde,0.0,16.99,0.0
2027,30,Trondheim,0.0,35.34,0.0
2027,30,Bodø,14.95,14.95,1.0
2027,30,Tromsø,0.0,23.78,0.0
2027,31,Oslo,0.0,20.39,0.0
2027,31,Hamar,0.0,16.99,0.0
2027,31,Skien,0.0,27.18,0.0
2027,31,Kristiansand,0.0,20.39,0.0
2027,31,Stavanger,0.0,19.03,0.0
2027,31,Bergen,0.0,27.18,0.0
2027,31,Molde,0.0,16.99,0.0
2027,31,Trondheim,0.0,35.34,0.0
2027,31,Bodø,14.95,14.95,1.0
2027,31,Tromsø,0.0,23.78,0.0
2027,32,Oslo,0.0,20.39,0.0
2027,32,Hamar,0.0,16.99,0.0
2027,32,Skien,0.0,27.18,0.0
2027,32,Kristiansand,0.0,20.39,0.0
2027,32,Stavanger,0.0,19.03,0.0
2027,32,Bergen,0.0,27.18,0.0
2027,32,Molde,0.0,16.99,0.0
2027,32,Trondheim,0.0,35.34,0.0
2027,32,Bodø,14.95,14.95,1.0
2027,32,Tromsø,0.0,23.78,0.0
2027,33,Oslo,0.0,20.39,0.0
2027,33,Hamar,0.0,16.99,0.0
2027,33,Skien,0.0,27.18,0.0
2027,33,Kristiansand,0.0,20.39,0.0
2027,33,Stavanger,0.0,19.03,0.0
2027,33,Bergen,0.0,27.18,0.0
2027,33,Molde,0.0,16.99,0.0
2027,33,Trondheim,0.0,35.34,0.0
2027,33,Bodø,14.95,14.95,1.0
2027,33,Tromsø,0.0,23.78,0.0
2027,34,Oslo,0.0,20.39,0.0
2027,34,Hamar,0.0,16.99,0.0
2027,34,Skien,0.0,27.18,0.0
2027,34,Kristiansand,0.0,20.39,0.0
2027,34,Stavanger,0.0,19.03,0.0
2027,34,Bergen,0.0,27.18,0.0
2027,34,Molde,0.0,16.99,0.0
2027,34,Trondheim,0.0,35.34,0.0
2027,34,Bodø,14.95,14.95,1.0
2027,34,Tromsø,0.0,23.78,0.0
2027,35,Oslo,0.0,20.39,0.0
2027,35,Hamar,0.0,16.99,0.0
2027,35,Skien,0.0,27.18,0.0
2027,35,Kristiansand,0.0,20.39,0.0
2027,35,Stavanger,0.0,19.03,0.0
2027,35,Bergen,0.0,27.18,0.0
2027,35,Molde,0.0,16.99,0.0
2027,35,Trondheim,0.0,35.34,0.0
2027,35,Bodø,14.95,14.95,1.0
2027,35,Tromsø,0.0,23.78,0.0
2027,36,Oslo,0.0,20.39,0.0
2027,36,Hamar,0.0,16.99,0.0
2027,36,Skien,0.0,27.18,0.0
2027,36,Kristiansand,0.0,20.39,0.0
2027,36,Stavanger,0.0,19.03,0.0
2027,36,Bergen,0.0,27.18,0.0
2027,36,Molde,0.0,16.99,0.0
2027,36,Trondheim,0.0,35.34,0.0
2027,36,Bodø,14.95,14.95,1.0
2027,36,Tromsø,0.0,23.78,0.0
2027,37,Oslo,0.0,20.39,0.0
2027,37,Hamar,0.0,16.99,0.0
2027,37,Skien,0.0,27.18,0.0
2027,37,Kristiansand,0.0,20.39,0.0
2027,37,Stavanger,0.0,19.03,0.0
2027,37,Bergen,0.0,27.18,0.0
2027,37,Molde,0.0,16.99,0.0
2027,37,Trondheim,0.0,35.34,0.0
2027,37,Bodø,11.59,14.95,0.775
2027,37,Tromsø,0.0,23.78,0.0
2027,38,Oslo,0.0,20.39,0.0
2027,38,Hamar,0.0,16.99,0.0
2027,38,Skien,0.0,27.18,0.0
2027,38,Kristiansand,0.0,20.39,0.0
2027,38,Stavanger,0.0,19.03,0.0
2027,38,Bergen,0.0,27.18,0.0
2027,38,Molde,0.0,16.99,0.0
2027,38,Trondheim,0.0,35.34,0.0
2027,38,Bodø,0.0,14.95,0.0
2027,38,Tromsø,0.0,23.78,0.0
2027,39,Oslo,0.0,20.39,0.0
2027,39,Hamar,0.0,16.99,0.0
2027,39,Skien,0.0,27.18,0.0
2027,39,Kristiansand,0.0,20.39,0.0
2027,39,Stavanger,0.0,19.03,0.0
2027,39,Bergen,0.0,27.18,0.0
2027,39,Molde,0.0,16.99,0.0
2027,39,Trondheim,0.0,35.34,0.0
2027,39,Bodø,0.0,14.95,0.0
2027,39,Tromsø,0.0,23.78,0.0
2027,40,Oslo,0.0,20.39,0.0
2027,40,Hamar,0.0,16.99,0.0
2027,40,Skien,0.0,27.18,0.0
2027,40,Kristiansand,0.0,20.39,0.0
2027,40,Stavanger,0.0,19.03,0.0
2027,40,Bergen,0.0,27.18,0.0
2027,40,Molde,0.0,16.99,0.0
2027,40,Trondheim,0.0,35.34,0.0
2027,40,Bodø,0.0,14.95,0.0
2027,40,Tromsø,0.0,23.78,0.0
2027,41,Oslo,0.0,20.39,0.0
2027,41,Hamar,0.0,16.99,0.0
2027,41,Skien,0.0,27.18,0.0
2027,41,Kristiansand,0.0,20.39,0.0
2027,41,Stavanger,0.0,19.03,0.0
2027,41,Bergen,0.0,27.18,0.0
2027,41,Molde,0.0,16.99,0.0
2027,41,Trondheim,0.0,35.34,0.0
2027,41,Bodø,0.0,14.95,0.0
2027,41,Tromsø,0.0,23.78,0.0
2027,42,Oslo,0.0,20.39,0.0
2027,42,Hamar,0.0,16.99,0.0
2027,42,Skien,0.0,27.18,0.0
2027,42,Kristiansand,0.0,20.39,0.0
2027,42,Stavanger,0.0,19.03,0.0
2027,42,Bergen,0.0,27.18,0.0
2027,42,Molde,0.0,16.99,0.0
2027,42,Trondheim,0.0,35.34,0.0
2027,42,Bodø,0.0,14.95,0.0
2027,42,Tromsø,0.0,23.78,0.0
2027,43,Oslo,0.0,20.39,0.0
2027,43,Hamar,0.0,16.99,0.0
2027,43,Skien,0.0,27.18,0.0
2027,43,Kristiansand,0.0,20.39,0.0
2027,43,Stavanger,0.0,19.03,0.0
2027,43,Bergen,0.0,27.18,0.0
2027,43,Molde,0.0,16.99,0.0
2027,43,Trondheim,0.0,35.34,0.0
2027,43,Bodø,0.0,14.95,0.0
2027,43,Tromsø,0.0,23.78,0.0
2027,44,Oslo,0.0,20.39,0.0
2027,44,Hamar,0.0,16.99,0.0
2027,44,Skien,0.0,27.18,0.0
2027,44,Kristiansand,0.0,20.39,0.0
2027,44,Stavanger,0.0,19.03,0.0
2027,44,Bergen,0.0,27.18,0.0
2027,44,Molde,0.0,16.99,0.0
2027,44,Trondheim,0.0,35.34,0.0
2027,44,Bodø,0.0,14.95,0.0
2027,44,Tromsø,0.0,23.78,0.0
2027,45,Oslo,0.0,20.39,0.0
2027,45,Hamar,0.0,16.99,0.0
2027,45,Skien,0.0,27.18,0.0
2027,45,Kristiansand,0.0,20.39,0.0
2027,45,Stavanger,0.0,19.03,0.0
2027,45,Bergen,0.0,27.18,0.0
2027,45,Molde,0.0,16.99,0.0
2027,45,Trondheim,0.0,35.34,0.0
2027,45,Bodø,0.0,14.95,0.0
2027,45,Tromsø,0.0,23.78,0.0
2027,46,Oslo,0.0,20.39,0.0
2027,46,Hamar,0.0,16.99,0.0
2027,46,Skien,0.0,27.18,0.0
2027,46,Kristiansand,0.0,20.39,0.0
2027,46,Stavanger,0.0,19.03,0.0
2027,46,Bergen,0.0,27.18,0.0
2027,46,Molde,0.0,16.99,0.0
2027,46,Trondheim,0.0,35.34,0.0
2027,46,Bodø,0.0,14.95,0.0
2027,46,Tromsø,0.0,23.78,0.0
2027,47,Oslo,0.0,20.39,0.0
2027,47,Hamar,0.0,16.99,0.0
2027,47,Skien,0.0,27.18,0.0
2027,47,Kristiansand,0.0,20.39,0.0
2027,47,Stavanger,0.0,19.03,0.0
2027,47,Bergen,0.0,27.18,0.0
2027,47,Molde,0.0,16.99,0.0
2027,47,Trondheim,0.0,35.34,0.0
2027,47,Bodø,0.0,14.95,0.0
2027,47,Tromsø,0.0,23.78,0.0
2027,48,Oslo,0.0,20.39,0.0
2027,48,Hamar,0.0,16.99,0.0
2027,48,Skien,0.0,27.18,0.0
2027,48,Kristiansand,0.0,20.39,0.0
2027,48,Stavanger,0.0,19.03,0.0
2027,48,Bergen,0.0,27.18,0.0
2027,48,Molde,0.0,16.99,0.0
2027,48,Trondheim,0.0,35.34,0.0
2027,48,Bodø,0.0,14.95,0.0
2027,48,Tromsø,0.0,23.78,0.0
2027,49,Oslo,0.0,20.39,0.0
2027,49,Hamar,0.0,16.99,0.0
2027,49,Skien,0.0,27.18,0.0
2027,49,Kristiansand,0.0,20.39,0.0
2027,49,Stavanger,0.0,19.03,0.0
2027,49,Bergen,0.0,27.18,0.0
2027,49,Molde,0.0,16.99,0.0
2027,49,Trondheim,0.0,35.34,0.0
2027,49,Bodø,0.0,14.95,0.0
2027,49,Tromsø,0.0,23.78,0.0
2027,50,Oslo,0.0,20.39,0.0
2027,50,Hamar,0.0,16.99,0.0
2027,50,Skien,0.0,27.18,0.0
2027,50,Kristiansand,0.0,20.39,0.0
2027,50,Stavanger,0.0,19.03,0.0
2027,50,Bergen,0.0,27.18,0.0
2027,50,Molde,0.0,16.99,0.0
2027,50,Trondheim,0.0,35.34,0.0
2027,50,Bodø,0.0,14.95,0.0
2027,50,Tromsø,0.0,23.78,0.0
2027,51,Oslo,0.0,20.39,0.0
2027,51,Hamar,0.0,16.99,0.0
2027,51,Skien,0.0,27.18,0.0
2027,51,Kristiansand,0.0,20.39,0.0
2027,51,Stavanger,0.0,19.03,0.0
2027,51,Bergen,0.0,27.18,0.0
2027,51,Molde,0.0,16.99,0.0
2027,51,Trondheim,0.0,35.34,0.0
2027,51,Bodø,0.0,14.95,0.0
2027,51,Tromsø,0.0,23.78,0.0
2027,52,Oslo,0.0,20.39,0.0
2027,52,Hamar,0.0,16.99,0.0
2027,52,Skien,0.0,27.18,0.0
2027,52,Kristiansand,0.0,20.39,0.0
2027,52,Stavanger,0.0,19.03,0.0
2027,52,Bergen,0.0,27.18,0.0
2027,52,Molde,0.0,16.99,0.0
2027,52,Trondheim,0.0,35.34,0.0
2027,52,Bodø,0.0,14.95,0.0
2027,52,Tromsø,0.0,23.78,0.0
2028,1,Oslo,0.0,20.39,0.0
2028,1,Hamar,0.0,16.99,0.0
2028,1,Skien,0.0,27.18,0.0
2028,1,Kristiansand,0.0,20.39,0.0
2028,1,Stavanger,0.0,19.03,0.0
2028,1,Bergen,0.0,27.18,0.0
2028,1,Molde,0.0,16.99,0.0
2028,1,Trondheim,0.0,35.34,0.0
2028,1,Bodø,0.0,14.95,0.0
2028,1,Tromsø,0.0,23.78,0.0
2028,2,Oslo,0.0,20.39,0.0
2028,2,Hamar,0.0,16.99,0.0
2028,2,Skien,0.0,27.18,0.0
2028,2,Kristiansand,0.0,20.39,0.0
2028,2,Stavanger,0.0,19.03,0.0
2028,2,Bergen,0.0,27.18,0.0
2028,2,Molde,0.0,16.99,0.0
2028,2,Trondheim,0.0,35.34,0.0
2028,2,Bodø,0.0,14.95,0.0
2028,2,Tromsø,0.0,23.78,0.0
2028,3,Oslo,0.0,20.39,0.0
2028,3,Hamar,0.0,16.99,0.0
2028,3,Skien,0.0,27.18,0.0
2028,3,Kristiansand,0.0,20.39,0.0
2028,3,Stavanger,0.0,19.03,0.0
2028,3,Bergen,0.0,27.18,0.0
2028,3,Molde,0.0,16.99,0.0
2028,3,Trondheim,0.0,35.34,0.0
2028,3,Bodø,0.0,14.95,0.0
2028,3,Tromsø,0.0,23.78,0.0
2028,4,Oslo,0.0,20.39,0.0
2028,4,Hamar,0.0,16.99,0.0
2028,4,Skien,0.0,27.18,0.0
2028,4,Kristiansand,0.0,20.39,0.0
2028,4,Stavanger,0.0,19.03,0.0
2028,4,Bergen,0.0,27.18,0.0
2028,4,Molde,0.0,16.99,0.0
2028,4,Trondheim,0.0,35.34,0.0
2028,4,Bodø,0.0,14.95,0.0
2028,4,Tromsø,0.0,23.78,0.0
2028,5,Oslo,0.0,20.39,0.0
2028,5,Hamar,0.0,16.99,0.0
2028,5,Skien,0.0,27.18,0.0
2028,5,Kristiansand,0.0,20.39,0.0
2028,5,Stavanger,0.0,19.03,0.0
2028,5,Bergen,0.0,27.18,0.0
2028,5,Molde,0.0,16.99,0.0
2028,5,Trondheim,0.0,35.34,0.0
2028,5,Bodø,0.0,14.95,0.0
2028,5,Tromsø,0.0,23.78,0.0
2028,6,Oslo,0.0,20.39,0.0
2028,6,Hamar,0.0,16.99,0.0
2028,6,Skien,0.0,27.18,0.0
2028,6,Kristiansand,0.0,20.39,0.0
2028,6,Stavanger,0.0,19.03,0.0
2028,6,Bergen,0.0,27.18,0.0
2028,6,Molde,0.0,16.99,0.0
2028,6,Trondheim,0.0,35.34,0.0
2028,6,Bodø,0.0,14.95,0.0
2028,6,Tromsø,0.0,23.78,0.0
2028,7,Oslo,0.0,20.39,0.0
2028,7,Hamar,0.0,16.99,0.0
2028,7,Skien,0.0,27.18,0.0
2028,7,Kristiansand,0.0,20.39,0.0
2028,7,Stavanger,0.0,19.03,0.0
2028,7,Bergen,0.0,27.18,0.0
2028,7,Molde,0.0,16.99,0.0
2028,7,Trondheim,0.0,35.34,0.0
2028,7,Bodø,0.0,14.95,0.0
2028,7,Tromsø,0.0,23.78,0.0
2028,8,Oslo,0.0,20.39,0.0
2028,8,Hamar,0.0,16.99,0.0
2028,8,Skien,0.0,27.18,0.0
2028,8,Kristiansand,0.0,20.39,0.0
2028,8,Stavanger,0.0,19.03,0.0
2028,8,Bergen,0.0,27.18,0.0
2028,8,Molde,0.0,16.99,0.0
2028,8,Trondheim,0.0,35.34,0.0
2028,8,Bodø,0.0,14.95,0.0
2028,8,Tromsø,0.0,23.78,0.0
2028,9,Oslo,0.0,20.39,0.0
2028,9,Hamar,0.0,16.99,0.0
2028,9,Skien,0.0,27.18,0.0
2028,9,Kristiansand,0.0,20.39,0.0
2028,9,Stavanger,0.0,19.03,0.0
2028,9,Bergen,0.0,27.18,0.0
2028,9,Molde,0.0,16.99,0.0
2028,9,Trondheim,0.0,35.34,0.0
2028,9,Bodø,0.0,14.95,0.0
2028,9,Tromsø,0.0,23.78,0.0
2028,10,Oslo,0.0,20.39,0.0
2028,10,Hamar,0.0,16.99,0.0
2028,10,Skien,0.0,27.18,0.0
2028,10,Kristiansand,0.0,20.39,0.0
2028,10,Stavanger,0.0,19.03,0.0
2028,10,Bergen,0.0,27.18,0.0
2028,10,Molde,0.0,16.99,0.0
2028,10,Trondheim,0.0,35.34,0.0
2028,10,Bodø,0.0,14.95,0.0
2028,10,Tromsø,0.0,23.78,0.0
2028,11,Oslo,0.0,20.39,0.0
2028,11,Hamar,0.0,16.99,0.0
2028,11,Skien,0.0,27.18,0.0
2028,11,Kristiansand,0.0,20.39,0.0
2028,11,Stavanger,0.0,19.03,0.0
2028,11,Bergen,0.0,27.18,0.0
2028,11,Molde,0.0,16.99,0.0
2028,11,Trondheim,0.0,35.34,0.0
2028,11,Bodø,0.0,14.95,0.0
2028,11,Tromsø,0.0,23.78,0.0
2028,12,Oslo,0.0,20.39,0.0
2028,12,Hamar,0.0,16.99,0.0
2028,12,Skien,0.0,27.18,0.0
2028,12,Kristiansand,0.0,20.39,0.0
2028,12,Stavanger,0.0,19.03,0.0
2028,12,Bergen,0.0,27.18,0.0
2028,12,Molde,0.0,16.99,0.0
2028,12,Trondheim,0.0,35.34,0.0
2028,12,Bodø,0.0,14.95,0.0
2028,12,Tromsø,0.0,23.78,0.0
2028,13,Oslo,0.0,20.39,0.0
2028,13,Hamar,0.0,16.99,0.0
2028,13,Skien,0.0,27.18,0.0
2028,13,Kristiansand,0.0,20.39,0.0
2028,13,Stavanger,0.0,19.03,0.0
2028,13,Bergen,0.0,27.18,0.0
2028,13,Molde,0.0,16.99,0.0
2028,13,Trondheim,0.0,35.34,0.0
2028,13,Bodø,0.0,14.95,0.0
2028,13,Tromsø,0.0,23.78,0.0
2028,14,Oslo,0.0,20.39,0.0
2028,14,Hamar,0.0,16.99,0.0
2028,14,Skien,0.0,27.18,0.0
2028,14,Kristiansand,0.0,20.39,0.0
2028,14,Stavanger,0.0,19.03,0.0
2028,14,Bergen,0.0,27.18,0.0
2028,14,Molde,0.0,16.99,0.0
2028,14,Trondheim,0.0,35.34,0.0
2028,14,Bodø,0.0,14.95,0.0
2028,14,Tromsø,0.0,23.78,0.0
2028,15,Oslo,0.0,20.39,0.0
2028,15,Hamar,0.0,16.99,0.0
2028,15,Skien,0.0,27.18,0.0
2028,15,Kristiansand,0.0,20.39,0.0
2028,15,Stavanger,0.0,19.03,0.0
2028,15,Bergen,0.0,27.18,0.0
2028,15,Molde,0.0,16.99,0.0
2028,15,Trondheim,0.0,35.34,0.0
2028,15,Bodø,0.0,14.95,0.0
2028,15,Tromsø,0.0,23.78,0.0
2028,16,Oslo,0.0,20.39,0.0
2028,16,Hamar,0.0,16.99,0.0
2028,16,Skien,0.0,27.18,0.0
2028,16,Kristiansand,0.0,20.39,0.0
2028,16,Stavanger,0.0,19.03,0.0
2028,16,Bergen,0.0,27.18,0.0
2028,16,Molde,0.0,16.99,0.0
2028,16,Trondheim,0.0,35.34,0.0
2028,16,Bodø,0.0,14.95,0.0
2028,16,Tromsø,0.0,23.78,0.0
2028,17,Oslo,0.0,20.39,0.0
2028,17,Hamar,0.0,16.99,0.0
2028,17,Skien,0.0,27.18,0.0
2028,17,Kristiansand,0.0,20.39,0.0
2028,17,Stavanger,0.0,19.03,0.0
2028,17,Bergen,0.0,27.18,0.0
2028,17,Molde,0.0,16.99,0.0
2028,17,Trondheim,0.0,35.34,0.0
2028,17,Bodø,0.0,14.95,0.0
2028,17,Tromsø,0.0,23.78,0.0
2028,18,Oslo,0.0,20.39,0.0
2028,18,Hamar,0.0,16.99,0.0
2028,18,Skien,0.0,27.18,0.0
2028,18,Kristiansand,0.0,20.39,0.0
2028,18,Stavanger,0.0,19.03,0.0
2028,18,Bergen,0.0,27.18,0.0
2028,18,Molde,0.0,16.99,0.0
2028,18,Trondheim,0.0,35.34,0.0
2028,18,Bodø,0.0,14.95,0.0
2028,18,Tromsø,0.0,23.78,0.0
2028,19,Oslo,0.0,20.39,0.0
2028,19,Hamar,0.0,16.99,0.0
2028,19,Skien,0.0,27.18,0.0
2028,19,Kristiansand,0.0,20.39,0.0
2028,19,Stavanger,0.0,19.03,0.0
2028,19,Bergen,0.0,27.18,0.0
2028,19,Molde,0.0,16.99,0.0
2028,19,Trondheim,0.0,35.34,0.0
2028,19,Bodø,0.0,14.95,0.0
2028,19,Tromsø,0.0,23.78,0.0
2028,20,Oslo,0.0,20.39,0.0
2028,20,Hamar,0.0,16.99,0.0
2028,20,Skien,0.0,27.18,0.0
2028,20,Kristiansand,0.0,20.39,0.0
2028,20,Stavanger,0.0,19.03,0.0
2028,20,Bergen,0.0,27.18,0.0
2028,20,Molde,0.0,16.99,0.0
2028,20,Trondheim,0.0,35.34,0.0
2028,20,Bodø,0.0,14.95,0.0
2028,20,Tromsø,0.0,23.78,0.0
2028,21,Oslo,0.0,20.39,0.0
2028,21,Hamar,0.0,16.99,0.0
2028,21,Skien,0.0,27.18,0.0
2028,21,Kristiansand,0.0,20.39,0.0
2028,21,Stavanger,0.0,19.03,0.0
2028,21,Bergen,0.0,27.18,0.0
2028,21,Molde,0.0,16.99,0.0
2028,21,Trondheim,0.0,35.34,0.0
2028,21,Bodø,0.0,14.95,0.0
2028,21,Tromsø,0.0,23.78,0.0
2028,22,Oslo,0.0,20.39,0.0
2028,22,Hamar,0.0,16.99,0.0
2028,22,Skien,0.0,27.18,0.0
2028,22,Kristiansand,0.0,20.39,0.0
2028,22,Stavanger,0.0,19.03,0.0
2028,22,Bergen,0.0,27.18,0.0
2028,22,Molde,0.0,16.99,0.0
2028,22,Trondheim,0.0,35.34,0.0
2028,22,Bodø,0.0,14.95,0.0
2028,22,Tromsø,0.0,23.78,0.0
2028,23,Oslo,0.0,20.39,0.0
2028,23,Hamar,0.0,16.99,0.0
2028,23,Skien,0.0,27.18,0.0
2028,23,Kristiansand,0.0,20.39,0.0
2028,23,Stavanger,0.0,19.03,0.0
2028,23,Bergen,0.0,27.18,0.0
2028,23,Molde,0.0,16.99,0.0
2028,23,Trondheim,0.0,35.34,0.0
2028,23,Bodø,0.0,14.95,0.0
2028,23,Tromsø,0.0,23.78,0.0
2028,24,Oslo,0.0,20.39,0.0
2028,24,Hamar,0.0,16.99,0.0
2028,24,Skien,0.0,27.18,0.0
2028,24,Kristiansand,0.0,20.39,0.0
2028,24,Stavanger,0.0,19.03,0.0
2028,24,Bergen,0.0,27.18,0.0
2028,24,Molde,0.0,16.99,0.0
2028,24,Trondheim,0.0,35.34,0.0
2028,24,Bodø,0.0,14.95,0.0
2028,24,Tromsø,0.0,23.78,0.0
2028,25,Oslo,0.0,20.39,0.0
2028,25,Hamar,0.0,16.99,0.0
2028,25,Skien,0.0,27.18,0.0
2028,25,Kristiansand,0.0,20.39,0.0
2028,25,Stavanger,0.0,19.03,0.0
2028,25,Bergen,0.0,27.18,0.0
2028,25,Molde,0.0,16.99,0.0
2028,25,Trondheim,0.0,35.34,0.0
2028,25,Bodø,0.0,14.95,0.0
2028,25,Tromsø,0.0,23.78,0.0
2028,26,Oslo,0.0,20.39,0.0
2028,26,Hamar,0.0,16.99,0.0
2028,26,Skien,0.0,27.18,0.0
2028,26,Kristiansand,0.0,20.39,0.0
2028,26,Stavanger,0.0,19.03,0.0
2028,26,Bergen,0.0,27.18,0.0
2028,26,Molde,0.0,16.99,0.0
2028,26,Trondheim,0.0,35.34,0.0
2028,26,Bodø,0.0,14.95,0.0
2028,26,Tromsø,0.0,23.78,0.0
2028,27,Oslo,0.0,20.39,0.0
2028,27,Hamar,0.0,16.99,0.0
2028,27,Skien,0.0,27.18,0.0
2028,27,Kristiansand,0.0,20.39,0.0
2028,27,Stavanger,0.0,19.03,0.0
2028,27,Bergen,0.0,27.18,0.0
2028,27,Molde,0.0,16.99,0.0
2028,27,Trondheim,0.0,35.34,0.0
2028,27,Bodø,0.0,14.95,0.0
2028,27,Tromsø,0.0,23.78,0.0
2028,28,Oslo,0.0,20.39,0.0
2028,28,Hamar,0.0,16.99,0.0
2028,28,Skien,0.0,27.18,0.0
2028,28,Kristiansand,0.0,20.39,0.0
2028,28,Stavanger,0.0,19.03,0.0
2028,28,Bergen,0.0,27.18,0.0
2028,28,Molde,0.0,16.99,0.0
2028,28,Trondheim,0.0,35.34,0.0
2028,28,Bodø,0.0,14.95,0.0
2028,28,Tromsø,0.0,23.78,0.0
2028,29,Oslo,0.0,20.39,0.0
2028,29,Hamar,0.0,16.99,0.0
2028,29,Skien,0.0,27.18,0.0
2028,29,Kristiansand,0.0,20.39,0.0
2028,29,Stavanger,0.0,19.03,0.0
2028,29,Bergen,0.0,27.18,0.0
2028,29,Molde,0.0,16.99,0.0
2028,29,Trondheim,0.0,35.34,0.0
2028,29,Bodø,0.0,14.95,0.0
2028,29,Tromsø,0.0,23.78,0.0
2028,30,Oslo,0.0,20.39,0.0
2028,30,Hamar,0.0,16.99,0.0
2028,30,Skien,0.0,27.18,0.0
2028,30,Kristiansand,0.0,20.39,0.0
2028,30,Stavanger,0.0,19.03,0.0
2028,30,Bergen,0.0,27.18,0.0
2028,30,Molde,0.0,16.99,0.0
2028,30,Trondheim,0.0,35.34,0.0
2028,30,Bodø,0.0,14.95,0.0
2028,30,Tromsø,0.0,23.78,0.0
2028,31,Oslo,0.0,20.39,0.0
2028,31,Hamar,0.0,16.99,0.0
2028,31,Skien,0.0,27.18,0.0
2028,31,Kristiansand,0.0,20.39,0.0
2028,31,Stavanger,0.0,19.03,0.0
2028,31,Bergen,0.0,27.18,0.0
2028,31,Molde,0.0,16.99,0.0
2028,31,Trondheim,0.0,35.34,0.0
2028,31,Bodø,0.0,14.95,0.0
2028,31,Tromsø,0.0,23.78,0.0
2028,32,Oslo,0.0,20.39,0.0
2028,32,Hamar,0.0,16.99,0.0
2028,32,Skien,0.0,27.18,0.0
2028,32,Kristiansand,0.0,20.39,0.0
2028,32,Stavanger,0.0,19.03,0.0
2028,32,Bergen,0.0,27.18,0.0
2028,32,Molde,0.0,16.99,0.0
2028,32,Trondheim,0.0,35.34,0.0
2028,32,Bodø,0.0,14.95,0.0
2028,32,Tromsø,0.0,23.78,0.0
2028,33,Oslo,0.0,20.39,0.0
2028,33,Hamar,0.0,16.99,0.0
2028,33,Skien,0.0,27.18,0.0
2028,33,Kristiansand,0.0,20.39,0.0
2028,33,Stavanger,0.0,19.03,0.0
2028,33,Bergen,0.0,27.18,0.0
2028,33,Molde,0.0,16.99,0.0
2028,33,Trondheim,0.0,35.34,0.0
2028,33,Bodø,0.0,14.95,0.0
2028,33,Tromsø,0.0,23.78,0.0
2028,34,Oslo,0.0,20.39,0.0
2028,34,Hamar,0.0,16.99,0.0
2028,34,Skien,0.0,27.18,0.0
2028,34,Kristiansand,0.0,20.39,0.0
2028,34,Stavanger,0.0,19.03,0.0
2028,34,Bergen,0.0,27.18,0.0
2028,34,Molde,0.0,16.99,0.0
2028,34,Trondheim,0.0,35.34,0.0
2028,34,Bodø,0.0,14.95,0.0
2028,34,Tromsø,0.0,23.78,0.0
2028,35,Oslo,0.0,20.39,0.0
2028,35,Hamar,0.0,16.99,0.0
2028,35,Skien,0.0,27.18,0.0
2028,35,Kristiansand,0.0,20.39,0.0
2028,35,Stavanger,0.0,19.03,0.0
2028,35,Bergen,0.0,27.18,0.0
2028,35,Molde,0.0,16.99,0.0
2028,35,Trondheim,0.0,35.34,0.0
2028,35,Bodø,0.0,14.95,0.0
2028,35,Tromsø,0.0,23.78,0.0
2028,36,Oslo,0.0,20.39,0.0
2028,36,Hamar,0.0,16.99,0.0
2028,36,Skien,0.0,27.18,0.0
2028,36,Kristiansand,0.0,20.39,0.0
2028,36,Stavanger,0.0,19.03,0.0
2028,36,Bergen,0.0,27.18,0.0
2028,36,Molde,0.0,16.99,0.0
2028,36,Trondheim,0.0,35.34,0.0
2028,36,Bodø,0.0,14.95,0.0
2028,36,Tromsø,0.0,23.78,0.0
2028,37,Oslo,0.0,20.39,0.0
2028,37,Hamar,0.0,16.99,0.0
2028,37,Skien,0.0,27.18,0.0
2028,37,Kristiansand,0.0,20.39,0.0
2028,37,Stavanger,0.0,19.03,0.0
2028,37,Bergen,0.0,27.18,0.0
2028,37,Molde,0.0,16.99,0.0
2028,37,Trondheim,0.0,35.34,0.0
2028,37,Bodø,0.0,14.95,0.0
2028,37,Tromsø,0.0,23.78,0.0
2028,38,Oslo,0.0,20.39,0.0
2028,38,Hamar,0.0,16.99,0.0
2028,38,Skien,0.0,27.18,0.0
2028,38,Kristiansand,0.0,20.39,0.0
2028,38,Stavanger,0.0,19.03,0.0
2028,38,Bergen,0.0,27.18,0.0
2028,38,Molde,0.0,16.99,0.0
2028,38,Trondheim,0.0,35.34,0.0
2028,38,Bodø,0.0,14.95,0.0
2028,38,Tromsø,0.0,23.78,0.0
2028,39,Oslo,0.0,20.39,0.0
2028,39,Hamar,0.0,16.99,0.0
2028,39,Skien,0.0,27.18,0.0
2028,39,Kristiansand,0.0,20.39,0.0
2028,39,Stavanger,0.0,19.03,0.0
2028,39,Bergen,0.0,27.18,0.0
2028,39,Molde,0.0,16.99,0.0
2028,39,Trondheim,0.0,35.34,0.0
2028,39,Bodø,0.0,14.95,0.0
2028,39,Tromsø,0.0,23.78,0.0
2028,40,Oslo,0.0,20.39,0.0
2028,40,Hamar,0.0,16.99,0.0
2028,40,Skien,0.0,27.18,0.0
2028,40,Kristiansand,0.0,20.39,0.0
2028,40,Stavanger,0.0,19.03,0.0
2028,40,Bergen,0.0,27.18,0.0
2028,40,Molde,0.0,16.99,0.0
2028,40,Trondheim,0.0,35.34,0.0
2028,40,Bodø,0.0,14.95,0.0
2028,40,Tromsø,0.0,23.78,0.0
2028,41,Oslo,0.0,20.39,0.0
2028,41,Hamar,0.0,16.99,0.0
2028,41,Skien,0.0,27.18,0.0
2028,41,Kristiansand,0.0,20.39,0.0
2028,41,Stavanger,0.0,19.03,0.0
2028,41,Bergen,0.0,27.18,0.0
2028,41,Molde,0.0,16.99,0.0
2028,41,Trondheim,0.0,35.34,0.0
2028,41,Bodø,0.0,14.95,0.0
2028,41,Tromsø,0.0,23.78,0.0
2028,42,Oslo,0.0,20.39,0.0
2028,42,Hamar,0.0,16.99,0.0
2028,42,Skien,0.0,27.18,0.0
2028,42,Kristiansand,0.0,20.39,0.0
2028,42,Stavanger,0.0,19.03,0.0
2028,42,Bergen,0.0,27.18,0.0
2028,42,Molde,0.0,16.99,0.0
2028,42,Trondheim,0.0,35.34,0.0
2028,42,Bodø,0.0,14.95,0.0
2028,42,Tromsø,0.0,23.78,0.0
2028,43,Oslo,0.0,20.39,0.0
2028,43,Hamar,0.0,16.99,0.0
2028,43,Skien,0.0,27.18,0.0
2028,43,Kristiansand,0.0,20.39,0.0
2028,43,Stavanger,0.0,19.03,0.0
2028,43,Bergen,0.0,27.18,0.0
2028,43,Molde,0.0,16.99,0.0
2028,43,Trondheim,0.0,35.34,0.0
2028,43,Bodø,0.0,14.95,0.0
2028,43,Tromsø,0.0,23.78,0.0
2028,44,Oslo,0.0,20.39,0.0
2028,44,Hamar,0.0,16.99,0.0
2028,44,Skien,0.0,27.18,0.0
2028,44,Kristiansand,0.0,20.39,0.0
2028,44,Stavanger,0.0,19.03,0.0
2028,44,Bergen,0.0,27.18,0.0
2028,44,Molde,0.0,16.99,0.0
2028,44,Trondheim,0.0,35.34,0.0
2028,44,Bodø,0.0,14.95,0.0
2028,44,Tromsø,0.0,23.78,0.0
2028,45,Oslo,0.0,20.39,0.0
2028,45,Hamar,0.0,16.99,0.0
2028,45,Skien,0.0,27.18,0.0
2028,45,Kristiansand,0.0,20.39,0.0
2028,45,Stavanger,0.0,19.03,0.0
2028,45,Bergen,0.0,27.18,0.0
2028,45,Molde,0.0,16.99,0.0
2028,45,Trondheim,0.0,35.34,0.0
2028,45,Bodø,0.0,14.95,0.0
2028,45,Tromsø,0.0,23.78,0.0
2028,46,Oslo,0.0,20.39,0.0
2028,46,Hamar,0.0,16.99,0.0
2028,46,Skien,0.0,27.18,0.0
2028,46,Kristiansand,0.0,20.39,0.0
2028,46,Stavanger,0.0,19.03,0.0
2028,46,Bergen,0.0,27.18,0.0
2028,46,Molde,0.0,16.99,0.0
2028,46,Trondheim,0.0,35.34,0.0
2028,46,Bodø,0.0,14.95,0.0
2028,46,Tromsø,0.0,23.78,0.0
2028,47,Oslo,0.0,20.39,0.0
2028,47,Hamar,0.0,16.99,0.0
2028,47,Skien,0.0,27.18,0.0
2028,47,Kristiansand,0.0,20.39,0.0
2028,47,Stavanger,0.0,19.03,0.0
2028,47,Bergen,0.0,27.18,0.0
2028,47,Molde,0.0,16.99,0.0
2028,47,Trondheim,0.0,35.34,0.0
2028,47,Bodø,0.0,14.95,0.0
2028,47,Tromsø,0.0,23.78,0.0
2028,48,Oslo,0.0,20.39,0.0
2028,48,Hamar,0.0,16.99,0.0
2028,48,Skien,0.0,27.18,0.0
2028,48,Kristiansand,0.0,20.39,0.0
2028,48,Stavanger,0.0,19.03,0.0
2028,48,Bergen,0.0,27.18,0.0
2028,48,Molde,0.0,16.99,0.0
2028,48,Trondheim,0.0,35.34,0.0
2028,48,Bodø,0.0,14.95,0.0
2028,48,Tromsø,0.0,23.78,0.0
2028,49,Oslo,0.0,20.39,0.0
2028,49,Hamar,0.0,16.99,0.0
2028,49,Skien,0.0,27.18,0.0
2028,49,Kristiansand,0.0,20.39,0.0
2028,49,Stavanger,0.0,19.03,0.0
2028,49,Bergen,0.0,27.18,0.0
2028,49,Molde,0.0,16.99,0.0
2028,49,Trondheim,0.0,35.34,0.0
2028,49,Bodø,0.0,14.95,0.0
2028,49,Tromsø,0.0,23.78,0.0
2028,50,Oslo,0.0,20.39,0.0
2028,50,Hamar,0.0,16.99,0.0
2028,50,Skien,0.0,27.18,0.0
2028,50,Kristiansand,0.0,20.39,0.0
2028,50,Stavanger,0.0,19.03,0.0
2028,50,Bergen,0.0,27.18,0.0
2028,50,Molde,0.0,16.99,0.0
2028,50,Trondheim,0.0,35.34,0.0
2028,50,Bodø,0.0,14.95,0.0
2028,50,Tromsø,0.0,23.78,0.0
2028,51,Oslo,0.0,20.39,0.0
2028,51,Hamar,0.0,16.99,0.0
2028,51,Skien,0.0,27.18,0.0
2028,51,Kristiansand,0.0,20.39,0.0
2028,51,Stavanger,0.0,19.03,0.0
2028,51,Bergen,0.0,27.18,0.0
2028,51,Molde,0.0,16.99,0.0
2028,51,Trondheim,0.0,35.34,0.0
2028,51,Bodø,0.0,14.95,0.0
2028,51,Tromsø,0.0,23.78,0.0
2028,52,Oslo,0.0,20.39,0.0
2028,52,Hamar,0.0,16.99,0.0
2028,52,Skien,0.0,27.18,0.0
2028,52,Kristiansand,0.0,20.39,0.0
2028,52,Stavanger,0.0,19.03,0.0
2028,52,Bergen,0.0,27.18,0.0
2028,52,Molde,0.0,16.99,0.0
2028,52,Trondheim,0.0,35.34,0.0
2028,52,Bodø,0.0,14.95,0.0
2028,52,Tromsø,0.0,23.78,0.0
2029,1,Oslo,0.0,20.39,0.0
2029,1,Hamar,0.0,16.99,0.0
2029,1,Skien,0.0,27.18,0.0
2029,1,Kristiansand,0.0,20.39,0.0
2029,1,Stavanger,0.0,19.03,0.0
2029,1,Bergen,0.0,27.18,0.0
2029,1,Molde,0.0,16.99,0.0
2029,1,Trondheim,0.0,35.34,0.0
2029,1,Bodø,0.0,14.95,0.0
2029,1,Tromsø,0.0,23.78,0.0
2029,2,Oslo,0.0,20.39,0.0
2029,2,Hamar,0.0,16.99,0.0
2029,2,Skien,0.0,27.18,0.0
2029,2,Kristiansand,0.0,20.39,0.0
2029,2,Stavanger,0.0,19.03,0.0
2029,2,Bergen,0.0,27.18,0.0
2029,2,Molde,0.0,16.99,0.0
2029,2,Trondheim,0.0,35.34,0.0
2029,2,Bodø,0.0,14.95,0.0
2029,2,Tromsø,0.0,23.78,0.0
2029,3,Oslo,0.0,20.39,0.0
2029,3,Hamar,0.0,16.99,0.0
2029,3,Skien,0.0,27.18,0.0
2029,3,Kristiansand,0.0,20.39,0.0
2029,3,Stavanger,0.0,19.03,0.0
2029,3,Bergen,0.0,27.18,0.0
2029,3,Molde,0.0,16.99,0.0
2029,3,Trondheim,0.0,35.34,0.0
2029,3,Bodø,0.0,14.95,0.0
2029,3,Tromsø,0.0,23.78,0.0
2029,4,Oslo,0.0,20.39,0.0
2029,4,Hamar,0.0,16.99,0.0
2029,4,Skien,0.0,27.18,0.0
2029,4,Kristiansand,0.0,20.39,0.0
2029,4,Stavanger,0.0,19.03,0.0
2029,4,Bergen,0.0,27.18,0.0
2029,4,Molde,0.0,16.99,0.0
2029,4,Trondheim,0.0,35.34,0.0
2029,4,Bodø,0.0,14.95,0.0
2029,4,Tromsø,0.0,23.78,0.0
2029,5,Oslo,0.0,20.39,0.0
2029,5,Hamar,0.0,16.99,0.0
2029,5,Skien,0.0,27.18,0.0
2029,5,Kristiansand,0.0,20.39,0.0
2029,5,Stavanger,0.0,19.03,0.0
2029,5,Bergen,0.0,27.18,0.0
2029,5,Molde,0.0,16.99,0.0
2029,5,Trondheim,0.0,35.34,0.0
2029,5,Bodø,0.0,14.95,0.0
2029,5,Tromsø,0.0,23.78,0.0
2029,6,Oslo,0.0,20.39,0.0
2029,6,Hamar,0.0,16.99,0.0
2029,6,Skien,0.0,27.18,0.0
2029,6,Kristiansand,0.0,20.39,0.0
2029,6,Stavanger,0.0,19.03,0.0
2029,6,Bergen,0.0,27.18,0.0
2029,6,Molde,0.0,16.99,0.0
2029,6,Trondheim,0.0,35.34,0.0
2029,6,Bodø,0.0,14.95,0.0
2029,6,Tromsø,0.0,23.78,0.0
2029,7,Oslo,0.0,20.39,0.0
2029,7,Hamar,0.0,16.99,0.0
2029,7,Skien,0.0,27.18,0.0
2029,7,Kristiansand,0.0,20.39,0.0
2029,7,Stavanger,0.0,19.03,0.0
2029,7,Bergen,0.0,27.18,0.0
2029,7,Molde,0.0,16.99,0.0
2029,7,Trondheim,0.0,35.34,0.0
2029,7,Bodø,0.0,14.95,0.0
2029,7,Tromsø,0.0,23.78,0.0
2029,8,Oslo,0.0,20.39,0.0
2029,8,Hamar,0.0,16.99,0.0
2029,8,Skien,0.0,27.18,0.0
2029,8,Kristiansand,0.0,20.39,0.0
2029,8,Stavanger,0.0,19.03,0.0
2029,8,Bergen,0.0,27.18,0.0
2029,8,Molde,0.0,16.99,0.0
2029,8,Trondheim,0.0,35.34,0.0
2029,8,Bodø,0.0,14.95,0.0
2029,8,Tromsø,0.0,23.78,0.0
2029,9,Oslo,0.0,20.39,0.0
2029,9,Hamar,0.0,16.99,0.0
2029,9,Skien,0.0,27.18,0.0
2029,9,Kristiansand,0.0,20.39,0.0
2029,9,Stavanger,0.0,19.03,0.0
2029,9,Bergen,0.0,27.18,0.0
2029,9,Molde,0.0,16.99,0.0
2029,9,Trondheim,0.0,35.34,0.0
2029,9,Bodø,0.0,14.95,0.0
2029,9,Tromsø,0.0,23.78,0.0
2029,10,Oslo,0.0,20.39,0.0
2029,10,Hamar,0.0,16.99,0.0
2029,10,Skien,0.0,27.18,0.0
2029,10,Kristiansand,0.0,20.39,0.0
2029,10,Stavanger,0.0,19.03,0.0
2029,10,Bergen,0.0,27.18,0.0
2029,10,Molde,0.0,16.99,0.0
2029,10,Trondheim,0.0,35.34,0.0
2029,10,Bodø,0.0,14.95,0.0
2029,10,Tromsø,0.0,23.78,0.0
2029,11,Oslo,0.0,20.39,0.0
2029,11,Hamar,0.0,16.99,0.0
2029,11,Skien,0.0,27.18,0.0
2029,11,Kristiansand,0.0,20.39,0.0
2029,11,Stavanger,0.0,19.03,0.0
2029,11,Bergen,0.0,27.18,0.0
2029,11,Molde,0.0,16.99,0.0
2029,11,Trondheim,0.0,35.34,0.0
2029,11,Bodø,0.0,14.95,0.0
2029,11,Tromsø,0.0,23.78,0.0
2029,12,Oslo,0.0,20.39,0.0
2029,12,Hamar,0.0,16.99,0.0
2029,12,Skien,0.0,27.18,0.0
2029,12,Kristiansand,0.0,20.39,0.0
2029,12,Stavanger,0.0,19.03,0.0
2029,12,Bergen,0.0,27.18,0.0
2029,12,Molde,0.0,16.99,0.0
2029,12,Trondheim,0.0,35.34,0.0
2029,12,Bodø,0.0,14.95,0.0
2029,12,Tromsø,0.0,23.78,0.0
2029,13,Oslo,0.0,20.39,0.0
2029,13,Hamar,0.0,16.99,0.0
2029,13,Skien,0.0,27.18,0.0
2029,13,Kristiansand,0.0,20.39,0.0
2029,13,Stavanger,0.0,19.03,0.0
2029,13,Bergen,0.0,27.18,0.0
2029,13,Molde,0.0,16.99,0.0
2029,13,Trondheim,0.0,35.34,0.0
2029,13,Bodø,0.0,14.95,0.0
2029,13,Tromsø,0.0,23.78,0.0
2029,14,Oslo,0.0,20.39,0.0
2029,14,Hamar,0.0,16.99,0.0
2029,14,Skien,0.0,27.18,0.0
2029,14,Kristiansand,0.0,20.39,0.0
2029,14,Stavanger,0.0,19.03,0.0
2029,14,Bergen,0.0,27.18,0.0
2029,14,Molde,0.0,16.99,0.0
2029,14,Trondheim,0.0,35.34,0.0
2029,14,Bodø,0.0,14.95,0.0
2029,14,Tromsø,0.0,23.78,0.0
2029,15,Oslo,0.0,20.39,0.0
2029,15,Hamar,0.0,16.99,0.0
2029,15,Skien,0.0,27.18,0.0
2029,15,Kristiansand,0.0,20.39,0.0
2029,15,Stavanger,0.0,19.03,0.0
2029,15,Bergen,0.0,27.18,0.0
2029,15,Molde,0.0,16.99,0.0
2029,15,Trondheim,0.0,35.34,0.0
2029,15,Bodø,0.0,14.95,0.0
2029,15,Tromsø,0.0,23.78,0.0
2029,16,Oslo,0.0,20.39,0.0
2029,16,Hamar,0.0,16.99,0.0
2029,16,Skien,0.0,27.18,0.0
2029,16,Kristiansand,0.0,20.39,0.0
2029,16,Stavanger,0.0,19.03,0.0
2029,16,Bergen,0.0,27.18,0.0
2029,16,Molde,0.0,16.99,0.0
2029,16,Trondheim,0.0,35.34,0.0
2029,16,Bodø,0.0,14.95,0.0
2029,16,Tromsø,0.0,23.78,0.0
2029,17,Oslo,0.0,20.39,0.0
2029,17,Hamar,0.0,16.99,0.0
2029,17,Skien,0.0,27.18,0.0
2029,17,Kristiansand,0.0,20.39,0.0
2029,17,Stavanger,0.0,19.03,0.0
2029,17,Bergen,0.0,27.18,0.0
2029,17,Molde,0.0,16.99,0.0
2029,17,Trondheim,0.0,35.34,0.0
2029,17,Bodø,0.0,14.95,0.0
2029,17,Tromsø,0.0,23.78,0.0
2029,18,Oslo,0.0,20.39,0.0
2029,18,Hamar,0.0,16.99,0.0
2029,18,Skien,0.0,27.18,0.0
2029,18,Kristiansand,0.0,20.39,0.0
2029,18,Stavanger,0.0,19.03,0.0
2029,18,Bergen,0.0,27.18,0.0
2029,18,Molde,0.0,16.99,0.0
2029,18,Trondheim,0.0,35.34,0.0
2029,18,Bodø,0.0,14.95,0.0
2029,18,Tromsø,0.0,23.78,0.0
2029,19,Oslo,0.0,20.39,0.0
2029,19,Hamar,0.0,16.99,0.0
2029,19,Skien,0.0,27.18,0.0
2029,19,Kristiansand,0.0,20.39,0.0
2029,19,Stavanger,0.0,19.03,0.0
2029,19,Bergen,0.0,27.18,0.0
2029,19,Molde,0.0,16.99,0.0
2029,19,Trondheim,0.0,35.34,0.0
2029,19,Bodø,0.0,14.95,0.0
2029,19,Tromsø,0.0,23.78,0.0
2029,20,Oslo,0.0,20.39,0.0
2029,20,Hamar,0.0,16.99,0.0
2029,20,Skien,0.0,27.18,0.0
2029,20,Kristiansand,0.0,20.39,0.0
2029,20,Stavanger,0.0,19.03,0.0
2029,20,Bergen,0.0,27.18,0.0
2029,20,Molde,0.0,16.99,0.0
2029,20,Trondheim,0.0,35.34,0.0
2029,20,Bodø,0.0,14.95,0.0
2029,20,Tromsø,0.0,23.78,0.0
2029,21,Oslo,0.0,20.39,0.0
2029,21,Hamar,0.0,16.99,0.0
2029,21,Skien,0.0,27.18,0.0
2029,21,Kristiansand,0.0,20.39,0.0
2029,21,Stavanger,0.0,19.03,0.0
2029,21,Bergen,0.0,27.18,0.0
2029,21,Molde,0.0,16.99,0.0
2029,21,Trondheim,0.0,35.34,0.0
2029,21,Bodø,0.0,14.95,0.0
2029,21,Tromsø,0.0,23.78,0.0
2029,22,Oslo,0.0,20.39,0.0
2029,22,Hamar,0.0,16.99,0.0
2029,22,Skien,0.0,27.18,0.0
2029,22,Kristiansand,0.0,20.39,0.0
2029,22,Stavanger,0.0,19.03,0.0
2029,22,Bergen,0.0,27.18,0.0
2029,22,Molde,0.0,16.99,0.0
2029,22,Trondheim,0.0,35.34,0.0
2029,22,Bodø,0.0,14.95,0.0
2029,22,Tromsø,0.0,23.78,0.0
2029,23,Oslo,0.0,20.39,0.0
2029,23,Hamar,0.0,16.99,0.0
2029,23,Skien,0.0,27.18,0.0
2029,23,Kristiansand,0.0,20.39,0.0
2029,23,Stavanger,0.0,19.03,0.0
2029,23,Bergen,0.0,27.18,0.0
2029,23,Molde,0.0,16.99,0.0
2029,23,Trondheim,0.0,35.34,0.0
2029,23,Bodø,0.0,14.95,0.0
2029,23,Tromsø,0.0,23.78,0.0
2029,24,Oslo,0.0,20.39,0.0
2029,24,Hamar,0.0,16.99,0.0
2029,24,Skien,0.0,27.18,0.0
2029,24,Kristiansand,0.0,20.39,0.0
2029,24,Stavanger,0.0,19.03,0.0
2029,24,Bergen,0.0,27.18,0.0
2029,24,Molde,0.0,16.99,0.0
2029,24,Trondheim,0.0,35.34,0.0
2029,24,Bodø,0.0,14.95,0.0
2029,24,Tromsø,0.0,23.78,0.0
2029,25,Oslo,0.0,20.39,0.0
2029,25,Hamar,0.0,16.99,0.0
2029,25,Skien,0.0,27.18,0.0
2029,25,Kristiansand,0.0,20.39,0.0
2029,25,Stavanger,0.0,19.03,0.0
2029,25,Bergen,0.0,27.18,0.0
2029,25,Molde,0.0,16.99,0.0
2029,25,Trondheim,0.0,35.34,0.0
2029,25,Bodø,0.0,14.95,0.0
2029,25,Tromsø,0.0,23.78,0.0
2029,26,Oslo,0.0,20.39,0.0
2029,26,Hamar,0.0,16.99,0.0
2029,26,Skien,0.0,27.18,0.0
2029,26,Kristiansand,0.0,20.39,0.0
2029,26,Stavanger,0.0,19.03,0.0
2029,26,Bergen,0.0,27.18,0.0
2029,26,Molde,0.0,16.99,0.0
2029,26,Trondheim,0.0,35.34,0.0
2029,26,Bodø,0.0,14.95,0.0
2029,26,Tromsø,0.0,23.78,0.0
2029,27,Oslo,0.0,20.39,0.0
2029,27,Hamar,0.0,16.99,0.0
2029,27,Skien,0.0,27.18,0.0
2029,27,Kristiansand,0.0,20.39,0.0
2029,27,Stavanger,0.0,19.03,0.0
2029,27,Bergen,0.0,27.18,0.0
2029,27,Molde,0.0,16.99,0.0
2029,27,Trondheim,0.0,35.34,0.0
2029,27,Bodø,0.0,14.95,0.0
2029,27,Tromsø,0.0,23.78,0.0
2029,28,Oslo,0.0,20.39,0.0
2029,28,Hamar,0.0,16.99,0.0
2029,28,Skien,0.0,27.18,0.0
2029,28,Kristiansand,0.0,20.39,0.0
2029,28,Stavanger,0.0,19.03,0.0
2029,28,Bergen,0.0,27.18,0.0
2029,28,Molde,0.0,16.99,0.0
2029,28,Trondheim,0.0,35.34,0.0
2029,28,Bodø,0.0,14.95,0.0
2029,28,Tromsø,0.0,23.78,0.0
2029,29,Oslo,0.0,20.39,0.0
2029,29,Hamar,0.0,16.99,0.0
2029,29,Skien,0.0,27.18,0.0
2029,29,Kristiansand,0.0,20.39,0.0
2029,29,Stavanger,0.0,19.03,0.0
2029,29,Bergen,0.0,27.18,0.0
2029,29,Molde,0.0,16.99,0.0
2029,29,Trondheim,0.0,35.34,0.0
2029,29,Bodø,0.0,14.95,0.0
2029,29,Tromsø,0.0,23.78,0.0
2029,30,Oslo,0.0,20.39,0.0
2029,30,Hamar,0.0,16.99,0.0
2029,30,Skien,0.0,27.18,0.0
2029,30,Kristiansand,0.0,20.39,0.0
2029,30,Stavanger,0.0,19.03,0.0
2029,30,Bergen,0.0,27.18,0.0
2029,30,Molde,0.0,16.99,0.0
2029,30,Trondheim,0.0,35.34,0.0
2029,30,Bodø,0.0,14.95,0.0
2029,30,Tromsø,0.0,23.78,0.0
2029,31,Oslo,0.0,20.39,0.0
2029,31,Hamar,0.0,16.99,0.0
2029,31,Skien,0.0,27.18,0.0
2029,31,Kristiansand,0.0,20.39,0.0
2029,31,Stavanger,0.0,19.03,0.0
2029,31,Bergen,0.0,27.18,0.0
2029,31,Molde,0.0,16.99,0.0
2029,31,Trondheim,0.0,35.34,0.0
2029,31,Bodø,0.0,14.95,0.0
2029,31,Tromsø,0.0,23.78,0.0
2029,32,Oslo,0.0,20.39,0.0
2029,32,Hamar,0.0,16.99,0.0
2029,32,Skien,0.0,27.18,0.0
2029,32,Kristiansand,0.0,20.39,0.0
2029,32,Stavanger,0.0,19.03,0.0
2029,32,Bergen,0.0,27.18,0.0
2029,32,Molde,0.0,16.99,0.0
2029,32,Trondheim,0.0,35.34,0.0
2029,32,Bodø,0.0,14.95,0.0
2029,32,Tromsø,0.0,23.78,0.0
2029,33,Oslo,0.0,20.39,0.0
2029,33,Hamar,0.0,16.99,0.0
2029,33,Skien,0.0,27.18,0.0
2029,33,Kristiansand,0.0,20.39,0.0
2029,33,Stavanger,0.0,19.03,0.0
2029,33,Bergen,0.0,27.18,0.0
2029,33,Molde,0.0,16.99,0.0
2029,33,Trondheim,0.0,35.34,0.0
2029,33,Bodø,0.0,14.95,0.0
2029,33,Tromsø,0.0,23.78,0.0
2029,34,Oslo,0.0,20.39,0.0
2029,34,Hamar,0.0,16.99,0.0
2029,34,Skien,0.0,27.18,0.0
2029,34,Kristiansand,0.0,20.39,0.0
2029,34,Stavanger,0.0,19.03,0.0
2029,34,Bergen,0.0,27.18,0.0
2029,34,Molde,0.0,16.99,0.0
2029,34,Trondheim,0.0,35.34,0.0
2029,34,Bodø,0.0,14.95,0.0
2029,34,Tromsø,0.0,23.78,0.0
2029,35,Oslo,0.0,20.39,0.0
2029,35,Hamar,0.0,16.99,0.0
2029,35,Skien,0.0,27.18,0.0
2029,35,Kristiansand,0.0,20.39,0.0
2029,35,Stavanger,0.0,19.03,0.0
2029,35,Bergen,0.0,27.18,0.0
2029,35,Molde,0.0,16.99,0.0
2029,35,Trondheim,0.0,35.34,0.0
2029,35,Bodø,0.0,14.95,0.0
2029,35,Tromsø,0.0,23.78,0.0
2029,36,Oslo,0.0,20.39,0.0
2029,36,Hamar,0.0,16.99,0.0
2029,36,Skien,0.0,27.18,0.0
2029,36,Kristiansand,0.0,20.39,0.0
2029,36,Stavanger,0.0,19.03,0.0
2029,36,Bergen,0.0,27.18,0.0
2029,36,Molde,0.0,16.99,0.0
2029,36,Trondheim,0.0,35.34,0.0
2029,36,Bodø,0.0,14.95,0.0
2029,36,Tromsø,0.0,23.78,0.0
2029,37,Oslo,0.0,20.39,0.0
2029,37,Hamar,0.0,16.99,0.0
2029,37,Skien,0.0,27.18,0.0
2029,37,Kristiansand,0.0,20.39,0.0
2029,37,Stavanger,0.0,19.03,0.0
2029,37,Bergen,0.0,27.18,0.0
2029,37,Molde,0.0,16.99,0.0
2029,37,Trondheim,0.0,35.34,0.0
2029,37,Bodø,0.0,14.95,0.0
2029,37,Tromsø,0.0,23.78,0.0
2029,38,Oslo,0.0,20.39,0.0
2029,38,Hamar,0.0,16.99,0.0
2029,38,Skien,0.0,27.18,0.0
2029,38,Kristiansand,0.0,20.39,0.0
2029,38,Stavanger,0.0,19.03,0.0
2029,38,Bergen,0.0,27.18,0.0
2029,38,Molde,0.0,16.99,0.0
2029,38,Trondheim,0.0,35.34,0.0
2029,38,Bodø,0.0,14.95,0.0
2029,38,Tromsø,0.0,23.78,0.0
2029,39,Oslo,0.0,20.39,0.0
2029,39,Hamar,0.0,16.99,0.0
2029,39,Skien,0.0,27.18,0.0
2029,39,Kristiansand,0.0,20.39,0.0
2029,39,Stavanger,0.0,19.03,0.0
2029,39,Bergen,0.0,27.18,0.0
2029,39,Molde,0.0,16.99,0.0
2029,39,Trondheim,0.0,35.34,0.0
2029,39,Bodø,0.0,14.95,0.0
2029,39,Tromsø,0.0,23.78,0.0
2029,40,Oslo,0.0,20.39,0.0
2029,40,Hamar,0.0,16.99,0.0
2029,40,Skien,0.0,27.18,0.0
2029,40,Kristiansand,0.0,20.39,0.0
2029,40,Stavanger,0.0,19.03,0.0
2029,40,Bergen,0.0,27.18,0.0
2029,40,Molde,0.0,16.99,0.0
2029,40,Trondheim,0.0,35.34,0.0
2029,40,Bodø,0.0,14.95,0.0
2029,40,Tromsø,0.0,23.78,0.0
2029,41,Oslo,0.0,20.39,0.0
2029,41,Hamar,0.0,16.99,0.0
2029,41,Skien,0.0,27.18,0.0
2029,41,Kristiansand,0.0,20.39,0.0
2029,41,Stavanger,0.0,19.03,0.0
2029,41,Bergen,0.0,27.18,0.0
2029,41,Molde,0.0,16.99,0.0
2029,41,Trondheim,0.0,35.34,0.0
2029,41,Bodø,0.0,14.95,0.0
2029,41,Tromsø,0.0,23.78,0.0
2029,42,Oslo,0.0,20.39,0.0
2029,42,Hamar,0.0,16.99,0.0
2029,42,Skien,0.0,27.18,0.0
2029,42,Kristiansand,0.0,20.39,0.0
2029,42,Stavanger,0.0,19.03,0.0
2029,42,Bergen,0.0,27.18,0.0
2029,42,Molde,0.0,16.99,0.0
2029,42,Trondheim,0.0,35.34,0.0
2029,42,Bodø,0.0,14.95,0.0
2029,42,Tromsø,0.0,23.78,0.0
2029,43,Oslo,0.0,20.39,0.0
2029,43,Hamar,0.0,16.99,0.0
2029,43,Skien,0.0,27.18,0.0
2029,43,Kristiansand,0.0,20.39,0.0
2029,43,Stavanger,0.0,19.03,0.0
2029,43,Bergen,0.0,27.18,0.0
2029,43,Molde,0.0,16.99,0.0
2029,43,Trondheim,0.0,35.34,0.0
2029,43,Bodø,0.0,14.95,0.0
2029,43,Tromsø,0.0,23.78,0.0
2029,44,Oslo,0.0,20.39,0.0
2029,44,Hamar,0.0,16.99,0.0
2029,44,Skien,0.0,27.18,0.0
2029,44,Kristiansand,0.0,20.39,0.0
2029,44,Stavanger,0.0,19.03,0.0
2029,44,Bergen,0.0,27.18,0.0
2029,44,Molde,0.0,16.99,0.0
2029,44,Trondheim,0.0,35.34,0.0
2029,44,Bodø,0.0,14.95,0.0
2029,44,Tromsø,0.0,23.78,0.0
2029,45,Oslo,0.0,20.39,0.0
2029,45,Hamar,0.0,16.99,0.0
2029,45,Skien,0.0,27.18,0.0
2029,45,Kristiansand,0.0,20.39,0.0
2029,45,Stavanger,0.0,19.03,0.0
2029,45,Bergen,0.0,27.18,0.0
2029,45,Molde,0.0,16.99,0.0
2029,45,Trondheim,0.0,35.34,0.0
2029,45,Bodø,0.0,14.95,0.0
2029,45,Tromsø,0.0,23.78,0.0
2029,46,Oslo,0.0,20.39,0.0
2029,46,Hamar,0.0,16.99,0.0
2029,46,Skien,0.0,27.18,0.0
2029,46,Kristiansand,0.0,20.39,0.0
2029,46,Stavanger,0.0,19.03,0.0
2029,46,Bergen,0.0,27.18,0.0
2029,46,Molde,0.0,16.99,0.0
2029,46,Trondheim,0.0,35.34,0.0
2029,46,Bodø,0.0,14.95,0.0
2029,46,Tromsø,0.0,23.78,0.0
2029,47,Oslo,0.0,20.39,0.0
2029,47,Hamar,0.0,16.99,0.0
2029,47,Skien,0.0,27.18,0.0
2029,47,Kristiansand,0.0,20.39,0.0
2029,47,Stavanger,0.0,19.03,0.0
2029,47,Bergen,0.0,27.18,0.0
2029,47,Molde,0.0,16.99,0.0
2029,47,Trondheim,0.0,35.34,0.0
2029,47,Bodø,0.0,14.95,0.0
2029,47,Tromsø,0.0,23.78,0.0
2029,48,Oslo,0.0,20.39,0.0
2029,48,Hamar,0.0,16.99,0.0
2029,48,Skien,0.0,27.18,0.0
2029,48,Kristiansand,0.0,20.39,0.0
2029,48,Stavanger,0.0,19.03,0.0
2029,48,Bergen,0.0,27.18,0.0
2029,48,Molde,0.0,16.99,0.0
2029,48,Trondheim,0.0,35.34,0.0
2029,48,Bodø,0.0,14.95,0.0
2029,48,Tromsø,0.0,23.78,0.0
2029,49,Oslo,0.0,20.39,0.0
2029,49,Hamar,0.0,16.99,0.0
2029,49,Skien,0.0,27.18,0.0
2029,49,Kristiansand,0.0,20.39,0.0
2029,49,Stavanger,0.0,19.03,0.0
2029,49,Bergen,0.0,27.18,0.0
2029,49,Molde,0.0,16.99,0.0
2029,49,Trondheim,0.0,35.34,0.0
2029,49,Bodø,0.0,14.95,0.0
2029,49,Tromsø,0.0,23.78,0.0
2029,50,Oslo,0.0,20.39,0.0
2029,50,Hamar,0.0,16.99,0.0
2029,50,Skien,0.0,27.18,0.0
2029,50,Kristiansand,0.0,20.39,0.0
2029,50,Stavanger,0.0,19.03,0.0
2029,50,Bergen,0.0,27.18,0.0
2029,50,Molde,0.0,16.99,0.0
2029,50,Trondheim,0.0,35.34,0.0
2029,50,Bodø,0.0,14.95,0.0
2029,50,Tromsø,0.0,23.78,0.0
2029,51,Oslo,0.0,20.39,0.0
2029,51,Hamar,0.0,16.99,0.0
2029,51,Skien,0.0,27.18,0.0
2029,51,Kristiansand,0.0,20.39,0.0
2029,51,Stavanger,0.0,19.03,0.0
2029,51,Bergen,0.0,27.18,0.0
2029,51,Molde,0.0,16.99,0.0
2029,51,Trondheim,0.0,35.34,0.0
2029,51,Bodø,0.0,14.95,0.0
2029,51,Tromsø,0.0,23.78,0.0
2029,52,Oslo,0.0,20.39,0.0
2029,52,Hamar,0.0,16.99,0.0
2029,52,Skien,0.0,27.18,0.0
2029,52,Kristiansand,0.0,20.39,0.0
2029,52,Stavanger,0.0,19.03,0.0
2029,52,Bergen,0.0,27.18,0.0
2029,52,Molde,0.0,16.99,0.0
2029,52,Trondheim,0.0,35.34,0.0
2029,52,Bodø,0.0,14.95,0.0
2029,52,Tromsø,0.0,23.78,0.0
2030,1,Oslo,0.0,20.39,0.0
2030,1,Hamar,0.0,16.99,0.0
2030,1,Skien,0.0,27.18,0.0
2030,1,Kristiansand,0.0,20.39,0.0
2030,1,Stavanger,0.0,19.03,0.0
2030,1,Bergen,0.0,27.18,0.0
2030,1,Molde,0.0,16.99,0.0
2030,1,Trondheim,0.0,35.34,0.0
2030,1,Bodø,0.0,14.95,0.0
2030,1,Tromsø,0.0,23.78,0.0
2030,2,Oslo,0.0,20.39,0.0
2030,2,Hamar,0.0,16.99,0.0
2030,2,Skien,0.0,27.18,0.0
2030,2,Kristiansand,0.0,20.39,0.0
2030,2,Stavanger,0.0,19.03,0.0
2030,2,Bergen,0.0,27.18,0.0
2030,2,Molde,0.0,16.99,0.0
2030,2,Trondheim,0.0,35.34,0.0
2030,2,Bodø,0.0,14.95,0.0
2030,2,Tromsø,0.0,23.78,0.0
2030,3,Oslo,0.0,20.39,0.0
2030,3,Hamar,0.0,16.99,0.0
2030,3,Skien,0.0,27.18,0.0
2030,3,Kristiansand,0.0,20.39,0.0
2030,3,Stavanger,0.0,19.03,0.0
2030,3,Bergen,0.0,27.18,0.0
2030,3,Molde,0.0,16.99,0.0
2030,3,Trondheim,0.0,35.34,0.0
2030,3,Bodø,0.0,14.95,0.0
2030,3,Tromsø,0.0,23.78,0.0
2030,4,Oslo,0.0,20.39,0.0
2030,4,Hamar,0.0,16.99,0.0
2030,4,Skien,0.0,27.18,0.0
2030,4,Kristiansand,0.0,20.39,0.0
2030,4,Stavanger,0.0,19.03,0.0
2030,4,Bergen,0.0,27.18,0.0
2030,4,Molde,0.0,16.99,0.0
2030,4,Trondheim,0.0,35.34,0.0
2030,4,Bodø,0.0,14.95,0.0
2030,4,Tromsø,0.0,23.78,0.0
2030,5,Oslo,0.0,20.39,0.0
2030,5,Hamar,0.0,16.99,0.0
2030,5,Skien,0.0,27.18,0.0
2030,5,Kristiansand,0.0,20.39,0.0
2030,5,Stavanger,0.0,19.03,0.0
2030,5,Bergen,0.0,27.18,0.0
2030,5,Molde,0.0,16.99,0.0
2030,5,Trondheim,0.0,35.34,0.0
2030,5,Bodø,0.0,14.95,0.0
2030,5,Tromsø,0.0,23.78,0.0
2030,6,Oslo,0.0,20.39,0.0
2030,6,Hamar,0.0,16.99,0.0
2030,6,Skien,0.0,27.18,0.0
2030,6,Kristiansand,0.0,20.39,0.0
2030,6,Stavanger,0.0,19.03,0.0
2030,6,Bergen,0.0,27.18,0.0
2030,6,Molde,0.0,16.99,0.0
2030,6,Trondheim,0.0,35.34,0.0
2030,6,Bodø,0.0,14.95,0.0
2030,6,Tromsø,0.0,23.78,0.0
2030,7,Oslo,0.0,20.39,0.0
2030,7,Hamar,0.0,16.99,0.0
2030,7,Skien,0.0,27.18,0.0
2030,7,Kristiansand,0.0,20.39,0.0
2030,7,Stavanger,0.0,19.03,0.0
2030,7,Bergen,0.0,27.18,0.0
2030,7,Molde,0.0,16.99,0.0
2030,7,Trondheim,0.0,35.34,0.0
2030,7,Bodø,0.0,14.95,0.0
2030,7,Tromsø,0.0,23.78,0.0
2030,8,Oslo,0.0,20.39,0.0
2030,8,Hamar,0.0,16.99,0.0
2030,8,Skien,0.0,27.18,0.0
2030,8,Kristiansand,0.0,20.39,0.0
2030,8,Stavanger,0.0,19.03,0.0
2030,8,Bergen,0.0,27.18,0.0
2030,8,Molde,0.0,16.99,0.0
2030,8,Trondheim,0.0,35.34,0.0
2030,8,Bodø,0.0,14.95,0.0
2030,8,Tromsø,0.0,23.78,0.0
2030,9,Oslo,0.0,20.39,0.0
2030,9,Hamar,0.0,16.99,0.0
2030,9,Skien,0.0,27.18,0.0
2030,9,Kristiansand,0.0,20.39,0.0
2030,9,Stavanger,0.0,19.03,0.0
2030,9,Bergen,0.0,27.18,0.0
2030,9,Molde,0.0,16.99,0.0
2030,9,Trondheim,0.0,35.34,0.0
2030,9,Bodø,0.0,14.95,0.0
2030,9,Tromsø,0.0,23.78,0.0
2030,10,Oslo,0.0,20.39,0.0
2030,10,Hamar,0.0,16.99,0.0
2030,10,Skien,0.0,27.18,0.0
2030,10,Kristiansand,0.0,20.39,0.0
2030,10,Stavanger,0.0,19.03,0.0
2030,10,Bergen,0.0,27.18,0.0
2030,10,Molde,0.0,16.99,0.0
2030,10,Trondheim,0.0,35.34,0.0
2030,10,Bodø,0.0,14.95,0.0
2030,10,Tromsø,0.0,23.78,0.0
2030,11,Oslo,0.0,20.39,0.0
2030,11,Hamar,0.0,16.99,0.0
2030,11,Skien,0.0,27.18,0.0
2030,11,Kristiansand,0.0,20.39,0.0
2030,11,Stavanger,0.0,19.03,0.0
2030,11,Bergen,0.0,27.18,0.0
2030,11,Molde,0.0,16.99,0.0
2030,11,Trondheim,0.0,35.34,0.0
2030,11,Bodø,0.0,14.95,0.0
2030,11,Tromsø,0.0,23.78,0.0
2030,12,Oslo,0.0,20.39,0.0
2030,12,Hamar,0.0,16.99,0.0
2030,12,Skien,0.0,27.18,0.0
2030,12,Kristiansand,0.0,20.39,0.0
2030,12,Stavanger,0.0,19.03,0.0
2030,12,Bergen,0.0,27.18,0.0
2030,12,Molde,0.0,16.99,0.0
2030,12,Trondheim,0.0,35.34,0.0
2030,12,Bodø,0.0,14.95,0.0
2030,12,Tromsø,0.0,23.78,0.0
2030,13,Oslo,0.0,20.39,0.0
2030,13,Hamar,0.0,16.99,0.0
2030,13,Skien,0.0,27.18,0.0
2030,13,Kristiansand,0.0,20.39,0.0
2030,13,Stavanger,0.0,19.03,0.0
2030,13,Bergen,0.0,27.18,0.0
2030,13,Molde,0.0,16.99,0.0
2030,13,Trondheim,0.0,35.34,0.0
2030,13,Bodø,0.0,14.95,0.0
2030,13,Tromsø,0.0,23.78,0.0
2030,14,Oslo,0.0,20.39,0.0
2030,14,Hamar,0.0,16.99,0.0
2030,14,Skien,0.0,27.18,0.0
2030,14,Kristiansand,0.0,20.39,0.0
2030,14,Stavanger,0.0,19.03,0.0
2030,14,Bergen,0.0,27.18,0.0
2030,14,Molde,0.0,16.99,0.0
2030,14,Trondheim,0.0,35.34,0.0
2030,14,Bodø,0.0,14.95,0.0
2030,14,Tromsø,0.0,23.78,0.0
2030,15,Oslo,0.0,20.39,0.0
2030,15,Hamar,0.0,16.99,0.0
2030,15,Skien,0.0,27.18,0.0
2030,15,Kristiansand,0.0,20.39,0.0
2030,15,Stavanger,0.0,19.03,0.0
2030,15,Bergen,0.0,27.18,0.0
2030,15,Molde,0.0,16.99,0.0
2030,15,Trondheim,0.0,35.34,0.0
2030,15,Bodø,0.0,14.95,0.0
2030,15,Tromsø,0.0,23.78,0.0
2030,16,Oslo,0.0,20.39,0.0
2030,16,Hamar,0.0,16.99,0.0
2030,16,Skien,0.0,27.18,0.0
2030,16,Kristiansand,0.0,20.39,0.0
2030,16,Stavanger,0.0,19.03,0.0
2030,16,Bergen,0.0,27.18,0.0
2030,16,Molde,0.0,16.99,0.0
2030,16,Trondheim,0.0,35.34,0.0
2030,16,Bodø,0.0,14.95,0.0
2030,16,Tromsø,0.0,23.78,0.0
2030,17,Oslo,0.0,20.39,0.0
2030,17,Hamar,0.0,16.99,0.0
2030,17,Skien,0.0,27.18,0.0
2030,17,Kristiansand,0.0,20.39,0.0
2030,17,Stavanger,0.0,19.03,0.0
2030,17,Bergen,0.0,27.18,0.0
2030,17,Molde,0.0,16.99,0.0
2030,17,Trondheim,0.0,35.34,0.0
2030,17,Bodø,0.0,14.95,0.0
2030,17,Tromsø,0.0,23.78,0.0
2030,18,Oslo,0.0,20.39,0.0
2030,18,Hamar,0.0,16.99,0.0
2030,18,Skien,0.0,27.18,0.0
2030,18,Kristiansand,0.0,20.39,0.0
2030,18,Stavanger,0.0,19.03,0.0
2030,18,Bergen,0.0,27.18,0.0
2030,18,Molde,0.0,16.99,0.0
2030,18,Trondheim,0.0,35.34,0.0
2030,18,Bodø,0.0,14.95,0.0
2030,18,Tromsø,0.0,23.78,0.0
2030,19,Oslo,0.0,20.39,0.0
2030,19,Hamar,0.0,16.99,0.0
2030,19,Skien,0.0,27.18,0.0
2030,19,Kristiansand,0.0,20.39,0.0
2030,19,Stavanger,0.0,19.03,0.0
2030,19,Bergen,0.0,27.18,0.0
2030,19,Molde,0.0,16.99,0.0
2030,19,Trondheim,0.0,35.34,0.0
2030,19,Bodø,0.0,14.95,0.0
2030,19,Tromsø,0.0,23.78,0.0
2030,20,Oslo,0.0,20.39,0.0
2030,20,Hamar,0.0,16.99,0.0
2030,20,Skien,0.0,27.18,0.0
2030,20,Kristiansand,0.0,20.39,0.0
2030,20,Stavanger,0.0,19.03,0.0
2030,20,Bergen,0.0,27.18,0.0
2030,20,Molde,0.0,16.99,0.0
2030,20,Trondheim,0.0,35.34,0.0
2030,20,Bodø,0.0,14.95,0.0
2030,20,Tromsø,0.0,23.78,0.0
2030,21,Oslo,0.0,20.39,0.0
2030,21,Hamar,0.0,16.99,0.0
2030,21,Skien,0.0,27.18,0.0
2030,21,Kristiansand,0.0,20.39,0.0
2030,21,Stavanger,0.0,19.03,0.0
2030,21,Bergen,0.0,27.18,0.0
2030,21,Molde,0.0,16.99,0.0
2030,21,Trondheim,0.0,35.34,0.0
2030,21,Bodø,0.0,14.95,0.0
2030,21,Tromsø,0.0,23.78,0.0
2030,22,Oslo,0.0,20.39,0.0
2030,22,Hamar,0.0,16.99,0.0
2030,22,Skien,0.0,27.18,0.0
2030,22,Kristiansand,0.0,20.39,0.0
2030,22,Stavanger,0.0,19.03,0.0
2030,22,Bergen,0.0,27.18,0.0
2030,22,Molde,0.0,16.99,0.0
2030,22,Trondheim,0.0,35.34,0.0
2030,22,Bodø,0.0,14.95,0.0
2030,22,Tromsø,0.0,23.78,0.0
2030,23,Oslo,0.0,20.39,0.0
2030,23,Hamar,0.0,16.99,0.0
2030,23,Skien,0.0,27.18,0.0
2030,23,Kristiansand,0.0,20.39,0.0
2030,23,Stavanger,0.0,19.03,0.0
2030,23,Bergen,0.0,27.18,0.0
2030,23,Molde,0.0,16.99,0.0
2030,23,Trondheim,0.0,35.34,0.0
2030,23,Bodø,0.0,14.95,0.0
2030,23,Tromsø,0.0,23.78,0.0
2030,24,Oslo,0.0,20.39,0.0
2030,24,Hamar,0.0,16.99,0.0
2030,24,Skien,0.0,27.18,0.0
2030,24,Kristiansand,0.0,20.39,0.0
2030,24,Stavanger,0.0,19.03,0.0
2030,24,Bergen,0.0,27.18,0.0
2030,24,Molde,0.0,16.99,0.0
2030,24,Trondheim,0.0,35.34,0.0
2030,24,Bodø,0.0,14.95,0.0
2030,24,Tromsø,0.0,23.78,0.0
2030,25,Oslo,0.0,20.39,0.0
2030,25,Hamar,0.0,16.99,0.0
2030,25,Skien,0.0,27.18,0.0
2030,25,Kristiansand,0.0,20.39,0.0
2030,25,Stavanger,0.0,19.03,0.0
2030,25,Bergen,0.0,27.18,0.0
2030,25,Molde,0.0,16.99,0.0
2030,25,Trondheim,0.0,35.34,0.0
2030,25,Bodø,0.0,14.95,0.0
2030,25,Tromsø,0.0,23.78,0.0
2030,26,Oslo,0.0,20.39,0.0
2030,26,Hamar,0.0,16.99,0.0
2030,26,Skien,0.0,27.18,0.0
2030,26,Kristiansand,0.0,20.39,0.0
2030,26,Stavanger,0.0,19.03,0.0
2030,26,Bergen,0.0,27.18,0.0
2030,26,Molde,0.0,16.99,0.0
2030,26,Trondheim,0.0,35.34,0.0
2030,26,Bodø,0.0,14.95,0.0
2030,26,Tromsø,0.0,23.78,0.0
2030,27,Oslo,0.0,20.39,0.0
2030,27,Hamar,0.0,16.99,0.0
2030,27,Skien,0.0,27.18,0.0
2030,27,Kristiansand,0.0,20.39,0.0
2030,27,Stavanger,0.0,19.03,0.0
2030,27,Bergen,0.0,27.18,0.0
2030,27,Molde,0.0,16.99,0.0
2030,27,Trondheim,0.0,35.34,0.0
2030,27,Bodø,0.0,14.95,0.0
2030,27,Tromsø,0.0,23.78,0.0
2030,28,Oslo,0.0,20.39,0.0
2030,28,Hamar,0.0,16.99,0.0
2030,28,Skien,0.0,27.18,0.0
2030,28,Kristiansand,0.0,20.39,0.0
2030,28,Stavanger,0.0,19.03,0.0
2030,28,Bergen,0.0,27.18,0.0
2030,28,Molde,0.0,16.99,0.0
2030,28,Trondheim,0.0,35.34,0.0
2030,28,Bodø,0.0,14.95,0.0
2030,28,Tromsø,0.0,23.78,0.0
2030,29,Oslo,0.0,20.39,0.0
2030,29,Hamar,0.0,16.99,0.0
2030,29,Skien,0.0,27.18,0.0
2030,29,Kristiansand,0.0,20.39,0.0
2030,29,Stavanger,0.0,19.03,0.0
2030,29,Bergen,0.0,27.18,0.0
2030,29,Molde,0.0,16.99,0.0
2030,29,Trondheim,0.0,35.34,0.0
2030,29,Bodø,0.0,14.95,0.0
2030,29,Tromsø,0.0,23.78,0.0
2030,30,Oslo,0.0,20.39,0.0
2030,30,Hamar,0.0,16.99,0.0
2030,30,Skien,0.0,27.18,0.0
2030,30,Kristiansand,0.0,20.39,0.0
2030,30,Stavanger,0.0,19.03,0.0
2030,30,Bergen,0.0,27.18,0.0
2030,30,Molde,0.0,16.99,0.0
2030,30,Trondheim,0.0,35.34,0.0
2030,30,Bodø,0.0,14.95,0.0
2030,30,Tromsø,0.0,23.78,0.0
2030,31,Oslo,0.0,20.39,0.0
2030,31,Hamar,0.0,16.99,0.0
2030,31,Skien,0.0,27.18,0.0
2030,31,Kristiansand,0.0,20.39,0.0
2030,31,Stavanger,0.0,19.03,0.0
2030,31,Bergen,0.0,27.18,0.0
2030,31,Molde,0.0,16.99,0.0
2030,31,Trondheim,0.0,35.34,0.0
2030,31,Bodø,0.0,14.95,0.0
2030,31,Tromsø,0.0,23.78,0.0
2030,32,Oslo,0.0,20.39,0.0
2030,32,Hamar,0.0,16.99,0.0
2030,32,Skien,0.0,27.18,0.0
2030,32,Kristiansand,0.0,20.39,0.0
2030,32,Stavanger,0.0,19.03,0.0
2030,32,Bergen,0.0,27.18,0.0
2030,32,Molde,0.0,16.99,0.0
2030,32,Trondheim,0.0,35.34,0.0
2030,32,Bodø,0.0,14.95,0.0
2030,32,Tromsø,0.0,23.78,0.0
2030,33,Oslo,0.0,20.39,0.0
2030,33,Hamar,0.0,16.99,0.0
2030,33,Skien,0.0,27.18,0.0
2030,33,Kristiansand,0.0,20.39,0.0
2030,33,Stavanger,0.0,19.03,0.0
2030,33,Bergen,0.0,27.18,0.0
2030,33,Molde,0.0,16.99,0.0
2030,33,Trondheim,0.0,35.34,0.0
2030,33,Bodø,0.0,14.95,0.0
2030,33,Tromsø,0.0,23.78,0.0
2030,34,Oslo,0.0,20.39,0.0
2030,34,Hamar,0.0,16.99,0.0
2030,34,Skien,0.0,27.18,0.0
2030,34,Kristiansand,0.0,20.39,0.0
2030,34,Stavanger,0.0,19.03,0.0
2030,34,Bergen,0.0,27.18,0.0
2030,34,Molde,0.0,16.99,0.0
2030,34,Trondheim,0.0,35.34,0.0
2030,34,Bodø,0.0,14.95,0.0
2030,34,Tromsø,0.0,23.78,0.0
2030,35,Oslo,0.0,20.39,0.0
2030,35,Hamar,0.0,16.99,0.0
2030,35,Skien,0.0,27.18,0.0
2030,35,Kristiansand,0.0,20.39,0.0
2030,35,Stavanger,0.0,19.03,0.0
2030,35,Bergen,0.0,27.18,0.0
2030,35,Molde,0.0,16.99,0.0
2030,35,Trondheim,0.0,35.34,0.0
2030,35,Bodø,0.0,14.95,0.0
2030,35,Tromsø,0.0,23.78,0.0
2030,36,Oslo,0.0,20.39,0.0
2030,36,Hamar,0.0,16.99,0.0
2030,36,Skien,0.0,27.18,0.0
2030,36,Kristiansand,0.0,20.39,0.0
2030,36,Stavanger,0.0,19.03,0.0
2030,36,Bergen,0.0,27.18,0.0
2030,36,Molde,0.0,16.99,0.0
2030,36,Trondheim,0.0,35.34,0.0
2030,36,Bodø,0.0,14.95,0.0
2030,36,Tromsø,0.0,23.78,0.0
2030,37,Oslo,0.0,20.39,0.0
2030,37,Hamar,0.0,16.99,0.0
2030,37,Skien,0.0,27.18,0.0
2030,37,Kristiansand,0.0,20.39,0.0
2030,37,Stavanger,0.0,19.03,0.0
2030,37,Bergen,0.0,27.18,0.0
2030,37,Molde,0.0,16.99,0.0
2030,37,Trondheim,0.0,35.34,0.0
2030,37,Bodø,0.0,14.95,0.0
2030,37,Tromsø,0.0,23.78,0.0
2030,38,Oslo,0.0,20.39,0.0
2030,38,Hamar,0.0,16.99,0.0
2030,38,Skien,0.0,27.18,0.0
2030,38,Kristiansand,0.0,20.39,0.0
2030,38,Stavanger,0.0,19.03,0.0
2030,38,Bergen,0.0,27.18,0.0
2030,38,Molde,0.0,16.99,0.0
2030,38,Trondheim,0.0,35.34,0.0
2030,38,Bodø,0.0,14.95,0.0
2030,38,Tromsø,0.0,23.78,0.0
2030,39,Oslo,0.0,20.39,0.0
2030,39,Hamar,0.0,16.99,0.0
2030,39,Skien,0.0,27.18,0.0
2030,39,Kristiansand,0.0,20.39,0.0
2030,39,Stavanger,0.0,19.03,0.0
2030,39,Bergen,0.0,27.18,0.0
2030,39,Molde,0.0,16.99,0.0
2030,39,Trondheim,0.0,35.34,0.0
2030,39,Bodø,0.0,14.95,0.0
2030,39,Tromsø,0.0,23.78,0.0
2030,40,Oslo,0.0,20.39,0.0
2030,40,Hamar,0.0,16.99,0.0
2030,40,Skien,0.0,27.18,0.0
2030,40,Kristiansand,0.0,20.39,0.0
2030,40,Stavanger,0.0,19.03,0.0
2030,40,Bergen,0.0,27.18,0.0
2030,40,Molde,0.0,16.99,0.0
2030,40,Trondheim,0.0,35.34,0.0
2030,40,Bodø,0.0,14.95,0.0
2030,40,Tromsø,0.0,23.78,0.0
2030,41,Oslo,0.0,20.39,0.0
2030,41,Hamar,0.0,16.99,0.0
2030,41,Skien,0.0,27.18,0.0
2030,41,Kristiansand,0.0,20.39,0.0
2030,41,Stavanger,0.0,19.03,0.0
2030,41,Bergen,0.0,27.18,0.0
2030,41,Molde,0.0,16.99,0.0
2030,41,Trondheim,0.0,35.34,0.0
2030,41,Bodø,0.0,14.95,0.0
2030,41,Tromsø,0.0,23.78,0.0
2030,42,Oslo,0.0,20.39,0.0
2030,42,Hamar,0.0,16.99,0.0
2030,42,Skien,0.0,27.18,0.0
2030,42,Kristiansand,0.0,20.39,0.0
2030,42,Stavanger,0.0,19.03,0.0
2030,42,Bergen,0.0,27.18,0.0
2030,42,Molde,0.0,16.99,0.0
2030,42,Trondheim,0.0,35.34,0.0
2030,42,Bodø,0.0,14.95,0.0
2030,42,Tromsø,0.0,23.78,0.0
2030,43,Oslo,0.0,20.39,0.0
2030,43,Hamar,0.0,16.99,0.0
2030,43,Skien,0.0,27.18,0.0
2030,43,Kristiansand,0.0,20.39,0.0
2030,43,Stavanger,0.0,19.03,0.0
2030,43,Bergen,0.0,27.18,0.0
2030,43,Molde,0.0,16.99,0.0
2030,43,Trondheim,0.0,35.34,0.0
2030,43,Bodø,0.0,14.95,0.0
2030,43,Tromsø,0.0,23.78,0.0
2030,44,Oslo,0.0,20.39,0.0
2030,44,Hamar,0.0,16.99,0.0
2030,44,Skien,0.0,27.18,0.0
2030,44,Kristiansand,0.0,20.39,0.0
2030,44,Stavanger,0.0,19.03,0.0
2030,44,Bergen,0.0,27.18,0.0
2030,44,Molde,0.0,16.99,0.0
2030,44,Trondheim,0.0,35.34,0.0
2030,44,Bodø,0.0,14.95,0.0
2030,44,Tromsø,0.0,23.78,0.0
2030,45,Oslo,0.0,20.39,0.0
2030,45,Hamar,0.0,16.99,0.0
2030,45,Skien,0.0,27.18,0.0
2030,45,Kristiansand,0.0,20.39,0.0
2030,45,Stavanger,0.0,19.03,0.0
2030,45,Bergen,0.0,27.18,0.0
2030,45,Molde,0.0,16.99,0.0
2030,45,Trondheim,0.0,35.34,0.0
2030,45,Bodø,0.0,14.95,0.0
2030,45,Tromsø,0.0,23.78,0.0
2030,46,Oslo,0.0,20.39,0.0
2030,46,Hamar,0.0,16.99,0.0
2030,46,Skien,0.0,27.18,0.0
2030,46,Kristiansand,0.0,20.39,0.0
2030,46,Stavanger,0.0,19.03,0.0
2030,46,Bergen,0.0,27.18,0.0
2030,46,Molde,0.0,16.99,0.0
2030,46,Trondheim,0.0,35.34,0.0
2030,46,Bodø,0.0,14.95,0.0
2030,46,Tromsø,0.0,23.78,0.0
2030,47,Oslo,0.0,20.39,0.0
2030,47,Hamar,0.0,16.99,0.0
2030,47,Skien,0.0,27.18,0.0
2030,47,Kristiansand,0.0,20.39,0.0
2030,47,Stavanger,0.0,19.03,0.0
2030,47,Bergen,0.0,27.18,0.0
2030,47,Molde,0.0,16.99,0.0
2030,47,Trondheim,0.0,35.34,0.0
2030,47,Bodø,0.0,14.95,0.0
2030,47,Tromsø,0.0,23.78,0.0
2030,48,Oslo,0.0,20.39,0.0
2030,48,Hamar,0.0,16.99,0.0
2030,48,Skien,0.0,27.18,0.0
2030,48,Kristiansand,0.0,20.39,0.0
2030,48,Stavanger,0.0,19.03,0.0
2030,48,Bergen,0.0,27.18,0.0
2030,48,Molde,0.0,16.99,0.0
2030,48,Trondheim,0.0,35.34,0.0
2030,48,Bodø,0.0,14.95,0.0
2030,48,Tromsø,0.0,23.78,0.0
2030,49,Oslo,0.0,20.39,0.0
2030,49,Hamar,0.0,16.99,0.0
2030,49,Skien,0.0,27.18,0.0
2030,49,Kristiansand,0.0,20.39,0.0
2030,49,Stavanger,0.0,19.03,0.0
2030,49,Bergen,0.0,27.18,0.0
2030,49,Molde,0.0,16.99,0.0
2030,49,Trondheim,0.0,35.34,0.0
2030,49,Bodø,0.0,14.95,0.0
2030,49,Tromsø,0.0,23.78,0.0
2030,50,Oslo,0.0,20.39,0.0
2030,50,Hamar,0.0,16.99,0.0
2030,50,Skien,0.0,27.18,0.0
2030,50,Kristiansand,0.0,20.39,0.0
2030,50,Stavanger,0.0,19.03,0.0
2030,50,Bergen,0.0,27.18,0.0
2030,50,Molde,0.0,16.99,0.0
2030,50,Trondheim,0.0,35.34,0.0
2030,50,Bodø,0.0,14.95,0.0
2030,50,Tromsø,0.0,23.78,0.0
2030,51,Oslo,0.0,20.39,0.0
2030,51,Hamar,0.0,16.99,0.0
2030,51,Skien,0.0,27.18,0.0
2030,51,Kristiansand,0.0,20.39,0.0
2030,51,Stavanger,0.0,19.03,0.0
2030,51,Bergen,0.0,27.18,0.0
2030,51,Molde,0.0,16.99,0.0
2030,51,Trondheim,0.0,35.34,0.0
2030,51,Bodø,0.0,14.95,0.0
2030,51,Tromsø,0.0,23.78,0.0
2030,52,Oslo,0.0,20.39,0.0
2030,52,Hamar,0.0,16.99,0.0
2030,52,Skien,0.0,27.18,0.0
2030,52,Kristiansand,0.0,20.39,0.0
2030,52,Stavanger,0.0,19.03,0.0
2030,52,Bergen,0.0,27.18,0.0
2030,52,Molde,0.0,16.99,0.0
2030,52,Trondheim,0.0,35.34,0.0
2030,52,Bodø,0.0,14.95,0.0
2030,52,Tromsø,0.0,23.78,0.0
2031,1,Oslo,0.0,20.39,0.0
2031,1,Hamar,0.0,16.99,0.0
2031,1,Skien,0.0,27.18,0.0
2031,1,Kristiansand,0.0,20.39,0.0
2031,1,Stavanger,0.0,19.03,0.0
2031,1,Bergen,0.0,27.18,0.0
2031,1,Molde,0.0,16.99,0.0
2031,1,Trondheim,0.0,35.34,0.0
2031,1,Bodø,0.0,14.95,0.0
2031,1,Tromsø,0.0,23.78,0.0
2031,2,Oslo,0.0,20.39,0.0
2031,2,Hamar,0.0,16.99,0.0
2031,2,Skien,0.0,27.18,0.0
2031,2,Kristiansand,0.0,20.39,0.0
2031,2,Stavanger,0.0,19.03,0.0
2031,2,Bergen,0.0,27.18,0.0
2031,2,Molde,0.0,16.99,0.0
2031,2,Trondheim,0.0,35.34,0.0
2031,2,Bodø,0.0,14.95,0.0
2031,2,Tromsø,0.0,23.78,0.0
2031,3,Oslo,0.0,20.39,0.0
2031,3,Hamar,0.0,16.99,0.0
2031,3,Skien,0.0,27.18,0.0
2031,3,Kristiansand,0.0,20.39,0.0
2031,3,Stavanger,0.0,19.03,0.0
2031,3,Bergen,0.0,27.18,0.0
2031,3,Molde,0.0,16.99,0.0
2031,3,Trondheim,0.0,35.34,0.0
2031,3,Bodø,0.0,14.95,0.0
2031,3,Tromsø,0.0,23.78,0.0
2031,4,Oslo,0.0,20.39,0.0
2031,4,Hamar,0.0,16.99,0.0
2031,4,Skien,0.0,27.18,0.0
2031,4,Kristiansand,0.0,20.39,0.0
2031,4,Stavanger,0.0,19.03,0.0
2031,4,Bergen,0.0,27.18,0.0
2031,4,Molde,0.0,16.99,0.0
2031,4,Trondheim,0.0,35.34,0.0
2031,4,Bodø,0.0,14.95,0.0
2031,4,Tromsø,0.0,23.78,0.0
2031,5,Oslo,0.0,20.39,0.0
2031,5,Hamar,0.0,16.99,0.0
2031,5,Skien,0.0,27.18,0.0
2031,5,Kristiansand,0.0,20.39,0.0
2031,5,Stavanger,0.0,19.03,0.0
2031,5,Bergen,0.0,27.18,0.0
2031,5,Molde,0.0,16.99,0.0
2031,5,Trondheim,0.0,35.34,0.0
2031,5,Bodø,0.0,14.95,0.0
2031,5,Tromsø,0.0,23.78,0.0
2031,6,Oslo,0.0,20.39,0.0
2031,6,Hamar,0.0,16.99,0.0
2031,6,Skien,0.0,27.18,0.0
2031,6,Kristiansand,0.0,20.39,0.0
2031,6,Stavanger,0.0,19.03,0.0
2031,6,Bergen,0.0,27.18,0.0
2031,6,Molde,0.0,16.99,0.0
2031,6,Trondheim,0.0,35.34,0.0
2031,6,Bodø,0.0,14.95,0.0
2031,6,Tromsø,0.0,23.78,0.0
2031,7,Oslo,0.0,20.39,0.0
2031,7,Hamar,0.0,16.99,0.0
2031,7,Skien,0.0,27.18,0.0
2031,7,Kristiansand,0.0,20.39,0.0
2031,7,Stavanger,0.0,19.03,0.0
2031,7,Bergen,0.0,27.18,0.0
2031,7,Molde,0.0,16.99,0.0
2031,7,Trondheim,0.0,35.34,0.0
2031,7,Bodø,0.0,14.95,0.0
2031,7,Tromsø,0.0,23.78,0.0
2031,8,Oslo,0.0,20.39,0.0
2031,8,Hamar,0.0,16.99,0.0
2031,8,Skien,0.0,27.18,0.0
2031,8,Kristiansand,0.0,20.39,0.0
2031,8,Stavanger,0.0,19.03,0.0
2031,8,Bergen,0.0,27.18,0.0
2031,8,Molde,0.0,16.99,0.0
2031,8,Trondheim,0.0,35.34,0.0
2031,8,Bodø,0.0,14.95,0.0
2031,8,Tromsø,0.0,23.78,0.0
2031,9,Oslo,0.0,20.39,0.0
2031,9,Hamar,0.0,16.99,0.0
2031,9,Skien,0.0,27.18,0.0
2031,9,Kristiansand,0.0,20.39,0.0
2031,9,Stavanger,0.0,19.03,0.0
2031,9,Bergen,0.0,27.18,0.0
2031,9,Molde,0.0,16.99,0.0
2031,9,Trondheim,0.0,35.34,0.0
2031,9,Bodø,0.0,14.95,0.0
2031,9,Tromsø,0.0,23.78,0.0
2031,10,Oslo,0.0,20.39,0.0
2031,10,Hamar,0.0,16.99,0.0
2031,10,Skien,0.0,27.18,0.0
2031,10,Kristiansand,0.0,20.39,0.0
2031,10,Stavanger,0.0,19.03,0.0
2031,10,Bergen,0.0,27.18,0.0
2031,10,Molde,0.0,16.99,0.0
2031,10,Trondheim,0.0,35.34,0.0
2031,10,Bodø,0.0,14.95,0.0
2031,10,Tromsø,0.0,23.78,0.0
2031,11,Oslo,0.0,20.39,0.0
2031,11,Hamar,0.0,16.99,0.0
2031,11,Skien,0.0,27.18,0.0
2031,11,Kristiansand,0.0,20.39,0.0
2031,11,Stavanger,0.0,19.03,0.0
2031,11,Bergen,0.0,27.18,0.0
2031,11,Molde,0.0,16.99,0.0
2031,11,Trondheim,0.0,35.34,0.0
2031,11,Bodø,0.0,14.95,0.0
2031,11,Tromsø,0.0,23.78,0.0
2031,12,Oslo,0.0,20.39,0.0
2031,12,Hamar,0.0,16.99,0.0
2031,12,Skien,0.0,27.18,0.0
2031,12,Kristiansand,0.0,20.39,0.0
2031,12,Stavanger,0.0,19.03,0.0
2031,12,Bergen,0.0,27.18,0.0
2031,12,Molde,0.0,16.99,0.0
2031,12,Trondheim,0.0,35.34,0.0
2031,12,Bodø,0.0,14.95,0.0
2031,12,Tromsø,0.0,23.78,0.0
2031,13,Oslo,0.0,20.39,0.0
2031,13,Hamar,0.0,16.99,0.0
2031,13,Skien,0.0,27.18,0.0
2031,13,Kristiansand,0.0,20.39,0.0
2031,13,Stavanger,0.0,19.03,0.0
2031,13,Bergen,0.0,27.18,0.0
2031,13,Molde,0.0,16.99,0.0
2031,13,Trondheim,0.0,35.34,0.0
2031,13,Bodø,0.0,14.95,0.0
2031,13,Tromsø,0.0,23.78,0.0
2031,14,Oslo,0.0,20.39,0.0
2031,14,Hamar,0.0,16.99,0.0
2031,14,Skien,0.0,27.18,0.0
2031,14,Kristiansand,0.0,20.39,0.0
2031,14,Stavanger,0.0,19.03,0.0
2031,14,Bergen,0.0,27.18,0.0
2031,14,Molde,0.0,16.99,0.0
2031,14,Trondheim,0.0,35.34,0.0
2031,14,Bodø,0.0,14.95,0.0
2031,14,Tromsø,0.0,23.78,0.0
2031,15,Oslo,0.0,20.39,0.0
2031,15,Hamar,0.0,16.99,0.0
2031,15,Skien,0.0,27.18,0.0
2031,15,Kristiansand,0.0,20.39,0.0
2031,15,Stavanger,0.0,19.03,0.0
2031,15,Bergen,0.0,27.18,0.0
2031,15,Molde,0.0,16.99,0.0
2031,15,Trondheim,0.0,35.34,0.0
2031,15,Bodø,0.0,14.95,0.0
2031,15,Tromsø,0.0,23.78,0.0
2031,16,Oslo,0.0,20.39,0.0
2031,16,Hamar,0.0,16.99,0.0
2031,16,Skien,0.0,27.18,0.0
2031,16,Kristiansand,0.0,20.39,0.0
2031,16,Stavanger,0.0,19.03,0.0
2031,16,Bergen,0.0,27.18,0.0
2031,16,Molde,0.0,16.99,0.0
2031,16,Trondheim,0.0,35.34,0.0
2031,16,Bodø,0.0,14.95,0.0
2031,16,Tromsø,0.0,23.78,0.0
2031,17,Oslo,0.0,20.39,0.0
2031,17,Hamar,0.0,16.99,0.0
2031,17,Skien,0.0,27.18,0.0
2031,17,Kristiansand,0.0,20.39,0.0
2031,17,Stavanger,0.0,19.03,0.0
2031,17,Bergen,0.0,27.18,0.0
2031,17,Molde,0.0,16.99,0.0
2031,17,Trondheim,0.0,35.34,0.0
2031,17,Bodø,0.0,14.95,0.0
2031,17,Tromsø,0.0,23.78,0.0
2031,18,Oslo,0.0,20.39,0.0
2031,18,Hamar,0.0,16.99,0.0
2031,18,Skien,0.0,27.18,0.0
2031,18,Kristiansand,0.0,20.39,0.0
2031,18,Stavanger,0.0,19.03,0.0
2031,18,Bergen,0.0,27.18,0.0
2031,18,Molde,0.0,16.99,0.0
2031,18,Trondheim,0.0,35.34,0.0
2031,18,Bodø,0.0,14.95,0.0
2031,18,Tromsø,0.0,23.78,0.0
2031,19,Oslo,0.0,20.39,0.0
2031,19,Hamar,0.0,16.99,0.0
2031,19,Skien,0.0,27.18,0.0
2031,19,Kristiansand,0.0,20.39,0.0
2031,19,Stavanger,0.0,19.03,0.0
2031,19,Bergen,0.0,27.18,0.0
2031,19,Molde,0.0,16.99,0.0
2031,19,Trondheim,0.0,35.34,0.0
2031,19,Bodø,0.0,14.95,0.0
2031,19,Tromsø,0.0,23.78,0.0
2031,20,Oslo,0.0,20.39,0.0
2031,20,Hamar,0.0,16.99,0.0
2031,20,Skien,0.0,27.18,0.0
2031,20,Kristiansand,0.0,20.39,0.0
2031,20,Stavanger,0.0,19.03,0.0
2031,20,Bergen,0.0,27.18,0.0
2031,20,Molde,0.0,16.99,0.0
2031,20,Trondheim,0.0,35.34,0.0
2031,20,Bodø,0.0,14.95,0.0
2031,20,Tromsø,0.0,23.78,0.0
2031,21,Oslo,0.0,20.39,0.0
2031,21,Hamar,0.0,16.99,0.0
2031,21,Skien,0.0,27.18,0.0
2031,21,Kristiansand,0.0,20.39,0.0
2031,21,Stavanger,0.0,19.03,0.0
2031,21,Bergen,0.0,27.18,0.0
2031,21,Molde,0.0,16.99,0.0
2031,21,Trondheim,0.0,35.34,0.0
2031,21,Bodø,0.0,14.95,0.0
2031,21,Tromsø,0.0,23.78,0.0
2031,22,Oslo,0.0,20.39,0.0
2031,22,Hamar,0.0,16.99,0.0
2031,22,Skien,0.0,27.18,0.0
2031,22,Kristiansand,0.0,20.39,0.0
2031,22,Stavanger,0.0,19.03,0.0
2031,22,Bergen,0.0,27.18,0.0
2031,22,Molde,0.0,16.99,0.0
2031,22,Trondheim,0.0,35.34,0.0
2031,22,Bodø,0.0,14.95,0.0
2031,22,Tromsø,0.0,23.78,0.0
2031,23,Oslo,0.0,20.39,0.0
2031,23,Hamar,0.0,16.99,0.0
2031,23,Skien,0.0,27.18,0.0
2031,23,Kristiansand,0.0,20.39,0.0
2031,23,Stavanger,0.0,19.03,0.0
2031,23,Bergen,0.0,27.18,0.0
2031,23,Molde,0.0,16.99,0.0
2031,23,Trondheim,0.0,35.34,0.0
2031,23,Bodø,0.0,14.95,0.0
2031,23,Tromsø,0.0,23.78,0.0
2031,24,Oslo,0.0,20.39,0.0
2031,24,Hamar,0.0,16.99,0.0
2031,24,Skien,0.0,27.18,0.0
2031,24,Kristiansand,0.0,20.39,0.0
2031,24,Stavanger,0.0,19.03,0.0
2031,24,Bergen,0.0,27.18,0.0
2031,24,Molde,0.0,16.99,0.0
2031,24,Trondheim,0.0,35.34,0.0
2031,24,Bodø,0.0,14.95,0.0
2031,24,Tromsø,0.0,23.78,0.0
2031,25,Oslo,0.0,20.39,0.0
2031,25,Hamar,0.0,16.99,0.0
2031,25,Skien,0.0,27.18,0.0
2031,25,Kristiansand,0.0,20.39,0.0
2031,25,Stavanger,0.0,19.03,0.0
2031,25,Bergen,0.0,27.18,0.0
2031,25,Molde,0.0,16.99,0.0
2031,25,Trondheim,0.0,35.34,0.0
2031,25,Bodø,0.0,14.95,0.0
2031,25,Tromsø,0.0,23.78,0.0
2031,26,Oslo,0.0,20.39,0.0
2031,26,Hamar,0.0,16.99,0.0
2031,26,Skien,0.0,27.18,0.0
2031,26,Kristiansand,0.0,20.39,0.0
2031,26,Stavanger,0.0,19.03,0.0
2031,26,Bergen,0.0,27.18,0.0
2031,26,Molde,0.0,16.99,0.0
2031,26,Trondheim,0.0,35.34,0.0
2031,26,Bodø,0.0,14.95,0.0
2031,26,Tromsø,0.0,23.78,0.0
2031,27,Oslo,0.0,20.39,0.0
2031,27,Hamar,0.0,16.99,0.0
2031,27,Skien,0.0,27.18,0.0
2031,27,Kristiansand,0.0,20.39,0.0
2031,27,Stavanger,0.0,19.03,0.0
2031,27,Bergen,0.0,27.18,0.0
2031,27,Molde,0.0,16.99,0.0
2031,27,Trondheim,0.0,35.34,0.0
2031,27,Bodø,0.0,14.95,0.0
2031,27,Tromsø,0.0,23.78,0.0
2031,28,Oslo,0.0,20.39,0.0
2031,28,Hamar,0.0,16.99,0.0
2031,28,Skien,0.0,27.18,0.0
2031,28,Kristiansand,0.0,20.39,0.0
2031,28,Stavanger,0.0,19.03,0.0
2031,28,Bergen,0.0,27.18,0.0
2031,28,Molde,0.0,16.99,0.0
2031,28,Trondheim,0.0,35.34,0.0
2031,28,Bodø,0.0,14.95,0.0
2031,28,Tromsø,0.0,23.78,0.0
2031,29,Oslo,0.0,20.39,0.0
2031,29,Hamar,0.0,16.99,0.0
2031,29,Skien,0.0,27.18,0.0
2031,29,Kristiansand,0.0,20.39,0.0
2031,29,Stavanger,0.0,19.03,0.0
2031,29,Bergen,0.0,27.18,0.0
2031,29,Molde,0.0,16.99,0.0
2031,29,Trondheim,0.0,35.34,0.0
2031,29,Bodø,0.0,14.95,0.0
2031,29,Tromsø,0.0,23.78,0.0
2031,30,Oslo,0.0,20.39,0.0
2031,30,Hamar,0.0,16.99,0.0
2031,30,Skien,0.0,27.18,0.0
2031,30,Kristiansand,0.0,20.39,0.0
2031,30,Stavanger,0.0,19.03,0.0
2031,30,Bergen,0.0,27.18,0.0
2031,30,Molde,0.0,16.99,0.0
2031,30,Trondheim,0.0,35.34,0.0
2031,30,Bodø,0.0,14.95,0.0
2031,30,Tromsø,0.0,23.78,0.0
2031,31,Oslo,0.0,20.39,0.0
2031,31,Hamar,0.0,16.99,0.0
2031,31,Skien,0.0,27.18,0.0
2031,31,Kristiansand,0.0,20.39,0.0
2031,31,Stavanger,0.0,19.03,0.0
2031,31,Bergen,0.0,27.18,0.0
2031,31,Molde,0.0,16.99,0.0
2031,31,Trondheim,0.0,35.34,0.0
2031,31,Bodø,0.0,14.95,0.0
2031,31,Tromsø,0.0,23.78,0.0
2031,32,Oslo,0.0,20.39,0.0
2031,32,Hamar,0.0,16.99,0.0
2031,32,Skien,0.0,27.18,0.0
2031,32,Kristiansand,0.0,20.39,0.0
2031,32,Stavanger,0.0,19.03,0.0
2031,32,Bergen,0.0,27.18,0.0
2031,32,Molde,0.0,16.99,0.0
2031,32,Trondheim,0.0,35.34,0.0
2031,32,Bodø,0.0,14.95,0.0
2031,32,Tromsø,0.0,23.78,0.0
2031,33,Oslo,0.0,20.39,0.0
2031,33,Hamar,0.0,16.99,0.0
2031,33,Skien,0.0,27.18,0.0
2031,33,Kristiansand,0.0,20.39,0.0
2031,33,Stavanger,0.0,19.03,0.0
2031,33,Bergen,0.0,27.18,0.0
2031,33,Molde,0.0,16.99,0.0
2031,33,Trondheim,0.0,35.34,0.0
2031,33,Bodø,0.0,14.95,0.0
2031,33,Tromsø,0.0,23.78,0.0
2031,34,Oslo,0.0,20.39,0.0
2031,34,Hamar,0.0,16.99,0.0
2031,34,Skien,0.0,27.18,0.0
2031,34,Kristiansand,0.0,20.39,0.0
2031,34,Stavanger,0.0,19.03,0.0
2031,34,Bergen,0.0,27.18,0.0
2031,34,Molde,0.0,16.99,0.0
2031,34,Trondheim,0.0,35.34,0.0
2031,34,Bodø,0.0,14.95,0.0
2031,34,Tromsø,0.0,23.78,0.0
2031,35,Oslo,0.0,20.39,0.0
2031,35,Hamar,0.0,16.99,0.0
2031,35,Skien,0.0,27.18,0.0
2031,35,Kristiansand,0.0,20.39,0.0
2031,35,Stavanger,0.0,19.03,0.0
2031,35,Bergen,0.0,27.18,0.0
2031,35,Molde,0.0,16.99,0.0
2031,35,Trondheim,0.0,35.34,0.0
2031,35,Bodø,0.0,14.95,0.0
2031,35,Tromsø,0.0,23.78,0.0
2031,36,Oslo,0.0,20.39,0.0
2031,36,Hamar,0.0,16.99,0.0
2031,36,Skien,0.0,27.18,0.0
2031,36,Kristiansand,0.0,20.39,0.0
2031,36,Stavanger,0.0,19.03,0.0
2031,36,Bergen,0.0,27.18,0.0
2031,36,Molde,0.0,16.99,0.0
2031,36,Trondheim,0.0,35.34,0.0
2031,36,Bodø,0.0,14.95,0.0
2031,36,Tromsø,0.0,23.78,0.0
2031,37,Oslo,0.0,20.39,0.0
2031,37,Hamar,0.0,16.99,0.0
2031,37,Skien,0.0,27.18,0.0
2031,37,Kristiansand,0.0,20.39,0.0
2031,37,Stavanger,0.0,19.03,0.0
2031,37,Bergen,0.0,27.18,0.0
2031,37,Molde,0.0,16.99,0.0
2031,37,Trondheim,0.0,35.34,0.0
2031,37,Bodø,0.0,14.95,0.0
2031,37,Tromsø,0.0,23.78,0.0
2031,38,Oslo,0.0,20.39,0.0
2031,38,Hamar,0.0,16.99,0.0
2031,38,Skien,0.0,27.18,0.0
2031,38,Kristiansand,0.0,20.39,0.0
2031,38,Stavanger,0.0,19.03,0.0
2031,38,Bergen,0.0,27.18,0.0
2031,38,Molde,0.0,16.99,0.0
2031,38,Trondheim,0.0,35.34,0.0
2031,38,Bodø,0.0,14.95,0.0
2031,38,Tromsø,0.0,23.78,0.0
2031,39,Oslo,0.0,20.39,0.0
2031,39,Hamar,0.0,16.99,0.0
2031,39,Skien,0.0,27.18,0.0
2031,39,Kristiansand,0.0,20.39,0.0
2031,39,Stavanger,0.0,19.03,0.0
2031,39,Bergen,0.0,27.18,0.0
2031,39,Molde,0.0,16.99,0.0
2031,39,Trondheim,0.0,35.34,0.0
2031,39,Bodø,0.0,14.95,0.0
2031,39,Tromsø,0.0,23.78,0.0
2031,40,Oslo,0.0,20.39,0.0
2031,40,Hamar,0.0,16.99,0.0
2031,40,Skien,0.0,27.18,0.0
2031,40,Kristiansand,0.0,20.39,0.0
2031,40,Stavanger,0.0,19.03,0.0
2031,40,Bergen,0.0,27.18,0.0
2031,40,Molde,0.0,16.99,0.0
2031,40,Trondheim,0.0,35.34,0.0
2031,40,Bodø,0.0,14.95,0.0
2031,40,Tromsø,0.0,23.78,0.0
2031,41,Oslo,0.0,20.39,0.0
2031,41,Hamar,0.0,16.99,0.0
2031,41,Skien,0.0,27.18,0.0
2031,41,Kristiansand,0.0,20.39,0.0
2031,41,Stavanger,0.0,19.03,0.0
2031,41,Bergen,0.0,27.18,0.0
2031,41,Molde,0.0,16.99,0.0
2031,41,Trondheim,0.0,35.34,0.0
2031,41,Bodø,0.0,14.95,0.0
2031,41,Tromsø,0.0,23.78,0.0
2031,42,Oslo,0.0,20.39,0.0
2031,42,Hamar,0.0,16.99,0.0
2031,42,Skien,0.0,27.18,0.0
2031,42,Kristiansand,0.0,20.39,0.0
2031,42,Stavanger,0.0,19.03,0.0
2031,42,Bergen,0.0,27.18,0.0
2031,42,Molde,0.0,16.99,0.0
2031,42,Trondheim,0.0,35.34,0.0
2031,42,Bodø,0.0,14.95,0.0
2031,42,Tromsø,0.0,23.78,0.0
2031,43,Oslo,0.0,20.39,0.0
2031,43,Hamar,0.0,16.99,0.0
2031,43,Skien,0.0,27.18,0.0
2031,43,Kristiansand,0.0,20.39,0.0
2031,43,Stavanger,0.0,19.03,0.0
2031,43,Bergen,0.0,27.18,0.0
2031,43,Molde,0.0,16.99,0.0
2031,43,Trondheim,0.0,35.34,0.0
2031,43,Bodø,0.0,14.95,0.0
2031,43,Tromsø,0.0,23.78,0.0
2031,44,Oslo,0.0,20.39,0.0
2031,44,Hamar,0.0,16.99,0.0
2031,44,Skien,0.0,27.18,0.0
2031,44,Kristiansand,0.0,20.39,0.0
2031,44,Stavanger,0.0,19.03,0.0
2031,44,Bergen,0.0,27.18,0.0
2031,44,Molde,0.0,16.99,0.0
2031,44,Trondheim,0.0,35.34,0.0
2031,44,Bodø,0.0,14.95,0.0
2031,44,Tromsø,0.0,23.78,0.0
2031,45,Oslo,0.0,20.39,0.0
2031,45,Hamar,0.0,16.99,0.0
2031,45,Skien,0.0,27.18,0.0
2031,45,Kristiansand,0.0,20.39,0.0
2031,45,Stavanger,0.0,19.03,0.0
2031,45,Bergen,0.0,27.18,0.0
2031,45,Molde,0.0,16.99,0.0
2031,45,Trondheim,0.0,35.34,0.0
2031,45,Bodø,0.0,14.95,0.0
2031,45,Tromsø,0.0,23.78,0.0
2031,46,Oslo,0.0,20.39,0.0
2031,46,Hamar,0.0,16.99,0.0
2031,46,Skien,0.0,27.18,0.0
2031,46,Kristiansand,0.0,20.39,0.0
2031,46,Stavanger,0.0,19.03,0.0
2031,46,Bergen,0.0,27.18,0.0
2031,46,Molde,0.0,16.99,0.0
2031,46,Trondheim,0.0,35.34,0.0
2031,46,Bodø,0.0,14.95,0.0
2031,46,Tromsø,0.0,23.78,0.0
2031,47,Oslo,0.0,20.39,0.0
2031,47,Hamar,0.0,16.99,0.0
2031,47,Skien,0.0,27.18,0.0
2031,47,Kristiansand,0.0,20.39,0.0
2031,47,Stavanger,0.0,19.03,0.0
2031,47,Bergen,0.0,27.18,0.0
2031,47,Molde,0.0,16.99,0.0
2031,47,Trondheim,0.0,35.34,0.0
2031,47,Bodø,0.0,14.95,0.0
2031,47,Tromsø,0.0,23.78,0.0
2031,48,Oslo,0.0,20.39,0.0
2031,48,Hamar,0.0,16.99,0.0
2031,48,Skien,0.0,27.18,0.0
2031,48,Kristiansand,0.0,20.39,0.0
2031,48,Stavanger,0.0,19.03,0.0
2031,48,Bergen,0.0,27.18,0.0
2031,48,Molde,0.0,16.99,0.0
2031,48,Trondheim,0.0,35.34,0.0
2031,48,Bodø,0.0,14.95,0.0
2031,48,Tromsø,0.0,23.78,0.0
2031,49,Oslo,0.0,20.39,0.0
2031,49,Hamar,0.0,16.99,0.0
2031,49,Skien,0.0,27.18,0.0
2031,49,Kristiansand,0.0,20.39,0.0
2031,49,Stavanger,0.0,19.03,0.0
2031,49,Bergen,0.0,27.18,0.0
2031,49,Molde,0.0,16.99,0.0
2031,49,Trondheim,0.0,35.34,0.0
2031,49,Bodø,0.0,14.95,0.0
2031,49,Tromsø,0.0,23.78,0.0
2031,50,Oslo,0.0,20.39,0.0
2031,50,Hamar,0.0,16.99,0.0
2031,50,Skien,0.0,27.18,0.0
2031,50,Kristiansand,0.0,20.39,0.0
2031,50,Stavanger,0.0,19.03,0.0
2031,50,Bergen,0.0,27.18,0.0
2031,50,Molde,0.0,16.99,0.0
2031,50,Trondheim,0.0,35.34,0.0
2031,50,Bodø,0.0,14.95,0.0
2031,50,Tromsø,0.0,23.78,0.0
2031,51,Oslo,0.0,20.39,0.0
2031,51,Hamar,0.0,16.99,0.0
2031,51,Skien,0.0,27.18,0.0
2031,51,Kristiansand,0.0,20.39,0.0
2031,51,Stavanger,0.0,19.03,0.0
2031,51,Bergen,0.0,27.18,0.0
2031,51,Molde,0.0,16.99,0.0
2031,51,Trondheim,0.0,35.34,0.0
2031,51,Bodø,0.0,14.95,0.0
2031,51,Tromsø,0.0,23.78,0.0
2031,52,Oslo,0.0,20.39,0.0
2031,52,Hamar,0.0,16.99,0.0
2031,52,Skien,0.0,27.18,0.0
2031,52,Kristiansand,0.0,20.39,0.0
2031,52,Stavanger,0.0,19.03,0.0
2031,52,Bergen,0.0,27.18,0.0
2031,52,Molde,0.0,16.99,0.0
2031,52,Trondheim,0.0,35.34,0.0
2031,52,Bodø,0.0,14.95,0.0
2031,52,Tromsø,0.0,23.78,0.0
2032,1,Oslo,0.0,20.39,0.0
2032,1,Hamar,0.0,16.99,0.0
2032,1,Skien,0.0,27.18,0.0
2032,1,Kristiansand,0.0,20.39,0.0
2032,1,Stavanger,0.0,19.03,0.0
2032,1,Bergen,0.0,27.18,0.0
2032,1,Molde,0.0,16.99,0.0
2032,1,Trondheim,0.0,35.34,0.0
2032,1,Bodø,0.0,14.95,0.0
2032,1,Tromsø,0.0,23.78,0.0
2032,2,Oslo,0.0,20.39,0.0
2032,2,Hamar,0.0,16.99,0.0
2032,2,Skien,0.0,27.18,0.0
2032,2,Kristiansand,0.0,20.39,0.0
2032,2,Stavanger,0.0,19.03,0.0
2032,2,Bergen,0.0,27.18,0.0
2032,2,Molde,0.0,16.99,0.0
2032,2,Trondheim,0.0,35.34,0.0
2032,2,Bodø,0.0,14.95,0.0
2032,2,Tromsø,0.0,23.78,0.0
2032,3,Oslo,0.0,20.39,0.0
2032,3,Hamar,0.0,16.99,0.0
2032,3,Skien,0.0,27.18,0.0
2032,3,Kristiansand,0.0,20.39,0.0
2032,3,Stavanger,0.0,19.03,0.0
2032,3,Bergen,0.0,27.18,0.0
2032,3,Molde,0.0,16.99,0.0
2032,3,Trondheim,0.0,35.34,0.0
2032,3,Bodø,0.0,14.95,0.0
2032,3,Tromsø,0.0,23.78,0.0
2032,4,Oslo,0.0,20.39,0.0
2032,4,Hamar,0.0,16.99,0.0
2032,4,Skien,0.0,27.18,0.0
2032,4,Kristiansand,0.0,20.39,0.0
2032,4,Stavanger,0.0,19.03,0.0
2032,4,Bergen,0.0,27.18,0.0
2032,4,Molde,0.0,16.99,0.0
2032,4,Trondheim,0.0,35.34,0.0
2032,4,Bodø,0.0,14.95,0.0
2032,4,Tromsø,0.0,23.78,0.0
2032,5,Oslo,0.0,20.39,0.0
2032,5,Hamar,0.0,16.99,0.0
2032,5,Skien,0.0,27.18,0.0
2032,5,Kristiansand,0.0,20.39,0.0
2032,5,Stavanger,0.0,19.03,0.0
2032,5,Bergen,0.0,27.18,0.0
2032,5,Molde,0.0,16.99,0.0
2032,5,Trondheim,0.0,35.34,0.0
2032,5,Bodø,0.0,14.95,0.0
2032,5,Tromsø,0.0,23.78,0.0
2032,6,Oslo,0.0,20.39,0.0
2032,6,Hamar,0.0,16.99,0.0
2032,6,Skien,0.0,27.18,0.0
2032,6,Kristiansand,0.0,20.39,0.0
2032,6,Stavanger,0.0,19.03,0.0
2032,6,Bergen,0.0,27.18,0.0
2032,6,Molde,0.0,16.99,0.0
2032,6,Trondheim,0.0,35.34,0.0
2032,6,Bodø,0.0,14.95,0.0
2032,6,Tromsø,0.0,23.78,0.0
2032,7,Oslo,0.0,20.39,0.0
2032,7,Hamar,0.0,16.99,0.0
2032,7,Skien,0.0,27.18,0.0
2032,7,Kristiansand,0.0,20.39,0.0
2032,7,Stavanger,0.0,19.03,0.0
2032,7,Bergen,0.0,27.18,0.0
2032,7,Molde,0.0,16.99,0.0
2032,7,Trondheim,0.0,35.34,0.0
2032,7,Bodø,0.0,14.95,0.0
2032,7,Tromsø,0.0,23.78,0.0
2032,8,Oslo,0.0,20.39,0.0
2032,8,Hamar,0.0,16.99,0.0
2032,8,Skien,0.0,27.18,0.0
2032,8,Kristiansand,0.0,20.39,0.0
2032,8,Stavanger,0.0,19.03,0.0
2032,8,Bergen,0.0,27.18,0.0
2032,8,Molde,0.0,16.99,0.0
2032,8,Trondheim,0.0,35.34,0.0
2032,8,Bodø,0.0,14.95,0.0
2032,8,Tromsø,0.0,23.78,0.0
2032,9,Oslo,0.0,20.39,0.0
2032,9,Hamar,0.0,16.99,0.0
2032,9,Skien,0.0,27.18,0.0
2032,9,Kristiansand,0.0,20.39,0.0
2032,9,Stavanger,0.0,19.03,0.0
2032,9,Bergen,0.0,27.18,0.0
2032,9,Molde,0.0,16.99,0.0
2032,9,Trondheim,0.0,35.34,0.0
2032,9,Bodø,0.0,14.95,0.0
2032,9,Tromsø,0.0,23.78,0.0
2032,10,Oslo,0.0,20.39,0.0
2032,10,Hamar,0.0,16.99,0.0
2032,10,Skien,0.0,27.18,0.0
2032,10,Kristiansand,0.0,20.39,0.0
2032,10,Stavanger,0.0,19.03,0.0
2032,10,Bergen,0.0,27.18,0.0
2032,10,Molde,0.0,16.99,0.0
2032,10,Trondheim,0.0,35.34,0.0
2032,10,Bodø,0.0,14.95,0.0
2032,10,Tromsø,0.0,23.78,0.0
2032,11,Oslo,0.0,20.39,0.0
2032,11,Hamar,0.0,16.99,0.0
2032,11,Skien,0.0,27.18,0.0
2032,11,Kristiansand,0.0,20.39,0.0
2032,11,Stavanger,0.0,19.03,0.0
2032,11,Bergen,0.0,27.18,0.0
2032,11,Molde,0.0,16.99,0.0
2032,11,Trondheim,0.0,35.34,0.0
2032,11,Bodø,0.0,14.95,0.0
2032,11,Tromsø,0.0,23.78,0.0
2032,12,Oslo,0.0,20.39,0.0
2032,12,Hamar,0.0,16.99,0.0
2032,12,Skien,0.0,27.18,0.0
2032,12,Kristiansand,0.0,20.39,0.0
2032,12,Stavanger,0.0,19.03,0.0
2032,12,Bergen,0.0,27.18,0.0
2032,12,Molde,0.0,16.99,0.0
2032,12,Trondheim,0.0,35.34,0.0
2032,12,Bodø,0.0,14.95,0.0
2032,12,Tromsø,0.0,23.78,0.0
2032,13,Oslo,0.0,20.39,0.0
2032,13,Hamar,0.0,16.99,0.0
2032,13,Skien,0.0,27.18,0.0
2032,13,Kristiansand,0.0,20.39,0.0
2032,13,Stavanger,0.0,19.03,0.0
2032,13,Bergen,0.0,27.18,0.0
2032,13,Molde,0.0,16.99,0.0
2032,13,Trondheim,0.0,35.34,0.0
2032,13,Bodø,0.0,14.95,0.0
2032,13,Tromsø,0.0,23.78,0.0
2032,14,Oslo,0.0,20.39,0.0
2032,14,Hamar,0.0,16.99,0.0
2032,14,Skien,0.0,27.18,0.0
2032,14,Kristiansand,0.0,20.39,0.0
2032,14,Stavanger,0.0,19.03,0.0
2032,14,Bergen,0.0,27.18,0.0
2032,14,Molde,0.0,16.99,0.0
2032,14,Trondheim,0.0,35.34,0.0
2032,14,Bodø,0.0,14.95,0.0
2032,14,Tromsø,0.0,23.78,0.0
2032,15,Oslo,0.0,20.39,0.0
2032,15,Hamar,0.0,16.99,0.0
2032,15,Skien,0.0,27.18,0.0
2032,15,Kristiansand,0.0,20.39,0.0
2032,15,Stavanger,0.0,19.03,0.0
2032,15,Bergen,0.0,27.18,0.0
2032,15,Molde,0.0,16.99,0.0
2032,15,Trondheim,0.0,35.34,0.0
2032,15,Bodø,0.0,14.95,0.0
2032,15,Tromsø,0.0,23.78,0.0
2032,16,Oslo,0.0,20.39,0.0
2032,16,Hamar,0.0,16.99,0.0
2032,16,Skien,0.0,27.18,0.0
2032,16,Kristiansand,0.0,20.39,0.0
2032,16,Stavanger,0.0,19.03,0.0
2032,16,Bergen,0.0,27.18,0.0
2032,16,Molde,0.0,16.99,0.0
2032,16,Trondheim,0.0,35.34,0.0
2032,16,Bodø,0.0,14.95,0.0
2032,16,Tromsø,0.0,23.78,0.0
2032,17,Oslo,0.0,20.39,0.0
2032,17,Hamar,0.0,16.99,0.0
2032,17,Skien,0.0,27.18,0.0
2032,17,Kristiansand,0.0,20.39,0.0
2032,17,Stavanger,0.0,19.03,0.0
2032,17,Bergen,0.0,27.18,0.0
2032,17,Molde,0.0,16.99,0.0
2032,17,Trondheim,0.0,35.34,0.0
2032,17,Bodø,0.0,14.95,0.0
2032,17,Tromsø,0.0,23.78,0.0
2032,18,Oslo,0.0,20.39,0.0
2032,18,Hamar,0.0,16.99,0.0
2032,18,Skien,0.0,27.18,0.0
2032,18,Kristiansand,0.0,20.39,0.0
2032,18,Stavanger,0.0,19.03,0.0
2032,18,Bergen,0.0,27.18,0.0
2032,18,Molde,0.0,16.99,0.0
2032,18,Trondheim,0.0,35.34,0.0
2032,18,Bodø,0.0,14.95,0.0
2032,18,Tromsø,0.0,23.78,0.0
2032,19,Oslo,0.0,20.39,0.0
2032,19,Hamar,0.0,16.99,0.0
2032,19,Skien,0.0,27.18,0.0
2032,19,Kristiansand,0.0,20.39,0.0
2032,19,Stavanger,0.0,19.03,0.0
2032,19,Bergen,0.0,27.18,0.0
2032,19,Molde,0.0,16.99,0.0
2032,19,Trondheim,0.0,35.34,0.0
2032,19,Bodø,0.0,14.95,0.0
2032,19,Tromsø,0.0,23.78,0.0
2032,20,Oslo,0.0,20.39,0.0
2032,20,Hamar,0.0,16.99,0.0
2032,20,Skien,0.0,27.18,0.0
2032,20,Kristiansand,0.0,20.39,0.0
2032,20,Stavanger,0.0,19.03,0.0
2032,20,Bergen,0.0,27.18,0.0
2032,20,Molde,0.0,16.99,0.0
2032,20,Trondheim,0.0,35.34,0.0
2032,20,Bodø,0.0,14.95,0.0
2032,20,Tromsø,0.0,23.78,0.0
2032,21,Oslo,0.0,20.39,0.0
2032,21,Hamar,0.0,16.99,0.0
2032,21,Skien,0.0,27.18,0.0
2032,21,Kristiansand,0.0,20.39,0.0
2032,21,Stavanger,0.0,19.03,0.0
2032,21,Bergen,0.0,27.18,0.0
2032,21,Molde,0.0,16.99,0.0
2032,21,Trondheim,0.0,35.34,0.0
2032,21,Bodø,0.0,14.95,0.0
2032,21,Tromsø,0.0,23.78,0.0
2032,22,Oslo,0.0,20.39,0.0
2032,22,Hamar,0.0,16.99,0.0
2032,22,Skien,0.0,27.18,0.0
2032,22,Kristiansand,0.0,20.39,0.0
2032,22,Stavanger,0.0,19.03,0.0
2032,22,Bergen,0.0,27.18,0.0
2032,22,Molde,0.0,16.99,0.0
2032,22,Trondheim,0.0,35.34,0.0
2032,22,Bodø,0.0,14.95,0.0
2032,22,Tromsø,0.0,23.78,0.0
2032,23,Oslo,0.0,20.39,0.0
2032,23,Hamar,0.0,16.99,0.0
2032,23,Skien,0.0,27.18,0.0
2032,23,Kristiansand,0.0,20.39,0.0
2032,23,Stavanger,0.0,19.03,0.0
2032,23,Bergen,0.0,27.18,0.0
2032,23,Molde,0.0,16.99,0.0
2032,23,Trondheim,0.0,35.34,0.0
2032,23,Bodø,0.0,14.95,0.0
2032,23,Tromsø,0.0,23.78,0.0
2032,24,Oslo,0.0,20.39,0.0
2032,24,Hamar,0.0,16.99,0.0
2032,24,Skien,0.0,27.18,0.0
2032,24,Kristiansand,0.0,20.39,0.0
2032,24,Stavanger,0.0,19.03,0.0
2032,24,Bergen,0.0,27.18,0.0
2032,24,Molde,0.0,16.99,0.0
2032,24,Trondheim,0.0,35.34,0.0
2032,24,Bodø,0.0,14.95,0.0
2032,24,Tromsø,0.0,23.78,0.0
2032,25,Oslo,0.0,20.39,0.0
2032,25,Hamar,0.0,16.99,0.0
2032,25,Skien,0.0,27.18,0.0
2032,25,Kristiansand,0.0,20.39,0.0
2032,25,Stavanger,0.0,19.03,0.0
2032,25,Bergen,0.0,27.18,0.0
2032,25,Molde,0.0,16.99,0.0
2032,25,Trondheim,0.0,35.34,0.0
2032,25,Bodø,0.0,14.95,0.0
2032,25,Tromsø,0.0,23.78,0.0
2032,26,Oslo,0.0,20.39,0.0
2032,26,Hamar,0.0,16.99,0.0
2032,26,Skien,0.0,27.18,0.0
2032,26,Kristiansand,0.0,20.39,0.0
2032,26,Stavanger,0.0,19.03,0.0
2032,26,Bergen,0.0,27.18,0.0
2032,26,Molde,0.0,16.99,0.0
2032,26,Trondheim,0.0,35.34,0.0
2032,26,Bodø,0.0,14.95,0.0
2032,26,Tromsø,0.0,23.78,0.0
2032,27,Oslo,0.0,20.39,0.0
2032,27,Hamar,0.0,16.99,0.0
2032,27,Skien,0.0,27.18,0.0
2032,27,Kristiansand,0.0,20.39,0.0
2032,27,Stavanger,0.0,19.03,0.0
2032,27,Bergen,0.0,27.18,0.0
2032,27,Molde,0.0,16.99,0.0
2032,27,Trondheim,0.0,35.34,0.0
2032,27,Bodø,0.0,14.95,0.0
2032,27,Tromsø,0.0,23.78,0.0
2032,28,Oslo,0.0,20.39,0.0
2032,28,Hamar,0.0,16.99,0.0
2032,28,Skien,0.0,27.18,0.0
2032,28,Kristiansand,0.0,20.39,0.0
2032,28,Stavanger,0.0,19.03,0.0
2032,28,Bergen,0.0,27.18,0.0
2032,28,Molde,0.0,16.99,0.0
2032,28,Trondheim,0.0,35.34,0.0
2032,28,Bodø,0.0,14.95,0.0
2032,28,Tromsø,0.0,23.78,0.0
2032,29,Oslo,0.0,20.39,0.0
2032,29,Hamar,0.0,16.99,0.0
2032,29,Skien,0.0,27.18,0.0
2032,29,Kristiansand,0.0,20.39,0.0
2032,29,Stavanger,0.0,19.03,0.0
2032,29,Bergen,0.0,27.18,0.0
2032,29,Molde,0.0,16.99,0.0
2032,29,Trondheim,0.0,35.34,0.0
2032,29,Bodø,0.0,14.95,0.0
2032,29,Tromsø,0.0,23.78,0.0
2032,30,Oslo,0.0,20.39,0.0
2032,30,Hamar,0.0,16.99,0.0
2032,30,Skien,0.0,27.18,0.0
2032,30,Kristiansand,0.0,20.39,0.0
2032,30,Stavanger,0.0,19.03,0.0
2032,30,Bergen,0.0,27.18,0.0
2032,30,Molde,0.0,16.99,0.0
2032,30,Trondheim,0.0,35.34,0.0
2032,30,Bodø,0.0,14.95,0.0
2032,30,Tromsø,0.0,23.78,0.0
2032,31,Oslo,0.0,20.39,0.0
2032,31,Hamar,0.0,16.99,0.0
2032,31,Skien,0.0,27.18,0.0
2032,31,Kristiansand,0.0,20.39,0.0
2032,31,Stavanger,0.0,19.03,0.0
2032,31,Bergen,0.0,27.18,0.0
2032,31,Molde,0.0,16.99,0.0
2032,31,Trondheim,0.0,35.34,0.0
2032,31,Bodø,0.0,14.95,0.0
2032,31,Tromsø,0.0,23.78,0.0
2032,32,Oslo,0.0,20.39,0.0
2032,32,Hamar,0.0,16.99,0.0
2032,32,Skien,0.0,27.18,0.0
2032,32,Kristiansand,0.0,20.39,0.0
2032,32,Stavanger,0.0,19.03,0.0
2032,32,Bergen,0.0,27.18,0.0
2032,32,Molde,0.0,16.99,0.0
2032,32,Trondheim,0.0,35.34,0.0
2032,32,Bodø,0.0,14.95,0.0
2032,32,Tromsø,0.0,23.78,0.0
2032,33,Oslo,0.0,20.39,0.0
2032,33,Hamar,0.0,16.99,0.0
2032,33,Skien,0.0,27.18,0.0
2032,33,Kristiansand,0.0,20.39,0.0
2032,33,Stavanger,0.0,19.03,0.0
2032,33,Bergen,0.0,27.18,0.0
2032,33,Molde,0.0,16.99,0.0
2032,33,Trondheim,0.0,35.34,0.0
2032,33,Bodø,0.0,14.95,0.0
2032,33,Tromsø,0.0,23.78,0.0
2032,34,Oslo,0.0,20.39,0.0
2032,34,Hamar,0.0,16.99,0.0
2032,34,Skien,0.0,27.18,0.0
2032,34,Kristiansand,0.0,20.39,0.0
2032,34,Stavanger,0.0,19.03,0.0
2032,34,Bergen,0.0,27.18,0.0
2032,34,Molde,0.0,16.99,0.0
2032,34,Trondheim,0.0,35.34,0.0
2032,34,Bodø,0.0,14.95,0.0
2032,34,Tromsø,0.0,23.78,0.0
2032,35,Oslo,0.0,20.39,0.0
2032,35,Hamar,0.0,16.99,0.0
2032,35,Skien,0.0,27.18,0.0
2032,35,Kristiansand,0.0,20.39,0.0
2032,35,Stavanger,0.0,19.03,0.0
2032,35,Bergen,0.0,27.18,0.0
2032,35,Molde,0.0,16.99,0.0
2032,35,Trondheim,0.0,35.34,0.0
2032,35,Bodø,0.0,14.95,0.0
2032,35,Tromsø,0.0,23.78,0.0
2032,36,Oslo,0.0,20.39,0.0
2032,36,Hamar,0.0,16.99,0.0
2032,36,Skien,0.0,27.18,0.0
2032,36,Kristiansand,0.0,20.39,0.0
2032,36,Stavanger,0.0,19.03,0.0
2032,36,Bergen,0.0,27.18,0.0
2032,36,Molde,0.0,16.99,0.0
2032,36,Trondheim,0.0,35.34,0.0
2032,36,Bodø,0.0,14.95,0.0
2032,36,Tromsø,0.0,23.78,0.0
2032,37,Oslo,0.0,20.39,0.0
2032,37,Hamar,0.0,16.99,0.0
2032,37,Skien,0.0,27.18,0.0
2032,37,Kristiansand,0.0,20.39,0.0
2032,37,Stavanger,0.0,19.03,0.0
2032,37,Bergen,0.0,27.18,0.0
2032,37,Molde,0.0,16.99,0.0
2032,37,Trondheim,0.0,35.34,0.0
2032,37,Bodø,0.0,14.95,0.0
2032,37,Tromsø,0.0,23.78,0.0
2032,38,Oslo,0.0,20.39,0.0
2032,38,Hamar,0.0,16.99,0.0
2032,38,Skien,0.0,27.18,0.0
2032,38,Kristiansand,0.0,20.39,0.0
2032,38,Stavanger,0.0,19.03,0.0
2032,38,Bergen,0.0,27.18,0.0
2032,38,Molde,0.0,16.99,0.0
2032,38,Trondheim,0.0,35.34,0.0
2032,38,Bodø,0.0,14.95,0.0
2032,38,Tromsø,0.0,23.78,0.0
2032,39,Oslo,0.0,20.39,0.0
2032,39,Hamar,0.0,16.99,0.0
2032,39,Skien,0.0,27.18,0.0
2032,39,Kristiansand,0.0,20.39,0.0
2032,39,Stavanger,0.0,19.03,0.0
2032,39,Bergen,0.0,27.18,0.0
2032,39,Molde,0.0,16.99,0.0
2032,39,Trondheim,0.0,35.34,0.0
2032,39,Bodø,0.0,14.95,0.0
2032,39,Tromsø,0.0,23.78,0.0
2032,40,Oslo,0.0,20.39,0.0
2032,40,Hamar,0.0,16.99,0.0
2032,40,Skien,0.0,27.18,0.0
2032,40,Kristiansand,0.0,20.39,0.0
2032,40,Stavanger,0.0,19.03,0.0
2032,40,Bergen,0.0,27.18,0.0
2032,40,Molde,0.0,16.99,0.0
2032,40,Trondheim,0.0,35.34,0.0
2032,40,Bodø,0.0,14.95,0.0
2032,40,Tromsø,0.0,23.78,0.0
2032,41,Oslo,0.0,20.39,0.0
2032,41,Hamar,0.0,16.99,0.0
2032,41,Skien,0.0,27.18,0.0
2032,41,Kristiansand,0.0,20.39,0.0
2032,41,Stavanger,0.0,19.03,0.0
2032,41,Bergen,0.0,27.18,0.0
2032,41,Molde,0.0,16.99,0.0
2032,41,Trondheim,0.0,35.34,0.0
2032,41,Bodø,0.0,14.95,0.0
2032,41,Tromsø,0.0,23.78,0.0
2032,42,Oslo,0.0,20.39,0.0
2032,42,Hamar,0.0,16.99,0.0
2032,42,Skien,0.0,27.18,0.0
2032,42,Kristiansand,0.0,20.39,0.0
2032,42,Stavanger,0.0,19.03,0.0
2032,42,Bergen,0.0,27.18,0.0
2032,42,Molde,0.0,16.99,0.0
2032,42,Trondheim,0.0,35.34,0.0
2032,42,Bodø,0.0,14.95,0.0
2032,42,Tromsø,0.0,23.78,0.0
2032,43,Oslo,0.0,20.39,0.0
2032,43,Hamar,0.0,16.99,0.0
2032,43,Skien,0.0,27.18,0.0
2032,43,Kristiansand,0.0,20.39,0.0
2032,43,Stavanger,0.0,19.03,0.0
2032,43,Bergen,0.0,27.18,0.0
2032,43,Molde,0.0,16.99,0.0
2032,43,Trondheim,0.0,35.34,0.0
2032,43,Bodø,0.0,14.95,0.0
2032,43,Tromsø,0.0,23.78,0.0
2032,44,Oslo,0.0,20.39,0.0
2032,44,Hamar,0.0,16.99,0.0
2032,44,Skien,0.0,27.18,0.0
2032,44,Kristiansand,0.0,20.39,0.0
2032,44,Stavanger,0.0,19.03,0.0
2032,44,Bergen,0.0,27.18,0.0
2032,44,Molde,0.0,16.99,0.0
2032,44,Trondheim,0.0,35.34,0.0
2032,44,Bodø,0.0,14.95,0.0
2032,44,Tromsø,0.0,23.78,0.0
2032,45,Oslo,0.0,20.39,0.0
2032,45,Hamar,0.0,16.99,0.0
2032,45,Skien,0.0,27.18,0.0
2032,45,Kristiansand,0.0,20.39,0.0
2032,45,Stavanger,0.0,19.03,0.0
2032,45,Bergen,0.0,27.18,0.0
2032,45,Molde,0.0,16.99,0.0
2032,45,Trondheim,0.0,35.34,0.0
2032,45,Bodø,0.0,14.95,0.0
2032,45,Tromsø,0.0,23.78,0.0
2032,46,Oslo,0.0,20.39,0.0
2032,46,Hamar,0.0,16.99,0.0
2032,46,Skien,0.0,27.18,0.0
2032,46,Kristiansand,0.0,20.39,0.0
2032,46,Stavanger,0.0,19.03,0.0
2032,46,Bergen,0.0,27.18,0.0
2032,46,Molde,0.0,16.99,0.0
2032,46,Trondheim,0.0,35.34,0.0
2032,46,Bodø,0.0,14.95,0.0
2032,46,Tromsø,0.0,23.78,0.0
2032,47,Oslo,0.0,20.39,0.0
2032,47,Hamar,0.0,16.99,0.0
2032,47,Skien,0.0,27.18,0.0
2032,47,Kristiansand,0.0,20.39,0.0
2032,47,Stavanger,0.0,19.03,0.0
2032,47,Bergen,0.0,27.18,0.0
2032,47,Molde,0.0,16.99,0.0
2032,47,Trondheim,0.0,35.34,0.0
2032,47,Bodø,0.0,14.95,0.0
2032,47,Tromsø,0.0,23.78,0.0
2032,48,Oslo,0.0,20.39,0.0
2032,48,Hamar,0.0,16.99,0.0
2032,48,Skien,0.0,27.18,0.0
2032,48,Kristiansand,0.0,20.39,0.0
2032,48,Stavanger,0.0,19.03,0.0
2032,48,Bergen,0.0,27.18,0.0
2032,48,Molde,0.0,16.99,0.0
2032,48,Trondheim,0.0,35.34,0.0
2032,48,Bodø,0.0,14.95,0.0
2032,48,Tromsø,0.0,23.78,0.0
2032,49,Oslo,0.0,20.39,0.0
2032,49,Hamar,0.0,16.99,0.0
2032,49,Skien,0.0,27.18,0.0
2032,49,Kristiansand,0.0,20.39,0.0
2032,49,Stavanger,0.0,19.03,0.0
2032,49,Bergen,0.0,27.18,0.0
2032,49,Molde,0.0,16.99,0.0
2032,49,Trondheim,0.0,35.34,0.0
2032,49,Bodø,0.0,14.95,0.0
2032,49,Tromsø,0.0,23.78,0.0
2032,50,Oslo,0.0,20.39,0.0
2032,50,Hamar,0.0,16.99,0.0
2032,50,Skien,0.0,27.18,0.0
2032,50,Kristiansand,0.0,20.39,0.0
2032,50,Stavanger,0.0,19.03,0.0
2032,50,Bergen,0.0,27.18,0.0
2032,50,Molde,0.0,16.99,0.0
2032,50,Trondheim,0.0,35.34,0.0
2032,50,Bodø,0.0,14.95,0.0
2032,50,Tromsø,0.0,23.78,0.0
2032,51,Oslo,0.0,20.39,0.0
2032,51,Hamar,0.0,16.99,0.0
2032,51,Skien,0.0,27.18,0.0
2032,51,Kristiansand,0.0,20.39,0.0
2032,51,Stavanger,0.0,19.03,0.0
2032,51,Bergen,0.0,27.18,0.0
2032,51,Molde,0.0,16.99,0.0
2032,51,Trondheim,0.0,35.34,0.0
2032,51,Bodø,0.0,14.95,0.0
2032,51,Tromsø,0.0,23.78,0.0
2032,52,Oslo,0.0,20.39,0.0
2032,52,Hamar,0.0,16.99,0.0
2032,52,Skien,0.0,27.18,0.0
2032,52,Kristiansand,0.0,20.39,0.0
2032,52,Stavanger,0.0,19.03,0.0
2032,52,Bergen,0.0,27.18,0.0
2032,52,Molde,0.0,16.99,0.0
2032,52,Trondheim,0.0,35.34,0.0
2032,52,Bodø,0.0,14.95,0.0
2032,52,Tromsø,0.0,23.78,0.0
2032,53,Oslo,0.0,20.39,0.0
2032,53,Hamar,0.0,16.99,0.0
2032,53,Skien,0.0,27.18,0.0
2032,53,Kristiansand,0.0,20.39,0.0
2032,53,Stavanger,0.0,19.03,0.0
2032,53,Bergen,0.0,27.18,0.0
2032,53,Molde,0.0,16.99,0.0
2032,53,Trondheim,0.0,35.34,0.0
2032,53,Bodø,0.0,14.95,0.0
2032,53,Tromsø,0.0,23.78,0.0
2033,1,Oslo,0.0,20.39,0.0
2033,1,Hamar,0.0,16.99,0.0
2033,1,Skien,0.0,27.18,0.0
2033,1,Kristiansand,0.0,20.39,0.0
2033,1,Stavanger,0.0,19.03,0.0
2033,1,Bergen,0.0,27.18,0.0
2033,1,Molde,0.0,16.99,0.0
2033,1,Trondheim,0.0,35.34,0.0
2033,1,Bodø,0.0,14.95,0.0
2033,1,Tromsø,0.0,23.78,0.0
2033,2,Oslo,0.0,20.39,0.0
2033,2,Hamar,0.0,16.99,0.0
2033,2,Skien,0.0,27.18,0.0
2033,2,Kristiansand,0.0,20.39,0.0
2033,2,Stavanger,0.0,19.03,0.0
2033,2,Bergen,0.0,27.18,0.0
2033,2,Molde,0.0,16.99,0.0
2033,2,Trondheim,0.0,35.34,0.0
2033,2,Bodø,0.0,14.95,0.0
2033,2,Tromsø,0.0,23.78,0.0
2033,3,Oslo,0.0,20.39,0.0
2033,3,Hamar,0.0,16.99,0.0
2033,3,Skien,0.0,27.18,0.0
2033,3,Kristiansand,0.0,20.39,0.0
2033,3,Stavanger,0.0,19.03,0.0
2033,3,Bergen,0.0,27.18,0.0
2033,3,Molde,0.0,16.99,0.0
2033,3,Trondheim,0.0,35.34,0.0
2033,3,Bodø,0.0,14.95,0.0
2033,3,Tromsø,0.0,23.78,0.0
