Scenario,uke_aar,uke_nr,Ko_Lengde_P5,Ko_Lengde_P50,Ko_Lengde_P95,Lenker_I_Ko_P5,Lenker_I_Ko_P50,Lenker_I_Ko_P95,Lenker_Overfort_P5,Lenker_Overfort_P50,Lenker_Overfort_P95,Kommuner_Overfort_P5,Kommuner_Overfort_P50,Kommuner_Overfort_P95,N
Basis_85,2026,18,62.0,62.0,62.0,281522.0,281740.5,281917.15,991.85,1168.5,1387.0,0.0,0.0,0.0,500
Basis_85,2026,19,60.0,60.0,61.0,274686.7,276234.5,288870.7,5953.1,7009.5,8322.05,2.0,2.0,2.0,500
Basis_85,2026,20,60.0,62.0,65.0,291346.45,323297.0,361114.75,10913.4,12850.5,15258.05,3.0,4.0,5.0,500
Basis_85,2026,21,64.0,67.0,70.0,348226.45,389176.5,429822.89999999997,15874.7,18691.0,22193.1,5.0,5.0,6.0,500
Basis_85,2026,22,68.0,72.0,76.0,407839.45,461038.0,507910.3,20835.0,24532.0,29128.15,5.0,7.0,8.0,500
Basis_85,2026,23,73.0,78.0,84.04999999999995,469102.45,530874.5,588944.25,25796.25,30373.0,36064.15,8.0,8.0,10.0,500
Basis_85,2026,24,81.0,87.0,96.0,551732.9,612902.5,680216.35,30757.5,36214.0,42999.2,8.0,10.0,11.0,500
Basis_85,2026,25,89.0,98.0,107.0,627405.65,694525.0,760518.5,35717.8,42055.0,49934.25,10.0,10.0,12.0,500
Basis_85,2026,26,99.0,107.0,113.0,692232.7,765058.5,820709.65,40679.05,47896.0,56870.2,10.0,12.0,12.0,500
Basis_85,2026,27,106.0,113.0,118.0,751612.55,813548.5,864610.45,45639.35,53737.0,63805.25,12.0,12.0,16.0,500
Basis_85,2026,28,110.0,117.0,123.0,795941.55,858190.0,909773.0,50600.6,59578.0,70740.3,12.0,14.0,17.0,500
Basis_85,2026,29,114.0,121.0,127.0,843274.6,903438.0,959646.25,55560.9,65419.0,77676.3,12.0,16.0,19.0,500
Basis_85,2026,30,118.0,125.0,132.0,891527.05,955496.5,1020331.95,60522.15,71260.0,84611.35,14.0,17.0,21.0,500
Basis_85,2026,31,122.0,130.0,137.0,930420.5,1002887.5,1077083.75,65482.45,77100.5,91546.4,16.0,18.0,22.0,500
Basis_85,2026,32,125.0,134.0,142.0,975564.05,1050826.0,1123136.5,70443.7,82941.5,98482.4,17.0,20.0,24.0,500
Basis_85,2026,33,129.95,139.0,148.0,1018163.15,1097503.5,1166726.0999999999,75404.0,88782.5,105417.45,18.0,22.0,26.0,500
Basis_85,2026,34,134.0,144.5,154.0,1059169.15,1144859.5,1212922.9,80365.25,94623.5,112352.5,19.0,24.0,27.0,500
Basis_85,2026,35,140.0,151.0,160.0,1108570.0,1187372.5,1258613.9,85326.5,100464.5,119288.5,21.0,25.0,29.0,500
Basis_85,2026,36,145.0,156.0,164.04999999999995,1144213.2,1220782.5,1289202.95,90286.8,106305.5,126223.55,22.0,26.0,30.0,500
Basis_85,2026,37,150.0,159.0,166.0,1174724.5,1245448.5,1313174.45,95248.05,112146.5,133158.55,24.0,27.0,31.0,500
Basis_85,2026,38,153.0,161.0,168.0,1193345.55,1265522.5,1331829.75,100208.35,117987.5,140094.55,25.0,29.0,32.0,500
Basis_85,2026,39,154.95,162.0,170.0,1210094.35,1282666.0,1358817.35,105169.6,123828.5,147029.6,26.0,30.0,33.0,500
Basis_85,2026,40,156.0,164.0,172.0,1224551.9,1301715.5,1380810.2,110129.9,129669.5,153964.65,27.0,31.0,35.0,500
Basis_85,2026,41,158.0,167.0,176.0,1249513.15,1330344.0,1412481.7,115091.15,135510.5,160899.7,28.0,31.0,36.0,500
Basis_85,2026,42,161.0,171.0,181.0,1278592.35,1366349.5,1457679.15,120051.45,141351.5,167835.7,29.0,32.0,37.0,500
Basis_85,2026,43,164.0,176.0,189.0,1322574.25,1414414.5,1509208.05,125012.7,147192.5,174770.75,30.0,33.0,38.0,500
Basis_85,2026,44,170.0,184.0,198.0,1360913.55,1465226.5,1572025.5,129973.05,153033.5,181705.8,31.0,35.0,40.0,500
Basis_85,2026,45,176.0,190.0,204.04999999999995,1408663.4,1511102.0,1604295.35,134934.3,158874.0,188641.8,31.0,36.0,40.0,500
Basis_85,2026,46,180.0,196.0,210.0,1447141.05,1556066.0,1657593.65,139894.6,164715.0,195576.85,32.0,37.0,44.0,500
Basis_85,2026,47,186.0,203.0,220.0,1483799.1,1602092.5,1687929.2,144855.85,170556.0,202511.9,33.0,37.0,44.0,500
Basis_85,2026,48,192.0,211.0,225.0,1525789.65,1643368.5,1718710.5,149817.1,176397.0,209447.85,34.0,38.0,45.0,500
Basis_85,2026,49,199.0,216.0,229.0,1572083.8,1672400.5,1743033.8,154777.4,182238.0,216382.9,35.0,40.0,45.0,500
Basis_85,2026,50,207.0,221.0,234.0,1605687.45,1695563.0,1770296.8,159738.65,188079.0,223317.95,36.0,40.0,46.0,500
Basis_85,2026,51,213.0,225.0,237.0,1640801.85,1719670.0,1796774.05,164698.95,193920.0,230253.95,37.0,44.0,48.0,500
Basis_85,2026,52,217.0,229.0,240.0,1660854.55,1738054.0,1810207.8499999999,169660.2,199761.0,237189.0,37.0,44.0,49.0,500
Basis_85,2026,53,219.0,231.0,241.0,1675469.65,1754536.0,1820988.15,174620.5,205602.0,244124.05,38.0,44.0,51.0,500
Basis_85,2027,1,224.0,236.0,247.0,1731513.0,1804304.5,1873446.05,179581.75,211443.0,251060.05,39.0,45.0,51.0,500
Basis_85,2027,2,230.0,241.0,250.0,1781928.1,1850177.5,1909430.8499999999,184542.05,217284.0,257995.1,40.0,45.0,53.0,500
Basis_85,2027,3,232.95,244.0,252.0,1799198.65,1870971.0,1925457.85,189503.3,223125.0,264930.15,40.95,46.0,54.0,500
Basis_85,2027,4,233.95,245.0,252.0,1819882.15,1883502.5,1936500.7,194463.6,228966.0,271866.15,44.0,48.0,55.0,500
Basis_85,2027,5,235.0,246.0,254.0,1835180.35,1895124.5,1951852.5,199424.85,234807.0,278801.2,44.0,48.0,58.0,500
Basis_85,2027,6,235.0,247.0,255.0,1841949.2,1907008.0,1965535.9,204385.15,240648.0,285736.2,44.0,50.0,62.0,500
Basis_85,2027,7,235.0,248.0,257.0,1855228.95,1923684.5,1984991.5,209346.4,246489.0,292672.2,44.95,51.0,62.049999999999955,500
Basis_85,2027,8,235.95,249.0,259.0,1864519.95,1938915.5,2004880.95,214307.65,252330.0,299607.25,45.0,51.0,63.0,500
Basis_85,2027,9,238.0,251.0,263.0,1889434.9,1969994.5,2042185.2999999998,219267.95,258171.0,306542.3,46.0,53.5,64.0,500
Basis_85,2027,10,241.95,255.0,266.04999999999995,1930291.1,2011427.5,2083385.0,224229.2,264012.0,313478.3,46.95,54.0,64.0,500
Basis_85,2027,11,245.0,258.0,271.0,1956747.05,2032880.0,2113000.5,229189.5,269853.0,320413.35,48.0,55.0,65.0,500
Basis_85,2027,12,248.0,259.0,272.0,1971177.25,2042977.0,2137965.85,234150.75,275694.0,327348.4,48.0,56.5,66.0,500
Basis_85,2027,13,248.0,260.0,274.0,1972313.45,2052688.5,2152500.4499999997,239111.05,281535.0,334284.4,49.95,60.0,66.0,500
Basis_85,2027,14,250.0,261.0,276.0,1993070.05,2076962.5,2195713.8499999996,244072.3,287376.0,341219.45,51.0,62.0,67.0,500
Basis_85,2027,15,251.0,263.0,280.0,2006553.15,2096044.0,2231757.9,249032.65,293217.0,348154.5,51.0,63.0,67.0,500
Basis_85,2027,16,253.0,266.0,282.0,2019189.5,2126560.0,2247354.55,253993.9,299058.0,355090.5,51.95,63.0,68.0,500
Basis_85,2027,17,255.95,270.0,284.0,2039224.05,2154277.0,2260435.7,258954.2,304898.5,362025.5,53.95,64.0,68.04999999999995,500
Basis_85,2027,18,258.0,273.0,285.04999999999995,2059529.3,2189172.0,2276453.5,263915.45,310739.5,368960.55,54.0,64.0,69.0,500
Basis_85,2027,19,260.0,275.0,288.0,2078616.0,2205036.0,2286872.5,268876.7,316580.5,375896.55,55.0,64.0,70.0,500
Basis_85,2027,20,262.0,277.0,286.0,2089651.3,2215186.5,2284826.35,273837.0,322421.5,382831.6,56.0,65.0,70.0,500
Basis_85,2027,21,264.0,278.0,285.0,2100132.7,2220598.5,2282429.5,278798.25,328262.5,389766.65,57.95,65.0,71.0,500
Basis_85,2027,22,266.95,278.0,284.0,2115218.45,2222261.5,2281003.85,283758.55,334103.0,396701.7,62.0,66.0,72.0,500
Basis_85,2027,23,270.0,281.0,286.0,2138356.55,2225522.5,2283572.05,288719.8,339944.0,403637.7,62.0,66.0,72.0,500
Basis_85,2027,24,273.0,280.0,286.0,2148651.1,2226253.0,2290567.0,293680.1,345785.0,410572.75,63.0,67.0,72.04999999999995,500
Basis_85,2027,25,274.0,281.0,286.0,2160271.0,2234009.0,2297417.45,298641.35,351626.0,417507.8,63.0,67.0,73.0,500
Basis_85,2027,26,274.0,281.0,285.04999999999995,2165551.4,2239262.5,2296424.85,303601.65,357467.0,424443.8,63.0,67.0,74.0,500
Basis_85,2027,27,275.0,282.0,288.0,2167910.95,2240511.5,2297904.2,308562.9,363308.0,431378.85,64.0,68.0,74.0,500
Basis_85,2027,28,276.95,284.0,289.0,2167587.6,2238393.5,2294705.05,313523.2,369149.0,438313.85,64.0,68.0,75.0,500
Basis_85,2027,29,277.0,284.0,289.0,2163679.7,2234556.5,2290788.7,318484.45,374990.0,445249.85,64.0,69.0,75.04999999999995,500
Basis_85,2027,30,277.0,284.0,288.0,2157548.05,2229468.5,2288024.1,323444.75,380831.0,452184.9,65.0,69.0,76.0,500
Basis_85,2027,31,276.0,283.0,288.0,2153947.75,2226368.0,2288294.55,328406.0,386672.0,459119.95,65.0,70.0,77.0,500
Basis_85,2027,32,276.0,283.0,288.0,2149361.25,2224132.5,2285946.15,333367.25,392513.0,466055.95,65.0,70.0,77.0,500
Basis_85,2027,33,276.0,284.0,289.0,2147278.5,2223817.0,2286981.9,338327.55,398354.0,472991.0,66.0,71.0,78.0,500
Basis_85,2027,34,276.95,284.0,290.0,2145351.9,2221503.0,2284468.75,343288.8,404195.0,479926.05,66.0,71.0,79.0,500
Basis_85,2027,35,277.0,284.0,290.0,2141677.05,2218207.5,2281537.65,348249.1,410036.0,486862.05,66.0,72.0,79.0,500
Basis_85,2027,36,277.0,284.0,290.0,2137105.2,2213886.0,2277233.05,353210.35,415877.0,493797.1,67.0,72.0,80.0,500
Basis_85,2027,37,276.0,284.0,290.0,2130231.85,2208665.5,2272793.35,358170.65,421718.0,500732.15,67.0,73.0,81.0,500
Basis_85,2027,38,275.95,284.0,290.0,2123295.85,2203129.0,2267832.1,363131.9,427559.0,507668.15,67.0,73.0,81.04999999999995,500
Basis_85,2027,39,275.0,283.0,289.0,2116360.85,2197564.0,2262871.75,368092.25,433400.0,514603.15,68.0,74.0,82.0,500
Basis_85,2027,40,274.0,283.0,289.0,2109425.8,2191723.0,2257910.5,373053.5,439241.0,521538.2,68.0,74.0,83.0,500
Basis_85,2027,41,273.0,282.0,288.0,2102489.8,2185882.5,2252950.1999999997,378013.8,445081.5,528474.2,69.0,75.0,84.0,500
Basis_85,2027,42,272.0,282.0,288.0,2095554.75,2180041.5,2247988.9499999997,382975.05,450922.5,535409.25,69.0,75.0,85.0,500
Basis_85,2027,43,272.0,281.0,287.04999999999995,2088619.7,2174200.5,2243027.6999999997,387936.3,456763.5,542344.3,69.95,76.0,85.0,500
Basis_85,2027,44,271.0,281.0,287.0,2081683.7,2168359.5,2238067.4,392896.6,462604.5,549280.3,70.0,76.0,86.0,500
Basis_85,2027,45,271.0,280.0,287.0,2074748.65,2162518.5,2233106.15,397857.85,468445.5,556215.35,70.0,77.0,86.0,500
Basis_85,2027,46,270.0,280.0,286.0,2067813.6,2156677.5,2228145.85,402818.15,474286.5,563150.4,71.0,77.0,87.0,500
Basis_85,2027,47,269.0,279.0,286.0,2060877.6,2150836.5,2223184.6,407779.4,480127.5,570086.4,71.0,78.0,88.0,500
Basis_85,2027,48,268.0,279.0,285.0,2053942.55,2144995.5,2218224.3,412739.7,485968.5,577021.45,72.0,78.0,89.0,500
Basis_85,2027,49,267.95,278.0,285.0,2047007.5,2139154.5,2213263.05,417700.95,491809.5,583956.5,72.0,79.0,89.04999999999995,500
Basis_85,2027,50,266.95,277.0,285.0,2040071.55,2133313.5,2208302.75,422661.25,497650.5,590892.45,72.0,80.0,90.04999999999995,500
Basis_85,2027,51,266.0,277.0,284.0,2033136.5,2127472.5,2203341.5,427622.5,503491.5,597827.5,73.0,80.0,91.0,500
Basis_85,2027,52,265.0,276.0,284.0,2026201.45,2121631.5,2198381.1999999997,432582.8,509332.5,604762.55,73.0,81.0,92.0,500
Basis_85,2028,1,264.0,276.0,283.0,2019265.45,2115790.5,2193419.9499999997,437544.05,515173.5,611698.55,74.0,81.0,93.0,500
Basis_85,2028,2,264.0,275.0,283.0,2012330.4,2109949.5,2188459.65,442504.35,521014.5,618633.6,74.0,82.0,93.0,500
Basis_85,2028,3,263.0,274.0,282.04999999999995,2005395.35,2104108.5,2183498.4,447465.6,526855.5,625568.65,74.95,83.0,94.0,500
Basis_85,2028,4,261.95,274.0,282.0,1998460.3,2098267.5,2178537.15,452426.85,532696.5,632503.7,75.0,83.0,95.04999999999995,500
Basis_85,2028,5,261.0,273.0,282.0,1991524.3,2092426.5,2173576.85,457387.15,538537.5,639439.7,75.0,84.0,96.0,500
Basis_85,2028,6,260.0,273.0,281.0,1984589.25,2086585.5,2168615.6,462348.4,544378.5,646374.75,76.0,84.0,97.0,500
Basis_85,2028,7,259.0,272.0,281.0,1977654.2,2080744.5,2163655.3,467308.7,550219.5,653309.8,76.0,85.0,98.0,500
Basis_85,2028,8,257.95,272.0,281.0,1970718.2,2074903.5,2158694.05,472269.95,556060.5,660245.8,76.0,85.0,99.04999999999995,500
Basis_85,2028,9,256.0,271.0,280.0,1963783.2,2069062.5,2153733.75,477230.25,561901.5,667180.8,77.0,86.0,101.0,500
Basis_85,2028,10,256.0,270.0,280.0,1956848.15,2063221.5,2148772.5,482191.5,567742.5,674115.85,77.0,87.0,101.0,500
Basis_85,2028,11,255.0,270.0,279.0,1949912.15,2057380.5,2143812.15,487151.85,573583.5,681051.85,78.0,87.0,102.0,500
Basis_85,2028,12,254.0,269.0,279.0,1942977.1,2051539.5,2138850.9,492113.1,579424.5,687986.9,78.0,88.0,103.0,500
Basis_85,2028,13,253.0,268.0,278.0,1936042.05,2045698.5,2133890.6,497073.4,585265.5,694921.95,79.0,89.0,104.0,500
Basis_85,2028,14,252.0,268.0,278.0,1929106.05,2039858.5,2128929.35,502034.65,591105.5,701857.95,79.0,89.0,105.0,500
Basis_85,2028,15,252.0,267.0,277.0,1922171.0,2034017.5,2123969.05,506994.95,596946.5,708793.0,80.0,90.0,105.0,500
Basis_85,2028,16,251.0,266.0,277.0,1915235.95,2028176.5,2119007.8,511956.2,602787.5,715728.05,80.0,91.0,106.0,500
Basis_85,2028,17,250.0,266.0,276.0,1908299.95,2022335.5,2114046.55,516917.45,608628.5,722664.05,81.0,91.0,107.0,500
Basis_85,2028,18,249.0,265.0,276.0,1901364.9,2016494.5,2109086.25,521877.75,614469.5,729599.1,81.0,92.0,108.0,500
Basis_85,2028,19,248.0,264.0,275.0,1894429.85,2010653.5,2104125.0,526839.0,620310.5,736534.15,82.0,93.0,109.0,500
Basis_85,2028,20,246.95,264.0,275.0,1887493.9,2004812.5,2099164.6999999997,531799.3,626151.5,743470.1,82.0,93.0,110.04999999999995,500
Basis_85,2028,21,246.0,263.0,274.0,1880558.85,1998971.5,2094203.45,536760.55,631992.5,750405.15,83.0,94.0,111.0,500
Basis_85,2028,22,244.95,262.0,274.0,1873623.8,1993130.5,2089243.15,541720.85,637833.5,757340.2,83.0,95.0,112.04999999999995,500
Basis_85,2028,23,243.95,261.5,273.0,1866687.8,1987289.5,2084281.9,546682.1,643674.5,764276.2,84.0,95.5,113.04999999999995,500
Basis_85,2028,24,242.0,261.0,273.0,1859752.75,1981448.5,2079321.5999999999,551642.4,649515.5,771211.25,84.0,96.0,115.0,500
Basis_85,2028,25,241.0,260.0,272.0,1852817.7,1975607.5,2074360.3499999999,556603.65,655356.5,778146.3,85.0,97.0,116.0,500
Basis_85,2028,26,241.0,259.0,272.0,1845881.7,1969766.5,2069400.0499999998,561563.95,661197.5,785082.3,85.0,98.0,116.0,500
Basis_85,2028,27,240.0,258.0,271.04999999999995,1838946.65,1963925.5,2064438.7999999998,566525.2,667038.5,792017.35,85.95,99.0,117.0,500
Basis_85,2028,28,239.95,258.0,271.0,1832011.6,1958084.5,2059477.5499999998,571486.45,672879.5,798952.4,86.0,99.0,117.04999999999995,500
Basis_85,2028,29,238.95,257.0,270.0,1825075.6,1952243.5,2054517.25,576446.75,678720.5,805888.4,87.0,100.0,118.04999999999995,500
Basis_85,2028,30,237.0,256.0,270.0,1818140.55,1946402.5,2049556.0,581408.0,684561.5,812823.45,87.0,101.0,120.0,500
Basis_85,2028,31,236.95,255.0,269.0,1811205.55,1940561.5,2044595.7,586368.3,690402.5,819758.45,88.0,102.0,120.04999999999995,500
Basis_85,2028,32,235.95,254.5,269.0,1804269.55,1934720.5,2039634.45,591329.55,696243.5,826694.45,88.0,102.5,121.04999999999995,500
Basis_85,2028,33,234.95,254.0,268.0,1797334.5,1928879.5,2034674.15,596289.85,702084.5,833629.5,89.0,103.0,122.04999999999995,500
Basis_85,2028,34,234.0,253.0,268.0,1790399.45,1923038.5,2029712.9,601251.1,707925.5,840564.55,89.0,104.0,123.0,500
Basis_85,2028,35,233.95,252.0,267.0,1783464.4,1917197.5,2024752.5499999998,606211.45,713766.5,847499.6,90.0,105.0,123.04999999999995,500
Basis_85,2028,36,232.95,251.0,266.0,1776528.4,1911356.5,2019791.2999999998,611172.7,719607.5,854435.6,91.0,106.0,124.04999999999995,500
Basis_85,2028,37,231.95,251.0,266.0,1769593.35,1905515.5,2014831.0,616133.0,725448.5,861370.65,91.0,106.0,125.04999999999995,500
Basis_85,2028,38,231.0,250.0,266.0,1762658.3,1899675.0,2009869.75,621094.25,731289.0,868305.7,91.0,107.0,126.0,500
Basis_85,2028,39,230.0,249.0,265.0,1755722.3,1893834.0,2004909.45,626054.55,737130.0,875241.7,92.0,108.0,127.0,500
Basis_85,2028,40,229.0,248.0,264.0,1748787.25,1887993.0,1999948.2,631015.8,742971.0,882176.75,93.0,109.0,128.0,500
Basis_85,2028,41,229.0,248.0,264.0,1741852.2,1882152.0,1994986.95,635977.05,748812.0,889111.8,93.0,109.0,128.0,500
Basis_85,2028,42,229.0,247.0,263.0,1734916.25,1876311.0,1990026.65,640937.35,754653.0,896047.75,94.0,110.0,128.0,500
Basis_85,2028,43,228.0,246.0,263.0,1727981.2,1870470.0,1985065.4,645898.6,760494.0,902982.8,94.0,111.0,129.0,500
Basis_85,2028,44,227.0,245.0,262.0,1721046.15,1864629.0,1980105.0999999999,650858.9,766335.0,909917.85,95.0,112.0,130.0,500
Basis_85,2028,45,227.0,244.0,261.0,1714110.15,1858788.0,1975143.8499999999,655820.15,772176.0,916853.85,96.0,113.0,130.0,500
Basis_85,2028,46,226.0,243.0,261.0,1707175.1,1852947.0,1970183.5499999998,660780.45,778017.0,923788.9,96.0,114.0,131.0,500
Basis_85,2028,47,225.0,243.0,260.0,1700240.05,1847106.0,1965222.2999999998,665741.7,783858.0,930723.95,97.0,114.0,132.0,500
Basis_85,2028,48,224.95,242.0,259.0,1693304.05,1841265.0,1960262.0,670702.0,789699.0,937659.95,98.0,115.0,132.04999999999995,500
Basis_85,2028,49,224.0,241.0,258.0,1686369.0,1835424.0,1955300.75,675663.25,795540.0,944595.0,99.0,116.0,133.0,500
Basis_85,2028,50,223.0,241.0,258.0,1679433.95,1829583.0,1950340.45,680623.55,801381.0,951530.05,99.0,116.0,134.0,500
Basis_85,2028,51,222.0,240.0,257.0,1672497.95,1823742.0,1945379.2,685584.8,807222.0,958466.05,100.0,117.0,135.0,500
Basis_85,2028,52,221.95,239.0,256.04999999999995,1665562.9,1817901.0,1940417.95,690546.05,813063.0,965401.1,100.95,118.0,135.04999999999995,500
Basis_85,2029,1,220.95,238.0,256.0,1658627.9,1812060.0,1935457.65,695506.35,818904.0,972336.1,101.0,119.0,136.04999999999995,500
Basis_85,2029,2,220.0,237.5,255.0,1651691.9,1806219.0,1930496.4,700467.6,824745.0,979272.1,102.0,119.5,137.0,500
Basis_85,2029,3,219.0,237.0,254.0,1644756.85,1800378.0,1925536.0999999999,705427.9,830586.0,986207.15,103.0,120.0,138.0,500
Basis_85,2029,4,219.0,236.0,254.0,1637821.8,1794537.0,1920574.8499999999,710389.15,836427.0,993142.2,103.0,121.0,138.0,500
Basis_85,2029,5,218.0,236.0,253.0,1630885.8,1788696.5,1915614.5499999998,715349.45,842267.5,1000078.2,104.0,121.0,139.0,500
Basis_85,2029,6,217.0,234.0,252.0,1623950.75,1782855.5,1910653.25,720310.75,848108.5,1007013.25,105.0,123.0,140.0,500
Basis_85,2029,7,216.0,234.0,252.0,1617015.7,1777014.5,1905692.95,725271.05,853949.5,1013948.3,105.0,123.0,141.0,500
Basis_85,2029,8,215.0,233.0,251.0,1610079.7,1771173.5,1900731.7,730232.3,859790.5,1020884.3,106.0,124.0,142.0,500
Basis_85,2029,9,214.0,232.0,250.0,1603144.65,1765332.5,1895771.4,735192.6,865631.5,1027819.35,107.0,125.0,143.0,500
Basis_85,2029,10,213.95,232.0,250.0,1596209.6,1759491.5,1890810.15,740153.85,871472.5,1034754.4,107.0,125.0,143.04999999999995,500
Basis_85,2029,11,213.0,231.0,249.0,1589273.6,1753651.0,1885849.8499999999,745114.15,877313.0,1041690.4,108.0,126.0,144.0,500
Basis_85,2029,12,212.0,231.0,249.0,1582338.6,1747810.0,1880888.5999999999,750075.4,883154.0,1048625.4,108.0,126.0,145.0,500
Basis_85,2029,13,211.95,230.0,248.04999999999995,1575403.55,1741969.0,1875927.3499999999,755036.65,888995.0,1055560.45,108.95,127.0,145.04999999999995,500
Basis_85,2029,14,210.95,229.5,248.0,1568467.55,1736128.0,1870967.0499999998,759996.95,894836.0,1062496.45,109.0,127.5,146.04999999999995,500
Basis_85,2029,15,210.0,229.0,247.0,1561532.5,1730287.0,1866005.7999999998,764958.2,900677.0,1069431.5,110.0,128.0,147.0,500
Basis_85,2029,16,209.0,228.0,246.0,1554597.45,1724446.0,1861045.5,769918.5,906518.0,1076366.55,111.0,129.0,148.0,500
Basis_85,2029,17,208.0,228.0,245.04999999999995,1547662.4,1718605.0,1856084.25,774879.75,912359.0,1083301.6,111.95,129.0,149.0,500
Basis_85,2029,18,208.0,227.0,245.0,1540726.4,1712764.0,1851123.95,779840.05,918200.0,1090237.6,112.0,130.0,149.0,500
Basis_85,2029,19,207.0,227.0,244.0,1533791.35,1706923.0,1846162.7,784801.3,924041.0,1097172.65,113.0,130.0,150.0,500
Basis_85,2029,20,206.0,226.0,243.0,1526856.3,1701082.0,1841202.4,789761.6,929882.0,1104107.7,114.0,131.0,151.0,500
Basis_85,2029,21,205.0,225.0,243.0,1519920.3,1695241.0,1836241.15,794722.85,935723.0,1111043.7,114.0,132.0,152.0,500
Basis_85,2029,22,204.0,225.0,242.0,1512985.25,1689400.0,1831280.8499999999,799683.15,941564.0,1117978.75,115.0,132.0,153.0,500
Basis_85,2029,23,204.0,224.0,242.0,1506050.25,1683559.0,1826319.5999999999,804644.4,947405.0,1124913.75,115.0,133.0,153.0,500
Basis_85,2029,24,202.95,223.0,241.0,1499114.25,1677718.0,1821358.3499999999,809605.65,953246.0,1131849.75,116.0,134.0,154.04999999999995,500
Basis_85,2029,25,202.95,223.0,240.0,1492179.2,1671877.0,1816398.0499999998,814565.95,959087.0,1138784.8,117.0,134.0,154.04999999999995,500
Basis_85,2029,26,201.95,222.0,239.04999999999995,1485244.15,1666036.0,1811436.7999999998,819527.2,964928.0,1145719.85,117.95,135.0,155.04999999999995,500
Basis_85,2029,27,200.95,222.0,239.0,1478308.15,1660195.0,1806476.5,824487.5,970769.0,1152655.85,118.0,135.0,156.04999999999995,500
Basis_85,2029,28,200.9,221.0,238.0,1471373.1,1654354.0,1801515.25,829448.75,976610.0,1159590.9,119.0,136.0,156.0999999999999,500
Basis_85,2029,29,199.0,220.0,237.04999999999995,1464438.05,1648513.0,1796554.95,834409.05,982451.0,1166525.95,119.95,137.0,158.0,500
Basis_85,2029,30,198.0,220.0,237.0,1457502.05,1642672.0,1791593.65,839370.35,988292.0,1173461.95,120.0,137.0,159.0,500
Basis_85,2029,31,197.0,219.0,236.0,1450567.0,1636831.0,1786633.3499999999,844330.65,994133.0,1180397.0,121.0,138.0,160.0,500
Basis_85,2029,32,196.9,218.5,235.0,1443631.95,1630990.0,1781672.0999999999,849291.9,999974.0,1187332.05,122.0,138.5,160.0999999999999,500
Basis_85,2029,33,195.0,218.0,235.0,1436695.95,1625149.0,1776711.7999999998,854252.2,1005815.0,1194268.05,122.0,139.0,162.0,500
Basis_85,2029,34,194.0,217.5,234.04999999999995,1429760.9,1619308.0,1771750.5499999998,859213.45,1011656.0,1201203.1,122.95,139.5,163.0,500
Basis_85,2029,35,194.0,217.0,233.0,1422825.9,1613467.5,1766790.25,864173.75,1017496.5,1208138.1,124.0,140.0,163.0,500
Basis_85,2029,36,192.0,216.0,233.0,1415889.9,1607626.5,1761829.0,869135.0,1023337.5,1215074.1,124.0,141.0,165.0,500
Basis_85,2029,37,191.95,215.0,232.0,1408954.85,1601785.5,1756867.75,874096.25,1029178.5,1222009.15,125.0,142.0,165.04999999999995,500
Basis_85,2029,38,190.95,215.0,231.0,1402019.8,1595944.5,1751907.45,879056.55,1035019.5,1228944.2,126.0,142.0,166.04999999999995,500
Basis_85,2029,39,189.95,214.0,230.04999999999995,1395083.8,1590103.5,1746946.2,884017.8,1040860.5,1235880.2,126.95,143.0,167.04999999999995,500
Basis_85,2029,40,189.0,213.5,230.0,1388148.75,1584262.5,1741985.9,888978.1,1046701.5,1242815.25,127.0,143.5,168.0,500
Basis_85,2029,41,187.95,213.0,230.0,1381213.7,1578421.5,1737024.65,893939.35,1052542.5,1249750.3,127.0,144.0,169.04999999999995,500
Basis_85,2029,42,186.95,212.0,229.0,1374277.7,1572580.5,1732064.3499999999,898899.65,1058383.5,1256686.3,128.0,145.0,170.04999999999995,500
Basis_85,2029,43,185.0,211.0,229.0,1367342.65,1566739.5,1727103.0999999999,903860.9,1064224.5,1263621.35,128.0,146.0,172.0,500
Basis_85,2029,44,184.0,211.0,228.0,1360407.6,1560898.5,1722142.7999999998,908821.2,1070065.5,1270556.4,129.0,146.0,173.0,500
Basis_85,2029,45,182.95,210.0,227.04999999999995,1353471.6,1555057.5,1717181.5499999998,913782.45,1075906.5,1277492.4,129.95,147.0,174.04999999999995,500
Basis_85,2029,46,181.95,210.0,227.0,1346536.6,1549216.5,1712221.2499999998,918742.75,1081747.5,1284427.4,130.0,147.0,175.04999999999995,500
Basis_85,2029,47,181.0,209.0,226.04999999999995,1339601.55,1543375.5,1707259.9999999998,923704.0,1087588.5,1291362.45,130.95,148.0,176.0,500
Basis_85,2029,48,179.95,208.0,225.04999999999995,1332665.55,1537534.5,1702299.7,928664.3,1093429.5,1298298.45,131.95,149.0,177.04999999999995,500
Basis_85,2029,49,178.9,208.0,225.0,1325730.5,1531694.0,1697338.45,933625.55,1099270.0,1305233.5,132.0,149.0,178.0999999999999,500
Basis_85,2029,50,177.95,207.0,225.0,1318795.45,1525853.0,1692377.2,938586.8,1105111.0,1312168.55,132.0,150.0,179.04999999999995,500
Basis_85,2029,51,176.9,206.0,224.0,1311860.4,1520012.0,1687416.9,943547.1,1110952.0,1319103.6,133.0,151.0,180.0999999999999,500
Basis_85,2029,52,175.0,206.0,224.0,1304924.4,1514171.0,1682455.65,948508.35,1116793.0,1326039.6,133.0,151.0,182.0,500
Basis_85,2030,1,173.95,205.0,223.0,1297989.35,1508330.0,1677495.3499999999,953468.65,1122634.0,1332974.65,134.0,152.0,183.04999999999995,500
Basis_85,2030,2,173.95,205.0,222.04999999999995,1291054.3,1502489.0,1672534.0499999998,958429.95,1128475.0,1339909.7,134.95,152.0,183.04999999999995,500
Basis_85,2030,3,172.95,204.0,222.0,1284118.3,1496648.0,1667573.7499999998,963390.25,1134316.0,1346845.7,135.0,153.0,184.04999999999995,500
Basis_85,2030,4,171.95,203.0,222.0,1277183.25,1490807.0,1662612.4999999998,968351.5,1140157.0,1353780.75,135.0,154.0,185.04999999999995,500
Basis_85,2030,5,171.95,203.0,221.0,1270248.25,1484966.0,1657652.2,973311.8,1145998.0,1360715.75,136.0,154.0,185.04999999999995,500
Basis_85,2030,6,170.95,202.0,221.0,1263312.25,1479125.0,1652690.95,978273.05,1151839.0,1367651.75,136.0,155.0,186.04999999999995,500
Basis_85,2030,7,170.0,201.0,220.0,1256377.2,1473284.0,1647730.65,983233.35,1157680.0,1374586.8,137.0,156.0,187.0,500
Basis_85,2030,8,168.95,201.0,220.0,1249442.15,1467443.5,1642769.4,988194.6,1163520.5,1381521.85,137.0,156.0,188.04999999999995,500
Basis_85,2030,9,168.0,200.0,219.0,1242506.15,1461602.5,1637808.15,993155.85,1169361.5,1388457.85,138.0,157.0,189.0,500
Basis_85,2030,10,167.95,199.0,218.0,1235571.1,1455761.5,1632847.8499999999,998116.15,1175202.5,1395392.9,139.0,158.0,189.04999999999995,500
Basis_85,2030,11,166.0,198.5,218.0,1228636.05,1449920.5,1627886.5999999999,1003077.4,1181043.5,1402327.95,139.0,158.5,191.0,500
Basis_85,2030,12,166.0,198.0,217.04999999999995,1221700.05,1444079.5,1622926.2999999998,1008037.7,1186884.5,1409263.95,139.95,159.0,191.0,500
Basis_85,2030,13,165.0,197.0,217.0,1214765.0,1438238.5,1617965.0499999998,1012998.95,1192725.5,1416199.0,140.0,160.0,192.0,500
Basis_85,2030,14,164.0,196.0,217.0,1207829.95,1432397.5,1613004.7499999998,1017959.25,1198566.5,1423134.05,140.0,161.0,193.0,500
Basis_85,2030,15,163.0,196.0,216.0,1200893.95,1426556.5,1608043.4999999998,1022920.5,1204407.5,1430070.05,141.0,161.0,194.0,500
Basis_85,2030,16,162.0,195.0,216.0,1193958.95,1420715.5,1603083.2,1027880.8,1210248.5,1437005.05,141.0,162.0,195.0,500
Basis_85,2030,17,162.0,194.0,215.0,1187023.9,1414874.5,1598121.95,1032842.05,1216089.5,1443940.1,142.0,163.0,195.0,500
Basis_85,2030,18,161.0,193.0,214.04999999999995,1180087.9,1409033.5,1593161.65,1037802.35,1221930.5,1450876.1,142.95,164.0,196.0,500
Basis_85,2030,19,160.95,192.0,214.0,1173152.85,1403192.5,1588200.4,1042763.6,1227771.5,1457811.15,143.0,165.0,196.04999999999995,500
Basis_85,2030,20,159.95,192.0,214.0,1166217.8,1397351.5,1583240.0999999999,1047723.9,1233612.5,1464746.2,143.0,165.0,197.04999999999995,500
Basis_85,2030,21,158.0,190.0,213.0,1159281.8,1391510.5,1578278.8499999999,1052685.15,1239453.5,1471682.2,144.0,167.0,199.0,500
Basis_85,2030,22,158.0,190.0,213.0,1152346.75,1385669.5,1573317.5999999999,1057646.4,1245294.5,1478617.25,144.0,167.0,199.0,500
Basis_85,2030,23,156.95,189.0,212.0,1145411.7,1379828.5,1568357.2999999998,1062606.7,1251135.5,1485552.3,145.0,168.0,200.04999999999995,500
Basis_85,2030,24,156.0,188.0,211.0,1138475.7,1373987.5,1563396.0499999998,1067567.95,1256976.5,1492488.3,146.0,169.0,201.0,500
Basis_85,2030,25,155.0,187.0,211.0,1131540.65,1368146.5,1558435.7499999998,1072528.25,1262817.5,1499423.35,146.0,170.0,202.0,500
Basis_85,2030,26,154.0,187.0,210.0,1124605.6,1362305.5,1553474.45,1077489.55,1268658.5,1506358.4,147.0,170.0,203.0,500
Basis_85,2030,27,153.0,186.0,210.0,1117669.65,1356464.5,1548514.15,1082449.85,1274499.5,1513294.35,147.0,171.0,204.0,500
Basis_85,2030,28,152.95,185.0,209.0,1110734.6,1350623.5,1543552.9,1087411.1,1280340.5,1520229.4,148.0,172.0,204.04999999999995,500
Basis_85,2030,29,152.0,184.0,209.0,1103799.55,1344782.5,1538592.5999999999,1092371.4,1286181.5,1527164.45,148.0,173.0,205.0,500
Basis_85,2030,30,150.95,183.0,208.0,1096864.5,1338941.5,1533631.3499999999,1097332.65,1292022.5,1534099.5,149.0,174.0,206.04999999999995,500
Basis_85,2030,31,149.95,183.0,207.04999999999995,1089928.5,1333100.5,1528671.0499999998,1102292.95,1297863.5,1541035.5,149.95,174.0,207.04999999999995,500
Basis_85,2030,32,148.95,181.0,207.0,1082993.45,1327260.0,1523709.7999999998,1107254.2,1303704.0,1547970.55,150.0,176.0,208.04999999999995,500
Basis_85,2030,33,148.0,180.0,207.0,1076058.4,1321419.0,1518748.5499999998,1112215.45,1309545.0,1554905.6,150.0,177.0,209.0,500
Basis_85,2030,34,147.95,179.0,206.0,1069122.4,1315578.0,1513788.2499999998,1117175.75,1315386.0,1561841.6,151.0,178.0,209.04999999999995,500
Basis_85,2030,35,146.95,178.0,205.04999999999995,1062187.35,1309737.0,1508826.9999999998,1122137.0,1321227.0,1568776.65,151.95,179.0,210.04999999999995,500
Basis_85,2030,36,145.95,177.0,205.0,1055252.3,1303896.0,1503866.7,1127097.3,1327068.0,1575711.7,152.0,180.0,211.04999999999995,500
Basis_85,2030,37,143.95,176.0,205.0,1048316.3,1298055.0,1498905.45,1132058.55,1332909.0,1582647.7,152.0,181.0,213.04999999999995,500
Basis_85,2030,38,143.0,175.0,204.0,1041381.3,1292214.0,1493945.15,1137018.85,1338750.0,1589582.7,153.0,182.0,214.0,500
Basis_85,2030,39,141.95,174.0,203.04999999999995,1034446.25,1286373.0,1488983.9,1141980.1,1344591.0,1596517.75,153.95,183.0,215.04999999999995,500
Basis_85,2030,40,141.0,173.0,202.04999999999995,1027510.25,1280532.0,1484023.5999999999,1146940.4,1350432.0,1603453.75,154.95,184.0,216.0,500
Basis_85,2030,41,139.95,172.0,202.04999999999995,1020575.2,1274691.5,1479062.3499999999,1151901.65,1356272.5,1610388.8,154.95,185.0,217.04999999999995,500
Basis_85,2030,42,139.0,171.0,201.04999999999995,1013640.15,1268850.5,1474102.0499999998,1156861.95,1362113.5,1617323.85,155.95,186.0,218.0,500
Basis_85,2030,43,138.9,171.0,201.04999999999995,1006704.15,1263009.5,1469140.7999999998,1161823.2,1367954.5,1624259.85,155.95,186.0,218.0999999999999,500
Basis_85,2030,44,137.9,169.5,200.0,999769.1,1257168.5,1464180.4999999998,1166783.5,1373795.5,1631194.9,157.0,187.5,219.0999999999999,500
Basis_85,2030,45,136.9,169.0,199.04999999999995,992834.05,1251327.5,1459219.2499999998,1171744.75,1379636.5,1638129.95,157.95,188.0,220.0999999999999,500
Basis_85,2030,46,135.9,168.5,199.0,985898.05,1245486.5,1454257.9999999998,1176706.0,1385477.5,1645065.95,158.0,188.5,221.0999999999999,500
Basis_85,2030,47,133.0,168.0,198.0,978963.0,1239645.5,1449297.7,1181666.3,1391318.5,1652001.0,159.0,189.0,224.0,500
Basis_85,2030,48,131.95,167.0,197.04999999999995,972027.95,1233804.5,1444336.45,1186627.55,1397159.5,1658936.05,159.95,190.0,225.04999999999995,500
Basis_85,2030,49,131.0,166.0,197.04999999999995,965092.0,1227963.5,1439376.15,1191587.85,1403000.5,1665872.0,159.95,191.0,226.0,500
Basis_85,2030,50,131.0,166.0,196.04999999999995,958156.95,1222122.5,1434414.8499999999,1196549.15,1408841.5,1672807.05,160.95,191.0,226.0,500
Basis_85,2030,51,130.9,165.0,195.04999999999995,951221.9,1216281.5,1429454.5499999998,1201509.45,1414682.5,1679742.1,161.95,192.0,226.0999999999999,500
Basis_85,2030,52,129.0,164.5,195.0,944285.9,1210440.5,1424493.2999999998,1206470.7,1420523.5,1686678.1,162.0,192.5,228.0,500
Basis_85,2031,1,128.95,164.0,194.0,937350.85,1204599.5,1419532.9999999998,1211431.0,1426364.5,1693613.15,163.0,193.0,228.04999999999995,500
Basis_85,2031,2,127.95,163.0,194.0,930415.8,1198758.5,1414571.7499999998,1216392.25,1432205.5,1700548.2,163.0,194.0,229.04999999999995,500
Basis_85,2031,3,126.0,162.5,192.04999999999995,923479.8,1192917.5,1409611.45,1221352.55,1438046.5,1707484.2,164.95,194.5,231.0,500
Basis_85,2031,4,125.95,162.0,192.0,916544.75,1187076.5,1404650.1999999997,1226313.8,1443887.5,1714419.25,165.0,195.0,231.04999999999995,500
Basis_85,2031,5,124.95,161.0,191.0,909609.7,1181236.0,1399689.9,1231274.1,1449728.0,1721354.3,166.0,196.0,232.04999999999995,500
Basis_85,2031,6,124.0,161.0,191.0,902673.7,1175395.0,1394728.65,1236235.35,1455569.0,1728290.3,166.0,196.0,233.0,500
Basis_85,2031,7,122.0,160.0,190.0,895738.65,1169554.0,1389767.4,1241196.6,1461410.0,1735225.35,167.0,197.0,235.0,500
Basis_85,2031,8,121.0,159.0,189.0,888803.65,1163713.0,1384807.0999999999,1246156.9,1467251.0,1742160.35,168.0,198.0,236.0,500
Basis_85,2031,9,119.95,159.0,188.04999999999995,881867.65,1157872.0,1379845.8499999999,1251118.15,1473092.0,1749096.35,168.95,198.0,237.04999999999995,500
Basis_85,2031,10,117.95,158.0,188.0,874932.6,1152031.0,1374885.5499999998,1256078.45,1478933.0,1756031.4,169.0,199.0,239.04999999999995,500
Basis_85,2031,11,116.0,157.0,187.04999999999995,867997.55,1146190.0,1369924.2999999998,1261039.7,1484774.0,1762966.45,169.95,200.0,241.0,500
Basis_85,2031,12,114.0,157.0,186.04999999999995,861062.5,1140349.0,1364963.9999999998,1266000.0,1490615.0,1769901.5,170.95,200.0,243.0,500
Basis_85,2031,13,114.0,156.0,186.0,854126.5,1134508.0,1360002.7499999998,1270961.25,1496456.0,1776837.5,171.0,201.0,243.0,500
Basis_85,2031,14,112.0,155.0,186.0,847191.45,1128667.0,1355042.4499999997,1275921.55,1502297.0,1783772.55,171.0,202.0,245.0,500
Basis_85,2031,15,110.0,155.0,184.04999999999995,840256.4,1122826.0,1350081.1999999997,1280882.8,1508138.0,1790707.6,172.95,202.0,247.0,500
Basis_85,2031,16,109.0,154.0,183.04999999999995,833320.4,1116985.0,1345120.9,1285843.1,1513979.0,1797643.6,173.95,203.0,248.0,500
Basis_85,2031,17,108.0,153.0,183.0,826385.35,1111144.0,1340159.65,1290804.35,1519820.0,1804578.65,174.0,204.0,249.0,500
Basis_85,2031,18,106.95,153.0,182.0,819450.3,1105303.0,1335198.4,1295765.6,1525661.0,1811513.7,175.0,204.0,250.04999999999995,500
Basis_85,2031,19,105.0,152.0,181.04999999999995,812514.35,1099462.0,1330238.0999999999,1300725.9,1531502.0,1818449.65,175.95,205.0,252.0,500
Basis_85,2031,20,103.95,151.0,180.04999999999995,805579.3,1093621.0,1325276.8499999999,1305687.15,1537343.0,1825384.7,176.95,206.0,253.04999999999995,500
Basis_85,2031,21,102.0,150.0,179.0999999999999,798644.25,1087780.0,1320316.4999999998,1310647.5,1543184.0,1832319.75,177.9,207.0,255.0,500
Basis_85,2031,22,101.0,150.0,179.04999999999995,791708.25,1081939.0,1315355.2499999998,1315608.75,1549025.0,1839255.75,177.95,207.0,256.0,500
Basis_85,2031,23,100.95,149.0,179.0,784773.2,1076098.0,1310394.9499999997,1320569.05,1554866.0,1846190.8,178.0,208.0,256.04999999999995,500
Basis_85,2031,24,99.95,148.0,178.04999999999995,777838.15,1070257.0,1305433.6999999997,1325530.3,1560707.0,1853125.85,178.95,209.0,257.04999999999995,500
Basis_85,2031,25,97.95,148.0,176.0999999999999,770902.15,1064416.0,1300473.4,1330490.6,1566548.0,1860061.85,180.9,209.0,259.04999999999995,500
Basis_85,2031,26,96.95,147.0,175.0999999999999,763967.1,1058575.0,1295512.15,1335451.85,1572389.0,1866996.9,181.9,210.0,260.04999999999995,500
Basis_85,2031,27,96.9,146.0,174.04999999999995,757032.05,1052734.0,1290551.8499999999,1340412.15,1578230.0,1873931.95,182.95,211.0,260.0999999999999,500
Basis_85,2031,28,95.95,145.0,174.0,750096.05,1046893.0,1285590.5999999999,1345373.4,1584071.0,1880867.95,183.0,212.0,261.04999999999995,500
Basis_85,2031,29,94.9,144.0,173.04999999999995,743161.0,1041052.5,1280630.2999999998,1350333.7,1589911.5,1887803.0,183.95,213.0,262.0999999999999,500
Basis_85,2031,30,93.9,143.0,172.0,736226.0,1035211.5,1275669.0499999998,1355294.95,1595752.5,1894738.0,185.0,214.0,263.0999999999999,500
Basis_85,2031,31,92.95,142.0,171.0,729290.0,1029370.5,1270707.7999999998,1360256.2,1601593.5,1901674.0,186.0,215.0,264.04999999999995,500
Basis_85,2031,32,91.95,141.0,171.0,722354.95,1023530.0,1265747.4999999998,1365216.5,1607434.0,1908609.05,186.0,216.0,265.04999999999995,500
Basis_85,2031,33,90.0,140.5,170.04999999999995,715419.9,1017689.0,1260786.2499999998,1370177.75,1613275.0,1915544.1,186.95,216.5,267.0,500
Basis_85,2031,34,88.95,140.0,170.0,708483.9,1011848.0,1255825.9499999997,1375138.05,1619116.0,1922480.1,187.0,217.0,268.04999999999995,500
Basis_85,2031,35,87.0,139.0,169.0,701548.85,1006007.0,1250864.6999999997,1380099.3,1624957.0,1929415.15,188.0,218.0,270.0,500
Basis_85,2031,36,86.0,139.0,168.0,694613.8,1000166.0,1245904.4,1385059.6,1630798.0,1936350.2,189.0,218.0,271.0,500
Basis_85,2031,37,86.0,138.0,168.0,687677.8,994325.0,1240943.15,1390020.85,1636639.0,1943286.2,189.0,219.0,271.0,500
Basis_85,2031,38,84.95,136.0,167.0,680742.75,988484.0,1235982.8499999999,1394981.15,1642480.0,1950221.25,190.0,221.0,272.04999999999995,500
Basis_85,2031,39,84.95,135.0,166.0,673807.7,982643.0,1231021.5999999999,1399942.4,1648321.0,1957156.3,191.0,222.0,272.04999999999995,500
Basis_85,2031,40,83.0,135.0,166.0,666871.7,976802.0,1226061.2999999998,1404902.7,1654162.0,1964092.3,191.0,222.0,274.0,500
Basis_85,2031,41,83.0,134.0,166.0,659936.7,970961.0,1221100.0499999998,1409863.95,1660003.0,1971027.3,191.0,223.0,274.0,500
Basis_85,2031,42,82.0,133.0,164.04999999999995,653001.65,965120.0,1216138.7999999998,1414825.2,1665844.0,1977962.35,192.95,224.0,275.0,500
Basis_85,2031,43,81.0,132.5,164.04999999999995,646065.65,959279.0,1211178.4999999998,1419785.5,1671685.0,1984898.35,192.95,224.5,276.0,500
Basis_85,2031,44,80.0,131.0,164.0,639130.6,953438.0,1206217.2499999998,1424746.75,1677526.0,1991833.4,193.0,226.0,277.0,500
Basis_85,2031,45,79.0,130.0,164.0,632195.55,947597.0,1201256.9,1429707.1,1683367.0,1998768.45,193.0,227.0,278.0,500
Basis_85,2031,46,78.0,130.0,163.0,625260.5,941756.0,1196295.65,1434668.35,1689208.0,2005703.5,194.0,227.0,279.0,500
Basis_85,2031,47,78.0,128.5,163.0,618324.5,935915.0,1191335.3499999999,1439628.65,1695049.0,2012639.5,194.0,228.5,279.0,500
Basis_85,2031,48,77.0,128.0,162.04999999999995,611389.45,930074.0,1186374.0999999999,1444589.9,1700890.0,2019574.55,194.95,229.0,280.0,500
Basis_85,2031,49,75.95,127.0,161.04999999999995,604454.4,924233.0,1181413.7999999998,1449550.2,1706731.0,2026509.6,195.95,230.0,281.04999999999995,500
Basis_85,2031,50,74.95,126.0,161.0,597518.4,918392.0,1176452.5499999998,1454511.45,1712572.0,2033445.6,196.0,231.0,282.04999999999995,500
Basis_85,2031,51,74.0,125.0,160.0,590583.35,912551.0,1171492.2499999998,1459471.75,1718413.0,2040380.65,197.0,232.0,283.0,500
Basis_85,2031,52,73.95,124.0,159.0,583648.35,906710.0,1166530.9999999998,1464433.0,1724254.0,2047315.65,198.0,233.0,283.04999999999995,500
Basis_85,2032,1,73.95,123.5,159.0,576712.35,900869.0,1161570.6999999997,1469393.3,1730095.0,2054251.65,198.0,233.5,283.04999999999995,500
Basis_85,2032,2,73.0,122.0,158.0,569777.3,895028.5,1156609.4499999997,1474354.55,1735935.5,2061186.7,199.0,235.0,284.0,500
Basis_85,2032,3,71.9,121.0,158.0,562842.25,889187.5,1151648.1999999997,1479315.8,1741776.5,2068121.75,199.0,236.0,285.0999999999999,500
Basis_85,2032,4,70.95,120.5,157.0,555906.25,883346.5,1146687.9,1484276.1,1747617.5,2075057.75,200.0,236.5,286.04999999999995,500
Basis_85,2032,5,69.95,120.0,157.0,548971.2,877505.5,1141726.65,1489237.35,1753458.5,2081992.8,200.0,237.0,287.04999999999995,500
Basis_85,2032,6,68.0,118.5,157.0,542036.15,871664.5,1136766.3499999999,1494197.65,1759299.5,2088927.85,200.0,238.5,289.0,500
Basis_85,2032,7,67.95,118.0,156.0,535100.15,865823.5,1131805.0999999999,1499158.9,1765140.5,2095863.85,201.0,239.0,289.04999999999995,500
Basis_85,2032,8,67.0,117.0,156.0,528165.1,859982.5,1126844.7999999998,1504119.2,1770981.5,2102798.9,201.0,240.0,290.0,500
Basis_85,2032,9,66.9,116.0,155.0,521230.05,854141.5,1121883.5499999998,1509080.45,1776822.5,2109733.95,202.0,241.0,290.0999999999999,500
Basis_85,2032,10,65.0,114.5,154.04999999999995,514294.05,848300.5,1116923.2499999998,1514040.75,1782663.5,2116669.95,202.95,242.5,292.0,500
Basis_85,2032,11,64.0,113.5,154.0,507359.05,842459.5,1111961.9999999998,1519002.0,1788504.5,2123604.95,203.0,243.5,293.0,500
Basis_85,2032,12,63.95,112.0,153.0,500424.0,836618.5,1107001.6999999997,1523962.3,1794345.5,2130540.0,204.0,245.0,293.04999999999995,500
Basis_85,2032,13,62.95,112.0,153.0,493488.0,830777.5,1102040.4499999997,1528923.55,1800186.5,2137476.0,204.0,245.0,294.04999999999995,500
Basis_85,2032,14,61.95,110.0,152.04999999999995,486552.95,824936.5,1097079.1999999997,1533884.8,1806027.5,2144411.05,204.95,247.0,295.04999999999995,500
Basis_85,2032,15,61.900000000000006,110.0,152.0,479617.9,819095.5,1092118.9,1538845.1,1811868.5,2151346.1,205.0,247.0,295.0999999999999,500
Basis_85,2032,16,60.95,109.0,151.0,472681.9,813254.5,1087157.65,1543806.35,1817709.5,2158282.1,206.0,248.0,296.04999999999995,500
Basis_85,2032,17,59.95,108.0,151.0,465746.85,807413.5,1082197.2999999998,1548766.7,1823550.5,2165217.15,206.0,249.0,297.04999999999995,500
Basis_85,2032,18,59.95,107.0,151.0,458811.8,801572.5,1077236.0499999998,1553727.95,1829391.5,2172152.2,206.0,250.0,297.04999999999995,500
Basis_85,2032,19,58.95,105.5,150.0,451875.8,795731.5,1072275.7499999998,1558688.25,1835232.5,2179088.2,207.0,251.5,298.04999999999995,500
Basis_85,2032,20,58.0,105.0,150.0,444940.75,789890.5,1067314.4999999998,1563649.5,1841073.5,2186023.25,207.0,252.0,299.0,500
Basis_85,2032,21,57.0,104.0,150.0,438005.7,784049.5,1062354.1999999997,1568609.8,1846914.5,2192958.3,207.0,253.0,300.0,500
Basis_85,2032,22,56.0,102.0,149.0,431069.75,778208.5,1057392.9499999997,1573571.05,1852755.5,2199894.25,208.0,255.0,301.0,500
Basis_85,2032,23,55.95,101.0,148.04999999999995,424134.7,772367.5,1052432.6499999997,1578531.35,1858596.5,2206829.3,208.95,256.0,301.04999999999995,500
Basis_85,2032,24,55.0,100.0,148.0,417199.65,766527.0,1047471.3999999998,1583492.6,1864437.0,2213764.35,209.0,257.0,302.0,500
Basis_85,2032,25,54.95,99.0,147.04999999999995,410264.6,760686.0,1042511.0999999997,1588452.9,1870278.0,2220699.4,209.95,258.0,302.04999999999995,500
Basis_85,2032,26,54.0,98.0,146.0,403328.6,754845.5,1037549.8499999997,1593414.15,1876118.5,2227635.4,211.0,259.0,303.0,500
Basis_85,2032,27,52.95,96.5,145.0,396393.55,749004.5,1032588.5999999997,1598375.4,1881959.5,2234570.45,212.0,260.5,304.04999999999995,500
Basis_85,2032,28,51.95,95.0,144.0,389458.5,743163.5,1027628.2999999998,1603335.7,1887800.5,2241505.5,213.0,262.0,305.04999999999995,500
Basis_85,2032,29,50.95,94.0,143.04999999999995,382522.5,737322.5,1022667.0499999998,1608296.95,1893641.5,2248441.5,213.95,263.0,306.04999999999995,500
Basis_85,2032,30,50.95,93.0,143.0,375587.45,731481.5,1017706.7499999998,1613257.25,1899482.5,2255376.55,214.0,264.0,306.04999999999995,500
Basis_85,2032,31,49.0,92.0,142.0,368652.4,725640.5,1012745.4999999998,1618218.5,1905323.5,2262311.6,215.0,265.0,308.0,500
Basis_85,2032,32,48.95,91.5,141.0,361716.4,719799.5,1007785.1999999998,1623178.8,1911164.5,2269247.6,216.0,265.5,308.04999999999995,500
Basis_85,2032,33,47.0,90.0,140.0,354781.4,713958.5,1002823.9499999998,1628140.05,1917005.5,2276182.6,217.0,267.0,310.0,500
Basis_85,2032,34,47.0,89.0,140.0,347846.35,708117.5,997863.6499999998,1633100.35,1922846.5,2283117.65,217.0,268.0,310.0,500
Basis_85,2032,35,46.0,88.0,139.0,340910.35,702276.5,992902.3999999998,1638061.6,1928687.5,2290053.65,218.0,269.0,311.0,500
Basis_85,2032,36,45.95,87.0,138.0,333975.3,696435.5,987942.0999999997,1643021.9,1934528.5,2296988.7,219.0,270.0,311.04999999999995,500
Basis_85,2032,37,44.95,86.0,137.0,327040.25,690594.5,982980.8499999997,1647983.15,1940369.5,2303923.75,220.0,271.0,312.04999999999995,500
Basis_85,2032,38,44.0,85.0,137.0,320104.25,684753.5,978020.5499999998,1652943.45,1946210.5,2310859.75,220.0,272.0,313.0,500
Basis_85,2032,39,43.0,84.0,136.0,313169.2,678912.5,973059.2999999998,1657904.7,1952051.5,2317794.8,221.0,273.0,314.0,500
Basis_85,2032,40,42.0,84.0,135.04999999999995,306234.15,673071.5,968098.0499999998,1662865.95,1957892.5,2324729.85,221.95,273.0,315.0,500
Basis_85,2032,41,41.0,83.0,134.0,299298.15,667230.5,963137.6999999997,1667826.3,1963733.5,2331665.85,223.0,274.0,316.0,500
Basis_85,2032,42,39.95,83.0,133.0,292363.1,661389.5,958176.4499999997,1672787.55,1969574.5,2338600.9,224.0,274.0,317.04999999999995,500
Basis_85,2032,43,39.0,81.0,132.04999999999995,285428.05,655548.5,953216.1499999998,1677747.85,1975415.5,2345535.95,224.95,276.0,318.0,500
Basis_85,2032,44,38.0,81.0,132.0,278492.1,649707.5,948254.8999999998,1682709.1,1981256.5,2352471.9,225.0,276.0,319.0,500
Basis_85,2032,45,37.95,80.0,131.0,271557.05,643866.5,943294.5999999997,1687669.4,1987097.5,2359406.95,226.0,277.0,319.04999999999995,500
Basis_85,2032,46,37.0,79.0,129.04999999999995,264622.0,638025.5,938333.3499999997,1692630.65,1992938.5,2366342.0,227.95,278.0,320.0,500
Basis_85,2032,47,36.0,79.0,129.0,257686.0,632184.5,933373.0499999998,1697590.95,1998779.5,2373278.0,228.0,278.0,321.0,500
Basis_85,2032,48,36.0,78.0,128.0,250750.95,626343.5,928411.7999999998,1702552.2,2004620.5,2380213.05,229.0,279.0,321.0,500
Basis_85,2032,49,35.0,78.0,127.04999999999995,243815.9,620502.5,923451.4999999998,1707512.5,2010461.5,2387148.1,229.95,279.0,322.0,500
Basis_85,2032,50,34.0,77.0,126.04999999999995,236879.9,614661.5,918490.2499999998,1712473.75,2016302.5,2394084.1,230.95,280.0,323.0,500
Basis_85,2032,51,33.0,76.0,126.04999999999995,229944.85,608821.0,913528.9999999998,1717435.0,2022143.0,2401019.15,230.95,281.0,324.0,500
Basis_85,2032,52,32.0,76.0,125.0,223009.8,602980.0,908568.6999999997,1722395.3,2027984.0,2407954.2,232.0,281.0,325.0,500
Basis_85,2032,53,31.950000000000003,75.0,124.04999999999995,216073.8,597139.0,903607.4499999997,1727356.55,2033825.0,2414890.2,232.95,282.0,325.04999999999995,500
Basis_85,2033,1,31.0,74.0,124.0,209138.75,591298.0,898647.1499999998,1732316.85,2039666.0,2421825.25,233.0,283.0,326.0,500
Basis_85,2033,2,31.0,73.0,122.09999999999991,202203.75,585457.0,893685.8999999998,1737278.1,2045507.0,2428760.25,234.9,284.0,326.0,500
Basis_85,2033,3,30.0,73.0,122.0,195267.75,579616.0,888725.5999999997,1742238.4,2051348.0,2435696.25,235.0,284.0,327.0,500
Basis_85,2033,4,29.900000000000006,72.0,122.0,188332.7,573775.0,883764.3499999997,1747199.65,2057189.0,2442631.3,235.0,285.0,327.0999999999999,500
Basis_85,2033,5,27.950000000000003,71.0,121.0,181397.65,567934.0,878804.0499999998,1752159.95,2063030.0,2449566.35,236.0,286.0,329.04999999999995,500
Basis_85,2033,6,27.900000000000006,71.0,120.0,174462.6,562093.0,873842.7999999998,1757121.2,2068871.0,2456501.4,237.0,286.0,329.0999999999999,500
Basis_85,2033,7,25.950000000000003,70.0,118.0,167526.6,556252.0,868882.4999999998,1762081.5,2074712.0,2463437.4,239.0,287.0,331.04999999999995,500
Basis_85,2033,8,24.950000000000003,69.0,117.04999999999995,160591.55,550411.0,863921.2499999998,1767042.75,2080553.0,2470372.45,239.95,288.0,332.04999999999995,500
Basis_85,2033,9,23.950000000000003,68.0,116.04999999999995,153656.5,544570.0,858960.9499999997,1772003.05,2086394.0,2477307.5,240.95,289.0,333.04999999999995,500
Basis_85,2033,10,23.0,68.0,116.0,146720.5,538729.0,853999.6999999997,1776964.3,2092235.0,2484243.5,241.0,289.0,334.0,500
Basis_85,2033,11,22.0,67.0,114.0,139785.45,532888.0,849038.3999999998,1781925.6,2098076.0,2491178.55,243.0,290.0,335.0,500
Basis_85,2033,12,21.0,66.0,113.0,132850.4,527047.0,844078.0999999997,1786885.9,2103917.0,2498113.6,244.0,291.0,336.0,500
Basis_85,2033,13,20.0,65.5,112.04999999999995,125914.45,521206.0,839116.8499999997,1791847.15,2109758.0,2505049.55,244.95,291.5,337.0,500
Basis_85,2033,14,19.950000000000003,65.0,112.04999999999995,118979.4,515365.0,834156.5499999998,1796807.45,2115599.0,2511984.6,244.95,292.0,337.04999999999995,500
Basis_85,2033,15,19.0,64.0,111.0,112044.35,509524.5,829195.2999999998,1801768.7,2121439.5,2518919.65,246.0,293.0,338.0,500
Basis_85,2033,16,19.0,63.0,110.0,105108.35,503683.5,824234.9999999998,1806729.0,2127280.5,2525855.65,247.0,294.0,338.0,500
Basis_85,2033,17,18.0,63.0,109.0,98173.3,497842.5,819273.7499999998,1811690.25,2133121.5,2532790.7,248.0,294.0,339.0,500
Basis_85,2033,18,17.0,62.0,108.0,91238.25,492001.5,814313.4499999997,1816650.55,2138962.5,2539725.75,249.0,295.0,340.0,500
Basis_85,2033,19,16.0,62.0,107.0,84302.25,486160.5,809352.1999999997,1821611.8,2144803.5,2546661.75,250.0,295.0,341.0,500
Basis_85,2033,20,15.0,61.0,105.04999999999995,77367.2,480319.5,804391.8999999998,1826572.1,2150644.5,2553596.8,251.95,296.0,342.0,500
Basis_85,2033,21,14.0,60.5,105.04999999999995,70432.15,474478.5,799430.6499999998,1831533.35,2156485.5,2560531.85,251.95,296.5,343.0,500
Basis_85,2033,22,12.950000000000003,60.0,104.0,63496.15,468638.0,794469.3999999998,1836494.6,2162326.0,2567467.85,253.0,297.0,344.04999999999995,500
Basis_85,2033,23,11.950000000000003,59.0,102.04999999999995,56561.1,462797.0,789509.0999999997,1841454.9,2168167.0,2574402.9,254.95,298.0,345.04999999999995,500
Basis_85,2033,24,11.0,59.0,102.0,49626.1,456956.0,784547.8499999997,1846416.15,2174008.0,2581337.9,255.0,298.0,346.0,500
Basis_85,2033,25,10.0,58.0,101.0,42690.1,451115.0,779587.5499999997,1851376.45,2179849.0,2588273.9,256.0,299.0,347.0,500
Basis_85,2033,26,9.0,57.0,100.0,35755.05,445274.0,774626.2999999997,1856337.7,2185690.0,2595208.95,257.0,300.0,348.0,500
Basis_85,2033,27,7.950000000000003,57.0,98.0,28820.0,439433.0,769665.9999999998,1861298.0,2191531.0,2602144.0,259.0,300.0,349.04999999999995,500
Basis_85,2033,28,5.0,56.0,98.0,21884.0,433592.0,764704.7499999998,1866259.25,2197372.0,2609080.0,259.0,301.0,352.0,500
Basis_85,2033,29,4.0,56.0,97.0,14948.95,427751.0,759744.4499999997,1871219.55,2203213.0,2616015.05,260.0,301.0,353.0,500
Basis_85,2033,30,3.0,55.0,96.04999999999995,8013.900000000001,421910.0,754783.1999999997,1876180.8,2209054.0,2622950.1,260.95,302.0,354.0,500
Basis_85,2033,31,1.0,54.5,95.0,1077.9000000000005,416069.0,749822.8999999998,1881141.1,2214895.0,2629886.1,262.0,302.5,356.0,500
Basis_85,2033,32,0.0,54.0,94.04999999999995,0.0,410228.0,744861.6499999998,1886102.35,2220736.0,2630964.0,262.95,303.0,357.0,500
Basis_85,2033,33,0.0,53.0,93.09999999999991,0.0,404387.0,739901.3499999997,1891062.65,2226577.0,2630964.0,263.9,304.0,357.0,500
Basis_85,2033,34,0.0,52.5,93.04999999999995,0.0,398546.0,734940.0999999997,1896023.9,2232418.0,2630964.0,263.95,304.5,357.0,500
Basis_85,2033,35,0.0,52.0,92.04999999999995,0.0,392705.0,729978.7999999997,1900985.2,2238259.0,2630964.0,264.95,305.0,357.0,500
Basis_85,2033,36,0.0,51.0,91.0,0.0,386864.0,725018.4999999998,1905945.5,2244100.0,2630964.0,266.0,306.0,357.0,500
Basis_85,2033,37,0.0,50.5,90.04999999999995,0.0,381023.0,720057.2499999998,1910906.75,2249941.0,2630964.0,266.95,306.5,357.0,500
Basis_85,2033,38,0.0,50.0,90.0,0.0,375182.0,715096.9499999997,1915867.05,2255782.0,2630964.0,267.0,307.0,357.0,500
Basis_85,2033,39,0.0,49.5,89.0,0.0,369341.0,710135.6999999997,1920828.3,2261623.0,2630964.0,268.0,307.5,357.0,500
Basis_85,2033,40,0.0,49.0,88.04999999999995,0.0,363500.0,705175.3999999998,1925788.6,2267464.0,2630964.0,268.95,308.0,357.0,500
Basis_85,2033,41,0.0,48.0,87.04999999999995,0.0,357659.0,700214.1499999998,1930749.85,2273305.0,2630964.0,269.95,309.0,357.0,500
Basis_85,2033,42,0.0,47.0,87.0,0.0,351818.0,695253.8499999997,1935710.15,2279146.0,2630964.0,270.0,310.0,357.0,500
Basis_85,2033,43,0.0,47.0,86.0,0.0,345977.0,690292.5999999997,1940671.4,2284987.0,2630964.0,271.0,310.0,357.0,500
Basis_85,2033,44,0.0,46.0,85.0,0.0,340136.0,685332.2999999997,1945631.7,2290828.0,2630964.0,272.0,311.0,357.0,500
Basis_85,2033,45,0.0,45.0,85.0,0.0,334295.0,680371.0499999997,1950592.95,2296669.0,2630964.0,272.0,312.0,357.0,500
Basis_85,2033,46,0.0,44.0,84.04999999999995,0.0,328454.0,675410.7499999998,1955553.25,2302510.0,2630964.0,272.95,313.0,357.0,500
Basis_85,2033,47,0.0,43.0,82.04999999999995,0.0,322613.5,670449.4999999998,1960514.5,2308350.5,2630964.0,274.95,314.0,357.0,500
Basis_85,2033,48,0.0,43.0,82.0,0.0,316772.5,665488.2499999998,1965475.75,2314191.5,2630964.0,275.0,314.0,357.0,500
Basis_85,2033,49,0.0,42.0,82.0,0.0,310931.5,660527.9499999997,1970436.05,2320032.5,2630964.0,275.0,315.0,357.0,500
Basis_85,2033,50,0.0,41.0,81.04999999999995,0.0,305090.5,655566.6999999997,1975397.3,2325873.5,2630964.0,275.95,316.0,357.0,500
Basis_85,2033,51,0.0,41.0,81.0,0.0,299249.5,650606.3999999998,1980357.6,2331714.5,2630964.0,276.0,316.0,357.0,500
Basis_85,2033,52,0.0,40.0,80.0,0.0,293408.5,645645.1499999998,1985318.85,2337555.5,2630964.0,277.0,317.0,357.0,500
Basis_85,2034,1,0.0,39.0,79.04999999999995,0.0,287567.5,640684.8499999997,1990279.15,2343396.5,2630964.0,277.95,318.0,357.0,500
Basis_85,2034,2,0.0,38.0,79.0,0.0,281726.5,635723.5999999997,1995240.4,2349237.5,2630964.0,278.0,319.0,357.0,500
Basis_85,2034,3,0.0,38.0,78.04999999999995,0.0,275885.5,630763.2999999997,2000200.7,2355078.5,2630964.0,278.95,319.0,357.0,500
Basis_85,2034,4,0.0,37.0,77.04999999999995,0.0,270044.5,625802.0499999997,2005161.95,2360919.5,2630964.0,279.95,320.0,357.0,500
Basis_85,2034,5,0.0,37.0,77.0,0.0,264203.5,620841.7499999998,2010122.25,2366760.5,2630964.0,280.0,320.0,357.0,500
Basis_85,2034,6,0.0,36.0,76.04999999999995,0.0,258363.0,615880.4999999998,2015083.5,2372601.0,2630964.0,280.95,321.0,357.0,500
Basis_85,2034,7,0.0,35.5,76.04999999999995,0.0,252522.0,610919.1999999997,2020044.8,2378442.0,2630964.0,280.95,321.5,357.0,500
Basis_85,2034,8,0.0,35.0,76.0,0.0,246681.0,605958.8999999997,2025005.1,2384283.0,2630964.0,281.0,322.0,357.0,500
Basis_85,2034,9,0.0,34.0,75.0,0.0,240840.0,600997.6499999997,2029966.35,2390124.0,2630964.0,282.0,323.0,357.0,500
Basis_85,2034,10,0.0,33.0,74.0,0.0,234999.0,596037.3499999997,2034926.65,2395965.0,2630964.0,283.0,324.0,357.0,500
Basis_85,2034,11,0.0,32.5,74.0,0.0,229158.0,591076.0999999997,2039887.9,2401806.0,2630964.0,283.0,324.5,357.0,500
Basis_85,2034,12,0.0,32.0,73.0,0.0,223317.0,586115.7999999997,2044848.2,2407647.0,2630964.0,284.0,325.0,357.0,500
Basis_85,2034,13,0.0,31.0,72.04999999999995,0.0,217476.0,581154.5499999997,2049809.45,2413488.0,2630964.0,284.95,326.0,357.0,500
Basis_85,2034,14,0.0,31.0,71.09999999999991,0.0,211635.0,576194.2499999998,2054769.75,2419329.0,2630964.0,285.9,326.0,357.0,500
Basis_85,2034,15,0.0,30.0,71.0,0.0,205794.0,571232.9999999998,2059731.0,2425170.0,2630964.0,286.0,327.0,357.0,500
Basis_85,2034,16,0.0,30.0,70.04999999999995,0.0,199953.0,566272.6999999997,2064691.3,2431011.0,2630964.0,286.95,327.0,357.0,500
Basis_85,2034,17,0.0,29.0,69.0,0.0,194112.0,561311.4499999997,2069652.55,2436852.0,2630964.0,288.0,328.0,357.0,500
Basis_85,2034,18,0.0,28.0,69.0,0.0,188271.0,556351.1499999997,2074612.85,2442693.0,2630964.0,288.0,329.0,357.0,500
Basis_85,2034,19,0.0,27.0,68.04999999999995,0.0,182430.5,551389.8999999997,2079574.1,2448533.5,2630964.0,288.95,330.0,357.0,500
Basis_85,2034,20,0.0,27.0,68.04999999999995,0.0,176589.5,546428.6499999997,2084535.35,2454374.5,2630964.0,288.95,330.0,357.0,500
Basis_85,2034,21,0.0,26.0,67.04999999999995,0.0,170748.5,541468.3499999997,2089495.65,2460215.5,2630964.0,289.95,331.0,357.0,500
Basis_85,2034,22,0.0,25.0,67.0,0.0,164907.5,536507.0999999997,2094456.9,2466056.5,2630964.0,290.0,332.0,357.0,500
Basis_85,2034,23,0.0,25.0,66.0,0.0,159066.5,531546.7999999997,2099417.2,2471897.5,2630964.0,291.0,332.0,357.0,500
Basis_85,2034,24,0.0,24.0,66.0,0.0,153225.5,526585.5499999997,2104378.45,2477738.5,2630964.0,291.0,333.0,357.0,500
Basis_85,2034,25,0.0,24.0,66.0,0.0,147384.5,521625.2499999997,2109338.75,2483579.5,2630964.0,291.0,333.0,357.0,500
Basis_85,2034,26,0.0,23.0,65.04999999999995,0.0,141543.5,516663.9999999997,2114300.0,2489420.5,2630964.0,291.95,334.0,357.0,500
Basis_85,2034,27,0.0,22.0,65.0,0.0,135702.5,511703.6999999997,2119260.3,2495261.5,2630964.0,292.0,335.0,357.0,500
Basis_85,2034,28,0.0,21.0,64.0,0.0,129861.5,506742.4499999997,2124221.55,2501102.5,2630964.0,293.0,336.0,357.0,500
Basis_85,2034,29,0.0,20.5,63.0,0.0,124020.5,501782.14999999973,2129181.85,2506943.5,2630964.0,294.0,336.5,357.0,500
Basis_85,2034,30,0.0,20.0,62.049999999999955,0.0,118179.5,496820.89999999973,2134143.1,2512784.5,2630964.0,294.95,337.0,357.0,500
Basis_85,2034,31,0.0,19.0,62.0,0.0,112338.5,491859.59999999974,2139104.4,2518625.5,2630964.0,295.0,338.0,357.0,500
Basis_85,2034,32,0.0,18.0,61.0,0.0,106497.5,486899.2999999997,2144064.7,2524466.5,2630964.0,296.0,339.0,357.0,500
Basis_85,2034,33,0.0,17.5,61.0,0.0,100656.5,481938.0499999997,2149025.95,2530307.5,2630964.0,296.0,339.5,357.0,500
Basis_85,2034,34,0.0,17.0,61.0,0.0,94815.5,476977.7499999997,2153986.25,2536148.5,2630964.0,296.0,340.0,357.0,500
Basis_85,2034,35,0.0,16.0,60.0,0.0,88974.5,472016.4999999997,2158947.5,2541989.5,2630964.0,297.0,341.0,357.0,500
Basis_85,2034,36,0.0,15.0,59.0,0.0,83133.5,467056.1999999997,2163907.8,2547830.5,2630964.0,298.0,342.0,357.0,500
Basis_85,2034,37,0.0,14.5,58.049999999999955,0.0,77292.5,462094.9499999997,2168869.05,2553671.5,2630964.0,298.95,342.5,357.0,500
Basis_85,2034,38,0.0,13.5,58.0,0.0,71451.5,457134.64999999973,2173829.35,2559512.5,2630964.0,299.0,343.5,357.0,500
Basis_85,2034,39,0.0,12.5,58.0,0.0,65610.5,452173.39999999973,2178790.6,2565353.5,2630964.0,299.0,344.5,357.0,500
Basis_85,2034,40,0.0,11.0,57.049999999999955,0.0,59769.5,447213.0999999997,2183750.9,2571194.5,2630964.0,299.95,346.0,357.0,500
Basis_85,2034,41,0.0,10.0,57.0,0.0,53928.5,442251.8499999997,2188712.15,2577035.5,2630964.0,300.0,347.0,357.0,500
Basis_85,2034,42,0.0,10.0,56.049999999999955,0.0,48087.5,437291.5499999997,2193672.45,2582876.5,2630964.0,300.95,347.0,357.0,500
Basis_85,2034,43,0.0,10.0,56.0,0.0,42246.5,432330.2999999997,2198633.7,2588717.5,2630964.0,301.0,347.0,357.0,500
Basis_85,2034,44,0.0,9.0,55.0,0.0,36406.0,427369.0499999997,2203594.95,2594558.0,2630964.0,302.0,348.0,357.0,500
Basis_85,2034,45,0.0,7.5,54.049999999999955,0.0,30565.0,422408.7499999997,2208555.25,2600399.0,2630964.0,302.95,349.5,357.0,500
Basis_85,2034,46,0.0,6.0,54.0,0.0,24724.0,417447.4999999997,2213516.5,2606240.0,2630964.0,303.0,351.0,357.0,500
Basis_85,2034,47,0.0,4.0,53.049999999999955,0.0,18883.0,412487.1999999997,2218476.8,2612081.0,2630964.0,303.95,353.0,357.0,500
Basis_85,2034,48,0.0,4.0,53.0,0.0,13042.0,407525.9499999997,2223438.05,2617922.0,2630964.0,304.0,353.0,357.0,500
Basis_85,2034,49,0.0,3.0,53.0,0.0,7201.0,402565.64999999973,2228398.35,2623763.0,2630964.0,304.0,354.0,357.0,500
Basis_85,2034,50,0.0,1.5,52.0,0.0,1360.5,397604.3999999997,2233359.6,2629603.5,2630964.0,305.0,355.5,357.0,500
Basis_85,2034,51,0.0,0.0,51.049999999999955,0.0,0.0,392644.0999999997,2238319.9,2630964.0,2630964.0,305.95,357.0,357.0,500
Basis_85,2034,52,0.0,0.0,51.0,0.0,0.0,387682.8499999997,2243281.15,2630964.0,2630964.0,306.0,357.0,357.0,500
Basis_85,2035,1,0.0,0.0,50.049999999999955,0.0,0.0,382722.5499999997,2248241.45,2630964.0,2630964.0,306.95,357.0,357.0,500
Basis_85,2035,2,0.0,0.0,50.0,0.0,0.0,377761.2999999997,2253202.7,2630964.0,2630964.0,307.0,357.0,357.0,500
Basis_85,2035,3,0.0,0.0,49.0,0.0,0.0,372799.9999999997,2258164.0,2630964.0,2630964.0,308.0,357.0,357.0,500
Basis_85,2035,4,0.0,0.0,48.049999999999955,0.0,0.0,367839.6999999997,2263124.3,2630964.0,2630964.0,308.95,357.0,357.0,500
Basis_85,2035,5,0.0,0.0,48.049999999999955,0.0,0.0,362878.4499999997,2268085.55,2630964.0,2630964.0,308.95,357.0,357.0,500
Basis_85,2035,6,0.0,0.0,48.0,0.0,0.0,357918.1499999997,2273045.85,2630964.0,2630964.0,309.0,357.0,357.0,500
Basis_85,2035,7,0.0,0.0,48.0,0.0,0.0,352956.8999999997,2278007.1,2630964.0,2630964.0,309.0,357.0,357.0,500
Basis_85,2035,8,0.0,0.0,47.0,0.0,0.0,347996.5999999997,2282967.4,2630964.0,2630964.0,310.0,357.0,357.0,500
Basis_85,2035,9,0.0,0.0,46.049999999999955,0.0,0.0,343035.3499999997,2287928.65,2630964.0,2630964.0,310.95,357.0,357.0,500
Basis_85,2035,10,0.0,0.0,45.049999999999955,0.0,0.0,338075.0499999997,2292888.95,2630964.0,2630964.0,311.95,357.0,357.0,500
Basis_85,2035,11,0.0,0.0,44.049999999999955,0.0,0.0,333113.7999999997,2297850.2,2630964.0,2630964.0,312.95,357.0,357.0,500
Basis_85,2035,12,0.0,0.0,43.0,0.0,0.0,328153.4999999997,2302810.5,2630964.0,2630964.0,314.0,357.0,357.0,500
Basis_85,2035,13,0.0,0.0,43.0,0.0,0.0,323192.2499999997,2307771.75,2630964.0,2630964.0,314.0,357.0,357.0,500
Basis_85,2035,14,0.0,0.0,42.0,0.0,0.0,318231.9499999997,2312732.05,2630964.0,2630964.0,315.0,357.0,357.0,500
Basis_85,2035,15,0.0,0.0,41.049999999999955,0.0,0.0,313270.6999999997,2317693.3,2630964.0,2630964.0,315.95,357.0,357.0,500
Basis_85,2035,16,0.0,0.0,41.0,0.0,0.0,308309.44999999966,2322654.55,2630964.0,2630964.0,316.0,357.0,357.0,500
Basis_85,2035,17,0.0,0.0,40.0,0.0,0.0,303349.1499999997,2327614.85,2630964.0,2630964.0,317.0,357.0,357.0,500
Basis_85,2035,18,0.0,0.0,40.0,0.0,0.0,298387.8999999997,2332576.1,2630964.0,2630964.0,317.0,357.0,357.0,500
Basis_85,2035,19,0.0,0.0,39.0,0.0,0.0,293427.5999999997,2337536.4,2630964.0,2630964.0,318.0,357.0,357.0,500
Basis_85,2035,20,0.0,0.0,38.049999999999955,0.0,0.0,288466.3499999997,2342497.65,2630964.0,2630964.0,318.95,357.0,357.0,500
Basis_85,2035,21,0.0,0.0,38.0,0.0,0.0,283506.0499999997,2347457.95,2630964.0,2630964.0,319.0,357.0,357.0,500
Basis_85,2035,22,0.0,0.0,38.0,0.0,0.0,278544.7999999997,2352419.2,2630964.0,2630964.0,319.0,357.0,357.0,500
Basis_85,2035,23,0.0,0.0,37.049999999999955,0.0,0.0,273584.4999999997,2357379.5,2630964.0,2630964.0,319.95,357.0,357.0,500
Basis_85,2035,24,0.0,0.0,36.049999999999955,0.0,0.0,268623.2499999997,2362340.75,2630964.0,2630964.0,320.95,357.0,357.0,500
Basis_85,2035,25,0.0,0.0,35.09999999999991,0.0,0.0,263662.94999999966,2367301.05,2630964.0,2630964.0,321.9,357.0,357.0,500
Basis_85,2035,26,0.0,0.0,35.049999999999955,0.0,0.0,258701.64999999967,2372262.35,2630964.0,2630964.0,321.95,357.0,357.0,500
Basis_85,2035,27,0.0,0.0,34.09999999999991,0.0,0.0,253741.3499999997,2377222.65,2630964.0,2630964.0,322.9,357.0,357.0,500
Basis_85,2035,28,0.0,0.0,34.049999999999955,0.0,0.0,248780.0999999997,2382183.9,2630964.0,2630964.0,322.95,357.0,357.0,500
Basis_85,2035,29,0.0,0.0,34.049999999999955,0.0,0.0,243818.8499999997,2387145.15,2630964.0,2630964.0,322.95,357.0,357.0,500
Basis_85,2035,30,0.0,0.0,34.0,0.0,0.0,238858.54999999967,2392105.45,2630964.0,2630964.0,323.0,357.0,357.0,500
Basis_85,2035,31,0.0,0.0,33.0,0.0,0.0,233897.29999999967,2397066.7,2630964.0,2630964.0,324.0,357.0,357.0,500
Basis_85,2035,32,0.0,0.0,32.0,0.0,0.0,228936.99999999968,2402027.0,2630964.0,2630964.0,325.0,357.0,357.0,500
Basis_85,2035,33,0.0,0.0,32.0,0.0,0.0,223975.74999999968,2406988.25,2630964.0,2630964.0,325.0,357.0,357.0,500
Basis_85,2035,34,0.0,0.0,31.0,0.0,0.0,219015.4499999997,2411948.55,2630964.0,2630964.0,326.0,357.0,357.0,500
Basis_85,2035,35,0.0,0.0,30.049999999999955,0.0,0.0,214054.1999999997,2416909.8,2630964.0,2630964.0,326.95,357.0,357.0,500
Basis_85,2035,36,0.0,0.0,30.0,0.0,0.0,209093.89999999967,2421870.1,2630964.0,2630964.0,327.0,357.0,357.0,500
Basis_85,2035,37,0.0,0.0,29.049999999999955,0.0,0.0,204132.64999999967,2426831.35,2630964.0,2630964.0,327.95,357.0,357.0,500
Basis_85,2035,38,0.0,0.0,29.049999999999955,0.0,0.0,199172.3499999997,2431791.65,2630964.0,2630964.0,327.95,357.0,357.0,500
Basis_85,2035,39,0.0,0.0,28.049999999999955,0.0,0.0,194211.0999999997,2436752.9,2630964.0,2630964.0,328.95,357.0,357.0,500
Basis_85,2035,40,0.0,0.0,28.0,0.0,0.0,189249.8499999997,2441714.15,2630964.0,2630964.0,329.0,357.0,357.0,500
Basis_85,2035,41,0.0,0.0,27.049999999999955,0.0,0.0,184289.54999999967,2446674.45,2630964.0,2630964.0,329.95,357.0,357.0,500
Basis_85,2035,42,0.0,0.0,27.0,0.0,0.0,179328.29999999967,2451635.7,2630964.0,2630964.0,330.0,357.0,357.0,500
Basis_85,2035,43,0.0,0.0,26.0,0.0,0.0,174367.99999999968,2456596.0,2630964.0,2630964.0,331.0,357.0,357.0,500
Basis_85,2035,44,0.0,0.0,26.0,0.0,0.0,169406.74999999968,2461557.25,2630964.0,2630964.0,331.0,357.0,357.0,500
Basis_85,2035,45,0.0,0.0,25.0,0.0,0.0,164446.44999999966,2466517.55,2630964.0,2630964.0,332.0,357.0,357.0,500
Basis_85,2035,46,0.0,0.0,24.0,0.0,0.0,159485.19999999966,2471478.8,2630964.0,2630964.0,333.0,357.0,357.0,500
Basis_85,2035,47,0.0,0.0,23.049999999999955,0.0,0.0,154524.89999999967,2476439.1,2630964.0,2630964.0,333.95,357.0,357.0,500
Basis_85,2035,48,0.0,0.0,22.049999999999955,0.0,0.0,149563.64999999967,2481400.35,2630964.0,2630964.0,334.95,357.0,357.0,500
Basis_85,2035,49,0.0,0.0,21.09999999999991,0.0,0.0,144603.34999999966,2486360.65,2630964.0,2630964.0,335.9,357.0,357.0,500
Basis_85,2035,50,0.0,0.0,21.049999999999955,0.0,0.0,139642.04999999967,2491321.95,2630964.0,2630964.0,335.95,357.0,357.0,500
Basis_85,2035,51,0.0,0.0,21.0,0.0,0.0,134681.74999999968,2496282.25,2630964.0,2630964.0,336.0,357.0,357.0,500
Basis_85,2035,52,0.0,0.0,21.0,0.0,0.0,129720.49999999967,2501243.5,2630964.0,2630964.0,336.0,357.0,357.0,500
Basis_85,2036,1,0.0,0.0,20.0,0.0,0.0,124759.24999999967,2506204.75,2630964.0,2630964.0,337.0,357.0,357.0,500
Basis_85,2036,2,0.0,0.0,20.0,0.0,0.0,119798.94999999966,2511165.05,2630964.0,2630964.0,337.0,357.0,357.0,500
Basis_85,2036,3,0.0,0.0,19.0,0.0,0.0,114837.69999999966,2516126.3,2630964.0,2630964.0,338.0,357.0,357.0,500
Basis_85,2036,4,0.0,0.0,19.0,0.0,0.0,109877.39999999966,2521086.6,2630964.0,2630964.0,338.0,357.0,357.0,500
Basis_85,2036,5,0.0,0.0,18.0,0.0,0.0,104916.14999999966,2526047.85,2630964.0,2630964.0,339.0,357.0,357.0,500
Basis_85,2036,6,0.0,0.0,17.049999999999955,0.0,0.0,99955.84999999966,2531008.15,2630964.0,2630964.0,339.95,357.0,357.0,500
Basis_85,2036,7,0.0,0.0,16.049999999999955,0.0,0.0,94994.59999999966,2535969.4,2630964.0,2630964.0,340.95,357.0,357.0,500
Basis_85,2036,8,0.0,0.0,16.049999999999955,0.0,0.0,90034.29999999967,2540929.7,2630964.0,2630964.0,340.95,357.0,357.0,500
Basis_85,2036,9,0.0,0.0,15.0,0.0,0.0,85073.04999999967,2545890.95,2630964.0,2630964.0,342.0,357.0,357.0,500
Basis_85,2036,10,0.0,0.0,14.0,0.0,0.0,80112.74999999967,2550851.25,2630964.0,2630964.0,343.0,357.0,357.0,500
Basis_85,2036,11,0.0,0.0,14.0,0.0,0.0,75151.49999999967,2555812.5,2630964.0,2630964.0,343.0,357.0,357.0,500
Basis_85,2036,12,0.0,0.0,13.049999999999955,0.0,0.0,70190.24999999967,2560773.75,2630964.0,2630964.0,343.95,357.0,357.0,500
Basis_85,2036,13,0.0,0.0,13.0,0.0,0.0,65229.94999999966,2565734.05,2630964.0,2630964.0,344.0,357.0,357.0,500
Basis_85,2036,14,0.0,0.0,13.0,0.0,0.0,60268.699999999655,2570695.3,2630964.0,2630964.0,344.0,357.0,357.0,500
Basis_85,2036,15,0.0,0.0,12.049999999999955,0.0,0.0,55308.39999999966,2575655.6,2630964.0,2630964.0,344.95,357.0,357.0,500
Basis_85,2036,16,0.0,0.0,11.0,0.0,0.0,50347.14999999966,2580616.85,2630964.0,2630964.0,346.0,357.0,357.0,500
Basis_85,2036,17,0.0,0.0,10.0,0.0,0.0,45386.84999999966,2585577.15,2630964.0,2630964.0,347.0,357.0,357.0,500
Basis_85,2036,18,0.0,0.0,10.0,0.0,0.0,40425.59999999966,2590538.4,2630964.0,2630964.0,347.0,357.0,357.0,500
Basis_85,2036,19,0.0,0.0,9.049999999999955,0.0,0.0,35465.299999999654,2595498.7,2630964.0,2630964.0,347.95,357.0,357.0,500
Basis_85,2036,20,0.0,0.0,7.0499999999999545,0.0,0.0,30504.049999999654,2600459.95,2630964.0,2630964.0,349.95,357.0,357.0,500
Basis_85,2036,21,0.0,0.0,5.099999999999909,0.0,0.0,25543.749999999654,2605420.25,2630964.0,2630964.0,351.9,357.0,357.0,500
Basis_85,2036,22,0.0,0.0,4.0499999999999545,0.0,0.0,20582.44999999965,2610381.55,2630964.0,2630964.0,352.95,357.0,357.0,500
Basis_85,2036,23,0.0,0.0,4.0499999999999545,0.0,0.0,15622.149999999652,2615341.85,2630964.0,2630964.0,352.95,357.0,357.0,500
Basis_85,2036,24,0.0,0.0,4.0,0.0,0.0,10660.899999999652,2620303.1,2630964.0,2630964.0,353.0,357.0,357.0,500
Basis_85,2036,25,0.0,0.0,2.099999999999909,0.0,0.0,5699.649999999651,2625264.35,2630964.0,2630964.0,354.9,357.0,357.0,500
Basis_85,2036,26,0.0,0.0,1.099999999999909,0.0,0.0,739.3499999996504,2630224.65,2630964.0,2630964.0,355.9,357.0,357.0,500
Basis_85,2036,27,0.0,0.0,0.09999999999990905,0.0,0.0,154.74999999985926,2630809.25,2630964.0,2630964.0,356.9,357.0,357.0,500
Basis_85,2036,28,0.0,0.0,0.0,0.0,0.0,0.0,2630964.0,2630964.0,2630964.0,357.0,357.0,357.0,500
Basis_85,2036,29,0.0,0.0,0.0,0.0,0.0,0.0,2630964.0,2630964.0,2630964.0,357.0,357.0,357.0,500
Basis_85,2036,30,0.0,0.0,0.0,0.0,0.0,0.0,2630964.0,2630964.0,2630964.0,357.0,357.0,357.0,500
Basis_85,2036,31,0.0,0.0,0.0,0.0,0.0,0.0,2630964.0,2630964.0,2630964.0,357.0,357.0,357.0,500
Basis_85,2036,32,0.0,0.0,0.0,0.0,0.0,0.0,2630964.0,2630964.0,2630964.0,357.0,357.0,357.0,500
Basis_85,2036,33,0.0,0.0,0.0,0.0,0.0,0.0,2630964.0,2630964.0,2630964.0,357.0,357.0,357.0,500
Basis_85,2036,34,0.0,0.0,0.0,0.0,0.0,0.0,2630964.0,2630964.0,2630964.0,357.0,357.0,357.0,500
Basis_85,2036,35,0.0,0.0,0.0,0.0,0.0,0.0,2630964.0,2630964.0,2630964.0,357.0,357.0,357.0,500
Basis_85,2036,36,0.0,0.0,0.0,0.0,0.0,0.0,2630964.0,2630964.0,2630964.0,357.0,357.0,357.0,500
Basis_85,2036,37,0.0,0.0,0.0,0.0,0.0,0.0,2630964.0,2630964.0,2630964.0,357.0,357.0,357.0,500
Basis_85,2036,38,0.0,0.0,0.0,0.0,0.0,0.0,2630964.0,2630964.0,2630964.0,357.0,357.0,357.0,500
Basis_85,2036,39,0.0,0.0,0.0,0.0,0.0,0.0,2630964.0,2630964.0,2630964.0,357.0,357.0,357.0,500
Basis_85,2036,40,0.0,0.0,0.0,0.0,0.0,0.0,2630964.0,2630964.0,2630964.0,357.0,357.0,357.0,500
Basis_85,2036,41,0.0,0.0,0.0,0.0,0.0,0.0,2630964.0,2630964.0,2630964.0,357.0,357.0,357.0,500
Basis_85,2036,42,0.0,0.0,0.0,0.0,0.0,0.0,2630964.0,2630964.0,2630964.0,357.0,357.0,357.0,500
Basis_85,2036,43,0.0,0.0,0.0,0.0,0.0,0.0,2630964.0,2630964.0,2630964.0,357.0,357.0,357.0,500
Basis_85,2036,44,0.0,0.0,0.0,0.0,0.0,0.0,2630964.0,2630964.0,2630964.0,357.0,357.0,357.0,500
Basis_85,2036,45,0.0,0.0,0.0,0.0,0.0,0.0,2630964.0,2630964.0,2630964.0,357.0,357.0,357.0,500
Basis_85,2036,46,0.0,0.0,0.0,0.0,0.0,0.0,2630964.0,2630964.0,2630964.0,357.0,357.0,357.0,500
Basis_85,2036,47,0.0,0.0,0.0,0.0,0.0,0.0,2630964.0,2630964.0,2630964.0,357.0,357.0,357.0,500
Basis_85,2036,48,0.0,0.0,0.0,0.0,0.0,0.0,2630964.0,2630964.0,2630964.0,357.0,357.0,357.0,500
Basis_85,2036,49,0.0,0.0,0.0,0.0,0.0,0.0,2630964.0,2630964.0,2630964.0,357.0,357.0,357.0,500
Basis_85,2036,50,0.0,0.0,0.0,0.0,0.0,0.0,2630964.0,2630964.0,2630964.0,357.0,357.0,357.0,500
Basis_85,2036,51,0.0,0.0,0.0,0.0,0.0,0.0,2630964.0,2630964.0,2630964.0,357.0,357.0,357.0,500
Basis_85,2036,52,0.0,0.0,0.0,0.0,0.0,0.0,2630964.0,2630964.0,2630964.0,357.0,357.0,357.0,500
Basis_85,2037,1,0.0,0.0,0.0,0.0,0.0,0.0,2630964.0,2630964.0,2630964.0,357.0,357.0,357.0,500
Basis_85,2037,2,0.0,0.0,0.0,0.0,0.0,0.0,2630964.0,2630964.0,2630964.0,357.0,357.0,357.0,500
Basis_85,2037,3,0.0,0.0,0.0,0.0,0.0,0.0,2630964.0,2630964.0,2630964.0,357.0,357.0,357.0,500
Basis_85,2037,4,0.0,0.0,0.0,0.0,0.0,0.0,2630964.0,2630964.0,2630964.0,357.0,357.0,357.0,500
Basis_85,2037,5,0.0,0.0,0.0,0.0,0.0,0.0,2630964.0,2630964.0,2630964.0,357.0,357.0,357.0,500
Basis_85,2037,6,0.0,0.0,0.0,0.0,0.0,0.0,2630964.0,2630964.0,2630964.0,357.0,357.0,357.0,500
Basis_85,2037,7,0.0,0.0,0.0,0.0,0.0,0.0,2630964.0,2630964.0,2630964.0,357.0,357.0,357.0,500
Basis_85,2037,8,0.0,0.0,0.0,0.0,0.0,0.0,2630964.0,2630964.0,2630964.0,357.0,357.0,357.0,500
Basis_85,2037,9,0.0,0.0,0.0,0.0,0.0,0.0,2630964.0,2630964.0,2630964.0,357.0,357.0,357.0,500
Basis_85,2037,10,0.0,0.0,0.0,0.0,0.0,0.0,2630964.0,2630964.0,2630964.0,357.0,357.0,357.0,500
Basis_85,2037,11,0.0,0.0,0.0,0.0,0.0,0.0,2630964.0,2630964.0,2630964.0,357.0,357.0,357.0,500
Basis_85,2037,12,0.0,0.0,0.0,0.0,0.0,0.0,2630964.0,2630964.0,2630964.0,357.0,357.0,357.0,500
Basis_85,2037,13,0.0,0.0,0.0,0.0,0.0,0.0,2630964.0,2630964.0,2630964.0,357.0,357.0,357.0,500
Basis_85,2037,14,0.0,0.0,0.0,0.0,0.0,0.0,2630964.0,2630964.0,2630964.0,357.0,357.0,357.0,500
Basis_85,2037,15,0.0,0.0,0.0,0.0,0.0,0.0,2630964.0,2630964.0,2630964.0,357.0,357.0,357.0,500
Basis_85,2037,16,0.0,0.0,0.0,0.0,0.0,0.0,2630964.0,2630964.0,2630964.0,357.0,357.0,357.0,500
Basis_85,2037,17,0.0,0.0,0.0,0.0,0.0,0.0,2630964.0,2630964.0,2630964.0,357.0,357.0,357.0,500
Basis_85,2037,18,0.0,0.0,0.0,0.0,0.0,0.0,2630964.0,2630964.0,2630964.0,357.0,357.0,357.0,500
Basis_85,2037,19,0.0,0.0,0.0,0.0,0.0,0.0,2630964.0,2630964.0,2630964.0,357.0,357.0,357.0,500
Basis_85,2037,20,0.0,0.0,0.0,0.0,0.0,0.0,2630964.0,2630964.0,2630964.0,357.0,357.0,357.0,500
Basis_85,2037,21,0.0,0.0,0.0,0.0,0.0,0.0,2630964.0,2630964.0,2630964.0,357.0,357.0,357.0,500
Basis_85,2037,22,0.0,0.0,0.0,0.0,0.0,0.0,2630964.0,2630964.0,2630964.0,357.0,357.0,357.0,500
Basis_85,2037,23,0.0,0.0,0.0,0.0,0.0,0.0,2630964.0,2630964.0,2630964.0,357.0,357.0,357.0,500
Basis_85,2037,24,0.0,0.0,0.0,0.0,0.0,0.0,2630964.0,2630964.0,2630964.0,357.0,357.0,357.0,500
Basis_85,2037,25,0.0,0.0,0.0,0.0,0.0,0.0,2630964.0,2630964.0,2630964.0,357.0,357.0,357.0,500
Basis_85,2037,26,0.0,0.0,0.0,0.0,0.0,0.0,2630964.0,2630964.0,2630964.0,357.0,357.0,357.0,500
Basis_85,2037,27,0.0,0.0,0.0,0.0,0.0,0.0,2630964.0,2630964.0,2630964.0,357.0,357.0,357.0,500
Basis_85,2037,28,0.0,0.0,0.0,0.0,0.0,0.0,2630964.0,2630964.0,2630964.0,357.0,357.0,357.0,500
Basis_85,2037,29,0.0,0.0,0.0,0.0,0.0,0.0,2630964.0,2630964.0,2630964.0,357.0,357.0,357.0,500
Basis_85,2037,30,0.0,0.0,0.0,0.0,0.0,0.0,2630964.0,2630964.0,2630964.0,357.0,357.0,357.0,500
Basis_85,2037,31,0.0,0.0,0.0,0.0,0.0,0.0,2630964.0,2630964.0,2630964.0,357.0,357.0,357.0,500
Basis_85,2037,32,0.0,0.0,0.0,0.0,0.0,0.0,2630964.0,2630964.0,2630964.0,357.0,357.0,357.0,500
Basis_85,2037,33,0.0,0.0,0.0,0.0,0.0,0.0,2630964.0,2630964.0,2630964.0,357.0,357.0,357.0,500
Basis_85,2037,34,0.0,0.0,0.0,0.0,0.0,0.0,2630964.0,2630964.0,2630964.0,357.0,357.0,357.0,500
Basis_85,2037,35,0.0,0.0,0.0,0.0,0.0,0.0,2630964.0,2630964.0,2630964.0,357.0,357.0,357.0,500
Basis_85,2037,36,0.0,0.0,0.0,0.0,0.0,0.0,2630964.0,2630964.0,2630964.0,357.0,357.0,357.0,500
Basis_85,2037,37,0.0,0.0,0.0,0.0,0.0,0.0,2630964.0,2630964.0,2630964.0,357.0,357.0,357.0,500
Basis_85,2037,38,0.0,0.0,0.0,0.0,0.0,0.0,2630964.0,2630964.0,2630964.0,357.0,357.0,357.0,500
Basis_85,2037,39,0.0,0.0,0.0,0.0,0.0,0.0,2630964.0,2630964.0,2630964.0,357.0,357.0,357.0,500
Middels_90,2026,18,62.0,62.0,62.0,280689.8,281148.5,281489.15,1419.85,1760.5,2219.2,0.0,0.0,0.0,500
Middels_90,2026,19,58.0,59.0,61.0,270058.85,272831.5,285368.0,8518.05,10561.0,13316.199999999999,2.0,3.0,5.0,500
Middels_90,2026,20,59.0,61.0,63.0,287109.4,314642.0,351862.69999999995,15617.2,19361.5,24414.149999999998,5.0,5.0,7.0,500
Middels_90,2026,21,61.0,64.0,67.0,338428.45,382126.0,424066.14999999997,22715.4,28162.0,35511.1,6.0,8.0,10.0,500
Middels_90,2026,22,65.0,69.0,73.0,396673.95,447803.5,493387.44999999995,29814.6,36963.0,46608.1,8.0,10.0,12.0,500
Middels_90,2026,23,69.0,75.0,80.0,451112.55,512674.5,572694.7999999999,36912.8,45763.5,57705.1,10.0,12.0,13.0,500
Middels_90,2026,24,76.0,83.0,92.0,530698.25,593960.0,657657.3,44011.0,54564.0,68802.04999999999,11.0,12.0,16.0,500
Middels_90,2026,25,84.0,94.0,102.0,607030.0,673278.0,732662.85,51110.15,63364.5,79900.0,12.0,16.0,19.0,500
Middels_90,2026,26,92.0,101.0,108.0,671035.5,737410.5,798000.95,58208.35,72165.5,90997.0,13.0,17.0,22.0,500
Middels_90,2026,27,97.95,106.0,112.0,723703.4,784837.0,836913.75,65307.55,80966.0,102093.99999999999,16.0,19.0,25.0,500
Middels_90,2026,28,101.0,109.0,115.04999999999995,761650.25,826048.0,882237.6499999999,72405.75,89766.5,113190.95,17.0,22.0,28.0,500
Middels_90,2026,29,105.0,112.0,119.0,802703.3,869876.0,927998.8999999999,79504.9,98567.0,124288.9,19.0,24.0,30.0,500
Middels_90,2026,30,108.0,116.0,124.0,851560.1,916926.0,982525.95,86603.1,107368.0,135385.9,21.0,27.0,31.0,500
Middels_90,2026,31,112.0,120.0,128.0,889645.5,963754.5,1038940.85,93702.3,116168.5,146482.84999999998,24.0,28.0,33.0,500
Middels_90,2026,32,116.0,124.0,133.0,929439.65,1007724.0,1078933.8,100800.5,124969.0,157579.84999999998,25.0,30.0,36.0,500
Middels_90,2026,33,120.95,129.0,139.0,971676.05,1049780.0,1127274.5999999999,107898.7,133770.0,168676.84999999998,27.0,31.0,37.0,500
Middels_90,2026,34,124.0,135.0,144.0,1021068.6,1095829.0,1170565.35,114997.85,142570.5,179774.8,28.0,33.0,39.0,500
Middels_90,2026,35,131.0,141.0,151.0,1059487.95,1139506.5,1210716.25,122096.05,151371.0,190871.74999999997,30.0,34.0,41.049999999999955,500
Middels_90,2026,36,135.0,146.0,156.0,1086705.2,1169515.0,1243281.45,129195.25,160171.5,201968.74999999997,31.0,36.0,44.0,500
Middels_90,2026,37,138.0,149.0,157.0,1107872.2,1188987.5,1259677.4,136293.45,168972.5,213065.74999999997,31.0,37.0,45.0,500
Middels_90,2026,38,140.0,150.0,159.0,1119511.1,1203035.0,1279248.85,143392.6,177773.0,224162.69999999998,33.0,39.0,47.0,500
Middels_90,2026,39,141.0,151.0,161.0,1133290.75,1221522.0,1300161.55,150490.8,186573.5,235260.65,34.0,40.0,48.049999999999955,500
Middels_90,2026,40,142.0,152.0,162.04999999999995,1150550.25,1234473.5,1317836.25,157589.05,195374.0,246357.65,36.0,44.0,51.0,500
Middels_90,2026,41,144.95,155.0,166.0,1171560.65,1262625.0,1351010.9,164688.2,204175.0,257454.64999999997,37.0,44.0,53.0,500
Middels_90,2026,42,146.95,158.0,170.0,1205640.55,1295695.0,1395080.75,171786.4,212976.0,268551.6,37.95,45.0,55.0,500
Middels_90,2026,43,149.0,163.0,176.0,1243609.45,1338622.5,1441080.8,178885.55,221776.5,279648.6,39.0,46.0,59.0,500
Middels_90,2026,44,155.0,169.0,184.0,1286681.9,1390027.5,1487084.7999999998,185983.75,230577.0,290746.55,40.0,48.0,62.0,500
Middels_90,2026,45,159.0,176.0,190.0,1322345.3,1430580.0,1535972.9,193082.95,239378.0,301843.55,43.0,50.0,63.049999999999955,500
Middels_90,2026,46,164.0,181.0,198.0,1350725.9,1472989.0,1580436.25,200181.15,248178.5,312940.5,44.0,51.0,64.0,500
Middels_90,2026,47,169.0,188.0,205.0,1393368.25,1512319.5,1611348.25,207279.35,256979.0,324037.5,44.0,53.0,65.0,500
Middels_90,2026,48,177.0,194.0,211.0,1429269.25,1546389.0,1638722.5,214378.5,265779.5,335134.5,45.0,54.0,66.0,500
Middels_90,2026,49,182.95,199.0,215.0,1454884.1,1573924.0,1660935.4499999997,221476.7,274580.5,346232.39999999997,46.0,56.0,67.0,500
Middels_90,2026,50,187.0,203.0,220.0,1484574.1,1598015.0,1685026.95,228575.9,283381.0,357329.39999999997,48.0,62.0,67.04999999999995,500
Middels_90,2026,51,191.0,207.0,223.0,1514707.1,1617498.0,1700314.8,235674.1,292181.5,368426.39999999997,48.95,62.0,68.0,500
Middels_90,2026,52,196.0,210.0,224.04999999999995,1533618.0,1634568.5,1718529.2,242773.25,300982.0,379523.39999999997,51.0,63.0,69.0,500
Middels_90,2026,53,198.0,212.0,226.0,1540895.35,1645205.5,1728535.5999999999,249871.45,309783.0,390620.35,51.0,64.0,70.0,500
Middels_90,2027,1,203.0,216.0,229.04999999999995,1588358.85,1692877.5,1786868.3,256969.7,318583.5,401718.3,53.0,65.0,71.0,500
Middels_90,2027,2,210.0,222.0,234.04999999999995,1639245.45,1736353.0,1820763.9,264068.85,327384.0,412815.3,54.0,66.0,72.0,500
Middels_90,2027,3,213.0,225.0,235.0,1657672.4,1756026.0,1830004.45,271167.05,336184.5,423912.24999999994,55.0,66.0,73.0,500
Middels_90,2027,4,215.95,226.0,235.0,1666674.0,1767248.0,1842129.4,278266.2,344985.5,435009.24999999994,57.95,67.0,74.0,500
Middels_90,2027,5,218.0,227.0,235.04999999999995,1682046.9,1775274.5,1851832.5,285364.4,353786.0,446106.24999999994,62.0,67.0,75.0,500
Middels_90,2027,6,219.0,228.0,236.0,1689249.5,1783997.0,1863915.85,292463.6,362586.5,457204.19999999995,62.95,68.0,76.0,500
Middels_90,2027,7,221.0,230.0,238.0,1698046.35,1796158.0,1876859.45,299561.8,371387.0,468301.14999999997,63.0,69.0,77.0,500
Middels_90,2027,8,221.95,231.0,240.0,1700342.8,1810049.5,1896319.75,306660.0,380188.0,479398.14999999997,64.0,69.0,78.04999999999995,500
Middels_90,2027,9,223.0,234.0,244.0,1724484.0,1834650.5,1930551.0999999999,313759.15,388988.5,490495.14999999997,64.0,70.0,79.0,500
Middels_90,2027,10,227.0,238.0,248.0,1759380.3,1871949.5,1965563.05,320857.4,397789.0,501593.05,65.0,71.0,80.0,500
Middels_90,2027,11,231.0,242.0,252.0,1783190.2,1892178.0,1988280.5,327956.55,406589.5,512690.04999999993,65.0,72.0,81.0,500
Middels_90,2027,12,232.0,244.0,255.0,1795191.0,1901339.0,2005338.8499999999,335054.75,415390.5,523787.04999999993,66.0,72.0,82.0,500
Middels_90,2027,13,233.0,245.0,257.0,1791570.25,1906827.5,2019726.95,342153.9,424191.0,534884.0499999999,66.0,73.0,83.04999999999995,500
Middels_90,2027,14,234.0,246.5,259.0,1808384.1,1928020.5,2057113.8,349252.1,432991.5,545981.0,67.0,74.0,84.0,500
Middels_90,2027,15,235.95,249.0,263.0,1822017.5,1949532.0,2083128.3,356351.3,441792.0,557078.95,67.0,75.0,86.0,500
Middels_90,2027,16,236.0,252.0,267.0,1825522.5,1968758.0,2116651.7,363449.5,450593.5,568175.95,68.0,76.0,87.0,500
Middels_90,2027,17,238.0,255.0,269.0,1841455.45,1994428.0,2133259.45,370547.7,459394.0,579272.8999999999,68.0,76.0,88.0,500
Middels_90,2027,18,241.0,258.0,272.0,1857876.45,2013807.0,2148386.8,377646.85,468194.5,590369.8999999999,69.0,77.0,89.04999999999995,500
Middels_90,2027,19,243.0,261.0,273.0,1869242.25,2034441.5,2154463.45,384745.1,476995.5,601466.8999999999,69.0,78.0,90.04999999999995,500
Middels_90,2027,20,245.0,262.0,273.0,1888307.15,2045299.5,2155558.1,391844.25,485796.0,612564.85,70.0,79.0,92.0,500
Middels_90,2027,21,245.0,263.0,273.0,1896790.75,2045839.5,2151055.35,398942.45,494596.5,623661.7999999999,70.0,80.0,93.0,500
Middels_90,2027,22,246.0,263.0,274.0,1891201.3,2046005.5,2155735.6,406041.6,503397.0,634758.7999999999,71.0,81.0,94.04999999999995,500
Middels_90,2027,23,248.0,265.0,276.0,1903065.7,2047542.0,2153466.1,413139.8,512198.0,645855.7999999999,72.0,81.0,95.0,500
Middels_90,2027,24,248.95,265.0,276.0,1905477.5,2049254.0,2159682.0,420238.05,520998.5,656952.75,72.0,82.0,97.0,500
Middels_90,2027,25,249.0,264.0,276.0,1915334.8,2053519.0,2167007.5,427337.2,529799.0,668050.7,73.0,83.0,99.0,500
Middels_90,2027,26,248.0,264.0,275.0,1917518.5,2057918.0,2162304.1999999997,434435.4,538599.5,679147.7,73.0,84.0,100.0,500
Middels_90,2027,27,249.0,265.0,277.0,1915216.4,2056389.5,2159933.05,441534.55,547400.5,690244.7,74.0,85.0,102.0,500
Middels_90,2027,28,250.0,267.0,278.0,1906968.55,2050332.5,2158204.5,448632.8,556201.0,701341.6499999999,75.0,86.0,102.04999999999995,500
Middels_90,2027,29,249.0,266.0,278.0,1896147.15,2044536.0,2154057.05,455731.95,565001.5,712438.6499999999,75.0,87.0,104.0,500
Middels_90,2027,30,247.9,266.0,277.0,1885387.9,2036601.0,2147041.5,462830.15,573802.0,723536.6,76.0,87.0,105.04999999999995,500
Middels_90,2027,31,245.0,265.0,277.0,1878957.8,2029660.5,2142654.4499999997,469928.35,582603.0,734633.5499999999,77.0,88.0,108.0,500
Middels_90,2027,32,245.9,264.0,276.0,1874275.5,2024434.0,2138702.55,477027.5,591403.5,745730.5499999999,77.0,90.0,109.0,500
Middels_90,2027,33,244.0,264.0,276.04999999999995,1872374.95,2022665.5,2136632.9499999997,484125.75,600204.0,756827.5499999999,78.0,90.0,110.0,500
Middels_90,2027,34,243.0,264.0,277.0,1861259.15,2016074.5,2129838.85,491224.9,609004.5,767924.5499999999,79.0,91.0,112.0,500
Middels_90,2027,35,243.0,264.0,277.0,1850636.1,2010600.5,2128994.75,498323.1,617805.5,779022.45,79.95,92.0,114.0,500
Middels_90,2027,36,242.0,263.0,277.0,1840844.55,2004358.0,2125534.3,505422.25,626606.0,790119.45,80.0,94.0,115.0,500
Middels_90,2027,37,241.0,262.5,276.0,1829747.55,1995557.5,2118443.5,512520.5,635406.5,801216.45,81.0,94.0,116.0,500
Middels_90,2027,38,240.0,261.0,275.0,1818650.6,1986757.0,2111345.3,519618.7,644207.0,812313.3999999999,82.0,96.0,117.0,500
Middels_90,2027,39,237.95,260.0,275.0,1807552.65,1977956.0,2104246.15,526717.85,653008.0,823411.35,82.0,97.0,119.04999999999995,500
Middels_90,2027,40,236.0,258.5,274.0,1796455.65,1969155.5,2097147.95,533816.05,661808.5,834508.35,83.0,98.5,121.0,500
Middels_90,2027,41,235.0,257.0,273.0,1785358.65,1960355.0,2090048.8,540915.2,670609.0,845605.35,84.0,100.0,122.0,500
Middels_90,2027,42,234.0,256.0,273.0,1774261.7,1951554.0,2082950.55,548013.45,679410.0,856702.2999999999,84.0,101.0,123.0,500
Middels_90,2027,43,232.95,255.0,272.0,1763164.7,1942753.0,2075851.4,555112.6,688211.0,867799.2999999999,85.0,102.0,124.04999999999995,500
Middels_90,2027,44,231.95,254.0,271.0,1752066.75,1933952.5,2068753.2,562210.8,697011.5,878897.2499999999,86.0,103.0,125.04999999999995,500
Middels_90,2027,45,230.0,253.0,270.0,1740969.75,1925152.0,2061655.0,569309.0,705812.0,889994.2499999999,87.0,104.0,127.0,500
Middels_90,2027,46,229.95,252.0,269.04999999999995,1729872.8,1916351.5,2054555.8,576408.2,714612.5,901091.2,87.95,105.0,127.04999999999995,500
Middels_90,2027,47,228.95,250.0,268.04999999999995,1718775.8,1907550.5,2047457.5999999999,583506.4,723413.5,912188.2,88.95,107.0,128.04999999999995,500
Middels_90,2027,48,227.0,249.0,268.0,1707678.8,1898750.0,2040358.45,590605.55,732214.0,923285.2,89.0,108.0,130.0,500
Middels_90,2027,49,225.95,248.0,267.0,1696580.9,1889949.5,2033260.25,597703.75,741014.5,934383.1,90.0,109.0,131.04999999999995,500
Middels_90,2027,50,225.0,246.0,267.0,1685483.9,1881149.0,2026161.0999999999,604802.9,749815.0,945480.1,90.0,111.0,132.0,500
Middels_90,2027,51,224.0,245.0,266.0,1674386.9,1872348.0,2019062.8499999999,611901.15,758616.0,956577.1,91.0,112.0,133.0,500
Middels_90,2027,52,222.95,244.0,265.0,1663289.9,1863547.5,2011963.7,619000.3,767416.5,967674.1,92.0,113.0,134.04999999999995,500
Middels_90,2028,1,221.0,243.0,264.0,1652192.95,1854747.0,2004865.5,626098.5,776217.0,978771.0499999999,93.0,114.0,136.0,500
Middels_90,2028,2,220.0,242.0,264.0,1641095.0,1845946.0,1997767.3,633196.7,785018.0,989868.9999999999,93.0,115.0,137.0,500
Middels_90,2028,3,219.0,241.0,263.0,1629998.0,1837145.5,1990668.0999999999,640295.9,793818.5,1000965.9999999999,94.0,116.0,138.0,500
Middels_90,2028,4,218.0,240.0,262.0,1618901.05,1828345.0,1983569.9,647394.1,802619.0,1012062.95,95.0,117.0,139.0,500
Middels_90,2028,5,217.0,238.5,261.0,1607804.05,1819544.5,1976470.75,654493.25,811419.5,1023159.95,96.0,118.5,140.0,500
Middels_90,2028,6,215.0,237.0,260.04999999999995,1596707.05,1810743.5,1969372.55,661591.45,820220.5,1034256.95,96.95,120.0,142.0,500
Middels_90,2028,7,214.0,236.0,260.0,1585609.1,1801943.0,1962273.4,668690.6,829021.0,1045354.8999999999,97.0,121.0,143.0,500
Middels_90,2028,8,213.0,235.0,259.0,1574512.15,1793142.5,1955175.15,675788.85,837821.5,1056451.8499999999,98.0,122.0,144.0,500
Middels_90,2028,9,212.0,234.0,258.0,1563415.15,1784342.0,1948076.95,682887.05,846622.0,1067548.8499999999,99.0,123.0,145.0,500
Middels_90,2028,10,211.0,233.0,257.0,1552318.15,1775541.0,1940977.7999999998,689986.2,855423.0,1078645.8499999999,100.0,124.0,146.0,500
Middels_90,2028,11,210.0,232.0,256.0,1541221.2,1766740.5,1933879.5999999999,697084.4,864223.5,1089742.7999999998,101.0,125.0,147.0,500
Middels_90,2028,12,208.95,231.0,255.0,1530123.25,1757940.0,1926780.4,704183.6,873024.0,1100840.75,102.0,126.0,148.04999999999995,500
Middels_90,2028,13,207.95,230.0,254.0,1519026.25,1749139.5,1919682.2,711281.8,881824.5,1111937.75,103.0,127.0,149.04999999999995,500
Middels_90,2028,14,206.0,229.0,252.04999999999995,1507929.25,1740338.5,1912583.0499999998,718380.95,890625.5,1123034.75,104.95,128.0,151.0,500
Middels_90,2028,15,204.95,228.0,252.0,1496832.3,1731538.0,1905484.8499999999,725479.15,899426.0,1134131.7,105.0,129.0,152.04999999999995,500
Middels_90,2028,16,203.0,227.0,251.0,1485735.3,1722737.0,1898386.65,732577.35,908227.0,1145228.7,106.0,130.0,154.0,500
Middels_90,2028,17,203.0,226.0,250.0,1474637.35,1713936.5,1891287.45,739676.55,917027.5,1156326.65,107.0,131.0,154.0,500
Middels_90,2028,18,202.0,225.0,249.0,1463540.4,1705135.5,1884189.25,746774.75,925828.5,1167423.5999999999,108.0,132.0,155.0,500
Middels_90,2028,19,200.0,225.0,248.0,1452443.4,1696335.0,1877090.0999999999,753873.9,934629.0,1178520.5999999999,109.0,132.0,157.0,500
Middels_90,2028,20,198.95,224.0,246.0,1441346.4,1687534.5,1869991.9,760972.1,943429.5,1189617.5999999999,111.0,133.0,158.04999999999995,500
Middels_90,2028,21,197.0,222.5,246.0,1430248.45,1678734.0,1862892.7,768071.3,952230.0,1200715.5499999998,111.0,134.5,160.0,500
Middels_90,2028,22,195.95,222.0,245.0,1419151.5,1669933.0,1855794.5,775169.5,961031.0,1211812.5,112.0,135.0,161.04999999999995,500
Middels_90,2028,23,194.0,221.0,244.0,1408054.5,1661132.5,1848696.2999999998,782267.7,969831.5,1222909.5,113.0,136.0,163.0,500
Middels_90,2028,24,193.0,220.0,243.0,1396957.5,1652332.0,1841597.15,789366.85,978632.0,1234006.5,114.0,137.0,164.0,500
Middels_90,2028,25,191.95,219.0,241.04999999999995,1385860.55,1643531.5,1834498.95,796465.05,987432.5,1245103.45,115.95,138.0,165.04999999999995,500
Middels_90,2028,26,189.0,218.0,240.0,1374762.6,1634730.5,1827399.75,803564.25,996233.5,1256201.4,117.0,139.0,168.0,500
Middels_90,2028,27,187.9,217.0,239.04999999999995,1363665.6,1625930.0,1820301.5499999998,810662.45,1005034.0,1267298.4,117.95,140.0,169.0999999999999,500
Middels_90,2028,28,185.95,216.0,239.0,1352568.6,1617129.5,1813202.4,817761.6,1013834.5,1278395.4,118.0,141.0,171.04999999999995,500
Middels_90,2028,29,184.95,215.0,237.04999999999995,1341471.65,1608329.0,1806104.2,824859.8,1022635.0,1289492.3499999999,119.95,142.0,172.04999999999995,500
Middels_90,2028,30,183.0,214.0,236.04999999999995,1330374.65,1599528.0,1799006.0,831958.0,1031436.0,1300589.3499999999,120.95,143.0,174.0,500
Middels_90,2028,31,181.0,213.0,235.04999999999995,1319276.7,1590727.5,1791906.7999999998,839057.2,1040236.5,1311687.2999999998,121.95,144.0,176.0,500
Middels_90,2028,32,178.95,212.0,235.0,1308179.75,1581927.0,1784808.5999999999,846155.4,1049037.0,1322784.25,122.0,145.0,178.04999999999995,500
Middels_90,2028,33,177.0,211.0,235.0,1297082.75,1573126.5,1777709.45,853254.55,1057837.5,1333881.25,122.0,146.0,180.0,500
Middels_90,2028,34,174.95,211.0,234.0,1285985.75,1564325.5,1770611.25,860352.75,1066638.5,1344978.25,123.0,146.0,182.04999999999995,500
Middels_90,2028,35,173.95,209.0,233.0,1274888.75,1555525.0,1763512.0499999998,867451.95,1075439.0,1356075.25,124.0,148.0,183.04999999999995,500
Middels_90,2028,36,172.95,208.0,232.0,1263790.85,1546724.5,1756413.8499999999,874550.15,1084239.5,1367173.15,125.0,149.0,184.04999999999995,500
Middels_90,2028,37,170.0,208.0,231.0,1252693.85,1537924.0,1749314.7,881649.3,1093040.0,1378270.15,126.0,149.0,187.0,500
Middels_90,2028,38,168.0,207.0,230.0,1241596.85,1529123.0,1742216.5,888747.5,1101841.0,1389367.15,127.0,150.0,189.0,500
Middels_90,2028,39,167.0,206.0,229.0,1230499.9,1520322.5,1735118.2999999998,895845.7,1110641.5,1400464.0999999999,128.0,151.0,190.0,500
Middels_90,2028,40,166.0,205.0,228.0,1219402.9,1511522.0,1728019.0999999999,902944.9,1119442.0,1411561.0999999999,129.0,152.0,191.0,500
Middels_90,2028,41,165.95,204.0,228.0,1208304.95,1502721.0,1720920.9,910043.1,1128243.0,1422659.0499999998,129.0,153.0,191.04999999999995,500
Middels_90,2028,42,163.95,203.0,227.0,1197207.95,1493920.5,1713821.75,917142.25,1137043.5,1433756.0499999998,130.0,154.0,193.04999999999995,500
Middels_90,2028,43,162.95,201.0,226.0,1186111.0,1485119.5,1706723.5499999998,924240.45,1145844.5,1444853.0,131.0,156.0,194.04999999999995,500
Middels_90,2028,44,161.0,201.0,225.0,1175014.0,1476319.0,1699624.3499999999,931339.65,1154645.0,1455950.0,132.0,156.0,196.0,500
Middels_90,2028,45,160.0,200.0,224.04999999999995,1163917.0,1467518.0,1692526.15,938437.85,1163446.0,1467046.9999999998,132.95,157.0,197.0,500
Middels_90,2028,46,158.95,199.0,224.0,1152819.05,1458717.5,1685427.95,945536.05,1172246.5,1478144.95,133.0,158.0,198.04999999999995,500
Middels_90,2028,47,157.0,198.0,223.04999999999995,1141722.1,1449917.0,1678328.7999999998,952635.2,1181047.0,1489241.9,133.95,159.0,200.0,500
Middels_90,2028,48,156.0,196.0,223.0,1130625.1,1441116.5,1671230.5999999999,959733.4,1189847.5,1500338.9,134.0,161.0,201.0,500
Middels_90,2028,49,154.0,195.0,222.0,1119528.1,1432315.5,1664131.4,966832.6,1198648.5,1511435.9,135.0,162.0,203.0,500
Middels_90,2028,50,153.0,194.0,221.0,1108430.2,1423515.0,1657033.2,973930.8,1207449.0,1522533.7999999998,136.0,163.0,204.0,500
Middels_90,2028,51,152.95,193.0,220.04999999999995,1097333.2,1414714.5,1649934.0499999998,981029.95,1216249.5,1533630.7999999998,136.95,164.0,204.04999999999995,500
Middels_90,2028,52,151.0,192.0,219.04999999999995,1086236.2,1405914.0,1642835.8499999999,988128.15,1225050.0,1544727.7999999998,137.95,165.0,206.0,500
Middels_90,2029,1,150.0,191.0,219.0,1075139.2,1397113.0,1635737.5999999999,995226.4,1233851.0,1555824.7999999998,138.0,166.0,207.0,500
Middels_90,2029,2,148.0,189.5,218.0,1064042.25,1388312.5,1628638.45,1002325.55,1242651.5,1566921.7499999998,139.0,167.5,209.0,500
Middels_90,2029,3,147.0,188.0,217.0,1052944.3,1379512.0,1621540.25,1009423.75,1251452.0,1578019.7,140.0,169.0,210.0,500
Middels_90,2029,4,145.95,187.0,217.0,1041847.3,1370711.5,1614441.0999999999,1016522.9,1260252.5,1589116.7,140.0,170.0,211.04999999999995,500
Middels_90,2029,5,143.95,186.0,216.0,1030750.35,1361910.5,1607342.9,1023621.1,1269053.5,1600213.65,141.0,171.0,213.04999999999995,500
Middels_90,2029,6,141.0,184.0,215.0,1019653.35,1353110.0,1600243.7,1030720.3,1277854.0,1611310.65,142.0,173.0,216.0,500
Middels_90,2029,7,140.0,183.0,214.0,1008556.35,1344309.5,1593145.5,1037818.5,1286654.5,1622407.65,143.0,174.0,217.0,500
Middels_90,2029,8,138.95,181.0,213.04999999999995,997458.4,1335509.0,1586047.2999999998,1044916.7,1295455.0,1633505.5999999999,143.95,176.0,218.04999999999995,500
Middels_90,2029,9,137.0,180.0,213.0,986361.45,1326708.0,1578948.15,1052015.85,1304256.0,1644602.5499999998,144.0,177.0,220.0,500
Middels_90,2029,10,137.0,178.0,212.0,975264.45,1317907.5,1571849.9,1059114.1,1313056.5,1655699.5499999998,145.0,179.0,220.0,500
Middels_90,2029,11,135.95,176.5,211.0,964167.45,1309107.0,1564750.75,1066213.25,1321857.0,1666796.5499999998,146.0,180.5,221.04999999999995,500
Middels_90,2029,12,133.95,176.0,211.0,953070.5,1300306.5,1557652.5499999998,1073311.45,1330657.5,1677893.4999999998,146.0,181.0,223.04999999999995,500
Middels_90,2029,13,132.95,174.0,210.0,941972.55,1291505.5,1550553.4,1080410.6,1339458.5,1688991.45,147.0,183.0,224.04999999999995,500
Middels_90,2029,14,129.95,173.0,209.0,930875.55,1282705.0,1543455.2,1087508.8,1348259.0,1700088.45,148.0,184.0,227.04999999999995,500
Middels_90,2029,15,128.95,171.0,208.0,919778.55,1273904.5,1536356.95,1094607.05,1357059.5,1711185.45,149.0,186.0,228.04999999999995,500
Middels_90,2029,16,126.95,170.0,207.0,908681.6,1265104.0,1529257.7999999998,1101706.2,1365860.0,1722282.4,150.0,187.0,230.04999999999995,500
Middels_90,2029,17,125.0,169.0,207.0,897584.6,1256302.5,1522159.5999999999,1108804.4,1374661.5,1733379.4,150.0,188.0,232.0,500
Middels_90,2029,18,123.95,168.0,206.0,886486.65,1247502.0,1515060.45,1115903.55,1383462.0,1744477.3499999999,151.0,189.0,233.04999999999995,500
Middels_90,2029,19,121.0,167.0,205.0,875389.7,1238701.5,1507962.2,1123001.8,1392262.5,1755574.2999999998,152.0,190.0,236.0,500
Middels_90,2029,20,119.95,166.0,204.0,864292.7,1229901.0,1500863.0499999998,1130100.95,1401063.0,1766671.2999999998,153.0,191.0,237.04999999999995,500
Middels_90,2029,21,115.95,165.0,203.0,853195.7,1221100.0,1493764.8499999999,1137199.15,1409864.0,1777768.2999999998,154.0,192.0,241.04999999999995,500
Middels_90,2029,22,114.0,164.0,202.0,842098.7,1212299.5,1486665.7,1144298.3,1418664.5,1788865.2999999998,155.0,193.0,243.0,500
Middels_90,2029,23,113.85000000000001,163.0,201.0,831000.8,1203499.0,1479567.4999999998,1151396.5,1427465.0,1799963.2,156.0,194.0,243.14999999999986,500
Middels_90,2029,24,111.9,163.0,200.0,819903.8,1194698.0,1472469.2499999998,1158494.75,1436266.0,1811060.2,157.0,194.0,245.0999999999999,500
Middels_90,2029,25,109.95,162.0,199.0,808806.8,1185897.5,1465370.0999999999,1165593.9,1445066.5,1822157.2,158.0,195.0,247.04999999999995,500
Middels_90,2029,26,106.95,160.0,198.0,797709.85,1177097.0,1458271.9,1172692.1,1453867.0,1833254.15,159.0,197.0,250.04999999999995,500
Middels_90,2029,27,104.95,159.0,198.0,786612.85,1168296.5,1451172.7499999998,1179791.25,1462667.5,1844351.15,159.0,198.0,252.04999999999995,500
Middels_90,2029,28,102.95,158.0,196.04999999999995,775514.9,1159495.5,1444074.4999999998,1186889.5,1471468.5,1855449.0999999999,160.95,199.0,254.04999999999995,500
Middels_90,2029,29,101.85000000000001,158.0,196.0,764417.9,1150695.0,1436975.3499999999,1193988.65,1480269.0,1866546.0999999999,161.0,199.0,255.14999999999986,500
Middels_90,2029,30,96.95,157.0,195.0,753320.95,1141894.5,1429877.15,1201086.85,1489069.5,1877643.0499999998,162.0,200.0,260.04999999999995,500
Middels_90,2029,31,95.0,155.0,194.0,742223.95,1133094.0,1422778.95,1208185.05,1497870.0,1888740.0499999998,163.0,202.0,262.0,500
Middels_90,2029,32,93.0,154.0,193.0,731126.0,1124293.0,1415679.7999999998,1215284.2,1506671.0,1899837.9999999998,164.0,203.0,264.0,500
Middels_90,2029,33,91.95,153.0,191.0,720029.05,1115492.5,1408581.5499999998,1222382.45,1515471.5,1910934.95,166.0,204.0,265.04999999999995,500
Middels_90,2029,34,90.9,152.0,190.04999999999995,708932.05,1106692.0,1401482.4,1229481.6,1524272.0,1922031.95,166.95,205.0,266.0999999999999,500
Middels_90,2029,35,89.85000000000001,151.0,189.04999999999995,697835.05,1097891.5,1394384.2,1236579.8,1533072.5,1933128.95,167.95,206.0,267.14999999999986,500
Middels_90,2029,36,88.85000000000001,150.0,189.04999999999995,686738.05,1089090.5,1387285.0499999998,1243678.95,1541873.5,1944225.95,167.95,207.0,268.14999999999986,500
Middels_90,2029,37,86.9,149.0,188.04999999999995,675640.15,1080290.0,1380186.7999999998,1250777.2,1550674.0,1955323.8499999999,168.95,208.0,270.0999999999999,500
Middels_90,2029,38,84.95,148.0,187.0,664543.15,1071489.5,1373088.5999999999,1257875.4,1559474.5,1966420.8499999999,170.0,209.0,272.04999999999995,500
Middels_90,2029,39,82.95,147.0,186.04999999999995,653446.15,1062689.0,1365989.45,1264974.55,1568275.0,1977517.8499999999,170.95,210.0,274.04999999999995,500
Middels_90,2029,40,82.0,145.0,185.0,642349.2,1053888.0,1358891.2499999998,1272072.75,1577076.0,1988614.7999999998,172.0,212.0,275.0,500
Middels_90,2029,41,80.0,143.0,183.04999999999995,631252.2,1045087.5,1351792.0999999999,1279171.9,1585876.5,1999711.7999999998,173.95,214.0,277.0,500
Middels_90,2029,42,78.0,142.0,182.0,620154.25,1036287.0,1344693.8499999999,1286270.15,1594677.0,2010809.7499999998,175.0,215.0,279.0,500
Middels_90,2029,43,77.95,141.0,181.04999999999995,609057.25,1027486.5,1337594.7,1293369.3,1603477.5,2021906.7499999998,175.95,216.0,279.04999999999995,500
Middels_90,2029,44,76.0,140.0,180.0,597960.3,1018685.0,1330496.4999999998,1300467.5,1612279.0,2033003.7,177.0,217.0,281.0,500
Middels_90,2029,45,75.0,139.0,179.0,586863.3,1009884.5,1323398.2999999998,1307565.7,1621079.5,2044100.6999999997,178.0,218.0,282.0,500
Middels_90,2029,46,74.0,138.0,178.0,575766.3,1001084.0,1316299.0999999999,1314664.9,1629880.0,2055197.6999999997,179.0,219.0,283.0,500
Middels_90,2029,47,73.0,137.0,177.04999999999995,564668.35,992283.5,1309200.9,1321763.1,1638680.5,2066295.65,179.95,220.0,284.0,500
Middels_90,2029,48,70.95,135.5,176.0,553571.4,983482.5,1302101.7499999998,1328862.25,1647481.5,2077392.5999999999,181.0,221.5,286.04999999999995,500
Middels_90,2029,49,69.0,134.0,174.0,542474.4,974682.0,1295003.5499999998,1335960.45,1656282.0,2088489.5999999999,183.0,223.0,288.0,500
Middels_90,2029,50,68.0,133.0,173.0,531377.4,965881.5,1287904.4,1343059.6,1665082.5,2099586.5999999996,184.0,224.0,289.0,500
Middels_90,2029,51,66.95,131.0,172.0,520280.45,957081.0,1280806.15,1350157.85,1673883.0,2110683.55,185.0,226.0,290.04999999999995,500
Middels_90,2029,52,65.0,130.0,171.0,509182.5,948280.0,1273707.95,1357256.05,1682684.0,2121781.5,186.0,227.0,292.0,500
Middels_90,2030,1,64.0,129.0,170.04999999999995,498085.5,939479.5,1266608.7999999998,1364355.2,1691484.5,2132878.5,186.95,228.0,293.0,500
Middels_90,2030,2,63.0,128.0,170.0,486988.5,930679.0,1259510.5999999999,1371453.4,1700285.0,2143975.5,187.0,229.0,294.0,500
Middels_90,2030,3,62.0,126.5,170.0,475891.55,921878.5,1252411.45,1378552.55,1709085.5,2155072.4499999997,187.0,230.5,295.0,500
Middels_90,2030,4,60.95,125.5,169.0,464794.55,913077.5,1245313.2,1385650.8,1717886.5,2166169.4499999997,188.0,231.5,296.04999999999995,500
Middels_90,2030,5,59.95,124.0,168.0,453696.60000000003,904277.0,1238214.0499999998,1392749.95,1726687.0,2177267.4,189.0,233.0,297.04999999999995,500
Middels_90,2030,6,58.0,122.0,167.0,442599.65,895476.5,1231115.8499999999,1399848.15,1735487.5,2188364.3499999996,190.0,235.0,299.0,500
Middels_90,2030,7,57.0,120.5,165.04999999999995,431502.65,886676.0,1224016.7,1406947.3,1744288.0,2199461.3499999996,191.95,236.5,300.0,500
Middels_90,2030,8,56.95,118.0,165.0,420405.65,877875.0,1216918.45,1414045.55,1753089.0,2210558.3499999996,192.0,239.0,300.04999999999995,500
Middels_90,2030,9,55.0,117.0,164.0,409307.7,869074.5,1209820.2499999998,1421143.75,1761889.5,2221656.3,193.0,240.0,302.0,500
Middels_90,2030,10,54.0,116.0,163.04999999999995,398210.75,860274.0,1202721.0999999999,1428242.9,1770690.0,2232753.25,193.95,241.0,303.0,500
Middels_90,2030,11,52.95,114.0,163.0,387113.75,851473.0,1195622.9,1435341.1,1779491.0,2243850.25,194.0,243.0,304.04999999999995,500
Middels_90,2030,12,51.0,113.0,161.04999999999995,376016.75,842672.5,1188523.7499999998,1442440.25,1788291.5,2254947.25,195.95,244.0,306.0,500
Middels_90,2030,13,49.0,111.5,161.0,364919.8,833872.0,1181425.4999999998,1449538.5,1797092.0,2266044.1999999997,196.0,245.5,308.0,500
Middels_90,2030,14,48.0,110.0,160.0,353821.85000000003,825071.5,1174326.3499999999,1456637.65,1805892.5,2277142.15,197.0,247.0,309.0,500
Middels_90,2030,15,47.0,108.0,159.0,342724.85000000003,816270.5,1167228.15,1463735.85,1814693.5,2288239.15,198.0,249.0,310.0,500
Middels_90,2030,16,45.95,106.0,158.0,331627.85000000003,807470.0,1160129.95,1470834.05,1823494.0,2299336.15,199.0,251.0,311.04999999999995,500
Middels_90,2030,17,44.900000000000006,105.0,158.0,320530.9,798669.5,1153030.7499999998,1477933.25,1832294.5,2310433.0999999996,199.0,252.0,312.0999999999999,500
Middels_90,2030,18,43.900000000000006,103.0,157.0,309433.9,789868.5,1145932.5499999998,1485031.45,1841095.5,2321530.0999999996,200.0,254.0,313.0999999999999,500
Middels_90,2030,19,41.95,101.5,156.0,298335.95,781067.5,1138833.4,1492130.6,1849896.5,2332628.05,201.0,255.5,315.04999999999995,500
Middels_90,2030,20,40.0,100.0,155.04999999999995,287239.0,772267.0,1131735.2,1499228.8,1858697.0,2343725.0,201.95,257.0,317.0,500
Middels_90,2030,21,39.0,98.5,155.0,276142.0,763466.5,1124636.0499999998,1506327.95,1867497.5,2354822.0,202.0,258.5,318.0,500
Middels_90,2030,22,38.0,97.0,154.0,265045.0,754666.0,1117537.7999999998,1513426.2,1876298.0,2365919.0,203.0,260.0,319.0,500
Middels_90,2030,23,36.0,96.0,152.04999999999995,253948.0,745865.0,1110439.5999999999,1520524.4,1885099.0,2377016.0,204.95,261.0,321.0,500
Middels_90,2030,24,34.95,94.0,152.0,242850.1,737064.5,1103340.45,1527623.55,1893899.5,2388113.9,205.0,263.0,322.04999999999995,500
Middels_90,2030,25,33.0,92.0,151.0,231753.1,728264.0,1096242.2499999998,1534721.75,1902700.0,2399210.9,206.0,265.0,324.0,500
Middels_90,2030,26,31.950000000000003,91.0,150.0,220656.1,719463.5,1089143.0499999998,1541820.95,1911500.5,2410307.9,207.0,266.0,325.04999999999995,500
Middels_90,2030,27,30.0,90.0,149.04999999999995,209559.15000000002,710662.5,1082044.8499999999,1548919.15,1920301.5,2421404.8499999996,207.95,267.0,327.0,500
Middels_90,2030,28,28.0,88.0,149.0,198462.15000000002,701862.0,1074945.7,1556018.3,1929102.0,2432501.8499999996,208.0,269.0,329.0,500
Middels_90,2030,29,27.950000000000003,86.0,147.04999999999995,187364.2,693061.5,1067847.4999999998,1563116.5,1937902.5,2443599.8,209.95,271.0,329.04999999999995,500
Middels_90,2030,30,25.950000000000003,85.5,147.0,176267.2,684261.0,1060749.2999999998,1570214.7,1946703.0,2454696.8,210.0,271.5,331.04999999999995,500
Middels_90,2030,31,24.0,84.0,146.0,165170.25,675460.0,1053650.0999999999,1577313.9,1955504.0,2465793.75,211.0,273.0,333.0,500
Middels_90,2030,32,23.0,83.0,145.0,154073.25,666659.5,1046551.8999999998,1584412.1,1964304.5,2476890.75,212.0,274.0,334.0,500
Middels_90,2030,33,21.0,82.5,144.04999999999995,142976.25,657859.0,1039452.7499999999,1591511.25,1973105.0,2487987.75,212.95,274.5,336.0,500
Middels_90,2030,34,20.0,82.0,143.0,131878.35,649058.5,1032354.5499999998,1598609.45,1981905.5,2499085.65,214.0,275.0,337.0,500
Middels_90,2030,35,19.0,80.5,142.04999999999995,120781.35,640257.5,1025255.3499999999,1605708.65,1990706.5,2510182.65,214.95,276.5,338.0,500
Middels_90,2030,36,18.0,79.5,142.0,109684.35,631457.0,1018157.1499999998,1612806.85,1999507.0,2521279.65,215.0,277.5,339.0,500
Middels_90,2030,37,17.0,78.0,140.04999999999995,98587.35,622656.5,1011058.9499999998,1619905.05,2008307.5,2532376.65,216.95,279.0,340.0,500
Middels_90,2030,38,15.0,77.0,140.0,87490.40000000001,613856.0,1003959.7999999998,1627004.2,2017108.0,2543473.5999999996,217.0,280.0,342.0,500
Middels_90,2030,39,14.0,76.0,138.04999999999995,76392.45000000001,605055.0,996861.5999999999,1634102.4,2025909.0,2554571.55,218.95,281.0,343.0,500
Middels_90,2030,40,12.900000000000006,75.0,136.14999999999986,65295.45000000001,596254.5,989762.3999999998,1641201.6,2034709.5,2565668.55,220.85000000000002,282.0,344.0999999999999,500
Middels_90,2030,41,11.950000000000003,74.0,135.04999999999995,54198.500000000015,587454.0,982664.1999999998,1648299.8,2043510.0,2576765.5,221.95,283.0,345.04999999999995,500
Middels_90,2030,42,10.950000000000003,73.0,135.04999999999995,43101.500000000015,578653.5,975565.0499999998,1655398.95,2052310.5,2587862.5,221.95,284.0,346.04999999999995,500
Middels_90,2030,43,8.0,72.0,134.04999999999995,32003.550000000014,569852.5,968466.8499999999,1662497.15,2061111.5,2598960.4499999997,222.95,285.0,349.0,500
Middels_90,2030,44,4.0,70.0,133.04999999999995,20906.550000000014,561052.0,961368.5999999999,1669595.4,2069912.0,2610057.4499999997,223.95,287.0,353.0,500
Middels_90,2030,45,2.950000000000003,69.0,132.0,9809.600000000013,552251.0,954269.4499999998,1676694.55,2078713.0,2621154.4,225.0,288.0,354.04999999999995,500
Middels_90,2030,46,0.0,69.0,130.0,0.0,543450.0,947171.2499999998,1683792.75,2087514.0,2630964.0,227.0,288.0,357.0,500
Middels_90,2030,47,0.0,67.0,129.0,0.0,534649.5,940072.0999999999,1690891.9,2096314.5,2630964.0,228.0,290.0,357.0,500
Middels_90,2030,48,0.0,66.0,128.0,0.0,525849.0,932973.8999999998,1697990.1,2105115.0,2630964.0,229.0,291.0,357.0,500
Middels_90,2030,49,0.0,65.0,127.0,0.0,517048.5,925874.6999999998,1705089.3,2113915.5,2630964.0,230.0,292.0,357.0,500
Middels_90,2030,50,0.0,63.0,126.0,0.0,508247.5,918776.4999999998,1712187.5,2122716.5,2630964.0,231.0,294.0,357.0,500
Middels_90,2030,51,0.0,63.0,124.04999999999995,0.0,499447.0,911677.3499999999,1719286.65,2131517.0,2630964.0,232.95,294.0,357.0,500
Middels_90,2030,52,0.0,62.0,123.0,0.0,490646.5,904579.1499999998,1726384.85,2140317.5,2630964.0,234.0,295.0,357.0,500
Middels_90,2031,1,0.0,61.0,122.0,0.0,481846.0,897480.8999999998,1733483.1,2149118.0,2630964.0,235.0,296.0,357.0,500
Middels_90,2031,2,0.0,60.0,121.0,0.0,473045.0,890381.7499999998,1740582.25,2157919.0,2630964.0,236.0,297.0,357.0,500
Middels_90,2031,3,0.0,59.0,119.0,0.0,464244.5,883283.5499999998,1747680.45,2166719.5,2630964.0,238.0,298.0,357.0,500
Middels_90,2031,4,0.0,58.0,118.04999999999995,0.0,455444.0,876184.3999999998,1754779.6,2175520.0,2630964.0,238.95,299.0,357.0,500
Middels_90,2031,5,0.0,57.0,117.04999999999995,0.0,446643.5,869086.1999999998,1761877.8,2184320.5,2630964.0,239.95,300.0,357.0,500
Middels_90,2031,6,0.0,56.5,115.04999999999995,0.0,437842.5,861986.9999999998,1768977.0,2193121.5,2630964.0,241.95,300.5,357.0,500
Middels_90,2031,7,0.0,55.5,114.04999999999995,0.0,429042.0,854888.7999999998,1776075.2,2201922.0,2630964.0,242.95,301.5,357.0,500
Middels_90,2031,8,0.0,54.5,113.0,0.0,420241.5,847790.5999999999,1783173.4,2210722.5,2630964.0,244.0,302.5,357.0,500
Middels_90,2031,9,0.0,54.0,111.0,0.0,411441.0,840691.4499999998,1790272.55,2219523.0,2630964.0,246.0,303.0,357.0,500
Middels_90,2031,10,0.0,53.0,110.0,0.0,402640.0,833593.1999999998,1797370.8,2228324.0,2630964.0,247.0,304.0,357.0,500
Middels_90,2031,11,0.0,52.5,109.0,0.0,393839.5,826494.0499999998,1804469.95,2237124.5,2630964.0,248.0,304.5,357.0,500
Middels_90,2031,12,0.0,51.5,108.0,0.0,385039.0,819395.8499999999,1811568.15,2245925.0,2630964.0,249.0,305.5,357.0,500
Middels_90,2031,13,0.0,50.0,107.0,0.0,376238.5,812296.6999999998,1818667.3,2254725.5,2630964.0,250.0,307.0,357.0,500
Middels_90,2031,14,0.0,49.0,105.04999999999995,0.0,367437.5,805198.4999999998,1825765.5,2263526.5,2630964.0,251.95,308.0,357.0,500
Middels_90,2031,15,0.0,48.0,104.0,0.0,358637.0,798100.2499999998,1832863.75,2272327.0,2630964.0,253.0,309.0,357.0,500
Middels_90,2031,16,0.0,46.5,103.0,0.0,349836.5,791001.0999999999,1839962.9,2281127.5,2630964.0,254.0,310.5,357.0,500
Middels_90,2031,17,0.0,45.0,102.0,0.0,341036.0,783902.8999999998,1847061.1,2289928.0,2630964.0,255.0,312.0,357.0,500
Middels_90,2031,18,0.0,43.5,101.0,0.0,332235.0,776803.7499999998,1854160.25,2298729.0,2630964.0,256.0,313.5,357.0,500
Middels_90,2031,19,0.0,42.5,99.0,0.0,323434.0,769705.4999999998,1861258.5,2307530.0,2630964.0,258.0,314.5,357.0,500
Middels_90,2031,20,0.0,41.0,97.04999999999995,0.0,314633.5,762606.3499999999,1868357.65,2316330.5,2630964.0,259.95,316.0,357.0,500
Middels_90,2031,21,0.0,41.0,96.04999999999995,0.0,305833.0,755508.1499999998,1875455.85,2325131.0,2630964.0,260.95,316.0,357.0,500
Middels_90,2031,22,0.0,40.0,95.0,0.0,297032.0,748409.9499999998,1882554.05,2333932.0,2630964.0,262.0,317.0,357.0,500
Middels_90,2031,23,0.0,39.0,94.04999999999995,0.0,288231.5,741310.7999999998,1889653.2,2342732.5,2630964.0,262.95,318.0,357.0,500
Middels_90,2031,24,0.0,38.0,92.0,0.0,279431.0,734212.5499999998,1896751.45,2351533.0,2630964.0,265.0,319.0,357.0,500
Middels_90,2031,25,0.0,37.0,90.09999999999991,0.0,270630.5,727113.3999999998,1903850.6,2360333.5,2630964.0,266.9,320.0,357.0,500
Middels_90,2031,26,0.0,36.0,89.0,0.0,261829.5,720015.1999999998,1910948.8,2369134.5,2630964.0,268.0,321.0,357.0,500
Middels_90,2031,27,0.0,36.0,88.04999999999995,0.0,253029.0,712916.0499999998,1918047.95,2377935.0,2630964.0,268.95,321.0,357.0,500
Middels_90,2031,28,0.0,34.0,86.09999999999991,0.0,244228.5,705817.7999999998,1925146.2,2386735.5,2630964.0,270.9,323.0,357.0,500
Middels_90,2031,29,0.0,33.5,85.09999999999991,0.0,235427.5,698719.5999999997,1932244.4,2395536.5,2630964.0,271.9,323.5,357.0,500
Middels_90,2031,30,0.0,32.0,84.09999999999991,0.0,226627.0,691620.4499999998,1939343.55,2404337.0,2630964.0,272.9,325.0,357.0,500
Middels_90,2031,31,0.0,31.0,84.04999999999995,0.0,217826.5,684522.2499999998,1946441.75,2413137.5,2630964.0,272.95,326.0,357.0,500
Middels_90,2031,32,0.0,30.0,83.04999999999995,0.0,209026.0,677423.0999999997,1953540.9,2421938.0,2630964.0,273.95,327.0,357.0,500
Middels_90,2031,33,0.0,29.0,83.0,0.0,200225.0,670324.8499999997,1960639.15,2430739.0,2630964.0,274.0,328.0,357.0,500
Middels_90,2031,34,0.0,28.0,82.0,0.0,191424.5,663225.6999999998,1967738.3,2439539.5,2630964.0,275.0,329.0,357.0,500
Middels_90,2031,35,0.0,27.0,82.0,0.0,182624.0,656127.4999999998,1974836.5,2448340.0,2630964.0,275.0,330.0,357.0,500
Middels_90,2031,36,0.0,26.0,80.04999999999995,0.0,173823.5,649028.3499999997,1981935.65,2457140.5,2630964.0,276.95,331.0,357.0,500
Middels_90,2031,37,0.0,24.5,80.0,0.0,165022.5,641930.1499999998,1989033.85,2465941.5,2630964.0,277.0,332.5,357.0,500
Middels_90,2031,38,0.0,23.5,79.0,0.0,156222.0,634831.8999999998,1996132.1,2474742.0,2630964.0,278.0,333.5,357.0,500
Middels_90,2031,39,0.0,22.0,78.0,0.0,147421.5,627732.7499999998,2003231.25,2483542.5,2630964.0,279.0,335.0,357.0,500
Middels_90,2031,40,0.0,21.0,77.04999999999995,0.0,138621.0,620634.5499999998,2010329.45,2492343.0,2630964.0,279.95,336.0,357.0,500
Middels_90,2031,41,0.0,20.0,77.0,0.0,129820.0,613535.3999999998,2017428.6,2501144.0,2630964.0,280.0,337.0,357.0,500
Middels_90,2031,42,0.0,19.0,75.04999999999995,0.0,121019.5,606437.1499999998,2024526.85,2509944.5,2630964.0,281.95,338.0,357.0,500
Middels_90,2031,43,0.0,18.0,75.0,0.0,112219.0,599337.9999999998,2031626.0,2518745.0,2630964.0,282.0,339.0,357.0,500
Middels_90,2031,44,0.0,17.0,74.0,0.0,103418.5,592239.7999999998,2038724.2,2527545.5,2630964.0,283.0,340.0,357.0,500
Middels_90,2031,45,0.0,16.0,73.04999999999995,0.0,94617.0,585141.5999999997,2045822.4,2536347.0,2630964.0,283.95,341.0,357.0,500
Middels_90,2031,46,0.0,15.0,72.0,0.0,85816.5,578042.4499999998,2052921.55,2545147.5,2630964.0,285.0,342.0,357.0,500
Middels_90,2031,47,0.0,15.0,71.0,0.0,77016.0,570944.1999999998,2060019.8,2553948.0,2630964.0,286.0,342.0,357.0,500
Middels_90,2031,48,0.0,13.0,71.0,0.0,68215.5,563845.0499999998,2067118.95,2562748.5,2630964.0,286.0,344.0,357.0,500
Middels_90,2031,49,0.0,11.0,70.0,0.0,59414.5,556746.8499999997,2074217.15,2571549.5,2630964.0,287.0,346.0,357.0,500
Middels_90,2031,50,0.0,10.0,69.04999999999995,0.0,50614.0,549647.6999999998,2081316.3,2580350.0,2630964.0,287.95,347.0,357.0,500
Middels_90,2031,51,0.0,9.0,67.09999999999991,0.0,41813.5,542549.4499999998,2088414.55,2589150.5,2630964.0,289.9,348.0,357.0,500
Middels_90,2031,52,0.0,8.0,67.0,0.0,33013.0,535451.2499999998,2095512.75,2597951.0,2630964.0,290.0,349.0,357.0,500
Middels_90,2032,1,0.0,6.5,66.0,0.0,24212.0,528352.0999999997,2102611.9,2606752.0,2630964.0,291.0,350.5,357.0,500
Middels_90,2032,2,0.0,4.0,66.0,0.0,15411.5,521253.8999999998,2109710.1,2615552.5,2630964.0,291.0,353.0,357.0,500
Middels_90,2032,3,0.0,3.0,64.04999999999995,0.0,6611.0,514154.74999999977,2116809.25,2624353.0,2630964.0,292.95,354.0,357.0,500
Middels_90,2032,4,0.0,0.0,64.0,0.0,0.0,507056.49999999977,2123907.5,2630964.0,2630964.0,293.0,357.0,357.0,500
Middels_90,2032,5,0.0,0.0,63.0,0.0,0.0,499957.3499999998,2131006.65,2630964.0,2630964.0,294.0,357.0,357.0,500
Middels_90,2032,6,0.0,0.0,62.049999999999955,0.0,0.0,492859.1499999998,2138104.85,2630964.0,2630964.0,294.95,357.0,357.0,500
Middels_90,2032,7,0.0,0.0,62.0,0.0,0.0,485760.9499999998,2145203.05,2630964.0,2630964.0,295.0,357.0,357.0,500
Middels_90,2032,8,0.0,0.0,61.049999999999955,0.0,0.0,478661.74999999977,2152302.25,2630964.0,2630964.0,295.95,357.0,357.0,500
Middels_90,2032,9,0.0,0.0,60.049999999999955,0.0,0.0,471563.54999999976,2159400.45,2630964.0,2630964.0,296.95,357.0,357.0,500
Middels_90,2032,10,0.0,0.0,60.0,0.0,0.0,464464.3999999998,2166499.6,2630964.0,2630964.0,297.0,357.0,357.0,500
Middels_90,2032,11,0.0,0.0,59.0,0.0,0.0,457366.1999999998,2173597.8,2630964.0,2630964.0,298.0,357.0,357.0,500
Middels_90,2032,12,0.0,0.0,58.0,0.0,0.0,450267.04999999976,2180696.95,2630964.0,2630964.0,299.0,357.0,357.0,500
Middels_90,2032,13,0.0,0.0,57.049999999999955,0.0,0.0,443168.79999999976,2187795.2,2630964.0,2630964.0,299.95,357.0,357.0,500
Middels_90,2032,14,0.0,0.0,56.049999999999955,0.0,0.0,436070.59999999974,2194893.4,2630964.0,2630964.0,300.95,357.0,357.0,500
Middels_90,2032,15,0.0,0.0,56.049999999999955,0.0,0.0,428971.4499999998,2201992.55,2630964.0,2630964.0,300.95,357.0,357.0,500
Middels_90,2032,16,0.0,0.0,56.0,0.0,0.0,421873.24999999977,2209090.75,2630964.0,2630964.0,301.0,357.0,357.0,500
Middels_90,2032,17,0.0,0.0,55.0,0.0,0.0,414774.04999999976,2216189.95,2630964.0,2630964.0,302.0,357.0,357.0,500
Middels_90,2032,18,0.0,0.0,54.0,0.0,0.0,407675.84999999974,2223288.15,2630964.0,2630964.0,303.0,357.0,357.0,500
Middels_90,2032,19,0.0,0.0,54.0,0.0,0.0,400576.6999999998,2230387.3,2630964.0,2630964.0,303.0,357.0,357.0,500
Middels_90,2032,20,0.0,0.0,52.09999999999991,0.0,0.0,393478.49999999977,2237485.5,2630964.0,2630964.0,304.9,357.0,357.0,500
Middels_90,2032,21,0.0,0.0,51.09999999999991,0.0,0.0,386379.34999999974,2244584.65,2630964.0,2630964.0,305.9,357.0,357.0,500
Middels_90,2032,22,0.0,0.0,51.049999999999955,0.0,0.0,379281.09999999974,2251682.9,2630964.0,2630964.0,305.95,357.0,357.0,500
Middels_90,2032,23,0.0,0.0,50.049999999999955,0.0,0.0,372182.8999999998,2258781.1,2630964.0,2630964.0,306.95,357.0,357.0,500
Middels_90,2032,24,0.0,0.0,49.0,0.0,0.0,365083.74999999977,2265880.25,2630964.0,2630964.0,308.0,357.0,357.0,500
Middels_90,2032,25,0.0,0.0,48.0,0.0,0.0,357985.54999999976,2272978.45,2630964.0,2630964.0,309.0,357.0,357.0,500
Middels_90,2032,26,0.0,0.0,47.0,0.0,0.0,350886.34999999974,2280077.65,2630964.0,2630964.0,310.0,357.0,357.0,500
Middels_90,2032,27,0.0,0.0,46.0,0.0,0.0,343788.1499999998,2287175.85,2630964.0,2630964.0,311.0,357.0,357.0,500
Middels_90,2032,28,0.0,0.0,45.0,0.0,0.0,336688.99999999977,2294275.0,2630964.0,2630964.0,312.0,357.0,357.0,500
Middels_90,2032,29,0.0,0.0,44.049999999999955,0.0,0.0,329590.79999999976,2301373.2,2630964.0,2630964.0,312.95,357.0,357.0,500
Middels_90,2032,30,0.0,0.0,43.049999999999955,0.0,0.0,322492.59999999974,2308471.4,2630964.0,2630964.0,313.95,357.0,357.0,500
Middels_90,2032,31,0.0,0.0,43.0,0.0,0.0,315393.39999999973,2315570.6,2630964.0,2630964.0,314.0,357.0,357.0,500
Middels_90,2032,32,0.0,0.0,42.0,0.0,0.0,308295.1999999998,2322668.8,2630964.0,2630964.0,315.0,357.0,357.0,500
Middels_90,2032,33,0.0,0.0,41.0,0.0,0.0,301196.04999999976,2329767.95,2630964.0,2630964.0,316.0,357.0,357.0,500
Middels_90,2032,34,0.0,0.0,40.049999999999955,0.0,0.0,294097.84999999974,2336866.15,2630964.0,2630964.0,316.95,357.0,357.0,500
Middels_90,2032,35,0.0,0.0,39.049999999999955,0.0,0.0,286998.64999999973,2343965.35,2630964.0,2630964.0,317.95,357.0,357.0,500
Middels_90,2032,36,0.0,0.0,39.0,0.0,0.0,279900.4499999998,2351063.55,2630964.0,2630964.0,318.0,357.0,357.0,500
Middels_90,2032,37,0.0,0.0,38.049999999999955,0.0,0.0,272802.24999999977,2358161.75,2630964.0,2630964.0,318.95,357.0,357.0,500
Middels_90,2032,38,0.0,0.0,38.049999999999955,0.0,0.0,265703.09999999974,2365260.9,2630964.0,2630964.0,318.95,357.0,357.0,500
Middels_90,2032,39,0.0,0.0,37.0,0.0,0.0,258604.89999999976,2372359.1,2630964.0,2630964.0,320.0,357.0,357.0,500
Middels_90,2032,40,0.0,0.0,36.049999999999955,0.0,0.0,251505.69999999975,2379458.3,2630964.0,2630964.0,320.95,357.0,357.0,500
Middels_90,2032,41,0.0,0.0,35.049999999999955,0.0,0.0,244407.49999999974,2386556.5,2630964.0,2630964.0,321.95,357.0,357.0,500
Middels_90,2032,42,0.0,0.0,34.049999999999955,0.0,0.0,237308.34999999974,2393655.65,2630964.0,2630964.0,322.95,357.0,357.0,500
Middels_90,2032,43,0.0,0.0,33.0,0.0,0.0,230210.14999999976,2400753.85,2630964.0,2630964.0,324.0,357.0,357.0,500
Middels_90,2032,44,0.0,0.0,32.0,0.0,0.0,223111.89999999976,2407852.1,2630964.0,2630964.0,325.0,357.0,357.0,500
Middels_90,2032,45,0.0,0.0,31.049999999999955,0.0,0.0,216012.74999999974,2414951.25,2630964.0,2630964.0,325.95,357.0,357.0,500
Middels_90,2032,46,0.0,0.0,30.049999999999955,0.0,0.0,208914.54999999976,2422049.45,2630964.0,2630964.0,326.95,357.0,357.0,500
Middels_90,2032,47,0.0,0.0,29.049999999999955,0.0,0.0,201815.39999999976,2429148.6,2630964.0,2630964.0,327.95,357.0,357.0,500
Middels_90,2032,48,0.0,0.0,29.0,0.0,0.0,194717.19999999975,2436246.8,2630964.0,2630964.0,328.0,357.0,357.0,500
Middels_90,2032,49,0.0,0.0,27.049999999999955,0.0,0.0,187617.99999999974,2443346.0,2630964.0,2630964.0,329.95,357.0,357.0,500
Middels_90,2032,50,0.0,0.0,26.049999999999955,0.0,0.0,180519.79999999976,2450444.2,2630964.0,2630964.0,330.95,357.0,357.0,500
Middels_90,2032,51,0.0,0.0,25.049999999999955,0.0,0.0,173421.59999999974,2457542.4,2630964.0,2630964.0,331.95,357.0,357.0,500
Middels_90,2032,52,0.0,0.0,25.049999999999955,0.0,0.0,166322.44999999975,2464641.55,2630964.0,2630964.0,331.95,357.0,357.0,500
Middels_90,2032,53,0.0,0.0,24.0,0.0,0.0,159224.19999999975,2471739.8,2630964.0,2630964.0,333.0,357.0,357.0,500
Middels_90,2033,1,0.0,0.0,24.0,0.0,0.0,152125.04999999976,2478838.95,2630964.0,2630964.0,333.0,357.0,357.0,500
Middels_90,2033,2,0.0,0.0,23.0,0.0,0.0,145026.84999999974,2485937.15,2630964.0,2630964.0,334.0,357.0,357.0,500
Middels_90,2033,3,0.0,0.0,22.049999999999955,0.0,0.0,137927.69999999975,2493036.3,2630964.0,2630964.0,334.95,357.0,357.0,500
Middels_90,2033,4,0.0,0.0,22.0,0.0,0.0,130829.49999999974,2500134.5,2630964.0,2630964.0,335.0,357.0,357.0,500
Middels_90,2033,5,0.0,0.0,21.0,0.0,0.0,123730.29999999974,2507233.7,2630964.0,2630964.0,336.0,357.0,357.0,500
Middels_90,2033,6,0.0,0.0,20.049999999999955,0.0,0.0,116632.09999999974,2514331.9,2630964.0,2630964.0,336.95,357.0,357.0,500
Middels_90,2033,7,0.0,0.0,18.09999999999991,0.0,0.0,109533.89999999973,2521430.1,2630964.0,2630964.0,338.9,357.0,357.0,500
Middels_90,2033,8,0.0,0.0,17.09999999999991,0.0,0.0,102434.74999999974,2528529.25,2630964.0,2630964.0,339.9,357.0,357.0,500
Middels_90,2033,9,0.0,0.0,17.049999999999955,0.0,0.0,95336.49999999974,2535627.5,2630964.0,2630964.0,339.95,357.0,357.0,500
Middels_90,2033,10,0.0,0.0,16.049999999999955,0.0,0.0,88237.34999999973,2542726.65,2630964.0,2630964.0,340.95,357.0,357.0,500
Middels_90,2033,11,0.0,0.0,16.0,0.0,0.0,81139.14999999973,2549824.85,2630964.0,2630964.0,341.0,357.0,357.0,500
Middels_90,2033,12,0.0,0.0,13.049999999999955,0.0,0.0,74039.99999999974,2556924.0,2630964.0,2630964.0,343.95,357.0,357.0,500
Middels_90,2033,13,0.0,0.0,12.049999999999955,0.0,0.0,66941.79999999973,2564022.2,2630964.0,2630964.0,344.95,357.0,357.0,500
Middels_90,2033,14,0.0,0.0,11.049999999999955,0.0,0.0,59843.549999999734,2571120.45,2630964.0,2630964.0,345.95,357.0,357.0,500
Middels_90,2033,15,0.0,0.0,11.049999999999955,0.0,0.0,52744.39999999973,2578219.6,2630964.0,2630964.0,345.95,357.0,357.0,500
Middels_90,2033,16,0.0,0.0,11.0,0.0,0.0,45646.199999999735,2585317.8,2630964.0,2630964.0,346.0,357.0,357.0,500
Middels_90,2033,17,0.0,0.0,10.049999999999955,0.0,0.0,38547.049999999734,2592416.95,2630964.0,2630964.0,346.95,357.0,357.0,500
Middels_90,2033,18,0.0,0.0,8.049999999999955,0.0,0.0,31448.84999999973,2599515.15,2630964.0,2630964.0,348.95,357.0,357.0,500
Middels_90,2033,19,0.0,0.0,6.0,0.0,0.0,24349.64999999973,2606614.35,2630964.0,2630964.0,351.0,357.0,357.0,500
Middels_90,2033,20,0.0,0.0,4.0499999999999545,0.0,0.0,17251.449999999728,2613712.55,2630964.0,2630964.0,352.95,357.0,357.0,500
Middels_90,2033,21,0.0,0.0,3.0499999999999545,0.0,0.0,10153.249999999727,2620810.75,2630964.0,2630964.0,353.95,357.0,357.0,500
Middels_90,2033,22,0.0,0.0,2.0499999999999545,0.0,0.0,3054.099999999727,2627909.9,2630964.0,2630964.0,354.95,357.0,357.0,500
Middels_90,2033,23,0.0,0.0,0.09999999999990905,0.0,0.0,83.59999999992397,2630880.4,2630964.0,2630964.0,356.9,357.0,357.0,500
Middels_90,2033,24,0.0,0.0,0.0,0.0,0.0,0.0,2630964.0,2630964.0,2630964.0,357.0,357.0,357.0,500
Middels_90,2033,25,0.0,0.0,0.0,0.0,0.0,0.0,2630964.0,2630964.0,2630964.0,357.0,357.0,357.0,500
Middels_90,2033,26,0.0,0.0,0.0,0.0,0.0,0.0,2630964.0,2630964.0,2630964.0,357.0,357.0,357.0,500
Middels_90,2033,27,0.0,0.0,0.0,0.0,0.0,0.0,2630964.0,2630964.0,2630964.0,357.0,357.0,357.0,500
Middels_90,2033,28,0.0,0.0,0.0,0.0,0.0,0.0,2630964.0,2630964.0,2630964.0,357.0,357.0,357.0,500
Middels_90,2033,29,0.0,0.0,0.0,0.0,0.0,0.0,2630964.0,2630964.0,2630964.0,357.0,357.0,357.0,500
Middels_90,2033,30,0.0,0.0,0.0,0.0,0.0,0.0,2630964.0,2630964.0,2630964.0,357.0,357.0,357.0,500
Middels_90,2033,31,0.0,0.0,0.0,0.0,0.0,0.0,2630964.0,2630964.0,2630964.0,357.0,357.0,357.0,500
Middels_90,2033,32,0.0,0.0,0.0,0.0,0.0,0.0,2630964.0,2630964.0,2630964.0,357.0,357.0,357.0,500
Middels_90,2033,33,0.0,0.0,0.0,0.0,0.0,0.0,2630964.0,2630964.0,2630964.0,357.0,357.0,357.0,500
Middels_90,2033,34,0.0,0.0,0.0,0.0,0.0,0.0,2630964.0,2630964.0,2630964.0,357.0,357.0,357.0,500
Middels_90,2033,35,0.0,0.0,0.0,0.0,0.0,0.0,2630964.0,2630964.0,2630964.0,357.0,357.0,357.0,500
Middels_90,2033,36,0.0,0.0,0.0,0.0,0.0,0.0,2630964.0,2630964.0,2630964.0,357.0,357.0,357.0,500
Middels_90,2033,37,0.0,0.0,0.0,0.0,0.0,0.0,2630964.0,2630964.0,2630964.0,357.0,357.0,357.0,500
Middels_90,2033,38,0.0,0.0,0.0,0.0,0.0,0.0,2630964.0,2630964.0,2630964.0,357.0,357.0,357.0,500
Middels_90,2033,39,0.0,0.0,0.0,0.0,0.0,0.0,2630964.0,2630964.0,2630964.0,357.0,357.0,357.0,500
Middels_90,2033,40,0.0,0.0,0.0,0.0,0.0,0.0,2630964.0,2630964.0,2630964.0,357.0,357.0,357.0,500
Middels_90,2033,41,0.0,0.0,0.0,0.0,0.0,0.0,2630964.0,2630964.0,2630964.0,357.0,357.0,357.0,500
Middels_90,2033,42,0.0,0.0,0.0,0.0,0.0,0.0,2630964.0,2630964.0,2630964.0,357.0,357.0,357.0,500
Middels_90,2033,43,0.0,0.0,0.0,0.0,0.0,0.0,2630964.0,2630964.0,2630964.0,357.0,357.0,357.0,500
Middels_90,2033,44,0.0,0.0,0.0,0.0,0.0,0.0,2630964.0,2630964.0,2630964.0,357.0,357.0,357.0,500
Middels_90,2033,45,0.0,0.0,0.0,0.0,0.0,0.0,2630964.0,2630964.0,2630964.0,357.0,357.0,357.0,500
Middels_90,2033,46,0.0,0.0,0.0,0.0,0.0,0.0,2630964.0,2630964.0,2630964.0,357.0,357.0,357.0,500
Middels_90,2033,47,0.0,0.0,0.0,0.0,0.0,0.0,2630964.0,2630964.0,2630964.0,357.0,357.0,357.0,500
Middels_90,2033,48,0.0,0.0,0.0,0.0,0.0,0.0,2630964.0,2630964.0,2630964.0,357.0,357.0,357.0,500
Middels_90,2033,49,0.0,0.0,0.0,0.0,0.0,0.0,2630964.0,2630964.0,2630964.0,357.0,357.0,357.0,500
Middels_90,2033,50,0.0,0.0,0.0,0.0,0.0,0.0,2630964.0,2630964.0,2630964.0,357.0,357.0,357.0,500
Middels_90,2033,51,0.0,0.0,0.0,0.0,0.0,0.0,2630964.0,2630964.0,2630964.0,357.0,357.0,357.0,500
Middels_90,2033,52,0.0,0.0,0.0,0.0,0.0,0.0,2630964.0,2630964.0,2630964.0,357.0,357.0,357.0,500
Middels_90,2034,1,0.0,0.0,0.0,0.0,0.0,0.0,2630964.0,2630964.0,2630964.0,357.0,357.0,357.0,500
Middels_90,2034,2,0.0,0.0,0.0,0.0,0.0,0.0,2630964.0,2630964.0,2630964.0,357.0,357.0,357.0,500
Middels_90,2034,3,0.0,0.0,0.0,0.0,0.0,0.0,2630964.0,2630964.0,2630964.0,357.0,357.0,357.0,500
Middels_90,2034,4,0.0,0.0,0.0,0.0,0.0,0.0,2630964.0,2630964.0,2630964.0,357.0,357.0,357.0,500
Middels_90,2034,5,0.0,0.0,0.0,0.0,0.0,0.0,2630964.0,2630964.0,2630964.0,357.0,357.0,357.0,500
Middels_90,2034,6,0.0,0.0,0.0,0.0,0.0,0.0,2630964.0,2630964.0,2630964.0,357.0,357.0,357.0,500
Middels_90,2034,7,0.0,0.0,0.0,0.0,0.0,0.0,2630964.0,2630964.0,2630964.0,357.0,357.0,357.0,500
Middels_90,2034,8,0.0,0.0,0.0,0.0,0.0,0.0,2630964.0,2630964.0,2630964.0,357.0,357.0,357.0,500
Middels_90,2034,9,0.0,0.0,0.0,0.0,0.0,0.0,2630964.0,2630964.0,2630964.0,357.0,357.0,357.0,500
Middels_90,2034,10,0.0,0.0,0.0,0.0,0.0,0.0,2630964.0,2630964.0,2630964.0,357.0,357.0,357.0,500
Middels_90,2034,11,0.0,0.0,0.0,0.0,0.0,0.0,2630964.0,2630964.0,2630964.0,357.0,357.0,357.0,500
Middels_90,2034,12,0.0,0.0,0.0,0.0,0.0,0.0,2630964.0,2630964.0,2630964.0,357.0,357.0,357.0,500
Middels_90,2034,13,0.0,0.0,0.0,0.0,0.0,0.0,2630964.0,2630964.0,2630964.0,357.0,357.0,357.0,500
Middels_90,2034,14,0.0,0.0,0.0,0.0,0.0,0.0,2630964.0,2630964.0,2630964.0,357.0,357.0,357.0,500
Middels_90,2034,15,0.0,0.0,0.0,0.0,0.0,0.0,2630964.0,2630964.0,2630964.0,357.0,357.0,357.0,500
Middels_90,2034,16,0.0,0.0,0.0,0.0,0.0,0.0,2630964.0,2630964.0,2630964.0,357.0,357.0,357.0,500
Middels_90,2034,17,0.0,0.0,0.0,0.0,0.0,0.0,2630964.0,2630964.0,2630964.0,357.0,357.0,357.0,500
Middels_90,2034,18,0.0,0.0,0.0,0.0,0.0,0.0,2630964.0,2630964.0,2630964.0,357.0,357.0,357.0,500
Middels_90,2034,19,0.0,0.0,0.0,0.0,0.0,0.0,2630964.0,2630964.0,2630964.0,357.0,357.0,357.0,500
Middels_90,2034,20,0.0,0.0,0.0,0.0,0.0,0.0,2630964.0,2630964.0,2630964.0,357.0,357.0,357.0,500
Middels_90,2034,21,0.0,0.0,0.0,0.0,0.0,0.0,2630964.0,2630964.0,2630964.0,357.0,357.0,357.0,500
Middels_90,2034,22,0.0,0.0,0.0,0.0,0.0,0.0,2630964.0,2630964.0,2630964.0,357.0,357.0,357.0,500
Middels_90,2034,23,0.0,0.0,0.0,0.0,0.0,0.0,2630964.0,2630964.0,2630964.0,357.0,357.0,357.0,500
Middels_90,2034,24,0.0,0.0,0.0,0.0,0.0,0.0,2630964.0,2630964.0,2630964.0,357.0,357.0,357.0,500
Middels_90,2034,25,0.0,0.0,0.0,0.0,0.0,0.0,2630964.0,2630964.0,2630964.0,357.0,357.0,357.0,500
Samferdsel_96,2026,18,60.0,61.0,62.0,275674.0,278327.5,279779.4,3129.6,4581.5,7235.0,0.0,1.0,2.0,500
Samferdsel_96,2026,19,51.0,54.0,57.0,240356.4,257366.5,270880.0,18775.6,27489.0,43408.2,5.0,8.0,11.0,500
Samferdsel_96,2026,20,47.0,54.0,58.0,240462.35,282781.0,323160.14999999997,34421.6,50396.5,79582.35,9.0,12.0,19.0,500
Samferdsel_96,2026,21,43.0,54.0,62.0,275606.95,334617.0,379853.55,50067.6,73304.0,115755.55,12.0,18.0,28.0,500
Samferdsel_96,2026,22,43.0,55.0,64.0,304858.05,387762.5,443594.3,65713.6,96211.5,151928.75,16.0,24.0,34.0,500
Samferdsel_96,2026,23,44.0,58.0,69.0,346779.35,436065.5,507678.1,81359.6,119119.0,188102.9,19.0,29.0,40.0,500
Samferdsel_96,2026,24,46.0,64.0,76.0,391006.10000000003,504434.0,589953.15,97005.6,142026.0,224276.1,24.0,33.0,47.0,500
Samferdsel_96,2026,25,53.0,72.0,84.0,445961.0,569237.5,656862.2,112651.65,164933.5,260450.25,27.0,37.0,54.0,500
Samferdsel_96,2026,26,57.0,78.0,91.0,487718.05,622510.0,711119.95,128297.65,187841.5,296623.45,30.950000000000003,40.0,63.0,500
Samferdsel_96,2026,27,57.95,81.0,94.0,518027.15,655604.0,742639.5499999999,143943.65,210749.0,332797.6,33.0,45.0,66.0,500
Samferdsel_96,2026,28,61.0,82.0,96.04999999999995,536815.8,682220.0,774743.75,159589.65,233656.5,368970.8,36.0,48.0,68.04999999999995,500
Samferdsel_96,2026,29,63.95,83.0,99.0,561256.65,709812.5,817702.75,175235.65,256564.0,405144.0,38.0,53.0,71.0,500
Samferdsel_96,2026,30,67.0,84.0,103.0,575752.7,742611.5,861908.1,190881.65,279471.0,441318.15,41.0,59.0,75.0,500
Samferdsel_96,2026,31,69.0,86.0,105.0,590303.45,774364.5,896403.6,206527.65,302378.5,477491.35,44.0,63.0,78.0,500
Samferdsel_96,2026,32,70.0,90.0,109.0,603441.45,804236.5,930529.0999999999,222173.65,325286.0,513665.5,46.0,65.0,81.04999999999995,500
Samferdsel_96,2026,33,73.0,94.0,113.0,624162.45,836511.5,972140.3,237820.65,348193.5,549838.7,49.0,67.0,85.0,500
Samferdsel_96,2026,34,76.0,99.0,117.0,636826.65,868261.5,1006023.7999999999,253466.65,371101.0,586012.8,51.0,68.0,89.0,500
Samferdsel_96,2026,35,80.0,105.0,122.0,641357.7,886558.0,1033098.3,269112.65,394009.0,622186.0,55.0,70.0,93.0,500
Samferdsel_96,2026,36,80.0,109.0,124.0,647567.0,909072.0,1059410.7,284758.65,416916.0,658359.2,62.0,72.0,98.09999999999991,500
Samferdsel_96,2026,37,80.95,111.0,125.0,653066.35,915439.5,1069665.5,300404.65,439823.5,694533.35,63.0,74.0,103.04999999999995,500
Samferdsel_96,2026,38,80.95,113.0,127.0,639543.55,917797.5,1073527.85,316050.65,462731.0,730706.55,65.0,76.0,107.04999999999995,500
Samferdsel_96,2026,39,77.95,114.0,128.0,629399.8,921056.0,1084715.15,331696.65,485638.5,766880.7,65.0,78.0,111.19999999999982,500
Samferdsel_96,2026,40,77.0,114.0,129.0,620346.45,920720.0,1096073.45,347342.7,508546.0,803053.9,67.0,81.0,117.09999999999991,500
Samferdsel_96,2026,41,77.0,116.0,133.0,620224.7000000001,934266.5,1118416.65,362988.7,531453.5,839228.05,68.0,83.0,122.09999999999991,500
Samferdsel_96,2026,42,78.0,118.0,137.0,626041.5,950757.0,1149823.2999999998,378634.7,554360.5,875401.25,69.0,85.0,127.0,500
Samferdsel_96,2026,43,79.95,122.0,143.0,645538.25,986489.5,1189128.05,394280.7,577268.0,911574.45,70.0,88.0,130.04999999999995,500
Samferdsel_96,2026,44,83.95,128.0,151.0,679871.15,1022323.5,1226440.25,409926.7,600175.5,947748.6,72.0,90.0,134.04999999999995,500
Samferdsel_96,2026,45,87.0,133.0,157.0,691623.5,1047234.5,1265081.1999999997,425572.7,623083.5,983921.8,73.0,93.0,137.04999999999995,500
Samferdsel_96,2026,46,89.95,137.0,164.0,703323.25,1074091.5,1299357.5,441218.7,645991.0,1020095.95,75.0,96.0,141.04999999999995,500
Samferdsel_96,2026,47,93.0,142.5,171.0,710972.9500000001,1097239.5,1326383.5999999999,456864.7,668898.5,1056269.15,76.0,99.5,145.0,500
Samferdsel_96,2026,48,96.95,147.0,177.0,707336.9,1115814.0,1350801.4999999998,472510.75,691806.0,1092443.3,78.0,102.0,149.0,500
Samferdsel_96,2026,49,99.0,151.0,183.0,704768.8,1133974.5,1379729.3499999999,488156.75,714713.0,1128616.5,79.0,105.0,153.04999999999995,500
Samferdsel_96,2026,50,101.95,153.5,186.04999999999995,714256.6,1146696.5,1391886.9999999998,503803.7,737620.5,1164789.7,81.0,108.0,157.0,500
Samferdsel_96,2026,51,103.95,156.0,190.0,716851.75,1156182.5,1419150.7,519449.7,760528.0,1200963.8,82.95,111.0,162.0,500
Samferdsel_96,2026,52,103.0,157.0,192.0,705502.55,1157282.5,1416646.0999999999,535095.7,783435.5,1237137.0,84.0,114.0,167.04999999999995,500
Samferdsel_96,2026,53,100.9,156.5,193.0,684035.9500000001,1148771.0,1430661.1999999997,550741.7,806343.0,1273311.15,85.95,117.5,173.04999999999995,500
Samferdsel_96,2027,1,101.95,161.0,197.0,713492.35,1190967.0,1468319.9999999998,566387.7,829251.0,1309484.35,87.0,120.0,179.0,500
Samferdsel_96,2027,2,102.95,164.0,200.04999999999995,720603.3,1216382.5,1502911.85,582033.75,852158.0,1345658.5,89.0,123.0,184.04999999999995,500
Samferdsel_96,2027,3,102.95,165.0,202.04999999999995,712938.7,1213194.5,1505711.55,597679.75,875065.5,1381831.7,90.0,126.0,187.04999999999995,500
Samferdsel_96,2027,4,100.95,164.5,202.0,689631.45,1207807.0,1502960.3499999999,613325.75,897973.0,1418004.9,92.0,128.0,190.0999999999999,500
Samferdsel_96,2027,5,97.0,163.0,202.04999999999995,681266.9,1207806.5,1512819.4,628971.75,920880.5,1454179.05,93.0,131.0,194.0999999999999,500
Samferdsel_96,2027,6,96.0,163.0,204.0,662165.75,1198875.0,1513720.75,644617.75,943788.0,1490352.25,95.0,133.0,199.0,500
Samferdsel_96,2027,7,94.0,163.0,202.04999999999995,634122.3,1198877.0,1514338.9,660263.75,966695.5,1526526.4,98.0,135.0,202.0999999999999,500
Samferdsel_96,2027,8,92.0,163.0,203.0,624156.65,1201121.5,1518663.2999999998,675909.75,989602.5,1562699.6,99.0,137.5,207.0999999999999,500
Samferdsel_96,2027,9,91.95,164.5,204.0,616108.9500000001,1217162.0,1538669.4,691555.75,1012510.0,1598873.75,102.0,140.0,211.14999999999986,500
Samferdsel_96,2027,10,91.0,166.5,208.0,637793.35,1240888.5,1576497.7,707201.8,1035418.0,1635046.95,103.0,142.5,217.19999999999982,500
Samferdsel_96,2027,11,86.95,169.0,211.0,619885.4,1250367.0,1598814.7999999998,722847.8,1058325.5,1671220.15,105.0,145.0,225.0,500
Samferdsel_96,2027,12,85.95,168.0,211.0,602046.3,1242167.0,1603792.25,738493.8,1081233.0,1707394.3,107.95,148.0,228.04999999999995,500
Samferdsel_96,2027,13,81.9,168.0,209.04999999999995,580487.85,1232916.5,1599220.45,754139.8,1104140.5,1743567.5,110.95,150.0,234.0,500
Samferdsel_96,2027,14,76.9,168.0,212.0,572910.2000000001,1243547.0,1614812.4,769786.75,1127047.5,1779741.65,112.95,152.0,241.04999999999995,500
Samferdsel_96,2027,15,71.95,168.0,213.0,558748.65,1242288.5,1626348.0999999999,785432.75,1149955.0,1815914.8,115.0,155.0,248.19999999999982,500
Samferdsel_96,2027,16,68.95,167.5,215.0,548202.4500000001,1249393.0,1652353.75,801078.75,1172862.5,1852088.95,116.0,157.5,256.0,500
Samferdsel_96,2027,17,65.0,168.0,216.04999999999995,533987.55,1252284.0,1669982.1,816724.8,1195770.0,1888262.15,119.0,161.0,261.0999999999999,500
Samferdsel_96,2027,18,63.95,170.0,216.04999999999995,544308.6,1266694.5,1680542.0,832370.8,1218677.5,1924435.35,120.95,164.0,266.0999999999999,500
Samferdsel_96,2027,19,59.95,170.0,218.0,522717.8,1273915.0,1687135.7,848016.8,1241585.5,1960609.5,122.95,167.0,272.04999999999995,500
Samferdsel_96,2027,20,61.900000000000006,168.0,216.0,522770.5,1273205.0,1683097.65,863662.8,1264492.5,1996782.7,126.0,171.0,277.0,500
Samferdsel_96,2027,21,58.900000000000006,168.0,216.0,508756.80000000005,1263397.0,1670245.5999999999,879308.8,1287400.0,2032956.85,127.0,174.5,281.0,500
Samferdsel_96,2027,22,57.900000000000006,166.0,216.0,489169.25000000006,1245973.5,1658967.15,894954.8,1310307.5,2069130.05,129.0,178.0,285.0,500
Samferdsel_96,2027,23,55.85000000000001,166.0,216.04999999999995,458214.75000000006,1236680.5,1649236.4999999998,910600.8,1333215.0,2105304.2,130.0,181.0,290.04999999999995,500
Samferdsel_96,2027,24,51.95,162.0,215.0,436057.10000000003,1223136.0,1646611.4499999997,926246.8,1356122.5,2141477.4,132.0,185.5,294.0,500
Samferdsel_96,2027,25,49.0,160.5,214.0,414298.15,1208843.5,1642825.8,941892.85,1379030.0,2177650.6,133.0,188.0,298.0,500
Samferdsel_96,2027,26,46.0,159.0,213.0,379778.55,1201244.0,1633989.5999999996,957538.85,1401937.0,2213824.75,135.0,190.5,301.0,500
Samferdsel_96,2027,27,44.95,158.0,213.04999999999995,350436.2,1184237.0,1620825.7999999996,973184.85,1424844.5,2249997.95,136.95,193.0,304.0,500
Samferdsel_96,2027,28,42.900000000000006,156.5,214.0,318254.4,1162036.5,1620499.5,988830.85,1447752.5,2286172.1,138.0,195.5,309.0,500
Samferdsel_96,2027,29,38.95,155.0,213.0,287443.7,1139129.0,1605312.15,1004476.85,1470660.0,2322345.3,140.0,198.0,314.04999999999995,500
Samferdsel_96,2027,30,37.0,152.5,211.0,251269.55,1116221.5,1589665.2,1020123.8,1493567.5,2358519.45,141.95,200.5,316.0,500
Samferdsel_96,2027,31,31.0,151.0,210.0,215096.35,1101958.0,1574019.2,1035769.8,1516475.0,2394692.65,143.0,203.0,322.0,500
Samferdsel_96,2027,32,27.0,148.5,209.0,189593.90000000002,1083066.5,1561457.6499999994,1051415.8,1539382.5,2430865.8,144.95,205.0,326.0,500
Samferdsel_96,2027,33,22.0,146.0,208.04999999999995,157705.65000000002,1066001.5,1553686.15,1067061.85,1562289.5,2467039.95,146.95,208.0,331.0,500
Samferdsel_96,2027,34,19.0,145.0,207.04999999999995,127184.60000000003,1044731.5,1538265.9499999997,1082707.85,1585197.0,2503213.15,148.95,211.0,334.0999999999999,500
Samferdsel_96,2027,35,15.0,140.5,206.0,91201.30000000002,1021809.0,1527195.1499999997,1098353.85,1608104.5,2539387.3,150.0,215.0,339.0,500
Samferdsel_96,2027,36,9.950000000000003,138.5,204.0,55098.05000000002,998886.5,1515553.4,1113999.85,1631012.0,2575560.5,153.0,218.0,346.0,500
Samferdsel_96,2027,37,4.0,135.0,203.0,19171.500000000004,977044.0,1501318.15,1129645.85,1653920.0,2609885.65,154.0,222.0,353.0,500
Samferdsel_96,2027,38,0.0,131.5,201.0,0.0,954136.5,1485672.15,1145291.85,1676827.5,2621258.7999999993,156.0,225.5,354.14999999999986,500
Samferdsel_96,2027,39,0.0,128.0,198.04999999999995,0.0,931229.5,1470026.15,1160937.85,1699734.5,2630964.0,158.95,229.0,357.0,500
Samferdsel_96,2027,40,0.0,124.0,197.04999999999995,0.0,908322.0,1454380.0999999999,1176583.9,1722642.0,2630964.0,159.95,233.0,357.0,500
Samferdsel_96,2027,41,0.0,121.0,195.04999999999995,0.0,885414.5,1438734.0999999999,1192229.9,1745549.5,2630964.0,161.95,236.0,357.0,500
Samferdsel_96,2027,42,0.0,116.5,193.04999999999995,0.0,862507.0,1423088.0999999999,1207875.9,1768457.0,2630964.0,163.95,240.5,357.0,500
Samferdsel_96,2027,43,0.0,112.5,191.04999999999995,0.0,839599.5,1407442.0999999999,1223521.9,1791364.5,2630964.0,165.95,244.5,357.0,500
Samferdsel_96,2027,44,0.0,109.0,187.14999999999986,0.0,816692.0,1391796.0999999999,1239167.9,1814272.0,2630964.0,169.85000000000002,248.0,357.0,500
Samferdsel_96,2027,45,0.0,105.0,185.0999999999999,0.0,793785.0,1376150.0999999999,1254813.9,1837179.0,2630964.0,171.9,252.0,357.0,500
Samferdsel_96,2027,46,0.0,99.5,185.0,0.0,770877.0,1360504.0999999999,1270459.9,1860087.0,2630964.0,172.0,257.5,357.0,500
Samferdsel_96,2027,47,0.0,96.0,184.0,0.0,747969.5,1344857.15,1286106.85,1882994.5,2630964.0,173.0,261.0,357.0,500
Samferdsel_96,2027,48,0.0,91.5,180.0,0.0,725062.0,1329211.0999999999,1301752.9,1905902.0,2630964.0,177.0,265.5,357.0,500
Samferdsel_96,2027,49,0.0,88.5,178.0,0.0,702154.5,1313565.0999999999,1317398.9,1928809.5,2630964.0,179.0,268.5,357.0,500
Samferdsel_96,2027,50,0.0,84.0,174.04999999999995,0.0,679247.0,1297919.0999999999,1333044.9,1951717.0,2630964.0,182.95,273.0,357.0,500
Samferdsel_96,2027,51,0.0,81.0,172.0,0.0,656340.0,1282273.0999999999,1348690.9,1974624.0,2630964.0,185.0,276.0,357.0,500
Samferdsel_96,2027,52,0.0,79.0,170.0,0.0,633432.5,1266627.0999999999,1364336.9,1997531.5,2630964.0,187.0,278.0,357.0,500
Samferdsel_96,2028,1,0.0,77.0,168.04999999999995,0.0,610525.0,1250981.0999999999,1379982.9,2020439.0,2630964.0,188.95,280.0,357.0,500
Samferdsel_96,2028,2,0.0,74.0,167.0,0.0,587617.5,1235335.0999999999,1395628.9,2043346.5,2630964.0,190.0,283.0,357.0,500
Samferdsel_96,2028,3,0.0,69.5,165.0,0.0,564709.5,1219689.0499999998,1411274.95,2066254.5,2630964.0,192.0,287.5,357.0,500
Samferdsel_96,2028,4,0.0,67.0,162.04999999999995,0.0,541802.0,1204043.0499999998,1426920.95,2089162.0,2630964.0,194.95,290.0,357.0,500
Samferdsel_96,2028,5,0.0,65.5,161.0,0.0,518895.0,1188397.0499999998,1442566.95,2112069.0,2630964.0,196.0,291.5,357.0,500
Samferdsel_96,2028,6,0.0,63.0,159.0,0.0,495987.5,1172751.0499999998,1458212.95,2134976.5,2630964.0,198.0,294.0,357.0,500
Samferdsel_96,2028,7,0.0,61.0,157.0,0.0,473080.0,1157105.0499999998,1473858.95,2157884.0,2630964.0,200.0,296.0,357.0,500
Samferdsel_96,2028,8,0.0,59.0,156.0,0.0,450172.5,1141459.0499999998,1489504.95,2180791.5,2630964.0,201.0,298.0,357.0,500
Samferdsel_96,2028,9,0.0,56.0,154.0,0.0,427265.0,1125813.0499999998,1505150.95,2203699.0,2630964.0,203.0,301.0,357.0,500
Samferdsel_96,2028,10,0.0,53.5,152.0,0.0,404357.5,1110167.0499999998,1520796.95,2226606.5,2630964.0,205.0,303.5,357.0,500
Samferdsel_96,2028,11,0.0,51.0,150.0,0.0,381450.0,1094520.9999999998,1536443.0,2249514.0,2630964.0,207.0,306.0,357.0,500
Samferdsel_96,2028,12,0.0,48.0,148.0,0.0,358542.5,1078874.0499999998,1552089.95,2272421.5,2630964.0,209.0,309.0,357.0,500
Samferdsel_96,2028,13,0.0,46.0,146.0,0.0,335635.0,1063228.0499999998,1567735.95,2295329.0,2630964.0,211.0,311.0,357.0,500
Samferdsel_96,2028,14,0.0,42.0,145.04999999999995,0.0,312727.5,1047582.0499999998,1583381.95,2318236.5,2630964.0,211.95,315.0,357.0,500
Samferdsel_96,2028,15,0.0,39.0,143.0,0.0,289820.0,1031936.0499999998,1599027.95,2341144.0,2630964.0,214.0,318.0,357.0,500
Samferdsel_96,2028,16,0.0,36.0,141.0,0.0,266912.5,1016290.0499999998,1614673.95,2364051.5,2630964.0,216.0,321.0,357.0,500
Samferdsel_96,2028,17,0.0,34.0,137.04999999999995,0.0,244005.0,1000644.0499999998,1630319.95,2386959.0,2630964.0,219.95,323.0,357.0,500
Samferdsel_96,2028,18,0.0,31.0,134.0,0.0,221098.0,984997.9999999998,1645966.0,2409866.0,2630964.0,223.0,326.0,357.0,500
Samferdsel_96,2028,19,0.0,29.5,132.0,0.0,198190.5,969351.9999999998,1661612.0,2432773.5,2630964.0,225.0,327.5,357.0,500
Samferdsel_96,2028,20,0.0,27.0,131.04999999999995,0.0,175283.0,953705.9999999998,1677258.0,2455681.0,2630964.0,225.95,330.0,357.0,500
Samferdsel_96,2028,21,0.0,24.5,128.0,0.0,152375.0,938059.9999999998,1692904.0,2478589.0,2630964.0,229.0,332.5,357.0,500
Samferdsel_96,2028,22,0.0,21.0,125.09999999999991,0.0,129467.5,922413.9999999998,1708550.0,2501496.5,2630964.0,231.9,336.0,357.0,500
Samferdsel_96,2028,23,0.0,18.5,124.0,0.0,106560.0,906767.9999999998,1724196.0,2524404.0,2630964.0,233.0,338.5,357.0,500
Samferdsel_96,2028,24,0.0,16.0,121.04999999999995,0.0,83653.0,891121.9999999998,1739842.0,2547311.0,2630964.0,235.95,341.0,357.0,500
Samferdsel_96,2028,25,0.0,11.5,118.0,0.0,60745.5,875475.9999999998,1755488.0,2570218.5,2630964.0,239.0,345.5,357.0,500
Samferdsel_96,2028,26,0.0,9.0,115.0,0.0,37838.0,859829.9499999998,1771134.05,2593126.0,2630964.0,242.0,348.0,357.0,500
Samferdsel_96,2028,27,0.0,4.0,113.0,0.0,14930.5,844183.9499999998,1786780.05,2616033.5,2630964.0,244.0,353.0,357.0,500
Samferdsel_96,2028,28,0.0,0.0,108.14999999999986,0.0,0.0,828536.9999999998,1802427.0,2630964.0,2630964.0,248.85000000000002,357.0,357.0,500
Samferdsel_96,2028,29,0.0,0.0,106.14999999999986,0.0,0.0,812890.9999999998,1818073.0,2630964.0,2630964.0,250.85000000000002,357.0,357.0,500
Samferdsel_96,2028,30,0.0,0.0,103.04999999999995,0.0,0.0,797244.9999999998,1833719.0,2630964.0,2630964.0,253.95,357.0,357.0,500
Samferdsel_96,2028,31,0.0,0.0,99.04999999999995,0.0,0.0,781598.9999999998,1849365.0,2630964.0,2630964.0,257.95,357.0,357.0,500
Samferdsel_96,2028,32,0.0,0.0,96.0,0.0,0.0,765952.9999999998,1865011.0,2630964.0,2630964.0,261.0,357.0,357.0,500
Samferdsel_96,2028,33,0.0,0.0,93.0,0.0,0.0,750306.9499999998,1880657.05,2630964.0,2630964.0,264.0,357.0,357.0,500
Samferdsel_96,2028,34,0.0,0.0,91.04999999999995,0.0,0.0,734660.9499999998,1896303.05,2630964.0,2630964.0,265.95,357.0,357.0,500
Samferdsel_96,2028,35,0.0,0.0,88.04999999999995,0.0,0.0,719014.9499999997,1911949.05,2630964.0,2630964.0,268.95,357.0,357.0,500
Samferdsel_96,2028,36,0.0,0.0,87.0,0.0,0.0,703368.9499999997,1927595.05,2630964.0,2630964.0,270.0,357.0,357.0,500
Samferdsel_96,2028,37,0.0,0.0,84.04999999999995,0.0,0.0,687722.9499999997,1943241.05,2630964.0,2630964.0,272.95,357.0,357.0,500
Samferdsel_96,2028,38,0.0,0.0,82.04999999999995,0.0,0.0,672076.9499999997,1958887.05,2630964.0,2630964.0,274.95,357.0,357.0,500
Samferdsel_96,2028,39,0.0,0.0,81.0,0.0,0.0,656430.9499999997,1974533.05,2630964.0,2630964.0,276.0,357.0,357.0,500
Samferdsel_96,2028,40,0.0,0.0,79.04999999999995,0.0,0.0,640784.9499999997,1990179.05,2630964.0,2630964.0,277.95,357.0,357.0,500
Samferdsel_96,2028,41,0.0,0.0,77.0,0.0,0.0,625138.8999999998,2005825.1,2630964.0,2630964.0,280.0,357.0,357.0,500
Samferdsel_96,2028,42,0.0,0.0,75.04999999999995,0.0,0.0,609492.8999999998,2021471.1,2630964.0,2630964.0,281.95,357.0,357.0,500
Samferdsel_96,2028,43,0.0,0.0,72.09999999999991,0.0,0.0,593846.8999999998,2037117.1,2630964.0,2630964.0,284.9,357.0,357.0,500
Samferdsel_96,2028,44,0.0,0.0,71.04999999999995,0.0,0.0,578200.8999999998,2052763.1,2630964.0,2630964.0,285.95,357.0,357.0,500
Samferdsel_96,2028,45,0.0,0.0,68.09999999999991,0.0,0.0,562553.9499999997,2068410.05,2630964.0,2630964.0,288.9,357.0,357.0,500
Samferdsel_96,2028,46,0.0,0.0,66.04999999999995,0.0,0.0,546907.9499999997,2084056.05,2630964.0,2630964.0,290.95,357.0,357.0,500
Samferdsel_96,2028,47,0.0,0.0,65.0,0.0,0.0,531261.9499999997,2099702.05,2630964.0,2630964.0,292.0,357.0,357.0,500
Samferdsel_96,2028,48,0.0,0.0,63.0,0.0,0.0,515615.9499999998,2115348.05,2630964.0,2630964.0,294.0,357.0,357.0,500
Samferdsel_96,2028,49,0.0,0.0,61.0,0.0,0.0,499969.89999999973,2130994.1,2630964.0,2630964.0,296.0,357.0,357.0,500
Samferdsel_96,2028,50,0.0,0.0,59.049999999999955,0.0,0.0,484323.89999999973,2146640.1,2630964.0,2630964.0,297.95,357.0,357.0,500
Samferdsel_96,2028,51,0.0,0.0,58.049999999999955,0.0,0.0,468677.89999999973,2162286.1,2630964.0,2630964.0,298.95,357.0,357.0,500
Samferdsel_96,2028,52,0.0,0.0,57.049999999999955,0.0,0.0,453031.89999999973,2177932.1,2630964.0,2630964.0,299.95,357.0,357.0,500
Samferdsel_96,2029,1,0.0,0.0,55.0,0.0,0.0,437385.89999999973,2193578.1,2630964.0,2630964.0,302.0,357.0,357.0,500
Samferdsel_96,2029,2,0.0,0.0,53.049999999999955,0.0,0.0,421739.89999999973,2209224.1,2630964.0,2630964.0,303.95,357.0,357.0,500
Samferdsel_96,2029,3,0.0,0.0,52.049999999999955,0.0,0.0,406093.89999999973,2224870.1,2630964.0,2630964.0,304.95,357.0,357.0,500
Samferdsel_96,2029,4,0.0,0.0,52.0,0.0,0.0,390447.84999999974,2240516.15,2630964.0,2630964.0,305.0,357.0,357.0,500
Samferdsel_96,2029,5,0.0,0.0,50.0,0.0,0.0,374801.84999999974,2256162.15,2630964.0,2630964.0,307.0,357.0,357.0,500
Samferdsel_96,2029,6,0.0,0.0,47.049999999999955,0.0,0.0,359155.84999999974,2271808.15,2630964.0,2630964.0,309.95,357.0,357.0,500
Samferdsel_96,2029,7,0.0,0.0,45.049999999999955,0.0,0.0,343509.84999999974,2287454.15,2630964.0,2630964.0,311.95,357.0,357.0,500
Samferdsel_96,2029,8,0.0,0.0,43.0,0.0,0.0,327863.84999999974,2303100.15,2630964.0,2630964.0,314.0,357.0,357.0,500
Samferdsel_96,2029,9,0.0,0.0,41.049999999999955,0.0,0.0,312216.89999999973,2318747.1,2630964.0,2630964.0,315.95,357.0,357.0,500
Samferdsel_96,2029,10,0.0,0.0,40.049999999999955,0.0,0.0,296570.89999999973,2334393.1,2630964.0,2630964.0,316.95,357.0,357.0,500
Samferdsel_96,2029,11,0.0,0.0,37.049999999999955,0.0,0.0,280924.89999999973,2350039.1,2630964.0,2630964.0,319.95,357.0,357.0,500
Samferdsel_96,2029,12,0.0,0.0,35.049999999999955,0.0,0.0,265278.84999999974,2365685.15,2630964.0,2630964.0,321.95,357.0,357.0,500
Samferdsel_96,2029,13,0.0,0.0,34.049999999999955,0.0,0.0,249632.84999999971,2381331.15,2630964.0,2630964.0,322.95,357.0,357.0,500
Samferdsel_96,2029,14,0.0,0.0,32.049999999999955,0.0,0.0,233986.84999999971,2396977.15,2630964.0,2630964.0,324.95,357.0,357.0,500
Samferdsel_96,2029,15,0.0,0.0,30.049999999999955,0.0,0.0,218340.84999999971,2412623.15,2630964.0,2630964.0,326.95,357.0,357.0,500
Samferdsel_96,2029,16,0.0,0.0,29.0,0.0,0.0,202694.84999999971,2428269.15,2630964.0,2630964.0,328.0,357.0,357.0,500
Samferdsel_96,2029,17,0.0,0.0,27.049999999999955,0.0,0.0,187048.84999999971,2443915.15,2630964.0,2630964.0,329.95,357.0,357.0,500
Samferdsel_96,2029,18,0.0,0.0,26.0,0.0,0.0,171402.84999999971,2459561.15,2630964.0,2630964.0,331.0,357.0,357.0,500
Samferdsel_96,2029,19,0.0,0.0,23.049999999999955,0.0,0.0,155756.79999999973,2475207.2,2630964.0,2630964.0,333.95,357.0,357.0,500
Samferdsel_96,2029,20,0.0,0.0,22.049999999999955,0.0,0.0,140110.7999999997,2490853.2,2630964.0,2630964.0,334.95,357.0,357.0,500
Samferdsel_96,2029,21,0.0,0.0,19.049999999999955,0.0,0.0,124464.79999999971,2506499.2,2630964.0,2630964.0,337.95,357.0,357.0,500
Samferdsel_96,2029,22,0.0,0.0,17.049999999999955,0.0,0.0,108818.79999999971,2522145.2,2630964.0,2630964.0,339.95,357.0,357.0,500
Samferdsel_96,2029,23,0.0,0.0,15.099999999999909,0.0,0.0,93172.79999999971,2537791.2,2630964.0,2630964.0,341.9,357.0,357.0,500
Samferdsel_96,2029,24,0.0,0.0,14.049999999999955,0.0,0.0,77526.7999999997,2553437.2,2630964.0,2630964.0,342.95,357.0,357.0,500
Samferdsel_96,2029,25,0.0,0.0,12.0,0.0,0.0,61880.799999999705,2569083.2,2630964.0,2630964.0,345.0,357.0,357.0,500
Samferdsel_96,2029,26,0.0,0.0,10.0,0.0,0.0,46233.8499999997,2584730.15,2630964.0,2630964.0,347.0,357.0,357.0,500
Samferdsel_96,2029,27,0.0,0.0,8.049999999999955,0.0,0.0,30587.799999999697,2600376.2,2630964.0,2630964.0,348.95,357.0,357.0,500
Samferdsel_96,2029,28,0.0,0.0,4.0499999999999545,0.0,0.0,14941.799999999697,2616022.2,2630964.0,2630964.0,352.95,357.0,357.0,500
Samferdsel_96,2029,29,0.0,0.0,0.09999999999990905,0.0,0.0,283.7999999997419,2630680.2,2630964.0,2630964.0,356.9,357.0,357.0,500
Samferdsel_96,2029,30,0.0,0.0,0.0,0.0,0.0,0.0,2630964.0,2630964.0,2630964.0,357.0,357.0,357.0,500
Samferdsel_96,2029,31,0.0,0.0,0.0,0.0,0.0,0.0,2630964.0,2630964.0,2630964.0,357.0,357.0,357.0,500
Samferdsel_96,2029,32,0.0,0.0,0.0,0.0,0.0,0.0,2630964.0,2630964.0,2630964.0,357.0,357.0,357.0,500
Samferdsel_96,2029,33,0.0,0.0,0.0,0.0,0.0,0.0,2630964.0,2630964.0,2630964.0,357.0,357.0,357.0,500
Samferdsel_96,2029,34,0.0,0.0,0.0,0.0,0.0,0.0,2630964.0,2630964.0,2630964.0,357.0,357.0,357.0,500
Samferdsel_96,2029,35,0.0,0.0,0.0,0.0,0.0,0.0,2630964.0,2630964.0,2630964.0,357.0,357.0,357.0,500
Samferdsel_96,2029,36,0.0,0.0,0.0,0.0,0.0,0.0,2630964.0,2630964.0,2630964.0,357.0,357.0,357.0,500
Samferdsel_96,2029,37,0.0,0.0,0.0,0.0,0.0,0.0,2630964.0,2630964.0,2630964.0,357.0,357.0,357.0,500
Samferdsel_96,2029,38,0.0,0.0,0.0,0.0,0.0,0.0,2630964.0,2630964.0,2630964.0,357.0,357.0,357.0,500
Samferdsel_96,2029,39,0.0,0.0,0.0,0.0,0.0,0.0,2630964.0,2630964.0,2630964.0,357.0,357.0,357.0,500
Samferdsel_96,2029,40,0.0,0.0,0.0,0.0,0.0,0.0,2630964.0,2630964.0,2630964.0,357.0,357.0,357.0,500
Samferdsel_96,2029,41,0.0,0.0,0.0,0.0,0.0,0.0,2630964.0,2630964.0,2630964.0,357.0,357.0,357.0,500
Samferdsel_96,2029,42,0.0,0.0,0.0,0.0,0.0,0.0,2630964.0,2630964.0,2630964.0,357.0,357.0,357.0,500
Samferdsel_96,2029,43,0.0,0.0,0.0,0.0,0.0,0.0,2630964.0,2630964.0,2630964.0,357.0,357.0,357.0,500
Samferdsel_96,2029,44,0.0,0.0,0.0,0.0,0.0,0.0,2630964.0,2630964.0,2630964.0,357.0,357.0,357.0,500
Samferdsel_96,2029,45,0.0,0.0,0.0,0.0,0.0,0.0,2630964.0,2630964.0,2630964.0,357.0,357.0,357.0,500
Samferdsel_96,2029,46,0.0,0.0,0.0,0.0,0.0,0.0,2630964.0,2630964.0,2630964.0,357.0,357.0,357.0,500
Samferdsel_96,2029,47,0.0,0.0,0.0,0.0,0.0,0.0,2630964.0,2630964.0,2630964.0,357.0,357.0,357.0,500
Samferdsel_96,2029,48,0.0,0.0,0.0,0.0,0.0,0.0,2630964.0,2630964.0,2630964.0,357.0,357.0,357.0,500
Samferdsel_96,2029,49,0.0,0.0,0.0,0.0,0.0,0.0,2630964.0,2630964.0,2630964.0,357.0,357.0,357.0,500
Samferdsel_96,2029,50,0.0,0.0,0.0,0.0,0.0,0.0,2630964.0,2630964.0,2630964.0,357.0,357.0,357.0,500
Samferdsel_96,2029,51,0.0,0.0,0.0,0.0,0.0,0.0,2630964.0,2630964.0,2630964.0,357.0,357.0,357.0,500
Samferdsel_96,2029,52,0.0,0.0,0.0,0.0,0.0,0.0,2630964.0,2630964.0,2630964.0,357.0,357.0,357.0,500
Samferdsel_96,2030,1,0.0,0.0,0.0,0.0,0.0,0.0,2630964.0,2630964.0,2630964.0,357.0,357.0,357.0,500
Samferdsel_96,2030,2,0.0,0.0,0.0,0.0,0.0,0.0,2630964.0,2630964.0,2630964.0,357.0,357.0,357.0,500
Samferdsel_96,2030,3,0.0,0.0,0.0,0.0,0.0,0.0,2630964.0,2630964.0,2630964.0,357.0,357.0,357.0,500
Samferdsel_96,2030,4,0.0,0.0,0.0,0.0,0.0,0.0,2630964.0,2630964.0,2630964.0,357.0,357.0,357.0,500
Samferdsel_96,2030,5,0.0,0.0,0.0,0.0,0.0,0.0,2630964.0,2630964.0,2630964.0,357.0,357.0,357.0,500
Samferdsel_96,2030,6,0.0,0.0,0.0,0.0,0.0,0.0,2630964.0,2630964.0,2630964.0,357.0,357.0,357.0,500
Samferdsel_96,2030,7,0.0,0.0,0.0,0.0,0.0,0.0,2630964.0,2630964.0,2630964.0,357.0,357.0,357.0,500
Samferdsel_96,2030,8,0.0,0.0,0.0,0.0,0.0,0.0,2630964.0,2630964.0,2630964.0,357.0,357.0,357.0,500
Samferdsel_96,2030,9,0.0,0.0,0.0,0.0,0.0,0.0,2630964.0,2630964.0,2630964.0,357.0,357.0,357.0,500
Samferdsel_96,2030,10,0.0,0.0,0.0,0.0,0.0,0.0,2630964.0,2630964.0,2630964.0,357.0,357.0,357.0,500
Samferdsel_96,2030,11,0.0,0.0,0.0,0.0,0.0,0.0,2630964.0,2630964.0,2630964.0,357.0,357.0,357.0,500
Samferdsel_96,2030,12,0.0,0.0,0.0,0.0,0.0,0.0,2630964.0,2630964.0,2630964.0,357.0,357.0,357.0,500
Samferdsel_96,2030,13,0.0,0.0,0.0,0.0,0.0,0.0,2630964.0,2630964.0,2630964.0,357.0,357.0,357.0,500
Samferdsel_96,2030,14,0.0,0.0,0.0,0.0,0.0,0.0,2630964.0,2630964.0,2630964.0,357.0,357.0,357.0,500
Samferdsel_96,2030,15,0.0,0.0,0.0,0.0,0.0,0.0,2630964.0,2630964.0,2630964.0,357.0,357.0,357.0,500
Samferdsel_96,2030,16,0.0,0.0,0.0,0.0,0.0,0.0,2630964.0,2630964.0,2630964.0,357.0,357.0,357.0,500
Samferdsel_96,2030,17,0.0,0.0,0.0,0.0,0.0,0.0,2630964.0,2630964.0,2630964.0,357.0,357.0,357.0,500
Samferdsel_96,2030,18,0.0,0.0,0.0,0.0,0.0,0.0,2630964.0,2630964.0,2630964.0,357.0,357.0,357.0,500
Samferdsel_96,2030,19,0.0,0.0,0.0,0.0,0.0,0.0,2630964.0,2630964.0,2630964.0,357.0,357.0,357.0,500
Samferdsel_96,2030,20,0.0,0.0,0.0,0.0,0.0,0.0,2630964.0,2630964.0,2630964.0,357.0,357.0,357.0,500
Samferdsel_96,2030,21,0.0,0.0,0.0,0.0,0.0,0.0,2630964.0,2630964.0,2630964.0,357.0,357.0,357.0,500
Samferdsel_96,2030,22,0.0,0.0,0.0,0.0,0.0,0.0,2630964.0,2630964.0,2630964.0,357.0,357.0,357.0,500
Samferdsel_96,2030,23,0.0,0.0,0.0,0.0,0.0,0.0,2630964.0,2630964.0,2630964.0,357.0,357.0,357.0,500
Samferdsel_96,2030,24,0.0,0.0,0.0,0.0,0.0,0.0,2630964.0,2630964.0,2630964.0,357.0,357.0,357.0,500
Samferdsel_96,2030,25,0.0,0.0,0.0,0.0,0.0,0.0,2630964.0,2630964.0,2630964.0,357.0,357.0,357.0,500
