Scenario,Plan_Type,uke_aar,uke_nr,Ko_Lengde_P5,Ko_Lengde_P50,Ko_Lengde_P95,Lenker_I_Ko_P5,Lenker_I_Ko_P50,Lenker_I_Ko_P95,Lenker_Overfort_P5,Lenker_Overfort_P50,Lenker_Overfort_P95,Kommuner_Overfort_P5,Kommuner_Overfort_P50,Kommuner_Overfort_P95,N
Basis_85,MIP_vektet,2026,18,62.0,62.0,62.0,281347.7,281902.0,282150.0,759.0,1007.0,1561.2999999999997,0.0,0.0,0.0,500
Basis_85,MIP_vektet,2026,19,60.0,60.0,61.0,273539.2,276866.0,278354.15,4554.85,6043.0,9369.8,1.0,2.0,2.0,500
Basis_85,MIP_vektet,2026,20,58.0,60.0,62.0,270207.45,281851.5,316914.85,8350.75,11079.0,17178.299999999996,2.0,3.0,5.0,500
Basis_85,MIP_vektet,2026,21,59.0,62.0,64.0,302836.35,335971.5,373564.0,12146.65,16114.5,24985.799999999996,4.0,5.0,7.0,500
Basis_85,MIP_vektet,2026,22,61.0,65.0,68.0,339967.0,383437.5,427278.5,15942.5,21151.0,32794.299999999996,5.0,6.0,8.0,500
Basis_85,MIP_vektet,2026,23,63.0,67.0,71.0,377875.85,427655.0,477353.39999999997,19738.4,26186.5,40601.84999999999,5.0,8.0,10.0,500
Basis_85,MIP_vektet,2026,24,66.0,71.0,75.0,421924.7,478593.5,530338.45,23533.3,31222.5,48410.29999999999,6.0,8.0,12.0,500
Basis_85,MIP_vektet,2026,25,70.0,75.0,79.0,476042.5,532051.5,585343.9,27329.2,36258.0,56218.79999999999,8.0,10.0,12.0,500
Basis_85,MIP_vektet,2026,26,73.0,80.0,85.0,528836.6,587824.5,644143.95,31125.1,41294.5,64026.34999999999,8.0,10.0,16.0,500
Basis_85,MIP_vektet,2026,27,78.0,85.0,92.0,577327.9,644303.0,704559.2,34920.95,46330.0,71834.79999999999,9.0,12.0,17.0,500
Basis_85,MIP_vektet,2026,28,82.0,92.0,100.0,633679.35,706335.5,771892.8499999999,38716.85,51366.0,79642.34999999999,10.0,12.0,19.0,500
Basis_85,MIP_vektet,2026,29,88.95,99.0,109.0,700017.8,774440.0,849630.6,42512.7,56401.5,87450.84999999999,11.0,12.0,21.0,500
Basis_85,MIP_vektet,2026,30,95.0,107.0,119.0,760666.25,840059.0,925936.6,46308.6,61438.0,95259.29999999999,12.0,14.0,24.0,500
Basis_85,MIP_vektet,2026,31,102.0,116.0,128.0,815611.95,910710.5,998023.2999999999,50104.45,66473.5,103066.84999999998,12.0,16.0,26.0,500
Basis_85,MIP_vektet,2026,32,110.0,125.0,135.04999999999995,884846.9,980279.0,1065017.95,53899.4,71509.5,110875.34999999998,12.0,17.0,27.0,500
Basis_85,MIP_vektet,2026,33,118.0,133.0,143.0,947919.75,1042586.0,1123072.55,57695.3,76545.5,118682.84999999998,13.0,18.0,29.0,500
Basis_85,MIP_vektet,2026,34,124.0,140.0,149.0,1006424.25,1098754.5,1175460.1,61491.15,81581.5,126491.34999999998,14.0,20.0,30.0,500
Basis_85,MIP_vektet,2026,35,131.0,146.0,156.04999999999995,1054814.6,1152759.5,1231049.95,65287.05,86617.0,134299.84999999998,16.0,21.0,31.0,500
Basis_85,MIP_vektet,2026,36,138.0,153.0,164.04999999999995,1107112.35,1202090.5,1286719.35,69082.9,91653.0,142107.34999999998,16.0,22.0,33.0,500
Basis_85,MIP_vektet,2026,37,146.0,161.0,172.0,1158267.55,1256479.5,1345478.4,72878.8,96689.0,149915.84999999998,17.0,24.0,34.0,500
Basis_85,MIP_vektet,2026,38,153.95,168.0,180.0,1219321.45,1309997.5,1399410.55,76674.7,101725.0,157723.39999999997,18.0,25.0,36.0,500
Basis_85,MIP_vektet,2026,39,160.95,175.0,185.04999999999995,1263353.6,1359857.5,1440210.5,80470.55,106760.5,165531.84999999998,19.0,26.0,37.0,500
Basis_85,MIP_vektet,2026,40,165.0,180.0,192.0,1301551.35,1395559.0,1473200.5,84266.45,111796.5,173340.34999999998,20.0,27.0,38.0,500
Basis_85,MIP_vektet,2026,41,171.0,186.0,199.0,1340914.95,1435123.0,1518063.9,88061.35,116832.5,181147.89999999997,21.0,28.0,39.049999999999955,500
Basis_85,MIP_vektet,2026,42,176.95,192.0,206.0,1380862.7,1483137.5,1578938.75,91857.25,121868.5,188956.34999999998,22.0,30.0,40.049999999999955,500
Basis_85,MIP_vektet,2026,43,182.95,200.0,215.0,1434926.0,1546007.0,1639266.35,95653.15,126904.0,196763.89999999997,24.0,30.0,44.0,500
Basis_85,MIP_vektet,2026,44,191.0,209.0,225.0,1496873.3,1608022.5,1710123.3,99449.0,131940.5,204572.39999999997,25.0,31.0,44.0,500
Basis_85,MIP_vektet,2026,45,198.0,219.0,234.0,1551011.6,1672303.5,1769478.55,103244.9,136976.0,212380.89999999997,26.0,31.0,45.0,500
Basis_85,MIP_vektet,2026,46,207.95,227.5,242.0,1599235.0,1726217.0,1828811.2499999998,107040.75,142012.0,220188.39999999997,26.950000000000003,33.0,46.0,500
Basis_85,MIP_vektet,2026,47,214.0,234.0,248.0,1644026.1,1776229.0,1878540.8,110836.65,147047.5,227996.89999999997,27.0,33.0,48.0,500
Basis_85,MIP_vektet,2026,48,220.0,239.0,254.0,1691912.1,1815220.5,1912130.0999999999,114632.55,152084.0,235804.44999999995,28.0,34.0,49.0,500
Basis_85,MIP_vektet,2026,49,224.0,243.0,258.0,1727993.95,1847643.5,1944225.9999999995,118427.45,157119.5,243612.89999999997,29.0,36.0,51.0,500
Basis_85,MIP_vektet,2026,50,230.0,248.0,263.0,1767600.4,1886448.5,1986011.15,122223.35,162155.5,251421.39999999997,30.0,36.0,51.0,500
Basis_85,MIP_vektet,2026,51,235.0,255.0,269.0,1796736.1,1929795.0,2023827.0,126019.2,167191.0,259228.94999999995,30.0,37.0,54.0,500
Basis_85,MIP_vektet,2026,52,240.0,259.0,272.0,1843435.25,1961213.0,2045722.8499999999,129815.1,172227.5,267037.39999999997,31.0,38.0,55.0,500
Basis_85,MIP_vektet,2026,53,241.95,260.0,272.0,1861118.35,1973435.0,2048920.0,133611.0,177263.0,274844.94999999995,31.0,39.0,56.049999999999955,500
Basis_85,MIP_vektet,2027,1,243.95,264.0,276.0,1883643.5,2012136.0,2099210.05,137406.85,182299.0,282653.44999999995,31.0,40.0,61.049999999999955,500
Basis_85,MIP_vektet,2027,2,250.0,271.0,283.0,1945900.35,2075671.0,2155606.05,141202.75,187335.0,290461.89999999997,32.0,40.0,62.0,500
Basis_85,MIP_vektet,2027,3,255.0,276.0,288.0,1996496.55,2121185.5,2205196.7,144998.6,192371.0,298269.44999999995,33.0,42.0,63.0,500
Basis_85,MIP_vektet,2027,4,261.0,281.0,293.0,2035916.8,2161260.0,2245458.6,148793.55,197406.5,306077.94999999995,34.0,44.0,64.0,500
Basis_85,MIP_vektet,2027,5,265.0,284.0,295.0,2061205.1,2186840.5,2258472.45,152589.45,202442.5,313885.44999999995,34.0,44.0,64.0,500
Basis_85,MIP_vektet,2027,6,265.0,285.0,295.04999999999995,2072143.75,2199334.5,2269194.05,156385.3,207478.5,321693.94999999995,35.0,44.0,64.04999999999995,500
Basis_85,MIP_vektet,2027,7,265.0,285.0,295.0,2077336.4,2206189.5,2272126.75,160181.2,212514.5,329502.44999999995,36.0,45.0,65.0,500
Basis_85,MIP_vektet,2027,8,265.0,285.0,296.0,2077877.2,2209142.5,2272627.85,163977.05,217550.0,337309.94999999995,37.0,45.0,66.0,500
Basis_85,MIP_vektet,2027,9,265.0,285.0,296.0,2084611.05,2213733.0,2285330.6,167772.95,222586.0,345118.44999999995,37.0,46.0,67.0,500
Basis_85,MIP_vektet,2027,10,266.0,286.0,297.0,2101872.7,2233219.0,2297201.75,171568.85,227622.0,352925.99999999994,37.0,48.0,67.0,500
Basis_85,MIP_vektet,2027,11,268.0,287.0,298.0,2112807.3,2240317.0,2309752.3,175364.7,232658.0,360734.44999999995,38.0,48.0,68.0,500
Basis_85,MIP_vektet,2027,12,268.0,287.0,298.0,2111077.95,2244160.0,2308881.9,179160.6,237693.5,368542.94999999995,39.0,49.0,68.0,500
Basis_85,MIP_vektet,2027,13,268.0,287.0,298.0,2105120.65,2242578.0,2307995.45,182955.5,242730.0,376350.49999999994,40.0,51.0,68.0,500
Basis_85,MIP_vektet,2027,14,269.0,287.0,298.0,2109464.35,2255264.5,2320626.55,186751.4,247765.5,384158.94999999995,40.0,51.0,69.0,500
Basis_85,MIP_vektet,2027,15,269.0,287.0,299.0,2121966.95,2262424.0,2330186.5,190547.3,252801.5,391966.49999999994,41.0,51.0,69.0,500
Basis_85,MIP_vektet,2027,16,270.0,288.0,299.0,2122656.65,2265857.5,2335919.2,194343.15,257837.0,399774.99999999994,44.0,53.0,69.04999999999995,500
Basis_85,MIP_vektet,2027,17,271.0,288.0,300.0,2128183.6,2271748.0,2345020.3,198139.05,262873.5,407583.44999999995,44.0,54.0,70.0,500
Basis_85,MIP_vektet,2027,18,272.0,288.0,301.0,2130842.4,2279303.0,2357424.9499999997,201934.9,267909.0,415390.99999999994,44.0,55.0,71.0,500
Basis_85,MIP_vektet,2027,19,273.0,288.0,303.0,2137483.7,2286958.0,2362657.35,205730.8,272945.0,423199.49999999994,44.0,56.0,72.0,500
Basis_85,MIP_vektet,2027,20,273.0,288.0,303.0,2135026.15,2292540.0,2368121.85,209526.7,277980.5,431006.99999999994,45.0,57.0,73.0,500
Basis_85,MIP_vektet,2027,21,274.95,287.0,303.0,2135227.1,2294108.0,2368429.9,213321.6,283017.0,438815.49999999994,45.0,61.5,73.0,500
Basis_85,MIP_vektet,2027,22,275.0,288.0,304.0,2129963.15,2295261.5,2366330.4,217117.5,288052.5,446623.99999999994,45.0,62.0,73.0,500
Basis_85,MIP_vektet,2027,23,277.0,289.0,306.0,2135566.45,2296945.5,2370231.75,220913.35,293088.5,454431.49999999994,46.0,62.0,74.0,500
Basis_85,MIP_vektet,2027,24,277.0,289.0,305.0,2129973.4,2294258.5,2369606.55,224709.25,298124.5,462239.99999999994,47.0,63.0,74.04999999999995,500
Basis_85,MIP_vektet,2027,25,276.95,289.0,304.0,2137959.1,2300146.0,2378079.7,228505.15,303160.5,470047.54999999993,48.0,63.0,75.04999999999995,500
Basis_85,MIP_vektet,2027,26,277.0,290.0,305.0,2140076.05,2306906.0,2384924.95,232301.0,308196.0,477855.99999999994,48.0,63.0,76.0,500
Basis_85,MIP_vektet,2027,27,278.0,290.0,305.04999999999995,2138133.4,2307333.5,2384651.1,236096.9,313232.0,485664.49999999994,49.0,64.0,77.0,500
Basis_85,MIP_vektet,2027,28,277.0,291.0,305.04999999999995,2130486.65,2303800.0,2383319.6,239892.75,318268.0,493472.04999999993,50.0,64.0,78.0,500
Basis_85,MIP_vektet,2027,29,277.95,291.0,306.0,2127227.25,2303188.5,2383354.9,243687.7,323304.0,501280.4999999999,51.0,64.0,78.0,500
Basis_85,MIP_vektet,2027,30,277.95,292.0,306.0,2121862.65,2300752.5,2383480.4,247483.6,328339.5,509088.04999999993,51.0,65.0,79.0,500
Basis_85,MIP_vektet,2027,31,277.95,292.0,306.0,2114067.45,2296172.0,2379684.55,251279.45,333375.5,516896.54999999993,51.0,65.0,79.04999999999995,500
Basis_85,MIP_vektet,2027,32,277.0,292.0,304.0,2106259.0,2292552.5,2375888.65,255075.35,338411.5,524704.9999999999,53.0,65.0,80.0,500
Basis_85,MIP_vektet,2027,33,276.95,291.0,303.0,2098451.45,2287516.5,2372092.8,258871.2,343447.5,532512.5499999999,54.0,66.0,80.04999999999995,500
Basis_85,MIP_vektet,2027,34,275.95,291.0,303.0,2090642.95,2282481.0,2368296.9,262667.1,348483.0,540321.0499999999,54.0,66.0,81.04999999999995,500
Basis_85,MIP_vektet,2027,35,275.0,291.0,302.0,2082835.45,2277444.5,2364501.0,266463.0,353519.5,548128.5499999999,55.0,66.0,82.0,500
Basis_85,MIP_vektet,2027,36,274.0,290.0,302.0,2075026.95,2272409.0,2360705.15,270258.85,358555.0,555937.0499999999,55.0,67.0,83.0,500
Basis_85,MIP_vektet,2027,37,273.0,290.0,301.0,2067218.45,2267373.0,2356909.25,274054.75,363591.0,563745.5499999999,56.0,67.0,84.0,500
Basis_85,MIP_vektet,2027,38,272.95,290.0,300.0,2059410.95,2262337.5,2353114.35,277849.65,368626.5,571553.0499999999,57.0,67.0,84.04999999999995,500
Basis_85,MIP_vektet,2027,39,272.0,289.0,297.0,2051602.45,2257301.0,2349318.45,281645.55,373663.0,579361.5499999999,60.0,68.0,85.0,500
Basis_85,MIP_vektet,2027,40,271.0,289.0,295.0,2043794.9,2252265.5,2345522.55,285441.45,378698.5,587169.0999999999,62.0,68.0,86.0,500
Basis_85,MIP_vektet,2027,41,270.0,289.0,295.0,2035986.45,2247229.5,2341726.7,289237.3,383734.5,594977.5499999999,62.0,68.0,87.0,500
Basis_85,MIP_vektet,2027,42,269.0,288.0,295.0,2028177.95,2242194.0,2337930.8,293033.2,388770.0,602786.0499999999,62.0,69.0,88.0,500
Basis_85,MIP_vektet,2027,43,269.0,288.0,294.0,2020370.4,2237157.5,2334134.95,296829.05,393806.5,610593.5999999999,63.0,69.0,88.0,500
Basis_85,MIP_vektet,2027,44,268.0,287.0,294.0,2012561.95,2232122.0,2330339.05,300624.95,398842.0,618402.0499999999,63.0,70.0,89.0,500
Basis_85,MIP_vektet,2027,45,267.95,287.0,294.0,2004754.4,2227086.0,2326543.15,304420.85,403878.0,626209.5999999999,63.0,70.0,89.04999999999995,500
Basis_85,MIP_vektet,2027,46,267.0,287.0,294.0,1996945.9,2222050.0,2322748.25,308215.75,408914.0,634018.0999999999,63.0,70.0,90.0,500
Basis_85,MIP_vektet,2027,47,266.95,286.0,293.0,1989137.4,2217014.0,2318952.35,312011.65,413950.0,641826.5999999999,64.0,71.0,90.04999999999995,500
Basis_85,MIP_vektet,2027,48,266.0,286.0,293.0,1981329.9,2211978.5,2315156.5,315807.5,418985.5,649634.0999999999,64.0,71.0,91.0,500
Basis_85,MIP_vektet,2027,49,264.95,285.5,293.0,1973521.4,2206942.5,2311360.6,319603.4,424021.5,657442.5999999999,64.0,71.5,92.04999999999995,500
Basis_85,MIP_vektet,2027,50,263.95,285.0,293.0,1965713.85,2201906.5,2307564.7,323399.3,429057.5,665250.1499999999,64.0,72.0,93.04999999999995,500
Basis_85,MIP_vektet,2027,51,263.0,284.0,292.0,1957905.4,2196870.5,2303768.85,327195.15,434093.5,673058.5999999999,65.0,73.0,94.0,500
Basis_85,MIP_vektet,2027,52,262.0,284.0,292.0,1950096.9,2191835.0,2299972.95,330991.05,439129.0,680867.0999999999,65.0,73.0,95.0,500
Basis_85,MIP_vektet,2028,1,261.0,284.0,292.0,1942289.35,2186799.0,2296177.1,334786.9,444165.0,688674.6499999999,65.0,73.0,96.0,500
Basis_85,MIP_vektet,2028,2,260.9,283.0,292.0,1934480.9,2181763.0,2292382.15,338581.85,449201.0,696483.0999999999,65.0,74.0,96.09999999999991,500
Basis_85,MIP_vektet,2028,3,259.9,283.0,291.0,1926673.35,2176727.0,2288586.25,342377.75,454237.0,704290.6499999999,66.0,74.0,97.09999999999991,500
Basis_85,MIP_vektet,2028,4,258.95,283.0,291.0,1918864.85,2171691.5,2284790.4,346173.6,459272.5,712099.1499999999,66.0,74.0,98.04999999999995,500
Basis_85,MIP_vektet,2028,5,258.0,282.0,291.0,1911056.4,2166655.0,2280994.5,349969.5,464309.0,719907.5999999999,66.0,75.0,99.0,500
Basis_85,MIP_vektet,2028,6,257.0,282.0,290.04999999999995,1903248.85,2161619.5,2277198.65,353765.35,469344.5,727715.1499999999,66.95,75.0,100.0,500
Basis_85,MIP_vektet,2028,7,256.0,281.5,290.0,1895440.35,2156583.5,2273402.75,357561.25,474380.5,735523.6499999999,67.0,75.5,101.0,500
Basis_85,MIP_vektet,2028,8,255.0,281.0,290.0,1887632.85,2151548.0,2269606.85,361357.15,479416.0,743331.1499999999,67.0,76.0,102.0,500
Basis_85,MIP_vektet,2028,9,254.0,281.0,290.0,1879824.35,2146511.5,2265811.0,365153.0,484452.5,751139.6499999999,67.0,76.0,103.0,500
Basis_85,MIP_vektet,2028,10,253.95,280.0,290.0,1872015.85,2141476.0,2262015.1,368948.9,489488.0,758948.1499999999,67.0,77.0,103.04999999999995,500
Basis_85,MIP_vektet,2028,11,252.0,280.0,289.0,1864208.35,2136440.0,2258220.2,372743.8,494524.0,766755.6499999999,68.0,77.0,105.0,500
Basis_85,MIP_vektet,2028,12,251.95,279.0,289.0,1856399.85,2131404.5,2254424.3,376539.7,499559.5,774564.1499999999,68.0,78.0,105.04999999999995,500
Basis_85,MIP_vektet,2028,13,250.95,279.0,289.0,1848592.3,2126368.0,2250628.4,380335.6,504596.0,782371.6999999998,68.0,78.0,106.04999999999995,500
Basis_85,MIP_vektet,2028,14,249.95,279.0,288.0,1840783.85,2121332.5,2246832.55,384131.45,509631.5,790180.1499999999,69.0,78.0,107.04999999999995,500
Basis_85,MIP_vektet,2028,15,248.95,278.0,288.0,1832975.35,2116296.5,2243036.65,387927.35,514667.5,797988.6499999999,69.0,79.0,108.04999999999995,500
Basis_85,MIP_vektet,2028,16,248.9,278.0,288.0,1825167.8,2111260.5,2239240.8,391723.2,519703.5,805796.1999999998,69.0,79.0,108.09999999999991,500
Basis_85,MIP_vektet,2028,17,247.95,277.0,288.0,1817359.35,2106224.5,2235444.9,395519.1,524739.5,813604.6499999999,69.0,80.0,109.04999999999995,500
Basis_85,MIP_vektet,2028,18,246.0,277.0,287.0,1809551.8,2101189.0,2231649.05,399314.95,529775.0,821412.1999999998,70.0,80.0,111.0,500
Basis_85,MIP_vektet,2028,19,245.0,277.0,287.0,1801743.3,2096153.0,2227854.1,403109.9,534811.0,829220.6999999998,70.0,80.0,112.0,500
Basis_85,MIP_vektet,2028,20,243.95,276.0,286.04999999999995,1793934.85,2091117.0,2224058.2,406905.8,539847.0,837029.1499999999,70.95,81.0,113.04999999999995,500
Basis_85,MIP_vektet,2028,21,243.0,276.0,286.0,1786127.3,2086081.0,2220262.35,410701.65,544883.0,844836.6999999998,71.0,81.0,114.0,500
Basis_85,MIP_vektet,2028,22,241.95,275.0,286.0,1778318.8,2081045.5,2216466.45,414497.55,549918.5,852645.1999999998,71.0,82.0,115.04999999999995,500
Basis_85,MIP_vektet,2028,23,240.0,275.0,285.0,1770511.3,2076009.5,2212670.6,418293.4,554954.5,860452.6999999998,72.0,82.0,117.0,500
Basis_85,MIP_vektet,2028,24,239.95,274.0,285.0,1762702.8,2070973.5,2208874.7,422089.3,559990.5,868261.1999999998,72.0,83.0,117.04999999999995,500
Basis_85,MIP_vektet,2028,25,238.0,274.0,285.0,1754894.3,2065938.0,2205078.8,425885.2,565026.0,876069.6999999998,72.0,83.0,119.0,500
Basis_85,MIP_vektet,2028,26,237.0,273.0,285.0,1747086.8,2060902.0,2201282.95,429681.05,570062.0,883877.1999999998,72.0,84.0,120.0,500
Basis_85,MIP_vektet,2028,27,236.0,273.0,284.04999999999995,1739278.3,2055866.0,2197488.0,433476.0,575098.0,891685.6999999998,72.95,84.0,121.0,500
Basis_85,MIP_vektet,2028,28,234.95,272.0,284.0,1731470.75,2050830.0,2193692.15,437271.85,580134.0,899493.2499999999,73.0,85.0,122.04999999999995,500
Basis_85,MIP_vektet,2028,29,234.0,272.0,284.0,1723662.3,2045794.5,2189896.25,441067.75,585169.5,907301.6999999998,73.0,85.0,123.0,500
Basis_85,MIP_vektet,2028,30,233.95,271.0,283.0,1715853.8,2040758.5,2186100.35,444863.65,590205.5,915110.1999999998,74.0,86.0,123.04999999999995,500
Basis_85,MIP_vektet,2028,31,233.9,271.0,283.0,1708046.25,2035722.5,2182304.5,448659.5,595241.5,922917.7499999999,74.0,86.0,123.09999999999991,500
Basis_85,MIP_vektet,2028,32,231.95,271.0,282.0,1700237.8,2030686.5,2178508.6,452455.4,600277.5,930726.1999999998,75.0,86.0,125.04999999999995,500
Basis_85,MIP_vektet,2028,33,230.95,270.0,282.0,1692430.25,2025651.0,2174712.75,456251.25,605313.0,938533.7499999999,75.0,87.0,126.04999999999995,500
Basis_85,MIP_vektet,2028,34,229.0,269.0,282.0,1684621.75,2020615.0,2170916.85,460047.15,610349.0,946342.2499999999,75.0,88.0,128.0,500
Basis_85,MIP_vektet,2028,35,228.0,269.0,281.0,1676813.3,2015579.0,2167120.95,463843.05,615385.0,954150.6999999998,76.0,88.0,129.0,500
Basis_85,MIP_vektet,2028,36,227.0,268.0,281.0,1669005.75,2010543.0,2163326.05,467637.95,620421.0,961958.2499999999,76.0,89.0,130.0,500
Basis_85,MIP_vektet,2028,37,226.95,268.0,281.0,1661197.25,2005507.5,2159530.15,471433.85,625456.5,969766.7499999999,76.0,89.0,130.04999999999995,500
Basis_85,MIP_vektet,2028,38,226.95,267.0,280.0,1653389.75,2000471.0,2155734.3,475229.7,630493.0,977574.2499999999,77.0,90.0,130.04999999999995,500
Basis_85,MIP_vektet,2028,39,225.95,267.0,280.0,1645581.25,1995435.5,2151938.4,479025.6,635528.5,985382.7499999999,77.0,90.0,131.04999999999995,500
Basis_85,MIP_vektet,2028,40,224.95,267.0,280.0,1637772.75,1990399.5,2148142.5,482821.5,640564.5,993191.2499999999,77.0,90.0,132.04999999999995,500
Basis_85,MIP_vektet,2028,41,223.9,266.0,279.0,1629965.25,1985364.0,2144346.65,486617.35,645600.0,1000998.7499999998,78.0,91.0,133.0999999999999,500
Basis_85,MIP_vektet,2028,42,222.9,265.0,279.0,1622156.75,1980327.5,2140550.75,490413.25,650636.5,1008807.2499999998,78.0,92.0,134.0999999999999,500
Basis_85,MIP_vektet,2028,43,219.95,265.0,279.0,1614349.2,1975292.0,2136754.9,494209.1,655672.0,1016614.7999999998,78.0,92.0,137.04999999999995,500
Basis_85,MIP_vektet,2028,44,218.95,264.0,279.0,1606540.75,1970256.0,2132959.95,498004.05,660708.0,1024423.2499999998,78.0,93.0,138.04999999999995,500
Basis_85,MIP_vektet,2028,45,218.0,264.0,278.0,1598732.25,1965220.0,2129164.05,501799.95,665744.0,1032231.7499999998,79.0,93.0,139.0,500
Basis_85,MIP_vektet,2028,46,218.0,263.0,278.0,1590924.7,1960184.0,2125368.2,505595.8,670780.0,1040039.2999999998,79.0,94.0,139.0,500
Basis_85,MIP_vektet,2028,47,218.0,262.5,278.0,1583116.25,1955148.5,2121572.3,509391.7,675815.5,1047847.7499999998,79.0,94.5,139.0,500
Basis_85,MIP_vektet,2028,48,218.0,262.0,277.0,1575308.7,1950112.5,2117776.45,513187.55,680851.5,1055655.2999999998,80.0,95.0,139.0,500
Basis_85,MIP_vektet,2028,49,216.0,262.0,277.0,1567500.2,1945076.5,2113980.55,516983.45,685887.5,1063463.7999999998,80.0,95.0,141.0,500
Basis_85,MIP_vektet,2028,50,215.9,261.0,277.0,1559691.7,1940040.5,2110184.65,520779.35,690923.5,1071272.2999999998,80.0,96.0,141.0999999999999,500
Basis_85,MIP_vektet,2028,51,213.95,261.0,277.0,1551884.2,1935005.0,2106388.8,524575.2,695959.0,1079079.7999999998,80.0,96.0,143.04999999999995,500
Basis_85,MIP_vektet,2028,52,212.9,260.0,276.0,1544075.7,1929969.0,2102593.85,528370.15,700995.0,1086888.2999999998,81.0,97.0,144.0999999999999,500
Basis_85,MIP_vektet,2029,1,211.95,260.0,276.0,1536268.15,1924933.0,2098798.0,532166.0,706031.0,1094695.8499999999,81.0,97.0,145.04999999999995,500
Basis_85,MIP_vektet,2029,2,210.0,259.0,275.04999999999995,1528459.7,1919897.0,2095002.1,535961.9,711067.0,1102504.2999999998,81.95,98.0,147.0,500
Basis_85,MIP_vektet,2029,3,209.0,258.0,275.0,1520651.2,1914861.5,2091206.2,539757.8,716102.5,1110312.7999999998,82.0,99.0,148.0,500
Basis_85,MIP_vektet,2029,4,208.0,258.0,275.0,1512843.65,1909825.0,2087410.35,543553.65,721139.0,1118120.3499999999,82.0,99.0,149.0,500
Basis_85,MIP_vektet,2029,5,206.95,257.0,274.04999999999995,1505035.2,1904789.5,2083614.45,547349.55,726174.5,1125928.7999999998,82.95,100.0,150.04999999999995,500
Basis_85,MIP_vektet,2029,6,206.0,257.0,274.0,1497227.65,1899753.5,2079818.6,551145.4,731210.5,1133736.3499999999,83.0,100.0,151.0,500
Basis_85,MIP_vektet,2029,7,204.95,256.0,274.0,1489419.15,1894718.0,2076022.7,554941.3,736246.0,1141544.8499999999,83.0,101.0,152.04999999999995,500
Basis_85,MIP_vektet,2029,8,203.95,255.5,273.04999999999995,1481610.7,1889681.5,2072226.8,558737.2,741282.5,1149353.2999999998,83.95,101.5,153.04999999999995,500
Basis_85,MIP_vektet,2029,9,202.0,255.0,273.0,1473803.15,1884646.0,2068431.9,562532.1,746318.0,1157160.8499999999,84.0,102.0,155.0,500
Basis_85,MIP_vektet,2029,10,202.0,254.0,273.0,1465994.65,1879610.0,2064636.0,566328.0,751354.0,1164969.3499999999,84.0,103.0,155.0,500
Basis_85,MIP_vektet,2029,11,200.95,254.0,272.0,1458187.15,1874574.5,2060840.15,570123.85,756389.5,1172776.8499999999,85.0,103.0,156.04999999999995,500
Basis_85,MIP_vektet,2029,12,199.95,253.0,272.0,1450378.65,1869538.0,2057044.25,573919.75,761426.0,1180585.3499999999,85.0,104.0,157.04999999999995,500
Basis_85,MIP_vektet,2029,13,198.0,253.0,272.0,1442570.15,1864502.5,2053248.35,577715.65,766461.5,1188393.8499999999,85.0,104.0,159.0,500
Basis_85,MIP_vektet,2029,14,197.0,252.0,271.04999999999995,1434762.65,1859466.5,2049452.5,581511.5,771497.5,1196201.3499999999,85.95,105.0,160.0,500
Basis_85,MIP_vektet,2029,15,196.0,252.0,271.0,1426954.15,1854430.5,2045656.6,585307.4,776533.5,1204009.8499999999,86.0,105.0,161.0,500
Basis_85,MIP_vektet,2029,16,194.95,251.0,271.0,1419146.6,1849394.5,2041860.75,589103.25,781569.5,1211817.3999999997,86.0,106.0,162.04999999999995,500
Basis_85,MIP_vektet,2029,17,194.0,250.0,271.0,1411338.15,1844359.0,2038065.8,592898.2,786605.0,1219625.8499999999,86.0,107.0,163.0,500
Basis_85,MIP_vektet,2029,18,192.95,249.5,270.04999999999995,1403529.65,1839323.0,2034269.9,596694.1,791641.0,1227434.3499999999,86.95,107.5,164.04999999999995,500
Basis_85,MIP_vektet,2029,19,191.0,249.0,270.0,1395722.1,1834287.0,2030474.05,600489.95,796677.0,1235241.8999999997,87.0,108.0,166.0,500
Basis_85,MIP_vektet,2029,20,189.0,248.0,270.0,1387913.65,1829251.0,2026678.15,604285.85,801713.0,1243050.3499999999,87.0,109.0,168.0,500
Basis_85,MIP_vektet,2029,21,188.0,248.0,270.0,1380105.15,1824215.5,2022882.3,608081.7,806748.5,1250858.8499999999,87.0,109.0,169.0,500
Basis_85,MIP_vektet,2029,22,187.95,247.0,269.0,1372297.6,1819179.5,2019086.4,611877.6,811784.5,1258666.3999999997,88.0,110.0,169.04999999999995,500
Basis_85,MIP_vektet,2029,23,186.0,247.0,269.0,1364489.15,1814143.5,2015290.5,615673.5,816820.5,1266474.8499999999,88.0,110.0,171.0,500
Basis_85,MIP_vektet,2029,24,185.0,246.0,268.0,1356681.6,1809107.5,2011494.65,619469.35,821856.5,1274282.3999999997,89.0,111.0,172.0,500
Basis_85,MIP_vektet,2029,25,183.0,246.0,268.0,1348873.1,1804072.0,2007699.7,623264.3,826892.0,1282090.8999999997,89.0,111.0,174.0,500
Basis_85,MIP_vektet,2029,26,183.0,245.0,267.0,1341064.65,1799035.5,2003903.85,627060.15,831928.5,1289899.3499999999,90.0,112.0,174.0,500
Basis_85,MIP_vektet,2029,27,181.95,244.5,267.0,1333257.1,1794000.0,2000107.95,630856.05,836964.0,1297706.8999999997,90.0,112.5,175.04999999999995,500
Basis_85,MIP_vektet,2029,28,180.9,244.0,267.0,1325448.6,1788964.0,1996312.05,634651.95,842000.0,1305515.3999999997,90.0,113.0,176.0999999999999,500
Basis_85,MIP_vektet,2029,29,178.95,243.0,267.0,1317641.1,1783928.5,1992516.2,638447.8,847035.5,1313322.8999999997,90.0,114.0,178.04999999999995,500
Basis_85,MIP_vektet,2029,30,177.0,243.0,266.0,1309832.6,1778892.0,1988720.3,642243.7,852072.0,1321131.3999999997,91.0,114.0,180.0,500
Basis_85,MIP_vektet,2029,31,176.95,242.0,266.0,1302024.1,1773856.5,1984924.45,646039.55,857107.5,1328939.8999999997,91.0,115.0,180.04999999999995,500
Basis_85,MIP_vektet,2029,32,175.95,241.0,265.0,1294216.6,1768820.5,1981128.55,649835.45,862143.5,1336747.3999999997,92.0,116.0,181.04999999999995,500
Basis_85,MIP_vektet,2029,33,173.95,240.5,265.0,1286408.1,1763785.0,1977332.65,653631.35,867179.0,1344555.8999999997,92.0,116.5,183.04999999999995,500
Basis_85,MIP_vektet,2029,34,172.95,240.0,264.0,1278600.55,1758748.5,1973537.75,657426.25,872215.5,1352363.4499999997,93.0,117.0,184.04999999999995,500
Basis_85,MIP_vektet,2029,35,172.95,239.0,264.0,1270792.1,1753713.0,1969741.85,661222.15,877251.0,1360171.8999999997,93.0,118.0,184.04999999999995,500
Basis_85,MIP_vektet,2029,36,171.9,239.0,263.04999999999995,1262983.6,1748677.0,1965946.0,665018.0,882287.0,1367980.3999999997,93.95,118.0,185.0999999999999,500
Basis_85,MIP_vektet,2029,37,169.9,238.0,263.04999999999995,1255176.05,1743641.0,1962150.1,668813.9,887323.0,1375787.9499999997,93.95,119.0,187.0999999999999,500
Basis_85,MIP_vektet,2029,38,168.9,237.5,262.0999999999999,1247367.6,1738605.0,1958354.2,672609.8,892359.0,1383596.3999999997,94.9,119.5,188.0999999999999,500
Basis_85,MIP_vektet,2029,39,168.9,237.0,262.04999999999995,1239560.05,1733569.5,1954558.35,676405.65,897394.5,1391403.9499999997,94.95,120.0,188.0999999999999,500
Basis_85,MIP_vektet,2029,40,167.0,236.0,262.04999999999995,1231751.55,1728533.5,1950762.45,680201.55,902430.5,1399212.4499999997,94.95,121.0,190.0,500
Basis_85,MIP_vektet,2029,41,166.0,235.0,261.04999999999995,1223943.1,1723497.5,1946966.6,683997.4,907466.5,1407020.8999999997,95.95,122.0,191.0,500
Basis_85,MIP_vektet,2029,42,164.95,235.0,261.0,1216135.55,1718461.5,1943171.65,687792.35,912502.5,1414828.4499999997,96.0,122.0,192.04999999999995,500
Basis_85,MIP_vektet,2029,43,163.9,234.0,261.0,1208327.05,1713426.0,1939375.75,691588.25,917538.0,1422636.9499999997,96.0,123.0,193.0999999999999,500
Basis_85,MIP_vektet,2029,44,161.9,234.0,260.0,1200519.55,1708390.0,1935579.9,695384.1,922574.0,1430444.4499999997,97.0,123.0,195.0999999999999,500
Basis_85,MIP_vektet,2029,45,160.95,233.0,260.0,1192711.05,1703354.0,1931784.0,699180.0,927610.0,1438252.9499999997,97.0,124.0,196.04999999999995,500
Basis_85,MIP_vektet,2029,46,159.9,232.5,260.0,1184902.55,1698318.0,1927988.15,702975.85,932646.0,1446061.4499999997,97.0,124.5,197.0999999999999,500
Basis_85,MIP_vektet,2029,47,157.95,232.0,260.0,1177095.05,1693282.5,1924192.25,706771.75,937681.5,1453868.9499999997,97.0,125.0,199.04999999999995,500
Basis_85,MIP_vektet,2029,48,156.0,231.0,260.0,1169286.55,1688246.0,1920396.35,710567.65,942718.0,1461677.4499999997,97.0,126.0,201.0,500
Basis_85,MIP_vektet,2029,49,155.0,230.0,259.0,1161479.0,1683210.5,1916600.5,714363.5,947753.5,1469484.9999999998,98.0,127.0,202.0,500
Basis_85,MIP_vektet,2029,50,153.0,230.0,259.0,1153670.5,1678174.5,1912805.55,718158.45,952789.5,1477293.4999999998,98.0,127.0,204.0,500
Basis_85,MIP_vektet,2029,51,152.0,229.0,258.0,1145862.05,1673139.0,1909009.7,721954.3,957825.0,1485101.9499999997,99.0,128.0,205.0,500
Basis_85,MIP_vektet,2029,52,151.0,228.0,258.0,1138054.5,1668102.5,1905213.8,725750.2,962861.5,1492909.4999999998,99.0,129.0,206.0,500
Basis_85,MIP_vektet,2030,1,150.95,228.0,257.04999999999995,1130246.0,1663067.0,1901417.9,729546.1,967897.0,1500717.9999999998,99.95,129.0,206.04999999999995,500
Basis_85,MIP_vektet,2030,2,150.9,227.0,257.0,1122438.5,1658031.0,1897622.05,733341.95,972933.0,1508525.4999999998,100.0,130.0,206.0999999999999,500
Basis_85,MIP_vektet,2030,3,148.95,227.0,257.0,1114630.0,1652995.5,1893826.15,737137.85,977968.5,1516333.9999999998,100.0,130.0,208.04999999999995,500
Basis_85,MIP_vektet,2030,4,147.95,226.0,256.04999999999995,1106821.5,1647959.0,1890030.3,740933.7,983005.0,1524142.4999999998,100.95,131.0,209.04999999999995,500
Basis_85,MIP_vektet,2030,5,146.0,225.0,256.0,1099014.0,1642923.5,1886234.4,744729.6,988040.5,1531949.9999999998,101.0,132.0,211.0,500
Basis_85,MIP_vektet,2030,6,145.0,224.0,255.0,1091205.5,1637887.5,1882438.55,748525.45,993076.5,1539758.4999999998,102.0,133.0,212.0,500
Basis_85,MIP_vektet,2030,7,144.0,223.5,255.0,1083397.95,1632851.5,1878643.6,752320.4,998112.5,1547566.0499999998,102.0,133.5,213.0,500
Basis_85,MIP_vektet,2030,8,142.95,223.0,255.0,1075589.5,1627815.5,1874847.7,756116.3,1003148.5,1555374.4999999998,102.0,134.0,214.04999999999995,500
Basis_85,MIP_vektet,2030,9,141.0,222.0,254.0,1067781.0,1622780.0,1871051.85,759912.15,1008184.0,1563182.9999999998,103.0,135.0,216.0,500
Basis_85,MIP_vektet,2030,10,140.95,222.0,254.0,1059973.45,1617744.0,1867255.95,763708.05,1013220.0,1570990.5499999998,103.0,135.0,216.04999999999995,500
Basis_85,MIP_vektet,2030,11,139.0,221.0,253.04999999999995,1052165.0,1612708.0,1863460.1,767503.9,1018256.0,1578798.9999999998,103.95,136.0,218.0,500
Basis_85,MIP_vektet,2030,12,137.95,220.0,253.0,1044357.4500000001,1607672.0,1859664.2,771299.8,1023292.0,1586606.5499999998,104.0,137.0,219.04999999999995,500
Basis_85,MIP_vektet,2030,13,135.95,220.0,253.0,1036548.9500000001,1602636.5,1855868.3,775095.7,1028327.5,1594415.0499999998,104.0,137.0,221.04999999999995,500
Basis_85,MIP_vektet,2030,14,133.95,219.0,252.04999999999995,1028740.5,1597600.5,1852072.45,778891.55,1033363.5,1602223.4999999998,104.95,138.0,223.04999999999995,500
Basis_85,MIP_vektet,2030,15,133.95,219.0,251.04999999999995,1020932.9500000001,1592564.5,1848277.5,782686.5,1038399.5,1610031.0499999998,105.95,138.0,223.04999999999995,500
Basis_85,MIP_vektet,2030,16,133.0,218.0,251.0,1013124.4500000001,1587528.5,1844481.65,786482.35,1043435.5,1617839.5499999998,106.0,139.0,224.0,500
Basis_85,MIP_vektet,2030,17,132.95,217.0,250.0,1005316.9500000001,1582493.0,1840685.75,790278.25,1048471.0,1625647.0499999998,107.0,140.0,224.04999999999995,500
Basis_85,MIP_vektet,2030,18,131.0,217.0,250.0,997508.4500000001,1577456.5,1836889.85,794074.15,1053507.5,1633455.5499999998,107.0,140.0,226.0,500
Basis_85,MIP_vektet,2030,19,129.0,216.0,249.0,989699.9500000001,1572421.0,1833094.0,797870.0,1058543.0,1641264.0499999998,108.0,141.0,228.0,500
Basis_85,MIP_vektet,2030,20,129.0,215.0,248.0,981892.4500000001,1567385.0,1829298.1,801665.9,1063579.0,1649071.5499999998,109.0,142.0,228.0,500
Basis_85,MIP_vektet,2030,21,128.9,214.5,248.0,974083.9500000001,1562349.5,1825502.25,805461.75,1068614.5,1656880.0499999998,109.0,142.5,228.0999999999999,500
Basis_85,MIP_vektet,2030,22,127.85000000000001,214.0,247.0,966276.4,1557313.0,1821706.35,809257.65,1073651.0,1664687.5999999996,110.0,143.0,229.14999999999986,500
Basis_85,MIP_vektet,2030,23,125.95,213.0,247.0,958467.9500000001,1552277.5,1817911.4,813052.6,1078686.5,1672496.0499999998,110.0,144.0,231.04999999999995,500
Basis_85,MIP_vektet,2030,24,125.9,212.0,246.04999999999995,950659.4500000001,1547241.5,1814115.55,816848.45,1083722.5,1680304.5499999998,110.95,145.0,231.0999999999999,500
Basis_85,MIP_vektet,2030,25,124.85000000000001,212.0,246.04999999999995,942851.9,1542206.0,1810319.65,820644.35,1088758.0,1688112.0999999996,110.95,145.0,232.14999999999986,500
Basis_85,MIP_vektet,2030,26,121.95,210.5,246.0,935043.4500000001,1537169.5,1806523.8,824440.2,1093794.5,1695920.5499999998,111.0,146.5,235.04999999999995,500
Basis_85,MIP_vektet,2030,27,121.9,210.0,245.0,927235.9,1532134.0,1802727.9,828236.1,1098830.0,1703728.0999999996,112.0,147.0,235.0999999999999,500
Basis_85,MIP_vektet,2030,28,120.9,209.0,245.0,919427.4,1527098.0,1798932.0,832032.0,1103866.0,1711536.5999999996,112.0,148.0,236.0999999999999,500
Basis_85,MIP_vektet,2030,29,119.85000000000001,208.5,244.0,911618.9500000001,1522062.0,1795136.15,835827.85,1108902.0,1719345.0499999998,113.0,148.5,237.14999999999986,500
Basis_85,MIP_vektet,2030,30,118.85000000000001,208.0,243.0,903811.4,1517026.0,1791340.25,839623.75,1113938.0,1727152.5999999996,114.0,149.0,238.14999999999986,500
Basis_85,MIP_vektet,2030,31,117.9,207.0,243.0,896002.9,1511990.5,1787544.4,843419.6,1118973.5,1734961.0999999996,114.0,150.0,239.0999999999999,500
Basis_85,MIP_vektet,2030,32,117.85000000000001,207.0,242.04999999999995,888195.4,1506954.5,1783749.45,847214.55,1124009.5,1742768.5999999996,114.95,150.0,239.14999999999986,500
Basis_85,MIP_vektet,2030,33,115.85000000000001,206.0,242.0,880386.9,1501918.5,1779953.55,851010.45,1129045.5,1750577.0999999996,115.0,151.0,241.14999999999986,500
Basis_85,MIP_vektet,2030,34,114.9,205.0,241.0,872578.4,1496882.5,1776157.7,854806.3,1134081.5,1758385.5999999996,116.0,152.0,242.0999999999999,500
Basis_85,MIP_vektet,2030,35,113.85000000000001,205.0,241.0,864770.9,1491847.0,1772361.8,858602.2,1139117.0,1766193.0999999996,116.0,152.0,243.14999999999986,500
Basis_85,MIP_vektet,2030,36,110.9,204.0,240.0,856962.4,1486811.0,1768565.95,862398.05,1144153.0,1774001.5999999996,117.0,153.0,246.0999999999999,500
Basis_85,MIP_vektet,2030,37,109.0,203.0,240.0,849154.85,1481775.0,1764770.05,866193.95,1149189.0,1781809.1499999997,117.0,154.0,248.0,500
Basis_85,MIP_vektet,2030,38,107.95,203.0,239.0,841346.4,1476739.0,1760974.15,869989.85,1154225.0,1789617.5999999996,118.0,154.0,249.04999999999995,500
Basis_85,MIP_vektet,2030,39,106.0,202.0,239.0,833537.9,1471703.5,1757178.3,873785.7,1159260.5,1797426.0999999996,118.0,155.0,251.0,500
Basis_85,MIP_vektet,2030,40,104.95,201.0,238.04999999999995,825730.35,1466667.0,1753383.3499999999,877580.65,1164297.0,1805233.6499999997,118.95,156.0,252.04999999999995,500
Basis_85,MIP_vektet,2030,41,104.95,201.0,238.04999999999995,817921.9,1461631.5,1749587.5,881376.5,1169332.5,1813042.0999999996,118.95,156.0,252.04999999999995,500
Basis_85,MIP_vektet,2030,42,103.0,200.0,237.04999999999995,810114.35,1456595.5,1745791.5999999999,885172.4,1174368.5,1820849.6499999997,119.95,157.0,254.0,500
Basis_85,MIP_vektet,2030,43,102.9,199.0,237.04999999999995,802305.85,1451560.0,1741995.7,888968.3,1179404.0,1828658.1499999997,119.95,158.0,254.0999999999999,500
Basis_85,MIP_vektet,2030,44,100.95,199.0,236.04999999999995,794497.4,1446523.5,1738199.8499999999,892764.15,1184440.5,1836466.5999999996,120.95,158.0,256.04999999999995,500
Basis_85,MIP_vektet,2030,45,100.0,198.0,236.0,786689.85,1441488.0,1734403.95,896560.05,1189476.0,1844274.1499999997,121.0,159.0,257.0,500
Basis_85,MIP_vektet,2030,46,99.95,197.0,236.0,778881.35,1436452.0,1730608.0999999999,900355.9,1194512.0,1852082.6499999997,121.0,160.0,257.04999999999995,500
Basis_85,MIP_vektet,2030,47,98.95,196.5,235.0,771073.85,1431416.5,1726812.2,904151.8,1199547.5,1859890.1499999997,122.0,160.5,258.04999999999995,500
Basis_85,MIP_vektet,2030,48,97.0,196.0,235.0,763265.35,1426380.0,1723017.25,907946.75,1204584.0,1867698.6499999997,122.0,161.0,260.0,500
Basis_85,MIP_vektet,2030,49,95.95,195.0,234.04999999999995,755456.85,1421344.5,1719221.4,911742.6,1209619.5,1875507.1499999997,122.95,162.0,261.04999999999995,500
Basis_85,MIP_vektet,2030,50,94.95,194.0,234.04999999999995,747649.35,1416308.5,1715425.5,915538.5,1214655.5,1883314.6499999997,122.95,163.0,262.04999999999995,500
Basis_85,MIP_vektet,2030,51,94.0,194.0,234.0,739840.85,1411272.5,1711629.65,919334.35,1219691.5,1891123.1499999997,123.0,163.0,263.0,500
Basis_85,MIP_vektet,2030,52,92.0,193.0,233.04999999999995,732033.3,1406236.5,1707833.75,923130.25,1224727.5,1898930.6999999997,123.95,164.0,265.0,500
Basis_85,MIP_vektet,2031,1,91.0,192.0,233.0,724224.8,1401201.0,1704037.8499999999,926926.15,1229763.0,1906739.1999999997,124.0,165.0,266.0,500
Basis_85,MIP_vektet,2031,2,91.0,192.0,232.0,716416.35,1396165.0,1700242.0,930722.0,1234799.0,1914547.6499999997,125.0,165.0,266.0,500
Basis_85,MIP_vektet,2031,3,90.95,191.0,232.0,708608.8,1391129.0,1696446.0999999999,934517.9,1239835.0,1922355.1999999997,125.0,166.0,266.04999999999995,500
Basis_85,MIP_vektet,2031,4,89.0,190.0,231.0,700800.3,1386093.0,1692650.25,938313.75,1244871.0,1930163.6999999997,126.0,167.0,268.0,500
Basis_85,MIP_vektet,2031,5,87.95,189.0,231.0,692992.8,1381057.5,1688855.3,942108.7,1249906.5,1937971.1999999997,126.0,168.0,269.04999999999995,500
Basis_85,MIP_vektet,2031,6,86.95,189.0,230.0,685184.3,1376022.0,1685059.4,945904.6,1254942.0,1945779.6999999997,127.0,168.0,270.04999999999995,500
Basis_85,MIP_vektet,2031,7,85.95,188.0,230.0,677375.8,1370985.5,1681263.55,949700.45,1259978.5,1953588.1999999997,127.0,169.0,271.04999999999995,500
Basis_85,MIP_vektet,2031,8,84.9,187.0,229.0,669568.3,1365950.0,1677467.65,953496.35,1265014.0,1961395.6999999997,128.0,170.0,272.0999999999999,500
Basis_85,MIP_vektet,2031,9,83.0,186.0,229.0,661759.8,1360914.0,1673671.8,957292.2,1270050.0,1969204.1999999997,128.0,171.0,274.0,500
Basis_85,MIP_vektet,2031,10,82.95,186.0,228.04999999999995,653952.25,1355878.0,1669875.9,961088.1,1275086.0,1977011.7499999998,128.95,171.0,274.04999999999995,500
Basis_85,MIP_vektet,2031,11,81.95,186.0,227.04999999999995,646143.8,1350842.0,1666080.0,964884.0,1280122.0,1984820.1999999997,129.95,171.0,275.04999999999995,500
Basis_85,MIP_vektet,2031,12,79.0,185.0,226.04999999999995,638335.3,1345806.5,1662284.15,968679.85,1285157.5,1992628.6999999997,130.95,172.0,278.0,500
Basis_85,MIP_vektet,2031,13,78.95,185.0,226.0,630527.75,1340770.5,1658489.2,972474.8,1290193.5,2000436.2499999995,131.0,172.0,278.04999999999995,500
Basis_85,MIP_vektet,2031,14,77.0,184.0,225.0,622719.3,1335734.5,1654693.3499999999,976270.65,1295229.5,2008244.6999999997,132.0,173.0,280.0,500
Basis_85,MIP_vektet,2031,15,75.95,182.5,225.0,614911.75,1330698.5,1650897.45,980066.55,1300265.5,2016052.2499999995,132.0,174.5,281.04999999999995,500
Basis_85,MIP_vektet,2031,16,74.9,182.0,225.0,607103.25,1325663.0,1647101.55,983862.45,1305301.0,2023860.7499999995,132.0,175.0,282.0999999999999,500
Basis_85,MIP_vektet,2031,17,74.85000000000001,181.5,224.0,599294.8,1320627.0,1643305.7,987658.3,1310337.0,2031669.1999999997,133.0,175.5,282.14999999999986,500
Basis_85,MIP_vektet,2031,18,72.95,180.5,224.0,591487.25,1315591.0,1639509.8,991454.2,1315373.0,2039476.7499999995,133.0,176.5,284.04999999999995,500
Basis_85,MIP_vektet,2031,19,72.9,179.0,223.0,583678.75,1310555.0,1635713.95,995250.05,1320409.0,2047285.2499999995,134.0,178.0,284.0999999999999,500
Basis_85,MIP_vektet,2031,20,71.9,178.5,223.0,575871.25,1305519.5,1631918.05,999045.95,1325444.5,2055092.7499999995,134.0,178.5,285.0999999999999,500
Basis_85,MIP_vektet,2031,21,69.95,177.5,222.0,568062.75,1300483.0,1628123.0999999999,1002840.9,1330481.0,2062901.2499999995,135.0,179.5,287.04999999999995,500
Basis_85,MIP_vektet,2031,22,69.0,177.0,222.0,560254.25,1295447.5,1624327.25,1006636.75,1335516.5,2070709.7499999995,135.0,180.0,288.0,500
Basis_85,MIP_vektet,2031,23,67.95,176.0,221.04999999999995,552446.75,1290411.5,1620531.3499999999,1010432.65,1340552.5,2078517.2499999995,135.95,181.0,289.04999999999995,500
Basis_85,MIP_vektet,2031,24,66.95,175.5,220.0999999999999,544638.25,1285376.0,1616735.5,1014228.5,1345588.0,2086325.7499999995,136.9,181.5,290.04999999999995,500
Basis_85,MIP_vektet,2031,25,66.95,174.5,219.0999999999999,536830.7000000001,1280339.5,1612939.5999999999,1018024.4,1350624.5,2094133.2999999996,137.9,182.5,290.04999999999995,500
Basis_85,MIP_vektet,2031,26,64.95,173.5,219.0999999999999,529022.25,1275304.0,1609143.7,1021820.3,1355660.0,2101941.7499999995,137.9,183.5,292.04999999999995,500
Basis_85,MIP_vektet,2031,27,63.95,173.0,219.0999999999999,521213.75,1270268.0,1605347.8499999999,1025616.15,1360696.0,2109750.2499999995,137.9,184.0,293.04999999999995,500
Basis_85,MIP_vektet,2031,28,62.0,172.5,219.04999999999995,513406.2,1265232.5,1601551.95,1029412.05,1365731.5,2117557.8,137.95,184.5,295.0,500
Basis_85,MIP_vektet,2031,29,61.0,172.0,219.04999999999995,505597.75,1260196.0,1597756.0999999999,1033207.9,1370768.0,2125366.2499999995,137.95,185.0,296.0,500
Basis_85,MIP_vektet,2031,30,60.0,171.0,219.0,497790.2,1255160.5,1593961.15,1037002.85,1375803.5,2133173.8,138.0,186.0,297.0,500
Basis_85,MIP_vektet,2031,31,59.95,170.5,218.0,489981.7,1250124.5,1590165.25,1040798.75,1380839.5,2140982.3,139.0,186.5,297.04999999999995,500
Basis_85,MIP_vektet,2031,32,58.95,169.0,218.0,482173.25,1245088.5,1586369.4,1044594.6,1385875.5,2148790.7499999995,139.0,188.0,298.04999999999995,500
Basis_85,MIP_vektet,2031,33,57.0,168.0,217.0,474365.7,1240052.5,1582573.5,1048390.5,1390911.5,2156598.3,140.0,189.0,300.0,500
Basis_85,MIP_vektet,2031,34,55.95,167.0,217.0,466557.2,1235017.0,1578777.65,1052186.35,1395947.0,2164406.8,140.0,190.0,301.04999999999995,500
Basis_85,MIP_vektet,2031,35,55.0,166.0,216.04999999999995,458749.7,1229981.0,1574981.75,1055982.25,1400983.0,2172214.3,140.95,191.0,302.0,500
Basis_85,MIP_vektet,2031,36,54.95,166.0,216.0,450941.2,1224945.0,1571185.8499999999,1059778.15,1406019.0,2180022.8,141.0,191.0,302.04999999999995,500
Basis_85,MIP_vektet,2031,37,53.0,165.0,215.04999999999995,443132.7,1219909.0,1567390.0,1063574.0,1411055.0,2187831.3,141.95,192.0,304.0,500
Basis_85,MIP_vektet,2031,38,52.0,164.0,214.04999999999995,435325.2,1214873.5,1563595.05,1067368.95,1416090.5,2195638.8,142.95,193.0,305.0,500
Basis_85,MIP_vektet,2031,39,52.0,163.0,214.0,427516.7,1209837.5,1559799.2,1071164.8,1421126.5,2203447.3,143.0,194.0,305.0,500
Basis_85,MIP_vektet,2031,40,51.95,163.0,213.04999999999995,419709.15,1204801.5,1556003.3,1074960.7,1426162.5,2211254.8499999996,143.95,194.0,305.04999999999995,500
Basis_85,MIP_vektet,2031,41,50.95,162.0,212.04999999999995,411900.7,1199765.5,1552207.4,1078756.6,1431198.5,2219063.3,144.95,195.0,306.04999999999995,500
Basis_85,MIP_vektet,2031,42,49.95,161.0,212.04999999999995,404092.2,1194730.0,1548411.55,1082552.45,1436234.0,2226871.8,144.95,196.0,307.04999999999995,500
Basis_85,MIP_vektet,2031,43,48.0,160.5,212.04999999999995,396284.65,1189693.5,1544615.65,1086348.35,1441270.5,2234679.3499999996,144.95,196.5,309.0,500
Basis_85,MIP_vektet,2031,44,47.95,159.5,212.0,388476.2,1184658.0,1540819.8,1090144.2,1446306.0,2242487.8,145.0,197.5,309.04999999999995,500
Basis_85,MIP_vektet,2031,45,47.0,159.0,211.04999999999995,380668.65,1179622.0,1537023.9,1093940.1,1451342.0,2250295.3499999996,145.95,198.0,310.0,500
Basis_85,MIP_vektet,2031,46,46.0,158.0,211.0,372860.15,1174586.5,1533229.0,1097735.0,1456377.5,2258103.8499999996,146.0,199.0,311.0,500
Basis_85,MIP_vektet,2031,47,45.0,157.5,210.0,365051.7,1169550.0,1529433.0999999999,1101530.9,1461414.0,2265912.3,147.0,199.5,312.0,500
Basis_85,MIP_vektet,2031,48,44.95,157.0,210.0,357244.15,1164514.5,1525637.2,1105326.8,1466449.5,2273719.8499999996,147.0,200.0,312.04999999999995,500
Basis_85,MIP_vektet,2031,49,43.95,156.0,209.04999999999995,349435.65,1159478.5,1521841.3499999999,1109122.65,1471485.5,2281528.3499999996,147.95,201.0,313.04999999999995,500
Basis_85,MIP_vektet,2031,50,41.95,156.0,209.0,341628.15,1154443.0,1518045.45,1112918.55,1476521.0,2289335.8499999996,148.0,201.0,315.04999999999995,500
Basis_85,MIP_vektet,2031,51,41.95,155.0,208.04999999999995,333819.65,1149406.5,1514249.5999999999,1116714.4,1481557.5,2297144.3499999996,148.95,202.0,315.04999999999995,500
Basis_85,MIP_vektet,2031,52,40.95,155.0,208.0,326011.15,1144371.0,1510453.7,1120510.3,1486593.0,2304952.8499999996,149.0,202.0,316.04999999999995,500
Basis_85,MIP_vektet,2032,1,39.95,154.0,208.0,318203.65,1139335.0,1506657.8,1124306.2,1491629.0,2312760.3499999996,149.0,203.0,317.04999999999995,500
Basis_85,MIP_vektet,2032,2,38.95,153.0,207.0,310395.15,1134299.0,1502861.95,1128102.05,1496665.0,2320568.8499999996,150.0,204.0,318.04999999999995,500
Basis_85,MIP_vektet,2032,3,38.900000000000006,152.5,206.0,302587.60000000003,1129263.0,1499067.0,1131897.0,1501701.0,2328376.3999999994,151.0,204.5,318.0999999999999,500
Basis_85,MIP_vektet,2032,4,36.95,151.5,206.0,294779.10000000003,1124227.5,1495271.15,1135692.85,1506736.5,2336184.8999999994,151.0,205.5,320.04999999999995,500
Basis_85,MIP_vektet,2032,5,35.900000000000006,151.0,205.04999999999995,286970.65,1119191.5,1491475.25,1139488.75,1511772.5,2343993.3499999996,151.95,206.0,321.0999999999999,500
Basis_85,MIP_vektet,2032,6,34.95,150.0,205.0,279163.10000000003,1114155.5,1487679.3499999999,1143284.65,1516808.5,2351800.8999999994,152.0,207.0,322.04999999999995,500
Basis_85,MIP_vektet,2032,7,33.95,149.0,204.0,271354.60000000003,1109119.5,1483883.5,1147080.5,1521844.5,2359609.3999999994,153.0,208.0,323.04999999999995,500
Basis_85,MIP_vektet,2032,8,32.0,149.0,204.0,263547.10000000003,1104084.0,1480087.5999999999,1150876.4,1526880.0,2367416.8999999994,153.0,208.0,325.0,500
Basis_85,MIP_vektet,2032,9,30.950000000000003,148.5,203.0,255738.60000000003,1099048.0,1476291.75,1154672.25,1531916.0,2375225.3999999994,154.0,208.5,326.04999999999995,500
Basis_85,MIP_vektet,2032,10,29.950000000000003,147.5,202.04999999999995,247930.10000000003,1094012.0,1472495.8499999999,1158468.15,1536952.0,2383033.8999999994,154.95,209.5,327.04999999999995,500
Basis_85,MIP_vektet,2032,11,29.0,147.0,202.0,240122.60000000003,1088976.0,1468700.9,1162263.1,1541988.0,2390841.3999999994,155.0,210.0,328.0,500
Basis_85,MIP_vektet,2032,12,28.0,146.0,201.04999999999995,232314.10000000003,1083940.5,1464905.05,1166058.95,1547023.5,2398649.8999999994,155.95,211.0,329.0,500
Basis_85,MIP_vektet,2032,13,27.950000000000003,145.0,201.0,224506.55000000002,1078904.0,1461109.15,1169854.85,1552060.0,2406457.4499999997,156.0,212.0,329.04999999999995,500
Basis_85,MIP_vektet,2032,14,26.950000000000003,145.0,200.0,216698.10000000003,1073868.5,1457313.3,1173650.7,1557095.5,2414265.8999999994,157.0,212.0,330.04999999999995,500
Basis_85,MIP_vektet,2032,15,26.0,143.5,200.0,208889.60000000003,1068832.5,1453517.4,1177446.6,1562131.5,2422074.3999999994,157.0,213.5,331.0,500
Basis_85,MIP_vektet,2032,16,25.950000000000003,143.0,199.0,201082.05000000002,1063797.0,1449721.5,1181242.5,1567167.0,2429881.9499999997,158.0,214.0,331.04999999999995,500
Basis_85,MIP_vektet,2032,17,25.950000000000003,142.0,198.0,193273.60000000003,1058760.5,1445925.65,1185038.35,1572203.5,2437690.3999999994,159.0,215.0,331.04999999999995,500
Basis_85,MIP_vektet,2032,18,24.950000000000003,142.0,198.0,185466.05000000002,1053725.0,1442129.75,1188834.25,1577239.0,2445497.9499999997,159.0,215.0,332.04999999999995,500
Basis_85,MIP_vektet,2032,19,23.950000000000003,141.0,198.0,177657.55000000002,1048689.0,1438334.8499999999,1192629.15,1582275.0,2453306.4499999997,159.0,216.0,333.04999999999995,500
Basis_85,MIP_vektet,2032,20,23.0,140.0,198.0,169849.10000000003,1043653.5,1434538.95,1196425.05,1587310.5,2461114.8999999994,159.0,217.0,334.0,500
Basis_85,MIP_vektet,2032,21,22.900000000000006,139.0,197.04999999999995,162041.55000000002,1038617.0,1430743.05,1200220.95,1592347.0,2468922.4499999997,159.95,218.0,334.0999999999999,500
Basis_85,MIP_vektet,2032,22,21.950000000000003,138.0,197.04999999999995,154233.05000000002,1033581.5,1426947.2,1204016.8,1597382.5,2476730.9499999997,159.95,219.0,335.04999999999995,500
Basis_85,MIP_vektet,2032,23,21.0,137.0,196.04999999999995,146425.55000000002,1028545.5,1423151.3,1207812.7,1602418.5,2484538.4499999997,160.95,220.0,336.0,500
Basis_85,MIP_vektet,2032,24,19.0,137.0,196.04999999999995,138617.05000000002,1023509.5,1419355.45,1211608.55,1607454.5,2492346.9499999997,160.95,220.0,338.0,500
Basis_85,MIP_vektet,2032,25,19.0,136.0,195.04999999999995,130808.55000000003,1018473.5,1415559.55,1215404.45,1612490.5,2500155.4499999997,161.95,221.0,338.0,500
Basis_85,MIP_vektet,2032,26,18.950000000000003,136.0,195.0,123001.05000000003,1013438.0,1411763.65,1219200.35,1617526.0,2507962.9499999997,162.0,221.0,338.04999999999995,500
Basis_85,MIP_vektet,2032,27,17.950000000000003,135.0,194.0,115192.55000000003,1008402.0,1407967.8,1222996.2,1622562.0,2515771.4499999997,163.0,222.0,339.04999999999995,500
Basis_85,MIP_vektet,2032,28,17.0,134.5,193.04999999999995,107385.00000000003,1003366.0,1404172.8499999999,1226791.15,1627598.0,2523578.9999999995,163.95,222.5,340.0,500
Basis_85,MIP_vektet,2032,29,15.950000000000003,134.0,193.0,99576.55000000003,998330.0,1400377.0,1230587.0,1632634.0,2531387.4499999997,164.0,223.0,341.04999999999995,500
Basis_85,MIP_vektet,2032,30,15.900000000000006,133.0,192.04999999999995,91768.05000000003,993294.5,1396581.0999999999,1234382.9,1637669.5,2539195.9499999997,164.95,224.0,341.0999999999999,500
Basis_85,MIP_vektet,2032,31,14.900000000000006,132.5,192.0,83960.50000000003,988258.5,1392785.2,1238178.8,1642705.5,2547003.4999999995,165.0,224.5,342.0999999999999,500
Basis_85,MIP_vektet,2032,32,12.900000000000006,132.0,192.0,76152.05000000003,983222.5,1388989.3499999999,1241974.65,1647741.5,2554811.9499999997,165.0,225.0,344.0999999999999,500
Basis_85,MIP_vektet,2032,33,11.900000000000006,131.0,192.0,68344.50000000003,978186.5,1385193.45,1245770.55,1652777.5,2562619.4999999995,165.0,226.0,345.0999999999999,500
Basis_85,MIP_vektet,2032,34,9.950000000000003,130.5,191.0,60536.00000000003,973151.0,1381397.5999999999,1249566.4,1657813.0,2570427.9999999995,166.0,226.5,347.04999999999995,500
Basis_85,MIP_vektet,2032,35,8.900000000000006,129.5,190.04999999999995,52727.550000000025,968114.5,1377601.7,1253362.3,1662849.5,2578236.4499999997,166.95,227.5,348.0999999999999,500
Basis_85,MIP_vektet,2032,36,7.900000000000006,129.5,189.04999999999995,44920.00000000003,963079.0,1373806.75,1257157.25,1667885.0,2586043.9999999995,167.95,227.5,349.0999999999999,500
Basis_85,MIP_vektet,2032,37,6.0,128.0,189.04999999999995,37111.50000000003,958043.0,1370010.9,1260953.1,1672921.0,2593852.4999999995,167.95,229.0,351.0,500
Basis_85,MIP_vektet,2032,38,5.950000000000003,128.0,189.0,29304.00000000003,953007.5,1366215.0,1264749.0,1677956.5,2601659.9999999995,168.0,229.0,351.04999999999995,500
Basis_85,MIP_vektet,2032,39,4.950000000000003,127.5,188.0,21495.50000000003,947971.0,1362419.15,1268544.85,1682993.0,2609468.4999999995,169.0,229.5,352.04999999999995,500
Basis_85,MIP_vektet,2032,40,4.8500000000000085,126.5,187.0,13687.00000000003,942935.5,1358623.25,1272340.75,1688028.5,2617276.9999999995,170.0,230.5,352.14999999999986,500
Basis_85,MIP_vektet,2032,41,2.8500000000000085,126.0,186.0,6065.750000000018,937899.5,1354827.3499999999,1276136.65,1693064.5,2624898.2499999995,171.0,231.0,354.14999999999986,500
Basis_85,MIP_vektet,2032,42,0.0,126.0,186.0,0.0,932864.0,1351031.5,1279932.5,1698100.0,2630964.0,171.0,231.0,357.0,500
Basis_85,MIP_vektet,2032,43,0.0,125.0,186.0,0.0,927827.5,1347235.5999999999,1283728.4,1703136.5,2630964.0,171.0,232.0,357.0,500
Basis_85,MIP_vektet,2032,44,0.0,124.0,185.0,0.0,922792.0,1343440.7,1287523.3,1708172.0,2630964.0,172.0,233.0,357.0,500
Basis_85,MIP_vektet,2032,45,0.0,123.5,184.0,0.0,917756.0,1339644.8,1291319.2,1713208.0,2630964.0,173.0,233.5,357.0,500
Basis_85,MIP_vektet,2032,46,0.0,123.0,184.0,0.0,912720.0,1335848.9,1295115.1,1718244.0,2630964.0,173.0,234.0,357.0,500
Basis_85,MIP_vektet,2032,47,0.0,122.0,183.0,0.0,907684.0,1332053.05,1298910.95,1723280.0,2630964.0,174.0,235.0,357.0,500
Basis_85,MIP_vektet,2032,48,0.0,121.0,182.0,0.0,902648.5,1328257.15,1302706.85,1728315.5,2630964.0,175.0,236.0,357.0,500
Basis_85,MIP_vektet,2032,49,0.0,119.5,181.04999999999995,0.0,897612.5,1324461.3,1306502.7,1733351.5,2630964.0,175.95,237.5,357.0,500
Basis_85,MIP_vektet,2032,50,0.0,119.0,180.04999999999995,0.0,892576.5,1320665.4,1310298.6,1738387.5,2630964.0,176.95,238.0,357.0,500
Basis_85,MIP_vektet,2032,51,0.0,118.0,180.04999999999995,0.0,887540.5,1316869.5,1314094.5,1743423.5,2630964.0,176.95,239.0,357.0,500
Basis_85,MIP_vektet,2032,52,0.0,117.5,180.0,0.0,882505.0,1313073.65,1317890.35,1748459.0,2630964.0,177.0,239.5,357.0,500
Basis_85,MIP_vektet,2032,53,0.0,116.5,179.0,0.0,877469.0,1309278.7,1321685.3,1753495.0,2630964.0,178.0,240.5,357.0,500
Basis_85,MIP_vektet,2033,1,0.0,115.5,178.04999999999995,0.0,872433.0,1305482.8499999999,1325481.15,1758531.0,2630964.0,178.95,241.5,357.0,500
Basis_85,MIP_vektet,2033,2,0.0,115.0,177.04999999999995,0.0,867397.0,1301686.95,1329277.05,1763567.0,2630964.0,179.95,242.0,357.0,500
Basis_85,MIP_vektet,2033,3,0.0,114.0,177.0,0.0,862361.5,1297891.05,1333072.95,1768602.5,2630964.0,180.0,243.0,357.0,500
Basis_85,MIP_vektet,2033,4,0.0,114.0,177.0,0.0,857325.0,1294095.2,1336868.8,1773639.0,2630964.0,180.0,243.0,357.0,500
Basis_85,MIP_vektet,2033,5,0.0,113.0,176.0,0.0,852289.5,1290299.3,1340664.7,1778674.5,2630964.0,181.0,244.0,357.0,500
Basis_85,MIP_vektet,2033,6,0.0,112.0,176.0,0.0,847253.5,1286503.45,1344460.55,1783710.5,2630964.0,181.0,245.0,357.0,500
Basis_85,MIP_vektet,2033,7,0.0,112.0,175.0,0.0,842218.0,1282707.55,1348256.45,1788746.0,2630964.0,182.0,245.0,357.0,500
Basis_85,MIP_vektet,2033,8,0.0,110.5,175.0,0.0,837181.5,1278912.5999999999,1352051.4,1793782.5,2630964.0,182.0,246.5,357.0,500
Basis_85,MIP_vektet,2033,9,0.0,110.0,175.0,0.0,832146.0,1275116.75,1355847.25,1798818.0,2630964.0,182.0,247.0,357.0,500
Basis_85,MIP_vektet,2033,10,0.0,109.0,173.0999999999999,0.0,827110.0,1271320.8499999999,1359643.15,1803854.0,2630964.0,183.9,248.0,357.0,500
Basis_85,MIP_vektet,2033,11,0.0,109.0,173.0,0.0,822074.5,1267525.0,1363439.0,1808889.5,2630964.0,184.0,248.0,357.0,500
Basis_85,MIP_vektet,2033,12,0.0,108.0,172.0,0.0,817038.0,1263729.0999999999,1367234.9,1813926.0,2630964.0,185.0,249.0,357.0,500
Basis_85,MIP_vektet,2033,13,0.0,107.0,172.0,0.0,812002.5,1259933.2,1371030.8,1818961.5,2630964.0,185.0,250.0,357.0,500
Basis_85,MIP_vektet,2033,14,0.0,106.0,171.0,0.0,806966.5,1256137.3499999999,1374826.65,1823997.5,2630964.0,186.0,251.0,357.0,500
Basis_85,MIP_vektet,2033,15,0.0,105.0,170.04999999999995,0.0,801930.5,1252341.45,1378622.55,1829033.5,2630964.0,186.95,252.0,357.0,500
Basis_85,MIP_vektet,2033,16,0.0,103.5,170.0,0.0,796894.5,1248546.55,1382417.45,1834069.5,2630964.0,187.0,253.5,357.0,500
Basis_85,MIP_vektet,2033,17,0.0,103.5,169.0,0.0,791859.0,1244750.65,1386213.35,1839105.0,2630964.0,188.0,253.5,357.0,500
Basis_85,MIP_vektet,2033,18,0.0,103.0,169.0,0.0,786823.0,1240954.75,1390009.25,1844141.0,2630964.0,188.0,254.0,357.0,500
Basis_85,MIP_vektet,2033,19,0.0,103.0,168.04999999999995,0.0,781787.0,1237158.9,1393805.1,1849177.0,2630964.0,188.95,254.0,357.0,500
Basis_85,MIP_vektet,2033,20,0.0,101.5,168.0,0.0,776751.0,1233363.0,1397601.0,1854213.0,2630964.0,189.0,255.5,357.0,500
Basis_85,MIP_vektet,2033,21,0.0,101.0,168.0,0.0,771715.5,1229567.15,1401396.85,1859248.5,2630964.0,189.0,256.0,357.0,500
Basis_85,MIP_vektet,2033,22,0.0,100.0,167.0,0.0,766679.5,1225771.25,1405192.75,1864284.5,2630964.0,190.0,257.0,357.0,500
Basis_85,MIP_vektet,2033,23,0.0,100.0,166.04999999999995,0.0,761643.5,1221975.3499999999,1408988.65,1869320.5,2630964.0,190.95,257.0,357.0,500
Basis_85,MIP_vektet,2033,24,0.0,97.5,166.0,0.0,756607.5,1218179.5,1412784.5,1874356.5,2630964.0,191.0,259.5,357.0,500
Basis_85,MIP_vektet,2033,25,0.0,97.0,166.0,0.0,751572.0,1214384.55,1416579.45,1879392.0,2630964.0,191.0,260.0,357.0,500
Basis_85,MIP_vektet,2033,26,0.0,96.5,165.04999999999995,0.0,746535.5,1210588.7,1420375.3,1884428.5,2630964.0,191.95,260.5,357.0,500
Basis_85,MIP_vektet,2033,27,0.0,94.5,165.0,0.0,741500.0,1206792.8,1424171.2,1889464.0,2630964.0,192.0,262.5,357.0,500
Basis_85,MIP_vektet,2033,28,0.0,94.0,165.0,0.0,736464.0,1202996.95,1427967.05,1894500.0,2630964.0,192.0,263.0,357.0,500
Basis_85,MIP_vektet,2033,29,0.0,93.5,163.04999999999995,0.0,731428.5,1199201.05,1431762.95,1899535.5,2630964.0,193.95,263.5,357.0,500
Basis_85,MIP_vektet,2033,30,0.0,92.5,162.04999999999995,0.0,726392.0,1195405.15,1435558.85,1904572.0,2630964.0,194.95,264.5,357.0,500
Basis_85,MIP_vektet,2033,31,0.0,91.5,162.0,0.0,721356.5,1191609.3,1439354.7,1909607.5,2630964.0,195.0,265.5,357.0,500
Basis_85,MIP_vektet,2033,32,0.0,91.5,162.0,0.0,716320.5,1187813.4,1443150.6,1914643.5,2630964.0,195.0,265.5,357.0,500
Basis_85,MIP_vektet,2033,33,0.0,90.5,161.04999999999995,0.0,711285.0,1184018.5,1446945.5,1919679.0,2630964.0,195.95,266.5,357.0,500
Basis_85,MIP_vektet,2033,34,0.0,90.5,159.0999999999999,0.0,706248.5,1180222.5999999999,1450741.4,1924715.5,2630964.0,197.9,266.5,357.0,500
Basis_85,MIP_vektet,2033,35,0.0,88.5,159.0,0.0,701213.0,1176426.7,1454537.3,1929751.0,2630964.0,198.0,268.5,357.0,500
Basis_85,MIP_vektet,2033,36,0.0,88.5,158.04999999999995,0.0,696177.0,1172630.8499999999,1458333.15,1934787.0,2630964.0,198.95,268.5,357.0,500
Basis_85,MIP_vektet,2033,37,0.0,87.5,158.04999999999995,0.0,691141.0,1168834.95,1462129.05,1939823.0,2630964.0,198.95,269.5,357.0,500
Basis_85,MIP_vektet,2033,38,0.0,86.5,158.0,0.0,686105.5,1165039.0999999999,1465924.9,1944858.5,2630964.0,199.0,270.5,357.0,500
Basis_85,MIP_vektet,2033,39,0.0,86.0,158.0,0.0,681069.5,1161243.2,1469720.8,1949894.5,2630964.0,199.0,271.0,357.0,500
Basis_85,MIP_vektet,2033,40,0.0,86.0,158.0,0.0,676034.0,1157447.3,1473516.7,1954930.0,2630964.0,199.0,271.0,357.0,500
Basis_85,MIP_vektet,2033,41,0.0,85.5,156.04999999999995,0.0,670997.5,1153652.4,1477311.6,1959966.5,2630964.0,200.95,271.5,357.0,500
Basis_85,MIP_vektet,2033,42,0.0,84.5,156.04999999999995,0.0,665962.0,1149856.5,1481107.5,1965002.0,2630964.0,200.95,272.5,357.0,500
Basis_85,MIP_vektet,2033,43,0.0,84.0,156.0,0.0,660926.0,1146060.65,1484903.35,1970038.0,2630964.0,201.0,273.0,357.0,500
Basis_85,MIP_vektet,2033,44,0.0,83.0,155.0,0.0,655890.0,1142264.75,1488699.25,1975074.0,2630964.0,202.0,274.0,357.0,500
Basis_85,MIP_vektet,2033,45,0.0,83.0,154.04999999999995,0.0,650854.0,1138468.8499999999,1492495.15,1980110.0,2630964.0,202.95,274.0,357.0,500
Basis_85,MIP_vektet,2033,46,0.0,82.0,154.0,0.0,645818.5,1134673.0,1496291.0,1985145.5,2630964.0,203.0,275.0,357.0,500
Basis_85,MIP_vektet,2033,47,0.0,81.0,153.0,0.0,640782.5,1130877.0999999999,1500086.9,1990181.5,2630964.0,204.0,276.0,357.0,500
Basis_85,MIP_vektet,2033,48,0.0,80.5,152.04999999999995,0.0,635746.5,1127081.25,1503882.75,1995217.5,2630964.0,204.95,276.5,357.0,500
Basis_85,MIP_vektet,2033,49,0.0,80.0,152.0,0.0,630710.5,1123285.3499999999,1507678.65,2000253.5,2630964.0,205.0,277.0,357.0,500
Basis_85,MIP_vektet,2033,50,0.0,79.0,151.0,0.0,625675.0,1119490.4,1511473.6,2005289.0,2630964.0,206.0,278.0,357.0,500
Basis_85,MIP_vektet,2033,51,0.0,78.5,150.04999999999995,0.0,620639.0,1115694.55,1515269.45,2010325.0,2630964.0,206.95,278.5,357.0,500
Basis_85,MIP_vektet,2033,52,0.0,78.0,150.0,0.0,615603.0,1111898.65,1519065.35,2015361.0,2630964.0,207.0,279.0,357.0,500
Basis_85,MIP_vektet,2034,1,0.0,77.0,149.04999999999995,0.0,610567.0,1108102.8,1522861.2,2020397.0,2630964.0,207.95,280.0,357.0,500
Basis_85,MIP_vektet,2034,2,0.0,76.0,149.0,0.0,605531.5,1104306.9,1526657.1,2025432.5,2630964.0,208.0,281.0,357.0,500
Basis_85,MIP_vektet,2034,3,0.0,75.0,148.0,0.0,600495.0,1100511.0,1530453.0,2030469.0,2630964.0,209.0,282.0,357.0,500
Basis_85,MIP_vektet,2034,4,0.0,74.5,147.0,0.0,595459.5,1096715.15,1534248.85,2035504.5,2630964.0,210.0,282.5,357.0,500
Basis_85,MIP_vektet,2034,5,0.0,74.0,146.0,0.0,590423.5,1092919.25,1538044.75,2040540.5,2630964.0,211.0,283.0,357.0,500
Basis_85,MIP_vektet,2034,6,0.0,73.5,146.0,0.0,585388.0,1089124.3499999999,1541839.65,2045576.0,2630964.0,211.0,283.5,357.0,500
Basis_85,MIP_vektet,2034,7,0.0,72.5,146.0,0.0,580351.5,1085328.45,1545635.55,2050612.5,2630964.0,211.0,284.5,357.0,500
Basis_85,MIP_vektet,2034,8,0.0,72.0,146.0,0.0,575316.0,1081532.55,1549431.45,2055648.0,2630964.0,211.0,285.0,357.0,500
Basis_85,MIP_vektet,2034,9,0.0,71.5,145.0,0.0,570280.0,1077736.7,1553227.3,2060684.0,2630964.0,212.0,285.5,357.0,500
Basis_85,MIP_vektet,2034,10,0.0,71.5,144.04999999999995,0.0,565244.5,1073940.8,1557023.2,2065719.5,2630964.0,212.95,285.5,357.0,500
Basis_85,MIP_vektet,2034,11,0.0,70.0,144.0,0.0,560208.0,1070144.95,1560819.05,2070756.0,2630964.0,213.0,287.0,357.0,500
Basis_85,MIP_vektet,2034,12,0.0,70.0,143.04999999999995,0.0,555172.5,1066349.05,1564614.95,2075791.5,2630964.0,213.95,287.0,357.0,500
Basis_85,MIP_vektet,2034,13,0.0,69.0,143.0,0.0,550136.5,1062553.15,1568410.85,2080827.5,2630964.0,214.0,288.0,357.0,500
Basis_85,MIP_vektet,2034,14,0.0,68.5,142.04999999999995,0.0,545100.5,1058758.25,1572205.75,2085863.5,2630964.0,214.95,288.5,357.0,500
Basis_85,MIP_vektet,2034,15,0.0,68.0,141.04999999999995,0.0,540064.5,1054962.3499999999,1576001.65,2090899.5,2630964.0,215.95,289.0,357.0,500
Basis_85,MIP_vektet,2034,16,0.0,67.0,141.0,0.0,535029.0,1051166.5,1579797.5,2095935.0,2630964.0,216.0,290.0,357.0,500
Basis_85,MIP_vektet,2034,17,0.0,66.5,140.04999999999995,0.0,529993.0,1047370.6,1583593.4,2100971.0,2630964.0,216.95,290.5,357.0,500
Basis_85,MIP_vektet,2034,18,0.0,66.0,140.0,0.0,524957.0,1043574.7,1587389.3,2106007.0,2630964.0,217.0,291.0,357.0,500
Basis_85,MIP_vektet,2034,19,0.0,65.5,140.0,0.0,519921.0,1039778.85,1591185.15,2111043.0,2630964.0,217.0,291.5,357.0,500
Basis_85,MIP_vektet,2034,20,0.0,64.5,139.0,0.0,514885.5,1035982.95,1594981.05,2116078.5,2630964.0,218.0,292.5,357.0,500
Basis_85,MIP_vektet,2034,21,0.0,64.5,138.04999999999995,0.0,509849.5,1032187.1,1598776.9,2121114.5,2630964.0,218.95,292.5,357.0,500
Basis_85,MIP_vektet,2034,22,0.0,64.0,138.0,0.0,504813.5,1028391.2,1602572.8,2126150.5,2630964.0,219.0,293.0,357.0,500
Basis_85,MIP_vektet,2034,23,0.0,63.0,138.0,0.0,499777.5,1024596.25,1606367.75,2131186.5,2630964.0,219.0,294.0,357.0,500
Basis_85,MIP_vektet,2034,24,0.0,63.0,137.0,0.0,494742.0,1020800.3999999999,1610163.6,2136222.0,2630964.0,220.0,294.0,357.0,500
Basis_85,MIP_vektet,2034,25,0.0,62.0,137.0,0.0,489705.5,1017004.5,1613959.5,2141258.5,2630964.0,220.0,295.0,357.0,500
Basis_85,MIP_vektet,2034,26,0.0,60.5,136.0,0.0,484670.0,1013208.6499999999,1617755.35,2146294.0,2630964.0,221.0,296.5,357.0,500
Basis_85,MIP_vektet,2034,27,0.0,60.0,136.0,0.0,479634.0,1009412.75,1621551.25,2151330.0,2630964.0,221.0,297.0,357.0,500
Basis_85,MIP_vektet,2034,28,0.0,59.0,135.04999999999995,0.0,474598.5,1005616.85,1625347.15,2156365.5,2630964.0,221.95,298.0,357.0,500
Basis_85,MIP_vektet,2034,29,0.0,59.0,135.0,0.0,469562.0,1001821.0,1629143.0,2161402.0,2630964.0,222.0,298.0,357.0,500
Basis_85,MIP_vektet,2034,30,0.0,59.0,134.04999999999995,0.0,464526.5,998025.1,1632938.9,2166437.5,2630964.0,222.95,298.0,357.0,500
Basis_85,MIP_vektet,2034,31,0.0,58.0,134.0,0.0,459490.5,994230.2,1636733.8,2171473.5,2630964.0,223.0,299.0,357.0,500
Basis_85,MIP_vektet,2034,32,0.0,57.0,133.0,0.0,454455.0,990434.2999999999,1640529.7,2176509.0,2630964.0,224.0,300.0,357.0,500
Basis_85,MIP_vektet,2034,33,0.0,57.0,132.04999999999995,0.0,449418.5,986638.3999999999,1644325.6,2181545.5,2630964.0,224.95,300.0,357.0,500
Basis_85,MIP_vektet,2034,34,0.0,56.0,132.0,0.0,444383.0,982842.5499999999,1648121.45,2186581.0,2630964.0,225.0,301.0,357.0,500
Basis_85,MIP_vektet,2034,35,0.0,55.5,131.0,0.0,439347.0,979046.6499999999,1651917.35,2191617.0,2630964.0,226.0,301.5,357.0,500
Basis_85,MIP_vektet,2034,36,0.0,55.0,131.0,0.0,434311.0,975250.7999999999,1655713.2,2196653.0,2630964.0,226.0,302.0,357.0,500
Basis_85,MIP_vektet,2034,37,0.0,54.5,130.0,0.0,429275.0,971454.8999999999,1659509.1,2201689.0,2630964.0,227.0,302.5,357.0,500
Basis_85,MIP_vektet,2034,38,0.0,53.0,129.04999999999995,0.0,424239.5,967659.0,1663305.0,2206724.5,2630964.0,227.95,304.0,357.0,500
Basis_85,MIP_vektet,2034,39,0.0,53.0,129.04999999999995,0.0,419203.5,963864.1,1667099.9,2211760.5,2630964.0,227.95,304.0,357.0,500
Basis_85,MIP_vektet,2034,40,0.0,52.5,128.0,0.0,414167.5,960068.2,1670895.8,2216796.5,2630964.0,229.0,304.5,357.0,500
Basis_85,MIP_vektet,2034,41,0.0,52.0,128.0,0.0,409131.5,956272.35,1674691.65,2221832.5,2630964.0,229.0,305.0,357.0,500
Basis_85,MIP_vektet,2034,42,0.0,51.5,127.0,0.0,404096.0,952476.45,1678487.55,2226868.0,2630964.0,230.0,305.5,357.0,500
Basis_85,MIP_vektet,2034,43,0.0,51.0,127.0,0.0,399060.0,948680.5499999999,1682283.45,2231904.0,2630964.0,230.0,306.0,357.0,500
Basis_85,MIP_vektet,2034,44,0.0,50.0,127.0,0.0,394024.0,944884.7,1686079.3,2236940.0,2630964.0,230.0,307.0,357.0,500
Basis_85,MIP_vektet,2034,45,0.0,49.5,126.0,0.0,388988.0,941088.7999999999,1689875.2,2241976.0,2630964.0,231.0,307.5,357.0,500
Basis_85,MIP_vektet,2034,46,0.0,49.0,125.04999999999995,0.0,383952.5,937292.95,1693671.05,2247011.5,2630964.0,231.95,308.0,357.0,500
Basis_85,MIP_vektet,2034,47,0.0,49.0,125.0,0.0,378916.0,933497.0499999999,1697466.95,2252048.0,2630964.0,232.0,308.0,357.0,500
Basis_85,MIP_vektet,2034,48,0.0,48.5,124.0,0.0,373880.5,929702.1,1701261.9,2257083.5,2630964.0,233.0,308.5,357.0,500
Basis_85,MIP_vektet,2034,49,0.0,47.5,124.0,0.0,368844.5,925906.25,1705057.75,2262119.5,2630964.0,233.0,309.5,357.0,500
Basis_85,MIP_vektet,2034,50,0.0,47.0,123.04999999999995,0.0,363809.0,922110.35,1708853.65,2267155.0,2630964.0,233.95,310.0,357.0,500
Basis_85,MIP_vektet,2034,51,0.0,46.0,123.0,0.0,358772.5,918314.5,1712649.5,2272191.5,2630964.0,234.0,311.0,357.0,500
Basis_85,MIP_vektet,2034,52,0.0,46.0,123.0,0.0,353737.0,914518.6,1716445.4,2277227.0,2630964.0,234.0,311.0,357.0,500
Basis_85,MIP_vektet,2035,1,0.0,45.0,122.04999999999995,0.0,348701.0,910722.7,1720241.3,2282263.0,2630964.0,234.95,312.0,357.0,500
Basis_85,MIP_vektet,2035,2,0.0,44.0,122.0,0.0,343665.5,906926.85,1724037.15,2287298.5,2630964.0,235.0,313.0,357.0,500
Basis_85,MIP_vektet,2035,3,0.0,44.0,121.0,0.0,338629.0,903130.95,1727833.05,2292335.0,2630964.0,236.0,313.0,357.0,500
Basis_85,MIP_vektet,2035,4,0.0,43.0,121.0,0.0,333593.5,899336.0499999999,1731627.95,2297370.5,2630964.0,236.0,314.0,357.0,500
Basis_85,MIP_vektet,2035,5,0.0,42.5,120.0,0.0,328557.5,895540.1499999999,1735423.85,2302406.5,2630964.0,237.0,314.5,357.0,500
Basis_85,MIP_vektet,2035,6,0.0,42.0,119.04999999999995,0.0,323521.5,891744.25,1739219.75,2307442.5,2630964.0,237.95,315.0,357.0,500
Basis_85,MIP_vektet,2035,7,0.0,41.0,119.0,0.0,318485.5,887948.3999999999,1743015.6,2312478.5,2630964.0,238.0,316.0,357.0,500
Basis_85,MIP_vektet,2035,8,0.0,40.5,119.0,0.0,313450.0,884152.5,1746811.5,2317514.0,2630964.0,238.0,316.5,357.0,500
Basis_85,MIP_vektet,2035,9,0.0,40.0,118.0,0.0,308414.0,880356.6499999999,1750607.35,2322550.0,2630964.0,239.0,317.0,357.0,500
Basis_85,MIP_vektet,2035,10,0.0,40.0,117.04999999999995,0.0,303378.0,876560.75,1754403.25,2327586.0,2630964.0,239.95,317.0,357.0,500
Basis_85,MIP_vektet,2035,11,0.0,39.0,116.09999999999991,0.0,298342.0,872764.85,1758199.15,2332622.0,2630964.0,240.9,318.0,357.0,500
Basis_85,MIP_vektet,2035,12,0.0,37.5,116.09999999999991,0.0,293306.5,868969.95,1761994.05,2337657.5,2630964.0,240.9,319.5,357.0,500
Basis_85,MIP_vektet,2035,13,0.0,37.0,115.09999999999991,0.0,288270.5,865174.0499999999,1765789.95,2342693.5,2630964.0,241.9,320.0,357.0,500
Basis_85,MIP_vektet,2035,14,0.0,37.0,114.09999999999991,0.0,283234.5,861378.2,1769585.8,2347729.5,2630964.0,242.9,320.0,357.0,500
Basis_85,MIP_vektet,2035,15,0.0,36.0,114.09999999999991,0.0,278198.5,857582.2999999999,1773381.7,2352765.5,2630964.0,242.9,321.0,357.0,500
Basis_85,MIP_vektet,2035,16,0.0,35.0,114.04999999999995,0.0,273163.0,853786.45,1777177.55,2357801.0,2630964.0,242.95,322.0,357.0,500
Basis_85,MIP_vektet,2035,17,0.0,35.0,113.0,0.0,268126.5,849990.5499999999,1780973.45,2362837.5,2630964.0,244.0,322.0,357.0,500
Basis_85,MIP_vektet,2035,18,0.0,34.0,112.04999999999995,0.0,263091.0,846194.6499999999,1784769.35,2367873.0,2630964.0,244.95,323.0,357.0,500
Basis_85,MIP_vektet,2035,19,0.0,32.5,112.04999999999995,0.0,258055.0,842398.7999999999,1788565.2,2372909.0,2630964.0,244.95,324.5,357.0,500
Basis_85,MIP_vektet,2035,20,0.0,32.0,111.09999999999991,0.0,253019.5,838602.8999999999,1792361.1,2377944.5,2630964.0,245.9,325.0,357.0,500
Basis_85,MIP_vektet,2035,21,0.0,31.5,111.0,0.0,247983.0,834808.0,1796156.0,2382981.0,2630964.0,246.0,325.5,357.0,500
Basis_85,MIP_vektet,2035,22,0.0,31.0,111.0,0.0,242947.5,831012.1,1799951.9,2388016.5,2630964.0,246.0,326.0,357.0,500
Basis_85,MIP_vektet,2035,23,0.0,30.0,111.0,0.0,237911.5,827216.2,1803747.8,2393052.5,2630964.0,246.0,327.0,357.0,500
Basis_85,MIP_vektet,2035,24,0.0,29.5,110.04999999999995,0.0,232876.0,823420.35,1807543.65,2398088.0,2630964.0,246.95,327.5,357.0,500
Basis_85,MIP_vektet,2035,25,0.0,29.0,110.04999999999995,0.0,227839.5,819624.45,1811339.55,2403124.5,2630964.0,246.95,328.0,357.0,500
Basis_85,MIP_vektet,2035,26,0.0,29.0,109.04999999999995,0.0,222804.0,815828.6,1815135.4,2408160.0,2630964.0,247.95,328.0,357.0,500
Basis_85,MIP_vektet,2035,27,0.0,28.5,108.0,0.0,217768.0,812032.7,1818931.3,2413196.0,2630964.0,249.0,328.5,357.0,500
Basis_85,MIP_vektet,2035,28,0.0,27.5,107.0,0.0,212732.0,808236.7999999999,1822727.2,2418232.0,2630964.0,250.0,329.5,357.0,500
Basis_85,MIP_vektet,2035,29,0.0,27.0,106.0,0.0,207696.0,804441.8999999999,1826522.1,2423268.0,2630964.0,251.0,330.0,357.0,500
Basis_85,MIP_vektet,2035,30,0.0,27.0,105.0,0.0,202660.5,800646.0,1830318.0,2428303.5,2630964.0,252.0,330.0,357.0,500
Basis_85,MIP_vektet,2035,31,0.0,27.0,104.0,0.0,197624.5,796850.1499999999,1834113.85,2433339.5,2630964.0,253.0,330.0,357.0,500
Basis_85,MIP_vektet,2035,32,0.0,26.0,103.04999999999995,0.0,192588.5,793054.25,1837909.75,2438375.5,2630964.0,253.95,331.0,357.0,500
Basis_85,MIP_vektet,2035,33,0.0,26.0,103.0,0.0,187552.5,789258.35,1841705.65,2443411.5,2630964.0,254.0,331.0,357.0,500
Basis_85,MIP_vektet,2035,34,0.0,25.0,103.0,0.0,182517.0,785462.5,1845501.5,2448447.0,2630964.0,254.0,332.0,357.0,500
Basis_85,MIP_vektet,2035,35,0.0,24.5,102.0,0.0,177481.0,781666.6,1849297.4,2453483.0,2630964.0,255.0,332.5,357.0,500
Basis_85,MIP_vektet,2035,36,0.0,24.0,102.0,0.0,172445.0,777870.75,1853093.25,2458519.0,2630964.0,255.0,333.0,357.0,500
Basis_85,MIP_vektet,2035,37,0.0,23.0,101.04999999999995,0.0,167409.0,774075.7999999999,1856888.2,2463555.0,2630964.0,255.95,334.0,357.0,500
Basis_85,MIP_vektet,2035,38,0.0,23.0,101.04999999999995,0.0,162373.5,770279.8999999999,1860684.1,2468590.5,2630964.0,255.95,334.0,357.0,500
Basis_85,MIP_vektet,2035,39,0.0,23.0,101.04999999999995,0.0,157337.0,766484.0499999999,1864479.95,2473627.0,2630964.0,255.95,334.0,357.0,500
Basis_85,MIP_vektet,2035,40,0.0,22.5,101.0,0.0,152301.5,762688.1499999999,1868275.85,2478662.5,2630964.0,256.0,334.5,357.0,500
Basis_85,MIP_vektet,2035,41,0.0,22.0,100.0,0.0,147265.5,758892.2999999999,1872071.7,2483698.5,2630964.0,257.0,335.0,357.0,500
Basis_85,MIP_vektet,2035,42,0.0,21.5,99.04999999999995,0.0,142230.0,755096.3999999999,1875867.6,2488734.0,2630964.0,257.95,335.5,357.0,500
Basis_85,MIP_vektet,2035,43,0.0,21.0,99.04999999999995,0.0,137193.5,751300.5,1879663.5,2493770.5,2630964.0,257.95,336.0,357.0,500
Basis_85,MIP_vektet,2035,44,0.0,20.5,99.0,0.0,132158.0,747504.6499999999,1883459.35,2498806.0,2630964.0,258.0,336.5,357.0,500
Basis_85,MIP_vektet,2035,45,0.0,19.5,98.0,0.0,127122.0,743708.75,1887255.25,2503842.0,2630964.0,259.0,337.5,357.0,500
Basis_85,MIP_vektet,2035,46,0.0,18.5,98.0,0.0,122086.5,739913.85,1891050.15,2508877.5,2630964.0,259.0,338.5,357.0,500
Basis_85,MIP_vektet,2035,47,0.0,18.0,97.04999999999995,0.0,117050.0,736117.95,1894846.05,2513914.0,2630964.0,259.95,339.0,357.0,500
Basis_85,MIP_vektet,2035,48,0.0,17.0,95.04999999999995,0.0,112014.5,732322.0499999999,1898641.95,2518949.5,2630964.0,261.95,340.0,357.0,500
Basis_85,MIP_vektet,2035,49,0.0,16.0,94.09999999999991,0.0,106978.5,728526.2,1902437.8,2523985.5,2630964.0,262.9,341.0,357.0,500
Basis_85,MIP_vektet,2035,50,0.0,15.5,94.04999999999995,0.0,101942.5,724730.2999999999,1906233.7,2529021.5,2630964.0,262.95,341.5,357.0,500
Basis_85,MIP_vektet,2035,51,0.0,14.5,94.0,0.0,96906.5,720934.45,1910029.55,2534057.5,2630964.0,263.0,342.5,357.0,500
Basis_85,MIP_vektet,2035,52,0.0,14.0,94.0,0.0,91871.0,717138.5499999999,1913825.45,2539093.0,2630964.0,263.0,343.0,357.0,500
Basis_85,MIP_vektet,2036,1,0.0,13.0,93.04999999999995,0.0,86835.0,713342.6499999999,1917621.35,2544129.0,2630964.0,263.95,344.0,357.0,500
Basis_85,MIP_vektet,2036,2,0.0,13.0,93.0,0.0,81799.0,709547.75,1921416.25,2549165.0,2630964.0,264.0,344.0,357.0,500
Basis_85,MIP_vektet,2036,3,0.0,12.5,92.04999999999995,0.0,76763.0,705751.85,1925212.15,2554201.0,2630964.0,264.95,344.5,357.0,500
Basis_85,MIP_vektet,2036,4,0.0,11.5,91.04999999999995,0.0,71727.5,701956.0,1929008.0,2559236.5,2630964.0,265.95,345.5,357.0,500
Basis_85,MIP_vektet,2036,5,0.0,10.5,91.04999999999995,0.0,66691.5,698160.1,1932803.9,2564272.5,2630964.0,265.95,346.5,357.0,500
Basis_85,MIP_vektet,2036,6,0.0,10.0,91.0,0.0,61655.5,694364.2,1936599.8,2569308.5,2630964.0,266.0,347.0,357.0,500
Basis_85,MIP_vektet,2036,7,0.0,10.0,90.0,0.0,56619.5,690568.35,1940395.65,2574344.5,2630964.0,267.0,347.0,357.0,500
Basis_85,MIP_vektet,2036,8,0.0,9.0,89.0,0.0,51584.0,686772.45,1944191.55,2579380.0,2630964.0,268.0,348.0,357.0,500
Basis_85,MIP_vektet,2036,9,0.0,8.0,89.0,0.0,46547.5,682976.6,1947987.4,2584416.5,2630964.0,268.0,349.0,357.0,500
Basis_85,MIP_vektet,2036,10,0.0,7.0,89.0,0.0,41512.0,679181.6499999999,1951782.35,2589452.0,2630964.0,268.0,350.0,357.0,500
Basis_85,MIP_vektet,2036,11,0.0,5.5,88.0,0.0,36476.0,675385.75,1955578.25,2594488.0,2630964.0,269.0,351.5,357.0,500
Basis_85,MIP_vektet,2036,12,0.0,5.0,88.0,0.0,31440.5,671589.8999999999,1959374.1,2599523.5,2630964.0,269.0,352.0,357.0,500
Basis_85,MIP_vektet,2036,13,0.0,5.0,88.0,0.0,26404.0,667794.0,1963170.0,2604560.0,2630964.0,269.0,352.0,357.0,500
Basis_85,MIP_vektet,2036,14,0.0,5.0,86.04999999999995,0.0,21368.5,663998.1499999999,1966965.85,2609595.5,2630964.0,270.95,352.0,357.0,500
Basis_85,MIP_vektet,2036,15,0.0,5.0,86.0,0.0,16332.5,660202.25,1970761.75,2614631.5,2630964.0,271.0,352.0,357.0,500
Basis_85,MIP_vektet,2036,16,0.0,4.0,85.04999999999995,0.0,11297.0,656406.35,1974557.65,2619667.0,2630964.0,271.95,353.0,357.0,500
Basis_85,MIP_vektet,2036,17,0.0,2.5,85.0,0.0,6260.5,652610.5,1978353.5,2624703.5,2630964.0,272.0,354.5,357.0,500
Basis_85,MIP_vektet,2036,18,0.0,1.0,84.04999999999995,0.0,1555.5,648814.6,1982149.4,2629408.5,2630964.0,272.95,356.0,357.0,500
Basis_85,MIP_vektet,2036,19,0.0,0.0,83.04999999999995,0.0,0.0,645019.7,1985944.3,2630964.0,2630964.0,273.95,357.0,357.0,500
Basis_85,MIP_vektet,2036,20,0.0,0.0,83.0,0.0,0.0,641223.7999999999,1989740.2,2630964.0,2630964.0,274.0,357.0,357.0,500
Basis_85,MIP_vektet,2036,21,0.0,0.0,82.04999999999995,0.0,0.0,637427.8999999999,1993536.1,2630964.0,2630964.0,274.95,357.0,357.0,500
Basis_85,MIP_vektet,2036,22,0.0,0.0,82.0,0.0,0.0,633632.0499999999,1997331.95,2630964.0,2630964.0,275.0,357.0,357.0,500
Basis_85,MIP_vektet,2036,23,0.0,0.0,81.04999999999995,0.0,0.0,629836.1499999999,2001127.85,2630964.0,2630964.0,275.95,357.0,357.0,500
Basis_85,MIP_vektet,2036,24,0.0,0.0,80.04999999999995,0.0,0.0,626040.2999999999,2004923.7,2630964.0,2630964.0,276.95,357.0,357.0,500
Basis_85,MIP_vektet,2036,25,0.0,0.0,80.04999999999995,0.0,0.0,622244.3999999999,2008719.6,2630964.0,2630964.0,276.95,357.0,357.0,500
Basis_85,MIP_vektet,2036,26,0.0,0.0,79.04999999999995,0.0,0.0,618448.5,2012515.5,2630964.0,2630964.0,277.95,357.0,357.0,500
Basis_85,MIP_vektet,2036,27,0.0,0.0,79.0,0.0,0.0,614653.6,2016310.4,2630964.0,2630964.0,278.0,357.0,357.0,500
Basis_85,MIP_vektet,2036,28,0.0,0.0,78.04999999999995,0.0,0.0,610857.7,2020106.3,2630964.0,2630964.0,278.95,357.0,357.0,500
Basis_85,MIP_vektet,2036,29,0.0,0.0,78.04999999999995,0.0,0.0,607061.85,2023902.15,2630964.0,2630964.0,278.95,357.0,357.0,500
Basis_85,MIP_vektet,2036,30,0.0,0.0,77.04999999999995,0.0,0.0,603265.95,2027698.05,2630964.0,2630964.0,279.95,357.0,357.0,500
Basis_85,MIP_vektet,2036,31,0.0,0.0,77.0,0.0,0.0,599470.0499999999,2031493.95,2630964.0,2630964.0,280.0,357.0,357.0,500
Basis_85,MIP_vektet,2036,32,0.0,0.0,76.04999999999995,0.0,0.0,595674.2,2035289.8,2630964.0,2630964.0,280.95,357.0,357.0,500
Basis_85,MIP_vektet,2036,33,0.0,0.0,76.0,0.0,0.0,591878.2999999999,2039085.7,2630964.0,2630964.0,281.0,357.0,357.0,500
Basis_85,MIP_vektet,2036,34,0.0,0.0,76.0,0.0,0.0,588082.45,2042881.55,2630964.0,2630964.0,281.0,357.0,357.0,500
Basis_85,MIP_vektet,2036,35,0.0,0.0,75.0,0.0,0.0,584287.5,2046676.5,2630964.0,2630964.0,282.0,357.0,357.0,500
Basis_85,MIP_vektet,2036,36,0.0,0.0,74.04999999999995,0.0,0.0,580491.6,2050472.4,2630964.0,2630964.0,282.95,357.0,357.0,500
Basis_85,MIP_vektet,2036,37,0.0,0.0,74.0,0.0,0.0,576695.75,2054268.25,2630964.0,2630964.0,283.0,357.0,357.0,500
Basis_85,MIP_vektet,2036,38,0.0,0.0,73.0,0.0,0.0,572899.85,2058064.15,2630964.0,2630964.0,284.0,357.0,357.0,500
Basis_85,MIP_vektet,2036,39,0.0,0.0,72.0,0.0,0.0,569104.0,2061860.0,2630964.0,2630964.0,285.0,357.0,357.0,500
Basis_85,MIP_vektet,2036,40,0.0,0.0,72.0,0.0,0.0,565308.1,2065655.9,2630964.0,2630964.0,285.0,357.0,357.0,500
Basis_85,MIP_vektet,2036,41,0.0,0.0,71.04999999999995,0.0,0.0,561512.2,2069451.8,2630964.0,2630964.0,285.95,357.0,357.0,500
Basis_85,MIP_vektet,2036,42,0.0,0.0,70.04999999999995,0.0,0.0,557716.35,2073247.65,2630964.0,2630964.0,286.95,357.0,357.0,500
Basis_85,MIP_vektet,2036,43,0.0,0.0,70.04999999999995,0.0,0.0,553920.45,2077043.55,2630964.0,2630964.0,286.95,357.0,357.0,500
Basis_85,MIP_vektet,2036,44,0.0,0.0,69.0,0.0,0.0,550125.5499999999,2080838.45,2630964.0,2630964.0,288.0,357.0,357.0,500
Basis_85,MIP_vektet,2036,45,0.0,0.0,68.0,0.0,0.0,546329.6499999999,2084634.35,2630964.0,2630964.0,289.0,357.0,357.0,500
Basis_85,MIP_vektet,2036,46,0.0,0.0,67.04999999999995,0.0,0.0,542533.75,2088430.25,2630964.0,2630964.0,289.95,357.0,357.0,500
Basis_85,MIP_vektet,2036,47,0.0,0.0,67.0,0.0,0.0,538737.8999999999,2092226.1,2630964.0,2630964.0,290.0,357.0,357.0,500
Basis_85,MIP_vektet,2036,48,0.0,0.0,66.04999999999995,0.0,0.0,534942.0,2096022.0,2630964.0,2630964.0,290.95,357.0,357.0,500
Basis_85,MIP_vektet,2036,49,0.0,0.0,66.0,0.0,0.0,531146.1499999999,2099817.85,2630964.0,2630964.0,291.0,357.0,357.0,500
Basis_85,MIP_vektet,2036,50,0.0,0.0,66.0,0.0,0.0,527350.25,2103613.75,2630964.0,2630964.0,291.0,357.0,357.0,500
Basis_85,MIP_vektet,2036,51,0.0,0.0,66.0,0.0,0.0,523554.3499999999,2107409.65,2630964.0,2630964.0,291.0,357.0,357.0,500
Basis_85,MIP_vektet,2036,52,0.0,0.0,65.0,0.0,0.0,519759.44999999995,2111204.55,2630964.0,2630964.0,292.0,357.0,357.0,500
Basis_85,MIP_vektet,2037,1,0.0,0.0,65.0,0.0,0.0,515963.54999999993,2115000.45,2630964.0,2630964.0,292.0,357.0,357.0,500
Basis_85,MIP_vektet,2037,2,0.0,0.0,64.0,0.0,0.0,512167.69999999995,2118796.3,2630964.0,2630964.0,293.0,357.0,357.0,500
Basis_85,MIP_vektet,2037,3,0.0,0.0,64.0,0.0,0.0,508371.79999999993,2122592.2,2630964.0,2630964.0,293.0,357.0,357.0,500
Basis_85,MIP_vektet,2037,4,0.0,0.0,63.049999999999955,0.0,0.0,504575.94999999995,2126388.05,2630964.0,2630964.0,293.95,357.0,357.0,500
Basis_85,MIP_vektet,2037,5,0.0,0.0,63.0,0.0,0.0,500780.04999999993,2130183.95,2630964.0,2630964.0,294.0,357.0,357.0,500
Basis_85,MIP_vektet,2037,6,0.0,0.0,62.049999999999955,0.0,0.0,496984.14999999997,2133979.85,2630964.0,2630964.0,294.95,357.0,357.0,500
Basis_85,MIP_vektet,2037,7,0.0,0.0,62.0,0.0,0.0,493188.29999999993,2137775.7,2630964.0,2630964.0,295.0,357.0,357.0,500
Basis_85,MIP_vektet,2037,8,0.0,0.0,62.0,0.0,0.0,489393.3499999999,2141570.65,2630964.0,2630964.0,295.0,357.0,357.0,500
Basis_85,MIP_vektet,2037,9,0.0,0.0,60.0,0.0,0.0,485597.49999999994,2145366.5,2630964.0,2630964.0,297.0,357.0,357.0,500
Basis_85,MIP_vektet,2037,10,0.0,0.0,60.0,0.0,0.0,481801.5999999999,2149162.4,2630964.0,2630964.0,297.0,357.0,357.0,500
Basis_85,MIP_vektet,2037,11,0.0,0.0,60.0,0.0,0.0,478005.69999999995,2152958.3,2630964.0,2630964.0,297.0,357.0,357.0,500
Basis_85,MIP_vektet,2037,12,0.0,0.0,59.0,0.0,0.0,474209.8499999999,2156754.15,2630964.0,2630964.0,298.0,357.0,357.0,500
Basis_85,MIP_vektet,2037,13,0.0,0.0,58.049999999999955,0.0,0.0,470413.94999999995,2160550.05,2630964.0,2630964.0,298.95,357.0,357.0,500
Basis_85,MIP_vektet,2037,14,0.0,0.0,58.0,0.0,0.0,466618.0999999999,2164345.9,2630964.0,2630964.0,299.0,357.0,357.0,500
Basis_85,MIP_vektet,2037,15,0.0,0.0,58.0,0.0,0.0,462822.19999999995,2168141.8,2630964.0,2630964.0,299.0,357.0,357.0,500
Basis_85,MIP_vektet,2037,16,0.0,0.0,58.0,0.0,0.0,459026.29999999993,2171937.7,2630964.0,2630964.0,299.0,357.0,357.0,500
Basis_85,MIP_vektet,2037,17,0.0,0.0,56.049999999999955,0.0,0.0,455231.39999999997,2175732.6,2630964.0,2630964.0,300.95,357.0,357.0,500
Basis_85,MIP_vektet,2037,18,0.0,0.0,56.049999999999955,0.0,0.0,451435.49999999994,2179528.5,2630964.0,2630964.0,300.95,357.0,357.0,500
Basis_85,MIP_vektet,2037,19,0.0,0.0,55.09999999999991,0.0,0.0,447639.64999999997,2183324.35,2630964.0,2630964.0,301.9,357.0,357.0,500
Basis_85,MIP_vektet,2037,20,0.0,0.0,55.049999999999955,0.0,0.0,443843.74999999994,2187120.25,2630964.0,2630964.0,301.95,357.0,357.0,500
Basis_85,MIP_vektet,2037,21,0.0,0.0,55.049999999999955,0.0,0.0,440047.8499999999,2190916.15,2630964.0,2630964.0,301.95,357.0,357.0,500
Basis_85,MIP_vektet,2037,22,0.0,0.0,54.09999999999991,0.0,0.0,436251.99999999994,2194712.0,2630964.0,2630964.0,302.9,357.0,357.0,500
Basis_85,MIP_vektet,2037,23,0.0,0.0,54.049999999999955,0.0,0.0,432456.0999999999,2198507.9,2630964.0,2630964.0,302.95,357.0,357.0,500
Basis_85,MIP_vektet,2037,24,0.0,0.0,54.049999999999955,0.0,0.0,428660.24999999994,2202303.75,2630964.0,2630964.0,302.95,357.0,357.0,500
Basis_85,MIP_vektet,2037,25,0.0,0.0,53.049999999999955,0.0,0.0,424865.29999999993,2206098.7,2630964.0,2630964.0,303.95,357.0,357.0,500
Basis_85,MIP_vektet,2037,26,0.0,0.0,52.09999999999991,0.0,0.0,421069.39999999997,2209894.6,2630964.0,2630964.0,304.9,357.0,357.0,500
Basis_85,MIP_vektet,2037,27,0.0,0.0,52.049999999999955,0.0,0.0,417273.54999999993,2213690.45,2630964.0,2630964.0,304.95,357.0,357.0,500
Basis_85,MIP_vektet,2037,28,0.0,0.0,52.0,0.0,0.0,413477.64999999997,2217486.35,2630964.0,2630964.0,305.0,357.0,357.0,500
Basis_85,MIP_vektet,2037,29,0.0,0.0,52.0,0.0,0.0,409681.79999999993,2221282.2,2630964.0,2630964.0,305.0,357.0,357.0,500
Basis_85,MIP_vektet,2037,30,0.0,0.0,51.0,0.0,0.0,405885.89999999997,2225078.1,2630964.0,2630964.0,306.0,357.0,357.0,500
Basis_85,MIP_vektet,2037,31,0.0,0.0,51.0,0.0,0.0,402089.99999999994,2228874.0,2630964.0,2630964.0,306.0,357.0,357.0,500
Basis_85,MIP_vektet,2037,32,0.0,0.0,50.0,0.0,0.0,398294.14999999997,2232669.85,2630964.0,2630964.0,307.0,357.0,357.0,500
Basis_85,MIP_vektet,2037,33,0.0,0.0,49.049999999999955,0.0,0.0,394499.19999999995,2236464.8,2630964.0,2630964.0,307.95,357.0,357.0,500
Basis_85,MIP_vektet,2037,34,0.0,0.0,49.0,0.0,0.0,390703.3499999999,2240260.65,2630964.0,2630964.0,308.0,357.0,357.0,500
Basis_85,MIP_vektet,2037,35,0.0,0.0,49.0,0.0,0.0,386907.44999999995,2244056.55,2630964.0,2630964.0,308.0,357.0,357.0,500
Basis_85,MIP_vektet,2037,36,0.0,0.0,48.0,0.0,0.0,383111.54999999993,2247852.45,2630964.0,2630964.0,309.0,357.0,357.0,500
Basis_85,MIP_vektet,2037,37,0.0,0.0,48.0,0.0,0.0,379315.69999999995,2251648.3,2630964.0,2630964.0,309.0,357.0,357.0,500
Basis_85,MIP_vektet,2037,38,0.0,0.0,48.0,0.0,0.0,375519.79999999993,2255444.2,2630964.0,2630964.0,309.0,357.0,357.0,500
Basis_85,MIP_vektet,2037,39,0.0,0.0,47.049999999999955,0.0,0.0,371723.94999999995,2259240.05,2630964.0,2630964.0,309.95,357.0,357.0,500
Basis_85,MIP_vektet,2037,40,0.0,0.0,47.0,0.0,0.0,367928.04999999993,2263035.95,2630964.0,2630964.0,310.0,357.0,357.0,500
Basis_85,MIP_vektet,2037,41,0.0,0.0,46.0,0.0,0.0,364132.14999999997,2266831.85,2630964.0,2630964.0,311.0,357.0,357.0,500
Basis_85,MIP_vektet,2037,42,0.0,0.0,46.0,0.0,0.0,360337.24999999994,2270626.75,2630964.0,2630964.0,311.0,357.0,357.0,500
Basis_85,MIP_vektet,2037,43,0.0,0.0,45.0,0.0,0.0,356541.3499999999,2274422.65,2630964.0,2630964.0,312.0,357.0,357.0,500
Basis_85,MIP_vektet,2037,44,0.0,0.0,45.0,0.0,0.0,352745.49999999994,2278218.5,2630964.0,2630964.0,312.0,357.0,357.0,500
Basis_85,MIP_vektet,2037,45,0.0,0.0,44.049999999999955,0.0,0.0,348949.5999999999,2282014.4,2630964.0,2630964.0,312.95,357.0,357.0,500
Basis_85,MIP_vektet,2037,46,0.0,0.0,43.049999999999955,0.0,0.0,345153.69999999995,2285810.3,2630964.0,2630964.0,313.95,357.0,357.0,500
Basis_85,MIP_vektet,2037,47,0.0,0.0,43.0,0.0,0.0,341357.8499999999,2289606.15,2630964.0,2630964.0,314.0,357.0,357.0,500
Basis_85,MIP_vektet,2037,48,0.0,0.0,42.049999999999955,0.0,0.0,337561.94999999995,2293402.05,2630964.0,2630964.0,314.95,357.0,357.0,500
Basis_85,MIP_vektet,2037,49,0.0,0.0,42.0,0.0,0.0,333766.0999999999,2297197.9,2630964.0,2630964.0,315.0,357.0,357.0,500
Basis_85,MIP_vektet,2037,50,0.0,0.0,42.0,0.0,0.0,329971.14999999997,2300992.85,2630964.0,2630964.0,315.0,357.0,357.0,500
Basis_85,MIP_vektet,2037,51,0.0,0.0,42.0,0.0,0.0,326175.24999999994,2304788.75,2630964.0,2630964.0,315.0,357.0,357.0,500
Basis_85,MIP_vektet,2037,52,0.0,0.0,41.049999999999955,0.0,0.0,322379.39999999997,2308584.6,2630964.0,2630964.0,315.95,357.0,357.0,500
Basis_85,MIP_vektet,2037,53,0.0,0.0,41.0,0.0,0.0,318583.49999999994,2312380.5,2630964.0,2630964.0,316.0,357.0,357.0,500
Basis_85,MIP_vektet,2038,1,0.0,0.0,41.0,0.0,0.0,314787.64999999997,2316176.35,2630964.0,2630964.0,316.0,357.0,357.0,500
Basis_85,MIP_vektet,2038,2,0.0,0.0,41.0,0.0,0.0,310991.74999999994,2319972.25,2630964.0,2630964.0,316.0,357.0,357.0,500
Basis_85,MIP_vektet,2038,3,0.0,0.0,40.0,0.0,0.0,307195.8499999999,2323768.15,2630964.0,2630964.0,317.0,357.0,357.0,500
Basis_85,MIP_vektet,2038,4,0.0,0.0,40.0,0.0,0.0,303399.99999999994,2327564.0,2630964.0,2630964.0,317.0,357.0,357.0,500
Basis_85,MIP_vektet,2038,5,0.0,0.0,39.049999999999955,0.0,0.0,299605.04999999993,2331358.95,2630964.0,2630964.0,317.95,357.0,357.0,500
Basis_85,MIP_vektet,2038,6,0.0,0.0,39.0,0.0,0.0,295809.19999999995,2335154.8,2630964.0,2630964.0,318.0,357.0,357.0,500
Basis_85,MIP_vektet,2038,7,0.0,0.0,38.049999999999955,0.0,0.0,292013.29999999993,2338950.7,2630964.0,2630964.0,318.95,357.0,357.0,500
Basis_85,MIP_vektet,2038,8,0.0,0.0,37.049999999999955,0.0,0.0,288217.3999999999,2342746.6,2630964.0,2630964.0,319.95,357.0,357.0,500
Basis_85,MIP_vektet,2038,9,0.0,0.0,37.0,0.0,0.0,284421.54999999993,2346542.45,2630964.0,2630964.0,320.0,357.0,357.0,500
Basis_85,MIP_vektet,2038,10,0.0,0.0,37.0,0.0,0.0,280625.6499999999,2350338.35,2630964.0,2630964.0,320.0,357.0,357.0,500
Basis_85,MIP_vektet,2038,11,0.0,0.0,36.049999999999955,0.0,0.0,276829.79999999993,2354134.2,2630964.0,2630964.0,320.95,357.0,357.0,500
Basis_85,MIP_vektet,2038,12,0.0,0.0,35.09999999999991,0.0,0.0,273033.8999999999,2357930.1,2630964.0,2630964.0,321.9,357.0,357.0,500
Basis_85,MIP_vektet,2038,13,0.0,0.0,35.049999999999955,0.0,0.0,269237.99999999994,2361726.0,2630964.0,2630964.0,321.95,357.0,357.0,500
Basis_85,MIP_vektet,2038,14,0.0,0.0,34.09999999999991,0.0,0.0,265443.0999999999,2365520.9,2630964.0,2630964.0,322.9,357.0,357.0,500
Basis_85,MIP_vektet,2038,15,0.0,0.0,34.049999999999955,0.0,0.0,261647.19999999992,2369316.8,2630964.0,2630964.0,322.95,357.0,357.0,500
Basis_85,MIP_vektet,2038,16,0.0,0.0,33.09999999999991,0.0,0.0,257851.34999999995,2373112.65,2630964.0,2630964.0,323.9,357.0,357.0,500
Basis_85,MIP_vektet,2038,17,0.0,0.0,33.049999999999955,0.0,0.0,254055.44999999992,2376908.55,2630964.0,2630964.0,323.95,357.0,357.0,500
Basis_85,MIP_vektet,2038,18,0.0,0.0,33.0,0.0,0.0,250259.54999999993,2380704.45,2630964.0,2630964.0,324.0,357.0,357.0,500
Basis_85,MIP_vektet,2038,19,0.0,0.0,32.049999999999955,0.0,0.0,246463.69999999992,2384500.3,2630964.0,2630964.0,324.95,357.0,357.0,500
Basis_85,MIP_vektet,2038,20,0.0,0.0,32.0,0.0,0.0,242667.79999999993,2388296.2,2630964.0,2630964.0,325.0,357.0,357.0,500
Basis_85,MIP_vektet,2038,21,0.0,0.0,32.0,0.0,0.0,238871.94999999992,2392092.05,2630964.0,2630964.0,325.0,357.0,357.0,500
Basis_85,MIP_vektet,2038,22,0.0,0.0,31.0,0.0,0.0,235076.99999999994,2395887.0,2630964.0,2630964.0,326.0,357.0,357.0,500
Basis_85,MIP_vektet,2038,23,0.0,0.0,31.0,0.0,0.0,231281.09999999995,2399682.9,2630964.0,2630964.0,326.0,357.0,357.0,500
Basis_85,MIP_vektet,2038,24,0.0,0.0,30.0,0.0,0.0,227485.24999999994,2403478.75,2630964.0,2630964.0,327.0,357.0,357.0,500
Basis_85,MIP_vektet,2038,25,0.0,0.0,30.0,0.0,0.0,223689.34999999995,2407274.65,2630964.0,2630964.0,327.0,357.0,357.0,500
Basis_85,MIP_vektet,2038,26,0.0,0.0,29.0,0.0,0.0,219893.49999999994,2411070.5,2630964.0,2630964.0,328.0,357.0,357.0,500
Basis_85,MIP_vektet,2038,27,0.0,0.0,28.049999999999955,0.0,0.0,216097.59999999995,2414866.4,2630964.0,2630964.0,328.95,357.0,357.0,500
Basis_85,MIP_vektet,2038,28,0.0,0.0,28.0,0.0,0.0,212301.69999999992,2418662.3,2630964.0,2630964.0,329.0,357.0,357.0,500
Basis_85,MIP_vektet,2038,29,0.0,0.0,27.0,0.0,0.0,208505.84999999995,2422458.15,2630964.0,2630964.0,330.0,357.0,357.0,500
Basis_85,MIP_vektet,2038,30,0.0,0.0,27.0,0.0,0.0,204710.89999999994,2426253.1,2630964.0,2630964.0,330.0,357.0,357.0,500
Basis_85,MIP_vektet,2038,31,0.0,0.0,26.049999999999955,0.0,0.0,200915.04999999993,2430048.95,2630964.0,2630964.0,330.95,357.0,357.0,500
Basis_85,MIP_vektet,2038,32,0.0,0.0,26.049999999999955,0.0,0.0,197119.14999999994,2433844.85,2630964.0,2630964.0,330.95,357.0,357.0,500
Basis_85,MIP_vektet,2038,33,0.0,0.0,26.049999999999955,0.0,0.0,193323.24999999994,2437640.75,2630964.0,2630964.0,330.95,357.0,357.0,500
Basis_85,MIP_vektet,2038,34,0.0,0.0,25.09999999999991,0.0,0.0,189527.39999999994,2441436.6,2630964.0,2630964.0,331.9,357.0,357.0,500
Basis_85,MIP_vektet,2038,35,0.0,0.0,25.049999999999955,0.0,0.0,185731.49999999994,2445232.5,2630964.0,2630964.0,331.95,357.0,357.0,500
Basis_85,MIP_vektet,2038,36,0.0,0.0,25.049999999999955,0.0,0.0,181935.64999999994,2449028.35,2630964.0,2630964.0,331.95,357.0,357.0,500
Basis_85,MIP_vektet,2038,37,0.0,0.0,25.049999999999955,0.0,0.0,178139.74999999994,2452824.25,2630964.0,2630964.0,331.95,357.0,357.0,500
Basis_85,MIP_vektet,2038,38,0.0,0.0,25.049999999999955,0.0,0.0,174343.84999999992,2456620.15,2630964.0,2630964.0,331.95,357.0,357.0,500
Basis_85,MIP_vektet,2038,39,0.0,0.0,25.0,0.0,0.0,170548.94999999992,2460415.05,2630964.0,2630964.0,332.0,357.0,357.0,500
Basis_85,MIP_vektet,2038,40,0.0,0.0,24.049999999999955,0.0,0.0,166753.04999999993,2464210.95,2630964.0,2630964.0,332.95,357.0,357.0,500
Basis_85,MIP_vektet,2038,41,0.0,0.0,23.049999999999955,0.0,0.0,162957.19999999992,2468006.8,2630964.0,2630964.0,333.95,357.0,357.0,500
Basis_85,MIP_vektet,2038,42,0.0,0.0,23.049999999999955,0.0,0.0,159161.29999999993,2471802.7,2630964.0,2630964.0,333.95,357.0,357.0,500
Basis_85,MIP_vektet,2038,43,0.0,0.0,23.0,0.0,0.0,155365.44999999992,2475598.55,2630964.0,2630964.0,334.0,357.0,357.0,500
Basis_85,MIP_vektet,2038,44,0.0,0.0,22.0,0.0,0.0,151569.54999999993,2479394.45,2630964.0,2630964.0,335.0,357.0,357.0,500
Basis_85,MIP_vektet,2038,45,0.0,0.0,22.0,0.0,0.0,147773.64999999994,2483190.35,2630964.0,2630964.0,335.0,357.0,357.0,500
Basis_85,MIP_vektet,2038,46,0.0,0.0,21.0,0.0,0.0,143977.79999999993,2486986.2,2630964.0,2630964.0,336.0,357.0,357.0,500
Basis_85,MIP_vektet,2038,47,0.0,0.0,20.049999999999955,0.0,0.0,140182.84999999992,2490781.15,2630964.0,2630964.0,336.95,357.0,357.0,500
Basis_85,MIP_vektet,2038,48,0.0,0.0,20.049999999999955,0.0,0.0,136386.99999999994,2494577.0,2630964.0,2630964.0,336.95,357.0,357.0,500
Basis_85,MIP_vektet,2038,49,0.0,0.0,20.049999999999955,0.0,0.0,132591.09999999992,2498372.9,2630964.0,2630964.0,336.95,357.0,357.0,500
Basis_85,MIP_vektet,2038,50,0.0,0.0,20.049999999999955,0.0,0.0,128795.19999999992,2502168.8,2630964.0,2630964.0,336.95,357.0,357.0,500
Basis_85,MIP_vektet,2038,51,0.0,0.0,20.0,0.0,0.0,124999.34999999993,2505964.65,2630964.0,2630964.0,337.0,357.0,357.0,500
Basis_85,MIP_vektet,2038,52,0.0,0.0,20.0,0.0,0.0,121203.44999999992,2509760.55,2630964.0,2630964.0,337.0,357.0,357.0,500
Basis_85,MIP_vektet,2039,1,0.0,0.0,20.0,0.0,0.0,117407.59999999993,2513556.4,2630964.0,2630964.0,337.0,357.0,357.0,500
Basis_85,MIP_vektet,2039,2,0.0,0.0,19.049999999999955,0.0,0.0,113611.69999999992,2517352.3,2630964.0,2630964.0,337.95,357.0,357.0,500
Basis_85,MIP_vektet,2039,3,0.0,0.0,18.049999999999955,0.0,0.0,109816.74999999993,2521147.25,2630964.0,2630964.0,338.95,357.0,357.0,500
Basis_85,MIP_vektet,2039,4,0.0,0.0,18.0,0.0,0.0,106020.89999999994,2524943.1,2630964.0,2630964.0,339.0,357.0,357.0,500
Basis_85,MIP_vektet,2039,5,0.0,0.0,17.0,0.0,0.0,102224.99999999993,2528739.0,2630964.0,2630964.0,340.0,357.0,357.0,500
Basis_85,MIP_vektet,2039,6,0.0,0.0,16.049999999999955,0.0,0.0,98429.14999999994,2532534.85,2630964.0,2630964.0,340.95,357.0,357.0,500
Basis_85,MIP_vektet,2039,7,0.0,0.0,16.0,0.0,0.0,94633.24999999993,2536330.75,2630964.0,2630964.0,341.0,357.0,357.0,500
Basis_85,MIP_vektet,2039,8,0.0,0.0,15.049999999999955,0.0,0.0,90837.34999999993,2540126.65,2630964.0,2630964.0,341.95,357.0,357.0,500
Basis_85,MIP_vektet,2039,9,0.0,0.0,15.0,0.0,0.0,87041.49999999993,2543922.5,2630964.0,2630964.0,342.0,357.0,357.0,500
Basis_85,MIP_vektet,2039,10,0.0,0.0,14.049999999999955,0.0,0.0,83245.59999999993,2547718.4,2630964.0,2630964.0,342.95,357.0,357.0,500
Basis_85,MIP_vektet,2039,11,0.0,0.0,14.049999999999955,0.0,0.0,79449.74999999993,2551514.25,2630964.0,2630964.0,342.95,357.0,357.0,500
Basis_85,MIP_vektet,2039,12,0.0,0.0,13.049999999999955,0.0,0.0,75654.79999999993,2555309.2,2630964.0,2630964.0,343.95,357.0,357.0,500
Basis_85,MIP_vektet,2039,13,0.0,0.0,12.099999999999909,0.0,0.0,71858.89999999994,2559105.1,2630964.0,2630964.0,344.9,357.0,357.0,500
Basis_85,MIP_vektet,2039,14,0.0,0.0,12.049999999999955,0.0,0.0,68063.04999999993,2562900.95,2630964.0,2630964.0,344.95,357.0,357.0,500
Basis_85,MIP_vektet,2039,15,0.0,0.0,11.099999999999909,0.0,0.0,64267.14999999993,2566696.85,2630964.0,2630964.0,345.9,357.0,357.0,500
Basis_85,MIP_vektet,2039,16,0.0,0.0,11.049999999999955,0.0,0.0,60471.29999999993,2570492.7,2630964.0,2630964.0,345.95,357.0,357.0,500
Basis_85,MIP_vektet,2039,17,0.0,0.0,10.049999999999955,0.0,0.0,56675.39999999993,2574288.6,2630964.0,2630964.0,346.95,357.0,357.0,500
Basis_85,MIP_vektet,2039,18,0.0,0.0,10.0,0.0,0.0,52879.49999999993,2578084.5,2630964.0,2630964.0,347.0,357.0,357.0,500
Basis_85,MIP_vektet,2039,19,0.0,0.0,9.049999999999955,0.0,0.0,49083.64999999993,2581880.35,2630964.0,2630964.0,347.95,357.0,357.0,500
Basis_85,MIP_vektet,2039,20,0.0,0.0,7.0499999999999545,0.0,0.0,45288.69999999993,2585675.3,2630964.0,2630964.0,349.95,357.0,357.0,500
Basis_85,MIP_vektet,2039,21,0.0,0.0,7.0,0.0,0.0,41492.849999999926,2589471.15,2630964.0,2630964.0,350.0,357.0,357.0,500
Basis_85,MIP_vektet,2039,22,0.0,0.0,6.0499999999999545,0.0,0.0,37696.94999999993,2593267.05,2630964.0,2630964.0,350.95,357.0,357.0,500
Basis_85,MIP_vektet,2039,23,0.0,0.0,6.0499999999999545,0.0,0.0,33901.04999999993,2597062.95,2630964.0,2630964.0,350.95,357.0,357.0,500
Basis_85,MIP_vektet,2039,24,0.0,0.0,6.0499999999999545,0.0,0.0,30105.199999999928,2600858.8,2630964.0,2630964.0,350.95,357.0,357.0,500
Basis_85,MIP_vektet,2039,25,0.0,0.0,6.0499999999999545,0.0,0.0,26309.29999999993,2604654.7,2630964.0,2630964.0,350.95,357.0,357.0,500
Basis_85,MIP_vektet,2039,26,0.0,0.0,6.0499999999999545,0.0,0.0,22513.449999999928,2608450.55,2630964.0,2630964.0,350.95,357.0,357.0,500
Basis_85,MIP_vektet,2039,27,0.0,0.0,6.0,0.0,0.0,18717.54999999993,2612246.45,2630964.0,2630964.0,351.0,357.0,357.0,500
Basis_85,MIP_vektet,2039,28,0.0,0.0,5.0,0.0,0.0,14922.59999999993,2616041.4,2630964.0,2630964.0,352.0,357.0,357.0,500
Basis_85,MIP_vektet,2039,29,0.0,0.0,4.0499999999999545,0.0,0.0,11126.749999999929,2619837.25,2630964.0,2630964.0,352.95,357.0,357.0,500
Basis_85,MIP_vektet,2039,30,0.0,0.0,3.0,0.0,0.0,7330.8499999999285,2623633.15,2630964.0,2630964.0,354.0,357.0,357.0,500
Basis_85,MIP_vektet,2039,31,0.0,0.0,2.0,0.0,0.0,3534.999999999928,2627429.0,2630964.0,2630964.0,355.0,357.0,357.0,500
Basis_85,MIP_vektet,2039,32,0.0,0.0,0.049999999999954525,0.0,0.0,62.09999999994352,2630901.9,2630964.0,2630964.0,356.95,357.0,357.0,500
Basis_85,MIP_vektet,2039,33,0.0,0.0,0.0,0.0,0.0,0.0,2630964.0,2630964.0,2630964.0,357.0,357.0,357.0,500
Basis_85,MIP_vektet,2039,34,0.0,0.0,0.0,0.0,0.0,0.0,2630964.0,2630964.0,2630964.0,357.0,357.0,357.0,500
Basis_85,MIP_vektet,2039,35,0.0,0.0,0.0,0.0,0.0,0.0,2630964.0,2630964.0,2630964.0,357.0,357.0,357.0,500
Basis_85,MIP_vektet,2039,36,0.0,0.0,0.0,0.0,0.0,0.0,2630964.0,2630964.0,2630964.0,357.0,357.0,357.0,500
Basis_85,MIP_vektet,2039,37,0.0,0.0,0.0,0.0,0.0,0.0,2630964.0,2630964.0,2630964.0,357.0,357.0,357.0,500
Basis_85,MIP_vektet,2039,38,0.0,0.0,0.0,0.0,0.0,0.0,2630964.0,2630964.0,2630964.0,357.0,357.0,357.0,500
Basis_85,MIP_vektet,2039,39,0.0,0.0,0.0,0.0,0.0,0.0,2630964.0,2630964.0,2630964.0,357.0,357.0,357.0,500
Basis_85,MIP_vektet,2039,40,0.0,0.0,0.0,0.0,0.0,0.0,2630964.0,2630964.0,2630964.0,357.0,357.0,357.0,500
Basis_85,MIP_vektet,2039,41,0.0,0.0,0.0,0.0,0.0,0.0,2630964.0,2630964.0,2630964.0,357.0,357.0,357.0,500
Basis_85,MIP_vektet,2039,42,0.0,0.0,0.0,0.0,0.0,0.0,2630964.0,2630964.0,2630964.0,357.0,357.0,357.0,500
Basis_85,MIP_vektet,2039,43,0.0,0.0,0.0,0.0,0.0,0.0,2630964.0,2630964.0,2630964.0,357.0,357.0,357.0,500
Basis_85,MIP_vektet,2039,44,0.0,0.0,0.0,0.0,0.0,0.0,2630964.0,2630964.0,2630964.0,357.0,357.0,357.0,500
Basis_85,MIP_vektet,2039,45,0.0,0.0,0.0,0.0,0.0,0.0,2630964.0,2630964.0,2630964.0,357.0,357.0,357.0,500
Basis_85,MIP_vektet,2039,46,0.0,0.0,0.0,0.0,0.0,0.0,2630964.0,2630964.0,2630964.0,357.0,357.0,357.0,500
Basis_85,MIP_vektet,2039,47,0.0,0.0,0.0,0.0,0.0,0.0,2630964.0,2630964.0,2630964.0,357.0,357.0,357.0,500
Basis_85,MIP_vektet,2039,48,0.0,0.0,0.0,0.0,0.0,0.0,2630964.0,2630964.0,2630964.0,357.0,357.0,357.0,500
Basis_85,MIP_vektet,2039,49,0.0,0.0,0.0,0.0,0.0,0.0,2630964.0,2630964.0,2630964.0,357.0,357.0,357.0,500
Basis_85,MIP_vektet,2039,50,0.0,0.0,0.0,0.0,0.0,0.0,2630964.0,2630964.0,2630964.0,357.0,357.0,357.0,500
Basis_85,MIP_vektet,2039,51,0.0,0.0,0.0,0.0,0.0,0.0,2630964.0,2630964.0,2630964.0,357.0,357.0,357.0,500
Basis_85,MIP_vektet,2039,52,0.0,0.0,0.0,0.0,0.0,0.0,2630964.0,2630964.0,2630964.0,357.0,357.0,357.0,500
Basis_85,MIP_vektet,2040,1,0.0,0.0,0.0,0.0,0.0,0.0,2630964.0,2630964.0,2630964.0,357.0,357.0,357.0,500
Basis_85,MIP_vektet,2040,2,0.0,0.0,0.0,0.0,0.0,0.0,2630964.0,2630964.0,2630964.0,357.0,357.0,357.0,500
Basis_85,MIP_vektet,2040,3,0.0,0.0,0.0,0.0,0.0,0.0,2630964.0,2630964.0,2630964.0,357.0,357.0,357.0,500
Basis_85,MIP_vektet,2040,4,0.0,0.0,0.0,0.0,0.0,0.0,2630964.0,2630964.0,2630964.0,357.0,357.0,357.0,500
Basis_85,MIP_vektet,2040,5,0.0,0.0,0.0,0.0,0.0,0.0,2630964.0,2630964.0,2630964.0,357.0,357.0,357.0,500
Basis_85,MIP_vektet,2040,6,0.0,0.0,0.0,0.0,0.0,0.0,2630964.0,2630964.0,2630964.0,357.0,357.0,357.0,500
Basis_85,MIP_vektet,2040,7,0.0,0.0,0.0,0.0,0.0,0.0,2630964.0,2630964.0,2630964.0,357.0,357.0,357.0,500
Basis_85,MIP_vektet,2040,8,0.0,0.0,0.0,0.0,0.0,0.0,2630964.0,2630964.0,2630964.0,357.0,357.0,357.0,500
Basis_85,MIP_vektet,2040,9,0.0,0.0,0.0,0.0,0.0,0.0,2630964.0,2630964.0,2630964.0,357.0,357.0,357.0,500
Basis_85,MIP_vektet,2040,10,0.0,0.0,0.0,0.0,0.0,0.0,2630964.0,2630964.0,2630964.0,357.0,357.0,357.0,500
Basis_85,MIP_vektet,2040,11,0.0,0.0,0.0,0.0,0.0,0.0,2630964.0,2630964.0,2630964.0,357.0,357.0,357.0,500
Basis_85,MIP_vektet,2040,12,0.0,0.0,0.0,0.0,0.0,0.0,2630964.0,2630964.0,2630964.0,357.0,357.0,357.0,500
Basis_85,MIP_vektet,2040,13,0.0,0.0,0.0,0.0,0.0,0.0,2630964.0,2630964.0,2630964.0,357.0,357.0,357.0,500
Basis_85,MIP_vektet,2040,14,0.0,0.0,0.0,0.0,0.0,0.0,2630964.0,2630964.0,2630964.0,357.0,357.0,357.0,500
Basis_85,MIP_vektet,2040,15,0.0,0.0,0.0,0.0,0.0,0.0,2630964.0,2630964.0,2630964.0,357.0,357.0,357.0,500
Basis_85,MIP_vektet,2040,16,0.0,0.0,0.0,0.0,0.0,0.0,2630964.0,2630964.0,2630964.0,357.0,357.0,357.0,500
Basis_85,MIP_vektet,2040,17,0.0,0.0,0.0,0.0,0.0,0.0,2630964.0,2630964.0,2630964.0,357.0,357.0,357.0,500
Basis_85,MIP_vektet,2040,18,0.0,0.0,0.0,0.0,0.0,0.0,2630964.0,2630964.0,2630964.0,357.0,357.0,357.0,500
Basis_85,MIP_vektet,2040,19,0.0,0.0,0.0,0.0,0.0,0.0,2630964.0,2630964.0,2630964.0,357.0,357.0,357.0,500
Basis_85,MIP_vektet,2040,20,0.0,0.0,0.0,0.0,0.0,0.0,2630964.0,2630964.0,2630964.0,357.0,357.0,357.0,500
Basis_85,MIP_vektet,2040,21,0.0,0.0,0.0,0.0,0.0,0.0,2630964.0,2630964.0,2630964.0,357.0,357.0,357.0,500
Basis_85,MIP_vektet,2040,22,0.0,0.0,0.0,0.0,0.0,0.0,2630964.0,2630964.0,2630964.0,357.0,357.0,357.0,500
Basis_85,MIP_vektet,2040,23,0.0,0.0,0.0,0.0,0.0,0.0,2630964.0,2630964.0,2630964.0,357.0,357.0,357.0,500
Basis_85,MIP_vektet,2040,24,0.0,0.0,0.0,0.0,0.0,0.0,2630964.0,2630964.0,2630964.0,357.0,357.0,357.0,500
Basis_85,MIP_vektet,2040,25,0.0,0.0,0.0,0.0,0.0,0.0,2630964.0,2630964.0,2630964.0,357.0,357.0,357.0,500
Basis_85,MIP_vektet,2040,26,0.0,0.0,0.0,0.0,0.0,0.0,2630964.0,2630964.0,2630964.0,357.0,357.0,357.0,500
Basis_85,MIP_vektet,2040,27,0.0,0.0,0.0,0.0,0.0,0.0,2630964.0,2630964.0,2630964.0,357.0,357.0,357.0,500
Basis_85,MIP_vektet,2040,28,0.0,0.0,0.0,0.0,0.0,0.0,2630964.0,2630964.0,2630964.0,357.0,357.0,357.0,500
Basis_85,MIP_vektet,2040,29,0.0,0.0,0.0,0.0,0.0,0.0,2630964.0,2630964.0,2630964.0,357.0,357.0,357.0,500
Basis_85,MIP_vektet,2040,30,0.0,0.0,0.0,0.0,0.0,0.0,2630964.0,2630964.0,2630964.0,357.0,357.0,357.0,500
Basis_85,MIP_vektet,2040,31,0.0,0.0,0.0,0.0,0.0,0.0,2630964.0,2630964.0,2630964.0,357.0,357.0,357.0,500
Basis_85,MIP_vektet,2040,32,0.0,0.0,0.0,0.0,0.0,0.0,2630964.0,2630964.0,2630964.0,357.0,357.0,357.0,500
Basis_85,MIP_vektet,2040,33,0.0,0.0,0.0,0.0,0.0,0.0,2630964.0,2630964.0,2630964.0,357.0,357.0,357.0,500
Basis_85,MIP_vektet,2040,34,0.0,0.0,0.0,0.0,0.0,0.0,2630964.0,2630964.0,2630964.0,357.0,357.0,357.0,500
Basis_85,MIP_vektet,2040,35,0.0,0.0,0.0,0.0,0.0,0.0,2630964.0,2630964.0,2630964.0,357.0,357.0,357.0,500
Basis_85,MIP_vektet,2040,36,0.0,0.0,0.0,0.0,0.0,0.0,2630964.0,2630964.0,2630964.0,357.0,357.0,357.0,500
Basis_85,MIP_vektet,2040,37,0.0,0.0,0.0,0.0,0.0,0.0,2630964.0,2630964.0,2630964.0,357.0,357.0,357.0,500
Basis_85,MIP_vektet,2040,38,0.0,0.0,0.0,0.0,0.0,0.0,2630964.0,2630964.0,2630964.0,357.0,357.0,357.0,500
Basis_85,MIP_vektet,2040,39,0.0,0.0,0.0,0.0,0.0,0.0,2630964.0,2630964.0,2630964.0,357.0,357.0,357.0,500
Basis_85,MIP_vektet,2040,40,0.0,0.0,0.0,0.0,0.0,0.0,2630964.0,2630964.0,2630964.0,357.0,357.0,357.0,500
Basis_85,MIP_vektet,2040,41,0.0,0.0,0.0,0.0,0.0,0.0,2630964.0,2630964.0,2630964.0,357.0,357.0,357.0,500
Basis_85,MIP_vektet,2040,42,0.0,0.0,0.0,0.0,0.0,0.0,2630964.0,2630964.0,2630964.0,357.0,357.0,357.0,500
Basis_85,MIP_vektet,2040,43,0.0,0.0,0.0,0.0,0.0,0.0,2630964.0,2630964.0,2630964.0,357.0,357.0,357.0,500
Basis_85,MIP_vektet,2040,44,0.0,0.0,0.0,0.0,0.0,0.0,2630964.0,2630964.0,2630964.0,357.0,357.0,357.0,500
Basis_85,MIP_vektet,2040,45,0.0,0.0,0.0,0.0,0.0,0.0,2630964.0,2630964.0,2630964.0,357.0,357.0,357.0,500
Basis_85,MIP_vektet,2040,46,0.0,0.0,0.0,0.0,0.0,0.0,2630964.0,2630964.0,2630964.0,357.0,357.0,357.0,500
Basis_85,MIP_vektet,2040,47,0.0,0.0,0.0,0.0,0.0,0.0,2630964.0,2630964.0,2630964.0,357.0,357.0,357.0,500
Basis_85,MIP_vektet,2040,48,0.0,0.0,0.0,0.0,0.0,0.0,2630964.0,2630964.0,2630964.0,357.0,357.0,357.0,500
Basis_85,MIP_vektet,2040,49,0.0,0.0,0.0,0.0,0.0,0.0,2630964.0,2630964.0,2630964.0,357.0,357.0,357.0,500
Basis_85,MIP_vektet,2040,50,0.0,0.0,0.0,0.0,0.0,0.0,2630964.0,2630964.0,2630964.0,357.0,357.0,357.0,500
Basis_85,MIP_vektet,2040,51,0.0,0.0,0.0,0.0,0.0,0.0,2630964.0,2630964.0,2630964.0,357.0,357.0,357.0,500
Basis_85,MIP_vektet,2040,52,0.0,0.0,0.0,0.0,0.0,0.0,2630964.0,2630964.0,2630964.0,357.0,357.0,357.0,500
Basis_85,MIP_vektet,2041,1,0.0,0.0,0.0,0.0,0.0,0.0,2630964.0,2630964.0,2630964.0,357.0,357.0,357.0,500
Basis_85,MIP_vektet,2041,2,0.0,0.0,0.0,0.0,0.0,0.0,2630964.0,2630964.0,2630964.0,357.0,357.0,357.0,500
Basis_85,MIP_vektet,2041,3,0.0,0.0,0.0,0.0,0.0,0.0,2630964.0,2630964.0,2630964.0,357.0,357.0,357.0,500
Basis_85,MIP_vektet,2041,4,0.0,0.0,0.0,0.0,0.0,0.0,2630964.0,2630964.0,2630964.0,357.0,357.0,357.0,500
Basis_85,MIP_vektet,2041,5,0.0,0.0,0.0,0.0,0.0,0.0,2630964.0,2630964.0,2630964.0,357.0,357.0,357.0,500
Basis_85,MIP_vektet,2041,6,0.0,0.0,0.0,0.0,0.0,0.0,2630964.0,2630964.0,2630964.0,357.0,357.0,357.0,500
Basis_85,MIP_vektet,2041,7,0.0,0.0,0.0,0.0,0.0,0.0,2630964.0,2630964.0,2630964.0,357.0,357.0,357.0,500
Basis_85,MIP_vektet,2041,8,0.0,0.0,0.0,0.0,0.0,0.0,2630964.0,2630964.0,2630964.0,357.0,357.0,357.0,500
Basis_85,MIP_vektet,2041,9,0.0,0.0,0.0,0.0,0.0,0.0,2630964.0,2630964.0,2630964.0,357.0,357.0,357.0,500
Basis_85,MIP_vektet,2041,10,0.0,0.0,0.0,0.0,0.0,0.0,2630964.0,2630964.0,2630964.0,357.0,357.0,357.0,500
Basis_85,MIP_vektet,2041,11,0.0,0.0,0.0,0.0,0.0,0.0,2630964.0,2630964.0,2630964.0,357.0,357.0,357.0,500
Basis_85,MIP_vektet,2041,12,0.0,0.0,0.0,0.0,0.0,0.0,2630964.0,2630964.0,2630964.0,357.0,357.0,357.0,500
Basis_85,MIP_vektet,2041,13,0.0,0.0,0.0,0.0,0.0,0.0,2630964.0,2630964.0,2630964.0,357.0,357.0,357.0,500
Basis_85,MIP_vektet,2041,14,0.0,0.0,0.0,0.0,0.0,0.0,2630964.0,2630964.0,2630964.0,357.0,357.0,357.0,500
Basis_85,MIP_vektet,2041,15,0.0,0.0,0.0,0.0,0.0,0.0,2630964.0,2630964.0,2630964.0,357.0,357.0,357.0,500
Basis_85,MIP_vektet,2041,16,0.0,0.0,0.0,0.0,0.0,0.0,2630964.0,2630964.0,2630964.0,357.0,357.0,357.0,500
Basis_85,MIP_vektet,2041,17,0.0,0.0,0.0,0.0,0.0,0.0,2630964.0,2630964.0,2630964.0,357.0,357.0,357.0,500
Basis_85,MIP_vektet,2041,18,0.0,0.0,0.0,0.0,0.0,0.0,2630964.0,2630964.0,2630964.0,357.0,357.0,357.0,500
Basis_85,MIP_vektet,2041,19,0.0,0.0,0.0,0.0,0.0,0.0,2630964.0,2630964.0,2630964.0,357.0,357.0,357.0,500
Basis_85,MIP_vektet,2041,20,0.0,0.0,0.0,0.0,0.0,0.0,2630964.0,2630964.0,2630964.0,357.0,357.0,357.0,500
Basis_85,MIP_vektet,2041,21,0.0,0.0,0.0,0.0,0.0,0.0,2630964.0,2630964.0,2630964.0,357.0,357.0,357.0,500
Basis_85,MIP_vektet,2041,22,0.0,0.0,0.0,0.0,0.0,0.0,2630964.0,2630964.0,2630964.0,357.0,357.0,357.0,500
Basis_85,MIP_vektet,2041,23,0.0,0.0,0.0,0.0,0.0,0.0,2630964.0,2630964.0,2630964.0,357.0,357.0,357.0,500
Basis_85,MIP_vektet,2041,24,0.0,0.0,0.0,0.0,0.0,0.0,2630964.0,2630964.0,2630964.0,357.0,357.0,357.0,500
Basis_85,MIP_vektet,2041,25,0.0,0.0,0.0,0.0,0.0,0.0,2630964.0,2630964.0,2630964.0,357.0,357.0,357.0,500
Basis_85,MIP_vektet,2041,26,0.0,0.0,0.0,0.0,0.0,0.0,2630964.0,2630964.0,2630964.0,357.0,357.0,357.0,500
Basis_85,MIP_vektet,2041,27,0.0,0.0,0.0,0.0,0.0,0.0,2630964.0,2630964.0,2630964.0,357.0,357.0,357.0,500
Basis_85,MIP_vektet,2041,28,0.0,0.0,0.0,0.0,0.0,0.0,2630964.0,2630964.0,2630964.0,357.0,357.0,357.0,500
Basis_85,MIP_vektet,2041,29,0.0,0.0,0.0,0.0,0.0,0.0,2630964.0,2630964.0,2630964.0,357.0,357.0,357.0,500
Basis_85,MIP_vektet,2041,30,0.0,0.0,0.0,0.0,0.0,0.0,2630964.0,2630964.0,2630964.0,357.0,357.0,357.0,500
Basis_85,MIP_vektet,2041,31,0.0,0.0,0.0,0.0,0.0,0.0,2630964.0,2630964.0,2630964.0,357.0,357.0,357.0,500
Basis_85,MIP_vektet,2041,32,0.0,0.0,0.0,0.0,0.0,0.0,2630964.0,2630964.0,2630964.0,357.0,357.0,357.0,500
Basis_85,MIP_vektet,2041,33,0.0,0.0,0.0,0.0,0.0,0.0,2630964.0,2630964.0,2630964.0,357.0,357.0,357.0,500
Basis_85,MIP_vektet,2041,34,0.0,0.0,0.0,0.0,0.0,0.0,2630964.0,2630964.0,2630964.0,357.0,357.0,357.0,500
Basis_85,MIP_vektet,2041,35,0.0,0.0,0.0,0.0,0.0,0.0,2630964.0,2630964.0,2630964.0,357.0,357.0,357.0,500
Basis_85,MIP_vektet,2041,36,0.0,0.0,0.0,0.0,0.0,0.0,2630964.0,2630964.0,2630964.0,357.0,357.0,357.0,500
Basis_85,MIP_vektet,2041,37,0.0,0.0,0.0,0.0,0.0,0.0,2630964.0,2630964.0,2630964.0,357.0,357.0,357.0,500
Basis_85,MIP_vektet,2041,38,0.0,0.0,0.0,0.0,0.0,0.0,2630964.0,2630964.0,2630964.0,357.0,357.0,357.0,500
Basis_85,MIP_vektet,2041,39,0.0,0.0,0.0,0.0,0.0,0.0,2630964.0,2630964.0,2630964.0,357.0,357.0,357.0,500
Basis_85,MIP_vektet,2041,40,0.0,0.0,0.0,0.0,0.0,0.0,2630964.0,2630964.0,2630964.0,357.0,357.0,357.0,500
Basis_85,MIP_vektet,2041,41,0.0,0.0,0.0,0.0,0.0,0.0,2630964.0,2630964.0,2630964.0,357.0,357.0,357.0,500
Basis_85,MIP_vektet,2041,42,0.0,0.0,0.0,0.0,0.0,0.0,2630964.0,2630964.0,2630964.0,357.0,357.0,357.0,500
Basis_85,MIP_vektet,2041,43,0.0,0.0,0.0,0.0,0.0,0.0,2630964.0,2630964.0,2630964.0,357.0,357.0,357.0,500
Basis_85,MIP_vektet,2041,44,0.0,0.0,0.0,0.0,0.0,0.0,2630964.0,2630964.0,2630964.0,357.0,357.0,357.0,500
Basis_85,MIP_vektet,2041,45,0.0,0.0,0.0,0.0,0.0,0.0,2630964.0,2630964.0,2630964.0,357.0,357.0,357.0,500
Basis_85,MIP_vektet,2041,46,0.0,0.0,0.0,0.0,0.0,0.0,2630964.0,2630964.0,2630964.0,357.0,357.0,357.0,500
Basis_85,MIP_vektet,2041,47,0.0,0.0,0.0,0.0,0.0,0.0,2630964.0,2630964.0,2630964.0,357.0,357.0,357.0,500
Basis_85,MIP_vektet,2041,48,0.0,0.0,0.0,0.0,0.0,0.0,2630964.0,2630964.0,2630964.0,357.0,357.0,357.0,500
Basis_85,MIP_vektet,2041,49,0.0,0.0,0.0,0.0,0.0,0.0,2630964.0,2630964.0,2630964.0,357.0,357.0,357.0,500
Basis_85,MIP_vektet,2041,50,0.0,0.0,0.0,0.0,0.0,0.0,2630964.0,2630964.0,2630964.0,357.0,357.0,357.0,500
Basis_85,MIP_vektet,2041,51,0.0,0.0,0.0,0.0,0.0,0.0,2630964.0,2630964.0,2630964.0,357.0,357.0,357.0,500
Basis_85,MIP_vektet,2041,52,0.0,0.0,0.0,0.0,0.0,0.0,2630964.0,2630964.0,2630964.0,357.0,357.0,357.0,500
Basis_85,MIP_vektet,2042,1,0.0,0.0,0.0,0.0,0.0,0.0,2630964.0,2630964.0,2630964.0,357.0,357.0,357.0,500
Basis_85,MIP_vektet,2042,2,0.0,0.0,0.0,0.0,0.0,0.0,2630964.0,2630964.0,2630964.0,357.0,357.0,357.0,500
Basis_85,MIP_vektet,2042,3,0.0,0.0,0.0,0.0,0.0,0.0,2630964.0,2630964.0,2630964.0,357.0,357.0,357.0,500
Basis_85,MIP_vektet,2042,4,0.0,0.0,0.0,0.0,0.0,0.0,2630964.0,2630964.0,2630964.0,357.0,357.0,357.0,500
Basis_85,MIP_vektet,2042,5,0.0,0.0,0.0,0.0,0.0,0.0,2630964.0,2630964.0,2630964.0,357.0,357.0,357.0,500
Basis_85,MIP_vektet,2042,6,0.0,0.0,0.0,0.0,0.0,0.0,2630964.0,2630964.0,2630964.0,357.0,357.0,357.0,500
Basis_85,MIP_vektet,2042,7,0.0,0.0,0.0,0.0,0.0,0.0,2630964.0,2630964.0,2630964.0,357.0,357.0,357.0,500
Basis_85,MIP_vektet,2042,8,0.0,0.0,0.0,0.0,0.0,0.0,2630964.0,2630964.0,2630964.0,357.0,357.0,357.0,500
Basis_85,MIP_vektet,2042,9,0.0,0.0,0.0,0.0,0.0,0.0,2630964.0,2630964.0,2630964.0,357.0,357.0,357.0,500
Basis_85,MIP_vektet,2042,10,0.0,0.0,0.0,0.0,0.0,0.0,2630964.0,2630964.0,2630964.0,357.0,357.0,357.0,500
Basis_85,MIP_vektet,2042,11,0.0,0.0,0.0,0.0,0.0,0.0,2630964.0,2630964.0,2630964.0,357.0,357.0,357.0,500
Basis_85,MIP_vektet,2042,12,0.0,0.0,0.0,0.0,0.0,0.0,2630964.0,2630964.0,2630964.0,357.0,357.0,357.0,500
Basis_85,MIP_vektet,2042,13,0.0,0.0,0.0,0.0,0.0,0.0,2630964.0,2630964.0,2630964.0,357.0,357.0,357.0,500
Basis_85,MIP_vektet,2042,14,0.0,0.0,0.0,0.0,0.0,0.0,2630964.0,2630964.0,2630964.0,357.0,357.0,357.0,500
Basis_85,MIP_vektet,2042,15,0.0,0.0,0.0,0.0,0.0,0.0,2630964.0,2630964.0,2630964.0,357.0,357.0,357.0,500
Basis_85,MIP_vektet,2042,16,0.0,0.0,0.0,0.0,0.0,0.0,2630964.0,2630964.0,2630964.0,357.0,357.0,357.0,500
Basis_85,MIP_vektet,2042,17,0.0,0.0,0.0,0.0,0.0,0.0,2630964.0,2630964.0,2630964.0,357.0,357.0,357.0,500
Basis_85,MIP_vektet,2042,18,0.0,0.0,0.0,0.0,0.0,0.0,2630964.0,2630964.0,2630964.0,357.0,357.0,357.0,500
Basis_85,MIP_vektet,2042,19,0.0,0.0,0.0,0.0,0.0,0.0,2630964.0,2630964.0,2630964.0,357.0,357.0,357.0,500
Basis_85,MIP_vektet,2042,20,0.0,0.0,0.0,0.0,0.0,0.0,2630964.0,2630964.0,2630964.0,357.0,357.0,357.0,500
Basis_85,MIP_vektet,2042,21,0.0,0.0,0.0,0.0,0.0,0.0,2630964.0,2630964.0,2630964.0,357.0,357.0,357.0,500
Basis_85,MIP_vektet,2042,22,0.0,0.0,0.0,0.0,0.0,0.0,2630964.0,2630964.0,2630964.0,357.0,357.0,357.0,500
Basis_85,MIP_vektet,2042,23,0.0,0.0,0.0,0.0,0.0,0.0,2630964.0,2630964.0,2630964.0,357.0,357.0,357.0,500
Basis_85,MIP_vektet,2042,24,0.0,0.0,0.0,0.0,0.0,0.0,2630964.0,2630964.0,2630964.0,357.0,357.0,357.0,500
Basis_85,MIP_vektet,2042,25,0.0,0.0,0.0,0.0,0.0,0.0,2630964.0,2630964.0,2630964.0,357.0,357.0,357.0,500
Middels_90,MIP_vektet,2026,18,62.0,62.0,62.0,279809.75,281396.5,281891.5,1017.5,1512.5,3099.2499999999955,0.0,0.0,0.0,500
Middels_90,MIP_vektet,2026,19,57.0,60.0,60.0,264316.3,273833.5,276805.05,6103.95,9075.5,18592.69999999997,2.0,2.0,5.0,500
Middels_90,MIP_vektet,2026,20,54.0,58.0,60.0,258200.65,276121.0,303604.0,11189.45,16638.5,34087.049999999945,3.0,5.0,9.049999999999955,500
Middels_90,MIP_vektet,2026,21,54.95,60.0,64.0,290568.95,328350.0,371395.19999999995,16275.95,24201.0,49580.49999999992,5.0,7.0,12.0,500
Middels_90,MIP_vektet,2026,22,55.0,62.0,66.0,315508.85,365489.5,418277.8499999999,21362.4,31764.0,65074.8999999999,6.0,8.0,16.0,500
Middels_90,MIP_vektet,2026,23,54.0,64.0,68.0,334794.9,401847.5,457410.69999999995,26448.850000000002,39326.5,80568.29999999987,8.0,10.0,19.049999999999955,500
Middels_90,MIP_vektet,2026,24,54.95,67.0,72.0,371796.05,456749.0,511670.05,31535.350000000002,46889.5,96062.69999999985,8.0,12.0,24.049999999999955,500
Middels_90,MIP_vektet,2026,25,56.0,71.0,76.0,421881.95,505503.5,563934.6,36621.8,54452.0,111556.14999999983,10.0,12.0,27.049999999999955,500
Middels_90,MIP_vektet,2026,26,57.0,74.0,81.0,461562.65,556873.0,624891.25,41707.3,62015.5,127050.4999999998,10.0,15.0,30.049999999999955,500
Middels_90,MIP_vektet,2026,27,62.0,78.0,86.0,522141.05,610751.0,681278.75,46793.8,69578.0,142543.94999999978,12.0,16.0,33.0,500
Middels_90,MIP_vektet,2026,28,65.95,83.0,93.0,572279.6,669860.5,746439.7,51880.25,77141.0,158038.34999999974,12.0,18.0,36.049999999999955,500
Middels_90,MIP_vektet,2026,29,70.9,89.0,100.0,630600.0,733358.5,813943.25,56966.700000000004,84703.5,173531.79999999973,12.950000000000003,21.0,38.049999999999955,500
Middels_90,MIP_vektet,2026,30,75.95,95.0,107.0,677033.05,796708.5,871295.8999999999,62053.200000000004,92266.5,189026.1499999997,14.950000000000003,23.0,40.19999999999982,500
Middels_90,MIP_vektet,2026,31,82.95,102.0,113.0,733630.95,858618.5,946554.7,67139.65000000001,99829.0,204519.5999999997,16.0,25.0,44.049999999999955,500
Middels_90,MIP_vektet,2026,32,87.0,108.0,120.0,784451.6,922108.5,1008279.4,72225.15000000001,107392.0,220013.99999999965,17.0,27.0,46.09999999999991,500
Middels_90,MIP_vektet,2026,33,92.95,115.0,128.0,841131.05,986177.5,1073018.15,77311.65000000001,114955.0,235507.39999999964,18.950000000000003,28.0,48.149999999999864,500
Middels_90,MIP_vektet,2026,34,99.9,123.0,136.0,904787.9,1044540.0,1143808.35,82398.1,122518.0,251001.7999999996,20.0,30.0,51.149999999999864,500
Middels_90,MIP_vektet,2026,35,106.0,130.5,145.0,965965.95,1109489.5,1209387.2,87484.55,130080.5,266495.2499999996,21.0,31.0,54.09999999999991,500
Middels_90,MIP_vektet,2026,36,114.0,140.0,155.0,1020049.7,1176680.0,1282518.65,92571.05,137643.5,281989.59999999957,22.950000000000003,31.0,60.09999999999991,500
Middels_90,MIP_vektet,2026,37,121.95,150.0,165.0,1077239.85,1238709.0,1340886.15,97656.55,145206.0,297483.0499999995,24.0,33.0,63.0,500
Middels_90,MIP_vektet,2026,38,131.0,160.0,176.0,1140840.85,1307198.5,1410002.85,102743.0,152769.0,312977.4499999995,25.950000000000003,34.5,64.0,500
Middels_90,MIP_vektet,2026,39,137.95,168.0,185.0,1169640.65,1357549.0,1466532.9,107829.5,160331.5,328470.8499999995,26.950000000000003,36.0,65.0,500
Middels_90,MIP_vektet,2026,40,143.0,177.0,194.0,1206688.95,1403974.0,1517103.8,112915.95,167895.0,343965.2499999995,27.950000000000003,37.0,66.0,500
Middels_90,MIP_vektet,2026,41,153.0,186.0,205.04999999999995,1244893.7,1460576.5,1576518.5,118002.40000000001,175457.5,359458.69999999943,28.950000000000003,38.0,67.0,500
Middels_90,MIP_vektet,2026,42,163.95,195.0,215.0,1303729.0,1511807.5,1632333.5999999999,123088.90000000001,183020.5,374953.0499999994,30.0,40.0,68.04999999999995,500
Middels_90,MIP_vektet,2026,43,171.0,205.0,223.04999999999995,1341820.65,1575614.5,1696930.05,128174.40000000001,190583.0,390446.4999999994,30.950000000000003,41.0,70.0,500
Middels_90,MIP_vektet,2026,44,179.95,212.0,231.0,1399613.3,1644018.0,1765954.75,133260.85,198146.0,405940.8999999994,31.0,44.0,71.0,500
Middels_90,MIP_vektet,2026,45,184.0,219.0,236.0,1436213.65,1700159.0,1828299.9,138347.35,205708.5,421434.29999999935,31.950000000000003,44.0,72.0,500
Middels_90,MIP_vektet,2026,46,191.0,225.5,244.0,1492378.75,1751480.0,1877406.65,143433.80000000002,213271.5,436928.6999999993,33.0,45.0,73.0,500
Middels_90,MIP_vektet,2026,47,198.95,231.0,250.0,1542419.2,1792718.0,1906848.9,148520.25,220834.5,452422.1499999993,33.95,46.0,74.04999999999995,500
Middels_90,MIP_vektet,2026,48,202.95,235.0,253.0,1564733.45,1826654.5,1925784.05,153606.75,228397.5,467916.4999999993,34.95,48.0,76.0,500
Middels_90,MIP_vektet,2026,49,206.0,237.0,254.0,1589431.05,1843074.0,1939160.8,158692.25,235960.0,483409.94999999925,36.0,49.0,77.0,500
Middels_90,MIP_vektet,2026,50,210.0,240.0,257.0,1606626.4,1868544.5,1961322.2,163778.7,243523.0,498904.3499999992,36.95,51.0,78.04999999999995,500
Middels_90,MIP_vektet,2026,51,215.0,245.0,262.0,1639628.35,1900064.0,2010822.95,168865.2,251085.5,514397.7499999992,37.0,51.0,79.04999999999995,500
Middels_90,MIP_vektet,2026,52,219.95,248.0,264.04999999999995,1647922.35,1922680.5,2024325.35,173951.65,258648.5,529892.1499999992,38.0,54.0,80.04999999999995,500
Middels_90,MIP_vektet,2026,53,219.95,248.0,264.0,1640970.75,1922809.5,2024396.65,179038.1,266211.0,545385.5999999992,39.0,55.0,81.09999999999991,500
Middels_90,MIP_vektet,2027,1,223.0,251.0,270.0,1666499.65,1965070.0,2073301.65,184124.6,273774.5,560879.9499999991,40.0,56.0,83.04999999999995,500
Middels_90,MIP_vektet,2027,2,230.0,257.0,275.0,1720837.45,2024886.5,2134673.15,189210.1,281337.0,576373.3999999991,40.95,60.0,85.0,500
Middels_90,MIP_vektet,2027,3,235.0,262.0,281.0,1775426.3,2078409.0,2190346.1,194296.6,288900.0,591867.7999999991,43.900000000000006,62.0,87.0,500
Middels_90,MIP_vektet,2027,4,240.0,267.0,286.0,1797359.85,2113506.5,2223922.75,199383.05000000002,296462.5,607361.199999999,44.0,63.0,88.0,500
Middels_90,MIP_vektet,2027,5,241.0,269.0,287.0,1806069.95,2131890.0,2239762.25,204469.5,304025.5,622855.599999999,44.0,63.0,89.04999999999995,500
Middels_90,MIP_vektet,2027,6,240.0,270.0,288.0,1803296.4,2136911.5,2247502.3,209556.0,311588.0,638349.049999999,44.95,64.0,90.04999999999995,500
Middels_90,MIP_vektet,2027,7,240.95,270.0,288.0,1799720.1500000001,2135303.5,2250108.9,214642.45,319151.0,653843.399999999,45.0,64.0,92.0,500
Middels_90,MIP_vektet,2027,8,240.95,269.0,287.0,1795674.8,2130918.5,2245274.15,219727.95,326714.0,669336.8499999989,45.95,65.0,93.0,500
Middels_90,MIP_vektet,2027,9,239.0,269.0,287.0,1780209.1,2131207.0,2250864.8,224814.45,334277.0,684831.249999999,46.95,65.0,95.0,500
Middels_90,MIP_vektet,2027,10,238.95,270.0,288.0,1775881.65,2146809.5,2269419.5,229900.9,341839.5,700324.6499999989,48.0,66.0,97.0,500
Middels_90,MIP_vektet,2027,11,239.0,271.0,289.0,1777619.05,2153202.0,2278320.5,234987.35,349402.5,715819.0499999989,48.0,66.0,98.04999999999995,500
Middels_90,MIP_vektet,2027,12,239.0,272.0,289.0,1765372.7,2151504.5,2278493.05,240073.85,356965.0,731312.4999999988,49.95,67.0,99.09999999999991,500
Middels_90,MIP_vektet,2027,13,238.0,272.0,289.0,1756958.45,2148542.5,2277080.35,245160.30000000002,364528.0,746806.8499999988,51.0,67.0,101.04999999999995,500
Middels_90,MIP_vektet,2027,14,238.95,274.0,290.0,1778532.2,2172547.5,2299812.6,250245.80000000002,372090.5,762300.2999999988,51.0,68.0,102.0,500
Middels_90,MIP_vektet,2027,15,239.95,274.0,290.04999999999995,1777937.1,2178932.5,2303871.05,255332.30000000002,379654.0,777794.6999999988,52.900000000000006,68.5,105.0,500
Middels_90,MIP_vektet,2027,16,239.0,275.0,291.0,1770416.75,2179881.0,2311337.55,260418.75,387216.5,793288.0999999988,53.95,69.0,107.0,500
Middels_90,MIP_vektet,2027,17,238.95,276.0,291.0,1769231.6500000001,2180922.0,2311296.65,265505.2,394779.5,808782.4999999987,54.0,70.0,108.09999999999991,500
Middels_90,MIP_vektet,2027,18,239.0,277.0,291.04999999999995,1753710.85,2183320.0,2320955.3,270591.7,402342.0,824275.9499999987,55.0,70.0,110.04999999999995,500
Middels_90,MIP_vektet,2027,19,237.95,278.0,291.0,1742192.05,2186442.5,2325486.9499999997,275677.2,409905.0,839770.2999999986,56.95,71.0,111.04999999999995,500
Middels_90,MIP_vektet,2027,20,236.95,279.0,291.0,1726524.65,2187496.0,2325885.5,280763.65,417467.5,855263.7499999987,59.85000000000001,71.5,113.04999999999995,500
Middels_90,MIP_vektet,2027,21,235.0,279.0,290.0,1724274.05,2184012.0,2321838.65,285850.15,425030.5,870758.1499999986,62.0,72.0,115.0,500
Middels_90,MIP_vektet,2027,22,235.0,280.0,291.0,1730096.85,2180477.0,2322381.75,290936.60000000003,432593.5,886251.5499999986,62.0,73.0,116.04999999999995,500
Middels_90,MIP_vektet,2027,23,233.95,280.0,291.0,1716730.1500000001,2174975.5,2320984.8,296023.05,440156.5,901745.9499999986,62.0,73.0,118.04999999999995,500
Middels_90,MIP_vektet,2027,24,231.95,279.0,291.0,1701240.35,2172211.0,2316888.6,301109.55,447719.0,917239.3999999986,63.0,74.0,121.04999999999995,500
Middels_90,MIP_vektet,2027,25,230.0,279.0,291.0,1685750.55,2165025.0,2311640.3,306195.05,455282.0,932733.7499999986,63.0,75.0,123.0,500
Middels_90,MIP_vektet,2027,26,228.95,279.0,291.0,1671377.0,2158577.5,2309010.85,311281.5,462844.5,948227.1999999986,63.0,75.0,125.0,500
Middels_90,MIP_vektet,2027,27,227.95,280.0,291.0,1657785.35,2151734.0,2309491.85,316368.0,470407.5,963721.5999999985,64.0,76.0,127.04999999999995,500
Middels_90,MIP_vektet,2027,28,226.0,280.0,292.0,1642351.25,2149192.5,2306209.9499999997,321454.45,477970.0,979214.9999999985,64.0,76.0,129.04999999999995,500
Middels_90,MIP_vektet,2027,29,224.0,280.0,292.0,1631247.1500000001,2145295.5,2303304.0,326540.9,485533.5,994709.3999999985,64.0,77.0,131.0,500
Middels_90,MIP_vektet,2027,30,224.0,279.0,292.0,1616049.1500000001,2137868.0,2299336.5999999996,331627.4,493096.0,1010202.8499999985,65.0,78.0,133.0,500
Middels_90,MIP_vektet,2027,31,222.0,279.0,292.0,1605266.8,2130305.0,2294251.0999999996,336712.9,500659.0,1025697.1999999984,65.0,78.0,135.0,500
Middels_90,MIP_vektet,2027,32,220.95,278.0,291.04999999999995,1589773.35,2122742.5,2289164.65,341799.35000000003,508221.5,1041190.6499999984,65.95,79.0,136.04999999999995,500
Middels_90,MIP_vektet,2027,33,218.0,277.0,291.0,1574278.9500000002,2115179.5,2284078.15,346885.85000000003,515784.5,1056685.0499999984,66.0,80.0,139.0,500
Middels_90,MIP_vektet,2027,34,216.95,277.0,291.0,1558785.55,2107617.0,2278991.6999999997,351972.3,523347.0,1072178.4499999983,66.0,80.0,140.04999999999995,500
Middels_90,MIP_vektet,2027,35,213.95,277.0,291.0,1543291.1500000001,2100054.0,2273905.25,357058.75,530910.0,1087672.8499999982,66.0,80.0,143.04999999999995,500
Middels_90,MIP_vektet,2027,36,212.0,276.0,290.0,1527797.7000000002,2092491.0,2268818.75,362145.25,538473.0,1103166.2999999982,67.0,81.0,145.0,500
Middels_90,MIP_vektet,2027,37,209.95,275.0,290.0,1512303.35,2084928.0,2263733.25,367230.75,546036.0,1118660.6499999983,67.0,82.0,147.04999999999995,500
Middels_90,MIP_vektet,2027,38,208.0,274.0,289.0,1496809.9000000001,2077365.5,2258646.8,372317.2,553598.5,1134154.0999999982,68.0,83.0,149.0,500
Middels_90,MIP_vektet,2027,39,206.9,274.0,289.0,1481315.5,2069802.5,2253560.3,377403.7,561161.5,1149648.4999999981,68.0,83.0,150.0999999999999,500
Middels_90,MIP_vektet,2027,40,205.9,273.0,288.04999999999995,1465822.1,2062240.0,2248473.8499999996,382490.15,568724.0,1165141.8999999983,68.95,84.0,151.0999999999999,500
Middels_90,MIP_vektet,2027,41,203.95,273.0,288.0,1450327.7000000002,2054677.0,2243387.4,387576.60000000003,576287.0,1180636.2999999982,69.0,84.0,153.04999999999995,500
Middels_90,MIP_vektet,2027,42,202.0,272.0,288.0,1434834.25,2047114.5,2238300.9,392663.10000000003,583849.5,1196129.7499999981,69.0,85.0,155.0,500
Middels_90,MIP_vektet,2027,43,200.95,271.0,287.04999999999995,1419339.9000000001,2039551.0,2233215.4,397748.60000000003,591413.0,1211624.0999999982,69.95,86.0,156.04999999999995,500
Middels_90,MIP_vektet,2027,44,197.95,271.0,287.0,1403846.4500000002,2031988.5,2228128.9499999997,402835.05,598975.5,1227117.5499999982,70.0,86.0,159.04999999999995,500
Middels_90,MIP_vektet,2027,45,196.0,270.0,286.0,1388352.05,2024425.5,2223042.4499999997,407921.55,606538.5,1242611.949999998,71.0,87.0,161.0,500
Middels_90,MIP_vektet,2027,46,193.95,269.0,286.0,1372858.6500000001,2016863.0,2217956.0,413008.0,614101.0,1258105.349999998,71.0,88.0,163.04999999999995,500
Middels_90,MIP_vektet,2027,47,191.95,269.0,286.0,1357364.2500000002,2009300.0,2212869.55,418094.45,621664.0,1273599.7499999981,71.0,88.0,165.04999999999995,500
Middels_90,MIP_vektet,2027,48,189.85000000000002,268.0,285.0,1341870.8,2001737.5,2207784.0,423180.0,629226.5,1289093.199999998,72.0,89.0,167.14999999999986,500
Middels_90,MIP_vektet,2027,49,188.70000000000002,267.0,285.0,1326376.4500000002,1994174.5,2202697.55,428266.45,636789.5,1304587.549999998,72.0,90.0,168.29999999999973,500
Middels_90,MIP_vektet,2027,50,186.70000000000002,267.0,284.0,1310883.0000000002,1986612.0,2197611.0999999996,433352.9,644352.0,1320080.999999998,73.0,90.0,170.29999999999973,500
Middels_90,MIP_vektet,2027,51,183.75,266.0,284.0,1295388.6,1979048.5,2192524.5999999996,438439.4,651915.5,1335575.399999998,73.0,91.0,173.24999999999977,500
Middels_90,MIP_vektet,2027,52,181.75,265.0,284.0,1279895.2000000002,1971486.0,2187438.15,443525.85000000003,659478.0,1351068.799999998,73.0,92.0,175.24999999999977,500
Middels_90,MIP_vektet,2028,1,178.8,265.0,283.0,1264400.8,1963923.0,2182351.6999999997,448612.3,667041.0,1366563.1999999979,74.0,92.0,178.19999999999982,500
Middels_90,MIP_vektet,2028,2,176.75,264.0,283.0,1248907.35,1956360.5,2177266.15,453697.85000000003,674603.5,1382056.6499999978,74.0,93.0,180.24999999999977,500
Middels_90,MIP_vektet,2028,3,173.8,263.0,283.0,1233413.0000000002,1948797.5,2172179.6999999997,458784.3,682166.5,1397550.999999998,74.0,94.0,183.19999999999982,500
Middels_90,MIP_vektet,2028,4,169.85000000000002,262.0,282.0,1217919.55,1941235.0,2167093.25,463870.75,689729.0,1413044.4499999979,75.0,95.0,187.14999999999986,500
Middels_90,MIP_vektet,2028,5,166.8,261.5,282.0,1202425.1500000001,1933672.0,2162006.75,468957.25,697292.0,1428538.8499999978,75.0,95.5,190.19999999999982,500
Middels_90,MIP_vektet,2028,6,163.9,261.0,281.04999999999995,1186931.7500000002,1926109.0,2156920.3,474043.7,704855.0,1444032.2499999977,75.95,96.0,193.0999999999999,500
Middels_90,MIP_vektet,2028,7,162.8,260.0,281.0,1171437.35,1918546.0,2151833.8499999996,479130.15,712418.0,1459526.6499999978,76.0,97.0,194.19999999999982,500
Middels_90,MIP_vektet,2028,8,159.8,259.0,280.04999999999995,1155943.9000000001,1910983.5,2146748.3,484215.7,719980.5,1475020.0999999978,76.95,98.0,197.19999999999982,500
Middels_90,MIP_vektet,2028,9,156.75,258.0,280.04999999999995,1140449.55,1903420.5,2141661.8499999996,489302.15,727543.5,1490514.4499999976,76.95,99.0,200.24999999999977,500
Middels_90,MIP_vektet,2028,10,155.70000000000002,257.0,280.0,1124956.1,1895858.0,2136575.4,494388.60000000003,735106.0,1506007.8999999976,77.0,100.0,201.29999999999973,500
Middels_90,MIP_vektet,2028,11,155.50000000000003,256.5,280.0,1109461.7000000002,1888295.0,2131488.9,499475.10000000003,742669.0,1521502.2999999977,77.0,100.5,201.49999999999955,500
Middels_90,MIP_vektet,2028,12,151.60000000000002,256.0,279.04999999999995,1093968.3,1880732.5,2126402.4499999997,504561.55,750231.5,1536995.6999999976,77.95,101.0,205.39999999999964,500
Middels_90,MIP_vektet,2028,13,146.75,255.0,279.0,1078473.9000000001,1873169.0,2121316.0,509648.0,757795.0,1552490.0999999975,78.0,102.0,210.24999999999977,500
Middels_90,MIP_vektet,2028,14,143.75,254.0,278.0,1062980.4500000002,1865606.5,2116230.4499999997,514733.55,765357.5,1567983.5499999975,79.0,103.0,213.24999999999977,500
Middels_90,MIP_vektet,2028,15,141.8,254.0,278.0,1047486.1000000002,1858043.5,2111143.9999999995,519820.0,772920.5,1583477.8999999976,79.0,103.0,215.19999999999982,500
Middels_90,MIP_vektet,2028,16,141.60000000000002,253.0,277.0,1031992.6500000001,1850481.0,2106057.55,524906.4500000001,780483.0,1598971.3499999975,80.0,104.0,215.39999999999964,500
Middels_90,MIP_vektet,2028,17,139.60000000000002,252.0,276.04999999999995,1016498.2500000001,1842918.0,2100971.05,529992.9500000001,788046.0,1614465.7499999974,80.95,105.0,217.39999999999964,500
Middels_90,MIP_vektet,2028,18,134.75,251.0,276.0,1001004.8500000002,1835355.5,2095884.5999999999,535079.4,795608.5,1629959.1499999976,81.0,106.0,222.24999999999977,500
Middels_90,MIP_vektet,2028,19,131.8,250.5,276.0,985510.4500000002,1827792.5,2090798.1499999997,540165.85,803171.5,1645453.5499999975,81.0,106.5,225.19999999999982,500
Middels_90,MIP_vektet,2028,20,128.85000000000002,249.0,275.04999999999995,970017.0000000001,1820229.5,2085712.5999999999,545251.4,810734.5,1660946.9999999974,81.95,108.0,228.14999999999986,500
Middels_90,MIP_vektet,2028,21,127.85000000000001,248.5,275.0,954522.6500000001,1812666.5,2080626.1499999997,550337.85,818297.5,1676441.3499999973,82.0,108.5,229.14999999999986,500
Middels_90,MIP_vektet,2028,22,126.85000000000001,248.0,275.0,939029.2000000002,1805104.0,2075539.6499999997,555424.35,825860.0,1691934.7999999975,82.0,109.0,230.14999999999986,500
Middels_90,MIP_vektet,2028,23,124.75000000000001,246.5,274.0,923534.8000000002,1797541.0,2070453.1999999997,560510.8,833423.0,1707429.1999999974,83.0,110.5,232.24999999999977,500
Middels_90,MIP_vektet,2028,24,121.85000000000001,246.5,273.04999999999995,908041.4000000001,1789978.5,2065366.7499999998,565597.25,840985.5,1722922.5999999973,83.95,110.5,235.14999999999986,500
Middels_90,MIP_vektet,2028,25,120.75000000000001,245.0,273.0,892547.0000000001,1782415.5,2060281.1999999997,570682.8,848548.5,1738416.9999999972,84.0,112.0,236.24999999999977,500
Middels_90,MIP_vektet,2028,26,117.60000000000002,244.5,273.0,877053.5500000002,1774853.0,2055194.7499999998,575769.25,856111.0,1753910.4499999974,84.0,112.5,239.39999999999964,500
Middels_90,MIP_vektet,2028,27,112.75000000000001,244.0,272.0,861559.2000000002,1767289.5,2050108.2999999998,580855.7000000001,863674.5,1769404.7999999973,85.0,113.0,244.24999999999977,500
Middels_90,MIP_vektet,2028,28,109.9,243.0,272.0,846065.7500000001,1759727.0,2045021.7999999998,585942.2000000001,871237.0,1784898.2499999972,85.0,114.0,247.0999999999999,500
Middels_90,MIP_vektet,2028,29,107.75000000000001,242.0,271.0,830571.3500000002,1752164.0,2039935.3499999996,591028.65,878800.0,1800392.649999997,86.0,115.0,249.24999999999977,500
Middels_90,MIP_vektet,2028,30,105.70000000000002,241.0,271.0,815077.9500000002,1744601.5,2034848.8999999997,596115.1,886362.5,1815886.0499999973,86.0,116.0,251.29999999999973,500
Middels_90,MIP_vektet,2028,31,104.70000000000002,240.0,270.0,799583.5500000002,1737038.5,2029763.3499999996,601200.65,893925.5,1831380.4499999972,87.0,117.0,252.29999999999973,500
Middels_90,MIP_vektet,2028,32,102.65000000000002,239.0,270.0,784090.1000000002,1729476.0,2024676.8999999997,606287.1,901488.0,1846873.899999997,87.0,118.0,254.34999999999968,500
Middels_90,MIP_vektet,2028,33,99.80000000000001,238.0,269.04999999999995,768595.7000000002,1721913.0,2019590.4499999997,611373.55,909051.0,1862368.299999997,87.95,119.0,257.1999999999998,500
Middels_90,MIP_vektet,2028,34,96.85000000000001,237.0,269.0,753102.3000000002,1714350.0,2014503.9499999997,616460.05,916614.0,1877861.6999999972,88.0,120.0,260.14999999999986,500
Middels_90,MIP_vektet,2028,35,94.75000000000001,236.0,268.0,737607.9000000001,1706787.0,2009417.4999999998,621546.5,924177.0,1893356.099999997,89.0,121.0,262.2499999999998,500
Middels_90,MIP_vektet,2028,36,92.70000000000002,236.0,268.0,722114.4500000002,1699224.5,2004331.0499999998,626632.9500000001,931739.5,1908849.549999997,89.0,121.0,264.2999999999997,500
Middels_90,MIP_vektet,2028,37,91.55000000000003,235.0,267.0,706620.1000000002,1691661.5,1999245.4999999998,631718.5,939302.5,1924343.899999997,90.0,122.0,265.4499999999996,500
Middels_90,MIP_vektet,2028,38,90.55000000000003,234.0,267.0,691126.6500000001,1684099.0,1994159.0499999998,636804.9500000001,946865.0,1939837.349999997,90.0,123.0,266.4499999999996,500
Middels_90,MIP_vektet,2028,39,90.45000000000003,233.0,266.0,675632.2500000002,1676536.0,1989072.5999999996,641891.4,954428.0,1955331.749999997,91.0,124.0,266.5499999999995,500
Middels_90,MIP_vektet,2028,40,89.40000000000003,232.0,266.0,660138.8500000002,1668973.5,1983986.0999999996,646977.9,961990.5,1970825.1499999969,91.0,125.0,267.59999999999945,500
Middels_90,MIP_vektet,2028,41,87.30000000000004,231.0,265.04999999999995,644644.4500000002,1661410.0,1978899.6499999997,652064.35,969554.0,1986319.549999997,91.95,126.0,269.69999999999936,500
Middels_90,MIP_vektet,2028,42,86.30000000000004,230.0,265.0,629151.0000000002,1653847.5,1973813.1999999997,657150.8,977116.5,2001812.999999997,92.0,127.0,270.69999999999936,500
Middels_90,MIP_vektet,2028,43,81.40000000000003,229.0,265.0,613656.6500000001,1646284.5,1968727.6499999997,662236.35,984679.5,2017307.3499999968,92.0,128.0,275.59999999999945,500
Middels_90,MIP_vektet,2028,44,78.40000000000003,228.0,264.0,598163.2000000002,1638722.0,1963641.1999999997,667322.8,992242.0,2032800.7999999968,93.0,129.0,278.59999999999945,500
Middels_90,MIP_vektet,2028,45,77.25000000000004,227.0,264.0,582668.8000000002,1631159.0,1958554.7499999998,672409.25,999805.0,2048295.199999997,93.0,130.0,279.7499999999993,500
Middels_90,MIP_vektet,2028,46,75.30000000000004,226.0,263.0,567175.4000000003,1623596.5,1953468.2499999998,677495.75,1007367.5,2063788.5999999968,94.0,131.0,281.69999999999936,500
Middels_90,MIP_vektet,2028,47,73.30000000000004,225.0,263.0,551681.0000000002,1616033.5,1948381.7999999996,682582.2000000001,1014930.5,2079282.9999999967,94.0,132.0,283.69999999999936,500
Middels_90,MIP_vektet,2028,48,70.35000000000004,224.5,262.04999999999995,536187.5500000002,1608470.5,1943295.3499999996,687668.65,1022493.5,2094776.4499999967,94.95,132.5,286.6499999999994,500
Middels_90,MIP_vektet,2028,49,68.35000000000004,223.0,262.0,520693.2000000002,1600907.5,1938209.7999999996,692754.2000000001,1030056.5,2110270.7999999966,95.0,134.0,288.6499999999994,500
Middels_90,MIP_vektet,2028,50,62.50000000000003,222.0,261.0,505199.75000000023,1593345.0,1933123.3499999996,697840.65,1037619.0,2125764.2499999967,96.0,135.0,294.49999999999955,500
Middels_90,MIP_vektet,2028,51,60.50000000000003,221.0,261.0,489705.3500000002,1585782.0,1928036.8999999997,702927.1,1045182.0,2141258.6499999966,96.0,136.0,296.49999999999955,500
Middels_90,MIP_vektet,2028,52,59.45000000000003,220.5,260.04999999999995,474211.9500000002,1578219.5,1922950.3999999997,708013.6,1052744.5,2156752.0499999966,96.95,136.5,297.5499999999995,500
Middels_90,MIP_vektet,2029,1,58.400000000000034,220.0,260.0,458717.5500000002,1570656.5,1917863.9499999997,713100.05,1060307.5,2172246.4499999965,97.0,137.0,298.59999999999945,500
Middels_90,MIP_vektet,2029,2,57.400000000000034,219.0,259.04999999999995,443224.1000000002,1563094.0,1912777.4999999998,718186.5,1067870.0,2187739.8999999966,97.95,138.0,299.59999999999945,500
Middels_90,MIP_vektet,2029,3,53.50000000000003,218.0,259.0,427729.75000000023,1555530.5,1907691.9499999997,723272.05,1075433.5,2203234.2499999967,98.0,139.0,303.49999999999955,500
Middels_90,MIP_vektet,2029,4,51.50000000000003,217.0,258.04999999999995,412236.3000000002,1547968.0,1902605.4999999998,728358.5,1082996.0,2218727.6999999965,98.95,140.0,305.49999999999955,500
Middels_90,MIP_vektet,2029,5,50.45000000000003,216.5,257.04999999999995,396741.9000000002,1540405.0,1897519.0499999996,733444.9500000001,1090559.0,2234222.0999999964,99.95,140.5,306.5499999999995,500
Middels_90,MIP_vektet,2029,6,49.45000000000003,215.5,257.04999999999995,381248.50000000023,1532842.5,1892432.5499999996,738531.4500000001,1098121.5,2249715.4999999967,99.95,141.5,307.5499999999995,500
Middels_90,MIP_vektet,2029,7,47.45000000000003,214.5,257.0,365754.1000000002,1525279.5,1887346.0999999996,743617.9,1105684.5,2265209.8999999966,100.0,142.5,309.5499999999995,500
Middels_90,MIP_vektet,2029,8,46.400000000000034,214.0,256.04999999999995,350260.6500000002,1517717.0,1882260.5999999996,748703.4,1113247.0,2280703.3499999964,100.95,143.0,310.59999999999945,500
Middels_90,MIP_vektet,2029,9,45.400000000000034,212.5,256.0,334766.3000000002,1510154.0,1877174.0999999996,753789.9,1120810.0,2296197.6999999965,101.0,144.5,311.59999999999945,500
Middels_90,MIP_vektet,2029,10,42.45000000000003,211.5,255.04999999999995,319272.8500000002,1502591.0,1872087.6499999997,758876.35,1128373.0,2311691.1499999966,101.95,145.5,314.5499999999995,500
Middels_90,MIP_vektet,2029,11,40.45000000000003,211.0,255.0,303778.45000000024,1495028.0,1867001.1999999997,763962.8,1135936.0,2327185.5499999966,102.0,146.0,316.5499999999995,500
Middels_90,MIP_vektet,2029,12,38.45000000000003,209.5,255.0,288285.0500000002,1487465.5,1861914.6999999997,769049.3,1143498.5,2342678.9499999965,102.0,147.5,318.5499999999995,500
Middels_90,MIP_vektet,2029,13,38.35000000000004,209.0,254.0,272790.65000000026,1479902.5,1856828.2499999995,774135.75,1151061.5,2358173.3499999964,103.0,148.0,318.6499999999994,500
Middels_90,MIP_vektet,2029,14,35.400000000000034,208.0,253.0,257297.20000000024,1472340.0,1851742.7499999995,779221.25,1158624.0,2373666.799999996,104.0,149.0,321.59999999999945,500
Middels_90,MIP_vektet,2029,15,33.400000000000034,206.5,253.0,241802.85000000024,1464777.0,1846656.2499999995,784307.75,1166187.0,2389161.149999996,104.0,150.5,323.59999999999945,500
Middels_90,MIP_vektet,2029,16,30.550000000000026,206.0,252.0,226309.40000000023,1457214.5,1841569.7999999996,789394.2000000001,1173749.5,2404654.5999999964,105.0,151.0,326.4499999999996,500
Middels_90,MIP_vektet,2029,17,27.550000000000026,204.5,251.0,210815.00000000023,1449651.0,1836483.3499999996,794480.65,1181313.0,2420148.9999999963,106.0,152.5,329.4499999999996,500
Middels_90,MIP_vektet,2029,18,25.550000000000026,203.0,250.04999999999995,195321.60000000024,1442088.5,1831396.8499999996,799567.15,1188875.5,2435642.399999996,106.95,154.0,331.4499999999996,500
Middels_90,MIP_vektet,2029,19,24.50000000000003,203.0,250.04999999999995,179827.20000000024,1434525.5,1826310.3999999997,804653.6,1196438.5,2451136.799999996,106.95,154.0,332.49999999999955,500
Middels_90,MIP_vektet,2029,20,23.50000000000003,202.0,249.04999999999995,164333.75000000023,1426963.0,1821224.8999999997,809739.1,1204001.0,2466630.2499999963,107.95,155.0,333.49999999999955,500
Middels_90,MIP_vektet,2029,21,21.550000000000026,201.0,249.0,148839.40000000023,1419400.0,1816138.3999999997,814825.6,1211564.0,2482124.5999999964,108.0,156.0,335.4499999999996,500
Middels_90,MIP_vektet,2029,22,21.50000000000003,200.0,249.0,133345.95000000024,1411837.5,1811051.9499999997,819912.05,1219126.5,2497618.049999996,108.0,157.0,335.49999999999955,500
Middels_90,MIP_vektet,2029,23,19.45000000000003,198.0,248.0,117851.55000000025,1404274.5,1805965.4999999995,824998.5,1226689.5,2513112.449999996,109.0,159.0,337.5499999999995,500
Middels_90,MIP_vektet,2029,24,18.250000000000043,197.5,247.0,102358.15000000024,1396711.5,1800878.9999999995,830085.0,1234252.5,2528605.849999996,110.0,159.5,338.7499999999993,500
Middels_90,MIP_vektet,2029,25,18.15000000000005,197.0,246.04999999999995,86863.75000000025,1389148.5,1795792.5499999996,835171.4500000001,1241815.5,2544100.2499999963,110.95,160.0,338.8499999999992,500
Middels_90,MIP_vektet,2029,26,15.200000000000045,195.5,246.0,71946.35000000021,1381586.0,1790707.0499999996,840256.9500000001,1249378.0,2559017.6499999966,111.0,161.5,341.7999999999993,500
Middels_90,MIP_vektet,2029,27,13.30000000000004,194.5,245.04999999999995,57251.750000000175,1374023.0,1785620.5499999996,845343.4500000001,1256941.0,2573712.249999997,111.95,162.5,343.69999999999936,500
Middels_90,MIP_vektet,2029,28,11.400000000000034,193.0,245.0,42558.10000000013,1366460.5,1780534.0999999996,850429.9,1264503.5,2588405.899999998,112.0,164.0,345.59999999999945,500
Middels_90,MIP_vektet,2029,29,8.550000000000026,192.0,244.04999999999995,27863.500000000084,1358897.5,1775447.6499999997,855516.35,1272066.5,2603100.4999999986,112.95,165.0,348.4499999999996,500
Middels_90,MIP_vektet,2029,30,5.700000000000017,190.5,244.0,13169.850000000039,1351335.0,1770361.1499999997,860602.85,1279629.0,2617794.1499999994,113.0,166.5,351.2999999999997,500
Middels_90,MIP_vektet,2029,31,0.0,190.0,243.0,0.0,1343771.5,1765274.6999999997,865689.3,1287192.5,2630964.0,114.0,167.0,357.0,500
Middels_90,MIP_vektet,2029,32,0.0,189.0,242.0,0.0,1336209.0,1760189.1999999997,870774.8,1294755.0,2630964.0,115.0,168.0,357.0,500
Middels_90,MIP_vektet,2029,33,0.0,187.0,242.0,0.0,1328646.0,1755102.6999999997,875861.3,1302318.0,2630964.0,115.0,170.0,357.0,500
Middels_90,MIP_vektet,2029,34,0.0,186.5,241.0,0.0,1321083.5,1750016.2499999995,880947.75,1309880.5,2630964.0,116.0,170.5,357.0,500
Middels_90,MIP_vektet,2029,35,0.0,185.0,241.0,0.0,1313520.5,1744929.7999999996,886034.2000000001,1317443.5,2630964.0,116.0,172.0,357.0,500
Middels_90,MIP_vektet,2029,36,0.0,184.0,240.0,0.0,1305958.0,1739843.2999999996,891120.7000000001,1325006.0,2630964.0,117.0,173.0,357.0,500
Middels_90,MIP_vektet,2029,37,0.0,183.0,240.0,0.0,1298395.0,1734757.7999999996,896206.2000000001,1332569.0,2630964.0,117.0,174.0,357.0,500
Middels_90,MIP_vektet,2029,38,0.0,181.0,239.0,0.0,1290832.0,1729671.3499999996,901292.65,1340132.0,2630964.0,118.0,176.0,357.0,500
Middels_90,MIP_vektet,2029,39,0.0,180.5,238.0,0.0,1283269.0,1724584.8499999996,906379.15,1347695.0,2630964.0,119.0,176.5,357.0,500
Middels_90,MIP_vektet,2029,40,0.0,179.0,237.0,0.0,1275706.5,1719498.3999999997,911465.6,1355257.5,2630964.0,120.0,178.0,357.0,500
Middels_90,MIP_vektet,2029,41,0.0,178.0,236.0,0.0,1268143.5,1714411.9499999995,916552.05,1362820.5,2630964.0,121.0,179.0,357.0,500
Middels_90,MIP_vektet,2029,42,0.0,177.5,236.0,0.0,1260581.0,1709325.4499999995,921638.55,1370383.0,2630964.0,121.0,179.5,357.0,500
Middels_90,MIP_vektet,2029,43,0.0,175.0,235.0,0.0,1253018.0,1704239.9499999995,926724.05,1377946.0,2630964.0,122.0,182.0,357.0,500
Middels_90,MIP_vektet,2029,44,0.0,174.0,235.0,0.0,1245455.5,1699153.4499999995,931810.55,1385508.5,2630964.0,122.0,183.0,357.0,500
Middels_90,MIP_vektet,2029,45,0.0,173.0,234.0,0.0,1237892.0,1694066.9999999995,936897.0,1393072.0,2630964.0,123.0,184.0,357.0,500
Middels_90,MIP_vektet,2029,46,0.0,171.5,233.04999999999995,0.0,1230329.5,1688980.5499999996,941983.4500000001,1400634.5,2630964.0,123.95,185.5,357.0,500
Middels_90,MIP_vektet,2029,47,0.0,171.0,233.0,0.0,1222766.5,1683894.0499999996,947069.9500000001,1408197.5,2630964.0,124.0,186.0,357.0,500
Middels_90,MIP_vektet,2029,48,0.0,169.0,232.04999999999995,0.0,1215204.0,1678807.5999999996,952156.4,1415760.0,2630964.0,124.95,188.0,357.0,500
Middels_90,MIP_vektet,2029,49,0.0,168.5,232.0,0.0,1207641.0,1673722.0999999996,957241.9,1423323.0,2630964.0,125.0,188.5,357.0,500
Middels_90,MIP_vektet,2029,50,0.0,167.0,231.0,0.0,1200078.5,1668635.5999999996,962328.4,1430885.5,2630964.0,126.0,190.0,357.0,500
Middels_90,MIP_vektet,2029,51,0.0,166.5,230.0,0.0,1192515.5,1663549.1499999997,967414.85,1438448.5,2630964.0,127.0,190.5,357.0,500
Middels_90,MIP_vektet,2029,52,0.0,165.0,230.0,0.0,1184952.5,1658462.6999999995,972501.3,1446011.5,2630964.0,127.0,192.0,357.0,500
Middels_90,MIP_vektet,2030,1,0.0,163.5,230.0,0.0,1177389.5,1653376.1999999995,977587.8,1453574.5,2630964.0,127.0,193.5,357.0,500
Middels_90,MIP_vektet,2030,2,0.0,162.5,229.04999999999995,0.0,1169827.0,1648289.7499999995,982674.25,1461137.0,2630964.0,127.95,194.5,357.0,500
Middels_90,MIP_vektet,2030,3,0.0,162.0,229.0,0.0,1162264.0,1643204.2499999995,987759.75,1468700.0,2630964.0,128.0,195.0,357.0,500
Middels_90,MIP_vektet,2030,4,0.0,160.5,228.04999999999995,0.0,1154701.5,1638117.7499999995,992846.25,1476262.5,2630964.0,128.95,196.5,357.0,500
Middels_90,MIP_vektet,2030,5,0.0,159.0,227.04999999999995,0.0,1147138.5,1633031.2999999996,997932.7000000001,1483825.5,2630964.0,129.95,198.0,357.0,500
Middels_90,MIP_vektet,2030,6,0.0,158.0,227.04999999999995,0.0,1139575.5,1627944.8499999996,1003019.15,1491388.5,2630964.0,129.95,199.0,357.0,500
Middels_90,MIP_vektet,2030,7,0.0,156.5,226.04999999999995,0.0,1132012.5,1622858.3499999996,1008105.65,1498951.5,2630964.0,130.95,200.5,357.0,500
Middels_90,MIP_vektet,2030,8,0.0,155.5,225.04999999999995,0.0,1124449.5,1617771.8999999994,1013192.1,1506514.5,2630964.0,131.95,201.5,357.0,500
Middels_90,MIP_vektet,2030,9,0.0,153.0,225.04999999999995,0.0,1116887.0,1612686.3999999994,1018277.6,1514077.0,2630964.0,131.95,204.0,357.0,500
Middels_90,MIP_vektet,2030,10,0.0,152.0,224.0,0.0,1109324.0,1607599.8999999994,1023364.1,1521640.0,2630964.0,133.0,205.0,357.0,500
Middels_90,MIP_vektet,2030,11,0.0,152.0,223.04999999999995,0.0,1101761.5,1602513.4499999995,1028450.55,1529202.5,2630964.0,133.95,205.0,357.0,500
Middels_90,MIP_vektet,2030,12,0.0,150.5,223.0,0.0,1094198.5,1597426.9999999995,1033537.0,1536765.5,2630964.0,134.0,206.5,357.0,500
Middels_90,MIP_vektet,2030,13,0.0,149.0,223.0,0.0,1086636.0,1592340.4999999995,1038623.5,1544328.0,2630964.0,134.0,208.0,357.0,500
Middels_90,MIP_vektet,2030,14,0.0,147.5,222.0,0.0,1079072.5,1587254.9999999995,1043709.0,1551891.5,2630964.0,135.0,209.5,357.0,500
Middels_90,MIP_vektet,2030,15,0.0,147.0,221.04999999999995,0.0,1071510.0,1582168.5499999996,1048795.45,1559454.0,2630964.0,135.95,210.0,357.0,500
Middels_90,MIP_vektet,2030,16,0.0,145.0,221.0,0.0,1063947.0,1577082.0499999996,1053881.95,1567017.0,2630964.0,136.0,212.0,357.0,500
Middels_90,MIP_vektet,2030,17,0.0,144.0,221.0,0.0,1056384.5,1571995.5999999996,1058968.4000000001,1574579.5,2630964.0,136.0,213.0,357.0,500
Middels_90,MIP_vektet,2030,18,0.0,142.0,220.04999999999995,0.0,1048821.5,1566909.1499999994,1064054.85,1582142.5,2630964.0,136.95,215.0,357.0,500
Middels_90,MIP_vektet,2030,19,0.0,141.0,219.04999999999995,0.0,1041259.0,1561822.6499999994,1069141.35,1589705.0,2630964.0,137.95,216.0,357.0,500
Middels_90,MIP_vektet,2030,20,0.0,139.0,218.04999999999995,0.0,1033696.0,1556737.1499999994,1074226.85,1597268.0,2630964.0,138.95,218.0,357.0,500
Middels_90,MIP_vektet,2030,21,0.0,138.0,218.0,0.0,1026133.0,1551650.6999999995,1079313.3,1604831.0,2630964.0,139.0,219.0,357.0,500
Middels_90,MIP_vektet,2030,22,0.0,137.0,217.04999999999995,0.0,1018570.0,1546564.1999999995,1084399.8,1612394.0,2630964.0,139.95,220.0,357.0,500
Middels_90,MIP_vektet,2030,23,0.0,136.0,217.0,0.0,1011007.5,1541477.7499999995,1089486.25,1619956.5,2630964.0,140.0,221.0,357.0,500
Middels_90,MIP_vektet,2030,24,0.0,134.0,216.04999999999995,0.0,1003444.5,1536391.2999999996,1094572.7,1627519.5,2630964.0,140.95,223.0,357.0,500
Middels_90,MIP_vektet,2030,25,0.0,133.0,216.0,0.0,995882.0,1531304.7999999996,1099659.2,1635082.0,2630964.0,141.0,224.0,357.0,500
Middels_90,MIP_vektet,2030,26,0.0,131.5,215.0,0.0,988319.0,1526219.2999999996,1104744.7,1642645.0,2630964.0,142.0,225.5,357.0,500
Middels_90,MIP_vektet,2030,27,0.0,130.0,214.0,0.0,980756.5,1521132.8499999994,1109831.1500000001,1650207.5,2630964.0,143.0,227.0,357.0,500
Middels_90,MIP_vektet,2030,28,0.0,128.5,213.0,0.0,973193.0,1516046.3499999994,1114917.6500000001,1657771.0,2630964.0,144.0,228.5,357.0,500
Middels_90,MIP_vektet,2030,29,0.0,126.5,213.0,0.0,965630.5,1510959.8999999994,1120004.1,1665333.5,2630964.0,144.0,230.5,357.0,500
Middels_90,MIP_vektet,2030,30,0.0,125.5,212.0,0.0,958067.5,1505873.4499999995,1125090.55,1672896.5,2630964.0,145.0,231.5,357.0,500
Middels_90,MIP_vektet,2030,31,0.0,124.5,211.04999999999995,0.0,950505.0,1500786.9499999995,1130177.05,1680459.0,2630964.0,145.95,232.5,357.0,500
Middels_90,MIP_vektet,2030,32,0.0,122.5,211.0,0.0,942942.0,1495701.4499999995,1135262.55,1688022.0,2630964.0,146.0,234.5,357.0,500
Middels_90,MIP_vektet,2030,33,0.0,122.0,210.0,0.0,935379.5,1490614.9999999995,1140349.0,1695584.5,2630964.0,147.0,235.0,357.0,500
Middels_90,MIP_vektet,2030,34,0.0,121.0,209.0,0.0,927816.5,1485528.4999999995,1145435.5,1703147.5,2630964.0,148.0,236.0,357.0,500
Middels_90,MIP_vektet,2030,35,0.0,119.5,209.0,0.0,920253.5,1480442.0499999996,1150521.95,1710710.5,2630964.0,148.0,237.5,357.0,500
Middels_90,MIP_vektet,2030,36,0.0,118.5,208.0,0.0,912690.5,1475355.5999999994,1155608.4000000001,1718273.5,2630964.0,149.0,238.5,357.0,500
Middels_90,MIP_vektet,2030,37,0.0,118.0,207.0,0.0,905128.0,1470269.0999999994,1160694.9000000001,1725836.0,2630964.0,150.0,239.0,357.0,500
Middels_90,MIP_vektet,2030,38,0.0,116.5,207.0,0.0,897565.0,1465183.5999999994,1165780.4000000001,1733399.0,2630964.0,150.0,240.5,357.0,500
Middels_90,MIP_vektet,2030,39,0.0,115.5,206.04999999999995,0.0,890002.5,1460097.1499999994,1170866.85,1740961.5,2630964.0,150.95,241.5,357.0,500
Middels_90,MIP_vektet,2030,40,0.0,113.5,206.0,0.0,882439.5,1455010.6499999994,1175953.35,1748524.5,2630964.0,151.0,243.5,357.0,500
Middels_90,MIP_vektet,2030,41,0.0,113.0,205.0,0.0,874877.0,1449924.1999999995,1181039.8,1756087.0,2630964.0,152.0,244.0,357.0,500
Middels_90,MIP_vektet,2030,42,0.0,111.0,205.0,0.0,867313.5,1444837.7499999995,1186126.25,1763650.5,2630964.0,152.0,246.0,357.0,500
Middels_90,MIP_vektet,2030,43,0.0,111.0,204.0,0.0,859751.0,1439751.2499999995,1191212.75,1771213.0,2630964.0,153.0,246.0,357.0,500
Middels_90,MIP_vektet,2030,44,0.0,109.5,203.0,0.0,852188.0,1434665.7499999995,1196298.25,1778776.0,2630964.0,154.0,247.5,357.0,500
Middels_90,MIP_vektet,2030,45,0.0,108.0,202.0,0.0,844625.5,1429579.2999999993,1201384.7,1786338.5,2630964.0,155.0,249.0,357.0,500
Middels_90,MIP_vektet,2030,46,0.0,108.0,202.0,0.0,837062.5,1424492.7999999993,1206471.2,1793901.5,2630964.0,155.0,249.0,357.0,500
Middels_90,MIP_vektet,2030,47,0.0,107.0,201.0,0.0,829500.0,1419406.3499999994,1211557.6500000001,1801464.0,2630964.0,156.0,250.0,357.0,500
Middels_90,MIP_vektet,2030,48,0.0,106.0,200.0,0.0,821937.0,1414319.8999999994,1216644.1,1809027.0,2630964.0,157.0,251.0,357.0,500
Middels_90,MIP_vektet,2030,49,0.0,105.0,199.04999999999995,0.0,814374.0,1409234.3499999994,1221729.6500000001,1816590.0,2630964.0,157.95,252.0,357.0,500
Middels_90,MIP_vektet,2030,50,0.0,105.0,199.0,0.0,806811.0,1404147.8999999994,1226816.1,1824153.0,2630964.0,158.0,252.0,357.0,500
Middels_90,MIP_vektet,2030,51,0.0,103.0,198.04999999999995,0.0,799248.5,1399061.4499999995,1231902.55,1831715.5,2630964.0,158.95,254.0,357.0,500
Middels_90,MIP_vektet,2030,52,0.0,102.5,197.04999999999995,0.0,791685.5,1393974.9499999995,1236989.05,1839278.5,2630964.0,159.95,254.5,357.0,500
Middels_90,MIP_vektet,2031,1,0.0,102.0,197.0,0.0,784123.0,1388888.4999999995,1242075.5,1846841.0,2630964.0,160.0,255.0,357.0,500
Middels_90,MIP_vektet,2031,2,0.0,100.0,196.0,0.0,776560.0,1383802.0499999993,1247161.95,1854404.0,2630964.0,161.0,257.0,357.0,500
Middels_90,MIP_vektet,2031,3,0.0,99.5,195.04999999999995,0.0,768997.5,1378716.4999999995,1252247.5,1861966.5,2630964.0,161.95,257.5,357.0,500
Middels_90,MIP_vektet,2031,4,0.0,98.0,194.04999999999995,0.0,761434.5,1373630.0499999993,1257333.95,1869529.5,2630964.0,162.95,259.0,357.0,500
Middels_90,MIP_vektet,2031,5,0.0,97.5,194.0,0.0,753871.5,1368543.5999999994,1262420.4000000001,1877092.5,2630964.0,163.0,259.5,357.0,500
Middels_90,MIP_vektet,2031,6,0.0,97.0,193.04999999999995,0.0,746308.5,1363457.0999999994,1267506.9000000001,1884655.5,2630964.0,163.95,260.0,357.0,500
Middels_90,MIP_vektet,2031,7,0.0,95.0,192.04999999999995,0.0,738746.0,1358370.6499999994,1272593.35,1892218.0,2630964.0,164.95,262.0,357.0,500
Middels_90,MIP_vektet,2031,8,0.0,94.0,192.0,0.0,731183.0,1353284.1999999995,1277679.8,1899781.0,2630964.0,165.0,263.0,357.0,500
Middels_90,MIP_vektet,2031,9,0.0,94.0,191.0,0.0,723620.5,1348198.6499999994,1282765.35,1907343.5,2630964.0,166.0,263.0,357.0,500
Middels_90,MIP_vektet,2031,10,0.0,93.0,190.0,0.0,716057.5,1343112.1999999995,1287851.8,1914906.5,2630964.0,167.0,264.0,357.0,500
Middels_90,MIP_vektet,2031,11,0.0,92.0,190.0,0.0,708495.0,1338025.6999999995,1292938.3,1922469.0,2630964.0,167.0,265.0,357.0,500
Middels_90,MIP_vektet,2031,12,0.0,91.0,189.0,0.0,700931.5,1332939.2499999993,1298024.75,1930032.5,2630964.0,168.0,266.0,357.0,500
Middels_90,MIP_vektet,2031,13,0.0,90.0,189.0,0.0,693369.0,1327852.7999999993,1303111.2,1937595.0,2630964.0,168.0,267.0,357.0,500
Middels_90,MIP_vektet,2031,14,0.0,89.0,188.04999999999995,0.0,685806.0,1322766.2999999993,1308197.7,1945158.0,2630964.0,168.95,268.0,357.0,500
Middels_90,MIP_vektet,2031,15,0.0,88.0,187.0,0.0,678243.5,1317680.7999999993,1313283.2,1952720.5,2630964.0,170.0,269.0,357.0,500
Middels_90,MIP_vektet,2031,16,0.0,87.0,186.04999999999995,0.0,670680.5,1312594.3499999994,1318369.6500000001,1960283.5,2630964.0,170.95,270.0,357.0,500
Middels_90,MIP_vektet,2031,17,0.0,86.0,185.04999999999995,0.0,663118.0,1307507.8499999994,1323456.1500000001,1967846.0,2630964.0,171.95,271.0,357.0,500
Middels_90,MIP_vektet,2031,18,0.0,85.0,184.04999999999995,0.0,655555.0,1302421.3999999994,1328542.6,1975409.0,2630964.0,172.95,272.0,357.0,500
Middels_90,MIP_vektet,2031,19,0.0,84.0,184.0,0.0,647992.0,1297334.9499999995,1333629.05,1982972.0,2630964.0,173.0,273.0,357.0,500
Middels_90,MIP_vektet,2031,20,0.0,83.0,183.0,0.0,640429.0,1292248.4499999995,1338715.55,1990535.0,2630964.0,174.0,274.0,357.0,500
Middels_90,MIP_vektet,2031,21,0.0,83.0,182.0,0.0,632866.5,1287162.9499999995,1343801.05,1998097.5,2630964.0,175.0,274.0,357.0,500
Middels_90,MIP_vektet,2031,22,0.0,82.0,181.0,0.0,625303.5,1282076.4999999993,1348887.5,2005660.5,2630964.0,176.0,275.0,357.0,500
Middels_90,MIP_vektet,2031,23,0.0,80.5,181.0,0.0,617741.0,1276989.9999999993,1353974.0,2013223.0,2630964.0,176.0,276.5,357.0,500
Middels_90,MIP_vektet,2031,24,0.0,80.0,181.0,0.0,610178.0,1271903.5499999993,1359060.45,2020786.0,2630964.0,176.0,277.0,357.0,500
Middels_90,MIP_vektet,2031,25,0.0,79.0,179.04999999999995,0.0,602615.5,1266817.0999999994,1364146.9000000001,2028348.5,2630964.0,177.95,278.0,357.0,500
Middels_90,MIP_vektet,2031,26,0.0,78.0,179.0,0.0,595052.0,1261731.5499999993,1369232.45,2035912.0,2630964.0,178.0,279.0,357.0,500
Middels_90,MIP_vektet,2031,27,0.0,76.0,178.0,0.0,587489.5,1256645.0999999994,1374318.9000000001,2043474.5,2630964.0,179.0,281.0,357.0,500
Middels_90,MIP_vektet,2031,28,0.0,74.5,177.0,0.0,579926.5,1251558.6499999994,1379405.35,2051037.5,2630964.0,180.0,282.5,357.0,500
Middels_90,MIP_vektet,2031,29,0.0,74.0,176.04999999999995,0.0,572364.0,1246472.1499999994,1384491.85,2058600.0,2630964.0,180.95,283.0,357.0,500
Middels_90,MIP_vektet,2031,30,0.0,73.0,175.0,0.0,564801.0,1241385.6999999995,1389578.3,2066163.0,2630964.0,182.0,284.0,357.0,500
Middels_90,MIP_vektet,2031,31,0.0,72.5,174.0,0.0,557238.5,1236299.2499999993,1394664.75,2073725.5,2630964.0,183.0,284.5,357.0,500
Middels_90,MIP_vektet,2031,32,0.0,70.5,173.0,0.0,549675.5,1231213.6999999993,1399750.3,2081288.5,2630964.0,184.0,286.5,357.0,500
Middels_90,MIP_vektet,2031,33,0.0,69.0,172.04999999999995,0.0,542112.5,1226127.2499999993,1404836.75,2088851.5,2630964.0,184.95,288.0,357.0,500
Middels_90,MIP_vektet,2031,34,0.0,68.5,171.04999999999995,0.0,534549.5,1221040.7999999993,1409923.2,2096414.5,2630964.0,185.95,288.5,357.0,500
Middels_90,MIP_vektet,2031,35,0.0,67.5,170.04999999999995,0.0,526987.0,1215954.2999999993,1415009.7,2103977.0,2630964.0,186.95,289.5,357.0,500
Middels_90,MIP_vektet,2031,36,0.0,66.5,169.0999999999999,0.0,519424.0,1210867.8499999994,1420096.1500000001,2111540.0,2630964.0,187.9,290.5,357.0,500
Middels_90,MIP_vektet,2031,37,0.0,65.0,168.0999999999999,0.0,511861.5,1205781.3999999994,1425182.6,2119102.5,2630964.0,188.9,292.0,357.0,500
Middels_90,MIP_vektet,2031,38,0.0,63.5,168.0,0.0,504298.5,1200695.8499999994,1430268.1500000001,2126665.5,2630964.0,189.0,293.5,357.0,500
Middels_90,MIP_vektet,2031,39,0.0,62.5,167.0,0.0,496736.0,1195609.3999999994,1435354.6,2134228.0,2630964.0,190.0,294.5,357.0,500
Middels_90,MIP_vektet,2031,40,0.0,61.5,166.0,0.0,489172.5,1190522.9499999993,1440441.05,2141791.5,2630964.0,191.0,295.5,357.0,500
Middels_90,MIP_vektet,2031,41,0.0,60.5,165.0,0.0,481610.0,1185436.4499999993,1445527.55,2149354.0,2630964.0,192.0,296.5,357.0,500
Middels_90,MIP_vektet,2031,42,0.0,60.0,164.0,0.0,474047.0,1180349.9999999993,1450614.0,2156917.0,2630964.0,193.0,297.0,357.0,500
Middels_90,MIP_vektet,2031,43,0.0,59.0,163.0,0.0,466484.5,1175263.5499999993,1455700.45,2164479.5,2630964.0,194.0,298.0,357.0,500
Middels_90,MIP_vektet,2031,44,0.0,58.0,162.04999999999995,0.0,458921.5,1170177.9999999993,1460786.0,2172042.5,2630964.0,194.95,299.0,357.0,500
Middels_90,MIP_vektet,2031,45,0.0,57.0,162.04999999999995,0.0,451359.0,1165091.5499999993,1465872.45,2179605.0,2630964.0,194.95,300.0,357.0,500
Middels_90,MIP_vektet,2031,46,0.0,57.0,161.0999999999999,0.0,443796.0,1160005.0999999994,1470958.9000000001,2187168.0,2630964.0,195.9,300.0,357.0,500
Middels_90,MIP_vektet,2031,47,0.0,55.0,160.04999999999995,0.0,436233.0,1154918.5999999994,1476045.4000000001,2194731.0,2630964.0,196.95,302.0,357.0,500
Middels_90,MIP_vektet,2031,48,0.0,53.5,160.0,0.0,428670.0,1149832.1499999994,1481131.85,2202294.0,2630964.0,197.0,303.5,357.0,500
Middels_90,MIP_vektet,2031,49,0.0,52.5,159.04999999999995,0.0,421107.5,1144745.6999999993,1486218.3,2209856.5,2630964.0,197.95,304.5,357.0,500
Middels_90,MIP_vektet,2031,50,0.0,52.0,157.0999999999999,0.0,413544.5,1139660.1499999994,1491303.85,2217419.5,2630964.0,199.9,305.0,357.0,500
Middels_90,MIP_vektet,2031,51,0.0,51.0,157.04999999999995,0.0,405982.0,1134573.6999999993,1496390.3,2224982.0,2630964.0,199.95,306.0,357.0,500
Middels_90,MIP_vektet,2031,52,0.0,50.5,156.04999999999995,0.0,398419.0,1129487.2499999993,1501476.75,2232545.0,2630964.0,200.95,306.5,357.0,500
Middels_90,MIP_vektet,2032,1,0.0,49.0,156.0,0.0,390856.5,1124400.7499999993,1506563.25,2240107.5,2630964.0,201.0,308.0,357.0,500
Middels_90,MIP_vektet,2032,2,0.0,48.5,155.0,0.0,383293.0,1119314.2999999993,1511649.7,2247671.0,2630964.0,202.0,308.5,357.0,500
Middels_90,MIP_vektet,2032,3,0.0,47.5,155.0,0.0,375730.5,1114228.7999999993,1516735.2,2255233.5,2630964.0,202.0,309.5,357.0,500
Middels_90,MIP_vektet,2032,4,0.0,46.5,153.0999999999999,0.0,368167.5,1109142.2999999993,1521821.7,2262796.5,2630964.0,203.9,310.5,357.0,500
Middels_90,MIP_vektet,2032,5,0.0,46.0,152.04999999999995,0.0,360605.0,1104055.8499999994,1526908.1500000001,2270359.0,2630964.0,204.95,311.0,357.0,500
Middels_90,MIP_vektet,2032,6,0.0,44.5,151.0,0.0,353042.0,1098969.3999999992,1531994.6,2277922.0,2630964.0,206.0,312.5,357.0,500
Middels_90,MIP_vektet,2032,7,0.0,44.0,149.04999999999995,0.0,345479.5,1093882.8999999992,1537081.1,2285484.5,2630964.0,207.95,313.0,357.0,500
Middels_90,MIP_vektet,2032,8,0.0,43.0,148.04999999999995,0.0,337916.5,1088796.4499999993,1542167.55,2293047.5,2630964.0,208.95,314.0,357.0,500
Middels_90,MIP_vektet,2032,9,0.0,42.0,148.04999999999995,0.0,330353.5,1083710.9499999993,1547253.05,2300610.5,2630964.0,208.95,315.0,357.0,500
Middels_90,MIP_vektet,2032,10,0.0,41.0,148.0,0.0,322790.5,1078624.4499999993,1552339.55,2308173.5,2630964.0,209.0,316.0,357.0,500
Middels_90,MIP_vektet,2032,11,0.0,40.5,146.04999999999995,0.0,315228.0,1073537.9999999993,1557426.0,2315736.0,2630964.0,210.95,316.5,357.0,500
Middels_90,MIP_vektet,2032,12,0.0,39.5,146.0,0.0,307665.0,1068451.5499999993,1562512.45,2323299.0,2630964.0,211.0,317.5,357.0,500
Middels_90,MIP_vektet,2032,13,0.0,38.5,146.0,0.0,300102.5,1063365.0499999993,1567598.95,2330861.5,2630964.0,211.0,318.5,357.0,500
Middels_90,MIP_vektet,2032,14,0.0,38.0,145.04999999999995,0.0,292539.5,1058278.5999999994,1572685.4000000001,2338424.5,2630964.0,211.95,319.0,357.0,500
Middels_90,MIP_vektet,2032,15,0.0,37.0,144.04999999999995,0.0,284977.0,1053193.0999999994,1577770.9000000001,2345987.0,2630964.0,212.95,320.0,357.0,500
Middels_90,MIP_vektet,2032,16,0.0,36.0,143.0999999999999,0.0,277413.5,1048106.5999999993,1582857.4000000001,2353550.5,2630964.0,213.9,321.0,357.0,500
Middels_90,MIP_vektet,2032,17,0.0,35.0,142.04999999999995,0.0,269851.0,1043020.1499999993,1587943.85,2361113.0,2630964.0,214.95,322.0,357.0,500
Middels_90,MIP_vektet,2032,18,0.0,34.0,140.0999999999999,0.0,262288.0,1037933.6999999993,1593030.3,2368676.0,2630964.0,216.9,323.0,357.0,500
Middels_90,MIP_vektet,2032,19,0.0,33.5,140.04999999999995,0.0,254725.5,1032847.1999999993,1598116.8,2376238.5,2630964.0,216.95,323.5,357.0,500
Middels_90,MIP_vektet,2032,20,0.0,33.0,139.04999999999995,0.0,247162.5,1027760.7499999993,1603203.25,2383801.5,2630964.0,217.95,324.0,357.0,500
Middels_90,MIP_vektet,2032,21,0.0,32.5,138.0999999999999,0.0,239600.0,1022675.2499999993,1608288.75,2391364.0,2630964.0,218.9,324.5,357.0,500
Middels_90,MIP_vektet,2032,22,0.0,32.0,137.0999999999999,0.0,232037.0,1017588.7499999993,1613375.25,2398927.0,2630964.0,219.9,325.0,357.0,500
Middels_90,MIP_vektet,2032,23,0.0,31.0,135.0999999999999,0.0,224474.0,1012502.2999999992,1618461.7,2406490.0,2630964.0,221.9,326.0,357.0,500
Middels_90,MIP_vektet,2032,24,0.0,30.0,134.0999999999999,0.0,216911.0,1007415.8499999993,1623548.1500000001,2414053.0,2630964.0,222.9,327.0,357.0,500
Middels_90,MIP_vektet,2032,25,0.0,28.5,134.04999999999995,0.0,209348.5,1002329.3499999993,1628634.6500000001,2421615.5,2630964.0,222.95,328.5,357.0,500
Middels_90,MIP_vektet,2032,26,0.0,27.0,133.04999999999995,0.0,201785.5,997242.8999999992,1633721.1,2429178.5,2630964.0,223.95,330.0,357.0,500
Middels_90,MIP_vektet,2032,27,0.0,27.0,131.04999999999995,0.0,194223.0,992157.3999999992,1638806.6,2436741.0,2630964.0,225.95,330.0,357.0,500
Middels_90,MIP_vektet,2032,28,0.0,25.5,130.04999999999995,0.0,186660.0,987070.8999999992,1643893.1,2444304.0,2630964.0,226.95,331.5,357.0,500
Middels_90,MIP_vektet,2032,29,0.0,25.0,130.0,0.0,179097.5,981984.4499999993,1648979.55,2451866.5,2630964.0,227.0,332.0,357.0,500
Middels_90,MIP_vektet,2032,30,0.0,24.0,128.04999999999995,0.0,171534.0,976897.9499999993,1654066.05,2459430.0,2630964.0,228.95,333.0,357.0,500
Middels_90,MIP_vektet,2032,31,0.0,23.0,128.0,0.0,163971.5,971811.4999999993,1659152.5,2466992.5,2630964.0,229.0,334.0,357.0,500
Middels_90,MIP_vektet,2032,32,0.0,22.0,127.0,0.0,156408.5,966725.0499999992,1664238.95,2474555.5,2630964.0,230.0,335.0,357.0,500
Middels_90,MIP_vektet,2032,33,0.0,22.0,126.04999999999995,0.0,148846.0,961639.4999999993,1669324.5,2482118.0,2630964.0,230.95,335.0,357.0,500
Middels_90,MIP_vektet,2032,34,0.0,21.0,126.0,0.0,141283.0,956553.0499999992,1674410.95,2489681.0,2630964.0,231.0,336.0,357.0,500
Middels_90,MIP_vektet,2032,35,0.0,20.5,125.04999999999995,0.0,133720.5,951466.5999999993,1679497.4000000001,2497243.5,2630964.0,231.95,336.5,357.0,500
Middels_90,MIP_vektet,2032,36,0.0,20.0,125.0,0.0,126157.5,946380.0999999993,1684583.9000000001,2504806.5,2630964.0,232.0,337.0,357.0,500
Middels_90,MIP_vektet,2032,37,0.0,19.0,124.0,0.0,118594.5,941293.6499999992,1689670.35,2512369.5,2630964.0,233.0,338.0,357.0,500
Middels_90,MIP_vektet,2032,38,0.0,18.0,123.04999999999995,0.0,111031.5,936208.1499999992,1694755.85,2519932.5,2630964.0,233.95,339.0,357.0,500
Middels_90,MIP_vektet,2032,39,0.0,17.0,122.09999999999991,0.0,103469.0,931121.6499999992,1699842.35,2527495.0,2630964.0,234.9,340.0,357.0,500
Middels_90,MIP_vektet,2032,40,0.0,16.0,121.0,0.0,95906.0,926035.1999999993,1704928.8,2535058.0,2630964.0,236.0,341.0,357.0,500
Middels_90,MIP_vektet,2032,41,0.0,15.5,120.04999999999995,0.0,88343.5,920948.7499999992,1710015.25,2542620.5,2630964.0,236.95,341.5,357.0,500
Middels_90,MIP_vektet,2032,42,0.0,15.0,120.04999999999995,0.0,80780.5,915862.2499999992,1715101.75,2550183.5,2630964.0,236.95,342.0,357.0,500
Middels_90,MIP_vektet,2032,43,0.0,14.0,120.04999999999995,0.0,73218.0,910775.7999999992,1720188.2,2557746.0,2630964.0,236.95,343.0,357.0,500
Middels_90,MIP_vektet,2032,44,0.0,13.0,118.04999999999995,0.0,65654.5,905690.2999999992,1725273.7,2565309.5,2630964.0,238.95,344.0,357.0,500
Middels_90,MIP_vektet,2032,45,0.0,11.5,118.0,0.0,58092.0,900603.7999999992,1730360.2,2572872.0,2630964.0,239.0,345.5,357.0,500
Middels_90,MIP_vektet,2032,46,0.0,11.5,117.04999999999995,0.0,50529.0,895517.3499999992,1735446.6500000001,2580435.0,2630964.0,239.95,345.5,357.0,500
Middels_90,MIP_vektet,2032,47,0.0,9.5,117.04999999999995,0.0,42966.5,890430.8999999992,1740533.1,2587997.5,2630964.0,239.95,347.5,357.0,500
Middels_90,MIP_vektet,2032,48,0.0,8.5,116.04999999999995,0.0,35403.5,885344.3999999992,1745619.6,2595560.5,2630964.0,240.95,348.5,357.0,500
Middels_90,MIP_vektet,2032,49,0.0,7.5,116.04999999999995,0.0,27841.0,880257.9499999993,1750706.05,2603123.0,2630964.0,240.95,349.5,357.0,500
Middels_90,MIP_vektet,2032,50,0.0,6.5,115.0,0.0,20278.0,875172.4499999993,1755791.55,2610686.0,2630964.0,242.0,350.5,357.0,500
Middels_90,MIP_vektet,2032,51,0.0,4.5,115.0,0.0,12715.0,870085.9499999993,1760878.05,2618249.0,2630964.0,242.0,352.5,357.0,500
Middels_90,MIP_vektet,2032,52,0.0,2.5,114.04999999999995,0.0,5152.0,864999.4999999992,1765964.5,2625812.0,2630964.0,242.95,354.5,357.0,500
Middels_90,MIP_vektet,2032,53,0.0,0.0,113.04999999999995,0.0,0.0,859913.0499999992,1771050.95,2630964.0,2630964.0,243.95,357.0,357.0,500
Middels_90,MIP_vektet,2033,1,0.0,0.0,113.0,0.0,0.0,854826.5499999992,1776137.45,2630964.0,2630964.0,244.0,357.0,357.0,500
Middels_90,MIP_vektet,2033,2,0.0,0.0,112.04999999999995,0.0,0.0,849740.0999999992,1781223.9000000001,2630964.0,2630964.0,244.95,357.0,357.0,500
Middels_90,MIP_vektet,2033,3,0.0,0.0,112.0,0.0,0.0,844654.5999999992,1786309.4000000001,2630964.0,2630964.0,245.0,357.0,357.0,500
Middels_90,MIP_vektet,2033,4,0.0,0.0,111.0,0.0,0.0,839568.0999999992,1791395.9000000001,2630964.0,2630964.0,246.0,357.0,357.0,500
Middels_90,MIP_vektet,2033,5,0.0,0.0,110.0,0.0,0.0,834481.6499999992,1796482.35,2630964.0,2630964.0,247.0,357.0,357.0,500
Middels_90,MIP_vektet,2033,6,0.0,0.0,110.0,0.0,0.0,829395.1999999991,1801568.8,2630964.0,2630964.0,247.0,357.0,357.0,500
Middels_90,MIP_vektet,2033,7,0.0,0.0,109.04999999999995,0.0,0.0,824308.6999999991,1806655.3,2630964.0,2630964.0,247.95,357.0,357.0,500
Middels_90,MIP_vektet,2033,8,0.0,0.0,108.09999999999991,0.0,0.0,819222.2499999992,1811741.75,2630964.0,2630964.0,248.9,357.0,357.0,500
Middels_90,MIP_vektet,2033,9,0.0,0.0,108.04999999999995,0.0,0.0,814136.7499999992,1816827.25,2630964.0,2630964.0,248.95,357.0,357.0,500
Middels_90,MIP_vektet,2033,10,0.0,0.0,108.0,0.0,0.0,809050.2499999992,1821913.75,2630964.0,2630964.0,249.0,357.0,357.0,500
Middels_90,MIP_vektet,2033,11,0.0,0.0,107.04999999999995,0.0,0.0,803963.7999999992,1827000.2,2630964.0,2630964.0,249.95,357.0,357.0,500
Middels_90,MIP_vektet,2033,12,0.0,0.0,106.04999999999995,0.0,0.0,798877.3499999992,1832086.6500000001,2630964.0,2630964.0,250.95,357.0,357.0,500
Middels_90,MIP_vektet,2033,13,0.0,0.0,105.0,0.0,0.0,793790.8499999992,1837173.1500000001,2630964.0,2630964.0,252.0,357.0,357.0,500
Middels_90,MIP_vektet,2033,14,0.0,0.0,104.04999999999995,0.0,0.0,788705.3499999992,1842258.6500000001,2630964.0,2630964.0,252.95,357.0,357.0,500
Middels_90,MIP_vektet,2033,15,0.0,0.0,104.0,0.0,0.0,783618.8999999992,1847345.1,2630964.0,2630964.0,253.0,357.0,357.0,500
Middels_90,MIP_vektet,2033,16,0.0,0.0,104.0,0.0,0.0,778532.3999999992,1852431.6,2630964.0,2630964.0,253.0,357.0,357.0,500
Middels_90,MIP_vektet,2033,17,0.0,0.0,102.0,0.0,0.0,773445.9499999991,1857518.05,2630964.0,2630964.0,255.0,357.0,357.0,500
Middels_90,MIP_vektet,2033,18,0.0,0.0,101.0,0.0,0.0,768359.4999999992,1862604.5,2630964.0,2630964.0,256.0,357.0,357.0,500
Middels_90,MIP_vektet,2033,19,0.0,0.0,100.04999999999995,0.0,0.0,763272.9999999992,1867691.0,2630964.0,2630964.0,256.95,357.0,357.0,500
Middels_90,MIP_vektet,2033,20,0.0,0.0,99.09999999999991,0.0,0.0,758187.4999999992,1872776.5,2630964.0,2630964.0,257.9,357.0,357.0,500
Middels_90,MIP_vektet,2033,21,0.0,0.0,98.09999999999991,0.0,0.0,753101.0499999991,1877862.95,2630964.0,2630964.0,258.9,357.0,357.0,500
Middels_90,MIP_vektet,2033,22,0.0,0.0,98.04999999999995,0.0,0.0,748014.5499999991,1882949.45,2630964.0,2630964.0,258.95,357.0,357.0,500
Middels_90,MIP_vektet,2033,23,0.0,0.0,97.04999999999995,0.0,0.0,742928.0999999992,1888035.9000000001,2630964.0,2630964.0,259.95,357.0,357.0,500
Middels_90,MIP_vektet,2033,24,0.0,0.0,97.04999999999995,0.0,0.0,737841.6499999991,1893122.35,2630964.0,2630964.0,259.95,357.0,357.0,500
Middels_90,MIP_vektet,2033,25,0.0,0.0,97.0,0.0,0.0,732755.1499999991,1898208.85,2630964.0,2630964.0,260.0,357.0,357.0,500
Middels_90,MIP_vektet,2033,26,0.0,0.0,97.0,0.0,0.0,727669.6499999991,1903294.35,2630964.0,2630964.0,260.0,357.0,357.0,500
Middels_90,MIP_vektet,2033,27,0.0,0.0,97.0,0.0,0.0,722583.1999999991,1908380.8,2630964.0,2630964.0,260.0,357.0,357.0,500
Middels_90,MIP_vektet,2033,28,0.0,0.0,95.04999999999995,0.0,0.0,717496.6999999991,1913467.3,2630964.0,2630964.0,261.95,357.0,357.0,500
Middels_90,MIP_vektet,2033,29,0.0,0.0,94.09999999999991,0.0,0.0,712410.2499999992,1918553.75,2630964.0,2630964.0,262.9,357.0,357.0,500
Middels_90,MIP_vektet,2033,30,0.0,0.0,92.14999999999986,0.0,0.0,707323.7999999991,1923640.2,2630964.0,2630964.0,264.85,357.0,357.0,500
Middels_90,MIP_vektet,2033,31,0.0,0.0,92.04999999999995,0.0,0.0,702237.2999999991,1928726.7,2630964.0,2630964.0,264.95,357.0,357.0,500
Middels_90,MIP_vektet,2033,32,0.0,0.0,91.09999999999991,0.0,0.0,697151.7999999991,1933812.2,2630964.0,2630964.0,265.9,357.0,357.0,500
Middels_90,MIP_vektet,2033,33,0.0,0.0,90.14999999999986,0.0,0.0,692065.3499999992,1938898.6500000001,2630964.0,2630964.0,266.85,357.0,357.0,500
Middels_90,MIP_vektet,2033,34,0.0,0.0,89.14999999999986,0.0,0.0,686978.8499999992,1943985.1500000001,2630964.0,2630964.0,267.85,357.0,357.0,500
Middels_90,MIP_vektet,2033,35,0.0,0.0,88.14999999999986,0.0,0.0,681892.3999999991,1949071.6,2630964.0,2630964.0,268.85,357.0,357.0,500
Middels_90,MIP_vektet,2033,36,0.0,0.0,88.09999999999991,0.0,0.0,676805.9499999991,1954158.05,2630964.0,2630964.0,268.9,357.0,357.0,500
Middels_90,MIP_vektet,2033,37,0.0,0.0,88.09999999999991,0.0,0.0,671719.4499999991,1959244.55,2630964.0,2630964.0,268.9,357.0,357.0,500
Middels_90,MIP_vektet,2033,38,0.0,0.0,88.09999999999991,0.0,0.0,666633.9499999991,1964330.05,2630964.0,2630964.0,268.9,357.0,357.0,500
Middels_90,MIP_vektet,2033,39,0.0,0.0,87.09999999999991,0.0,0.0,661547.4999999991,1969416.5,2630964.0,2630964.0,269.9,357.0,357.0,500
Middels_90,MIP_vektet,2033,40,0.0,0.0,86.14999999999986,0.0,0.0,656460.9999999991,1974503.0,2630964.0,2630964.0,270.85,357.0,357.0,500
Middels_90,MIP_vektet,2033,41,0.0,0.0,85.14999999999986,0.0,0.0,651374.5499999991,1979589.45,2630964.0,2630964.0,271.85,357.0,357.0,500
Middels_90,MIP_vektet,2033,42,0.0,0.0,85.09999999999991,0.0,0.0,646288.0999999992,1984675.9000000001,2630964.0,2630964.0,271.9,357.0,357.0,500
Middels_90,MIP_vektet,2033,43,0.0,0.0,84.09999999999991,0.0,0.0,641202.5499999991,1989761.45,2630964.0,2630964.0,272.9,357.0,357.0,500
Middels_90,MIP_vektet,2033,44,0.0,0.0,84.09999999999991,0.0,0.0,636116.099999999,1994847.9000000001,2630964.0,2630964.0,272.9,357.0,357.0,500
Middels_90,MIP_vektet,2033,45,0.0,0.0,84.04999999999995,0.0,0.0,631029.6499999991,1999934.35,2630964.0,2630964.0,272.95,357.0,357.0,500
Middels_90,MIP_vektet,2033,46,0.0,0.0,83.09999999999991,0.0,0.0,625943.1499999991,2005020.85,2630964.0,2630964.0,273.9,357.0,357.0,500
Middels_90,MIP_vektet,2033,47,0.0,0.0,83.04999999999995,0.0,0.0,620856.6999999991,2010107.3,2630964.0,2630964.0,273.95,357.0,357.0,500
Middels_90,MIP_vektet,2033,48,0.0,0.0,83.0,0.0,0.0,615770.2499999991,2015193.75,2630964.0,2630964.0,274.0,357.0,357.0,500
Middels_90,MIP_vektet,2033,49,0.0,0.0,82.04999999999995,0.0,0.0,610684.6999999991,2020279.3,2630964.0,2630964.0,274.95,357.0,357.0,500
Middels_90,MIP_vektet,2033,50,0.0,0.0,81.04999999999995,0.0,0.0,605598.2499999991,2025365.75,2630964.0,2630964.0,275.95,357.0,357.0,500
Middels_90,MIP_vektet,2033,51,0.0,0.0,80.0,0.0,0.0,600511.7499999991,2030452.25,2630964.0,2630964.0,277.0,357.0,357.0,500
Middels_90,MIP_vektet,2033,52,0.0,0.0,79.04999999999995,0.0,0.0,595425.2999999991,2035538.7,2630964.0,2630964.0,277.95,357.0,357.0,500
Middels_90,MIP_vektet,2034,1,0.0,0.0,79.0,0.0,0.0,590338.849999999,2040625.1500000001,2630964.0,2630964.0,278.0,357.0,357.0,500
Middels_90,MIP_vektet,2034,2,0.0,0.0,78.04999999999995,0.0,0.0,585252.349999999,2045711.6500000001,2630964.0,2630964.0,278.95,357.0,357.0,500
Middels_90,MIP_vektet,2034,3,0.0,0.0,77.04999999999995,0.0,0.0,580166.849999999,2050797.1500000001,2630964.0,2630964.0,279.95,357.0,357.0,500
Middels_90,MIP_vektet,2034,4,0.0,0.0,77.0,0.0,0.0,575080.3999999991,2055883.6,2630964.0,2630964.0,280.0,357.0,357.0,500
Middels_90,MIP_vektet,2034,5,0.0,0.0,76.04999999999995,0.0,0.0,569993.8999999991,2060970.1,2630964.0,2630964.0,280.95,357.0,357.0,500
Middels_90,MIP_vektet,2034,6,0.0,0.0,75.04999999999995,0.0,0.0,564907.449999999,2066056.55,2630964.0,2630964.0,281.95,357.0,357.0,500
Middels_90,MIP_vektet,2034,7,0.0,0.0,72.09999999999991,0.0,0.0,559820.9999999991,2071143.0,2630964.0,2630964.0,284.9,357.0,357.0,500
Middels_90,MIP_vektet,2034,8,0.0,0.0,70.19999999999982,0.0,0.0,554734.4999999991,2076229.5,2630964.0,2630964.0,286.8,357.0,357.0,500
Middels_90,MIP_vektet,2034,9,0.0,0.0,70.14999999999986,0.0,0.0,549648.9999999991,2081315.0,2630964.0,2630964.0,286.85,357.0,357.0,500
Middels_90,MIP_vektet,2034,10,0.0,0.0,69.19999999999982,0.0,0.0,544562.5499999991,2086401.45,2630964.0,2630964.0,287.8,357.0,357.0,500
Middels_90,MIP_vektet,2034,11,0.0,0.0,67.24999999999977,0.0,0.0,539476.049999999,2091487.95,2630964.0,2630964.0,289.75,357.0,357.0,500
Middels_90,MIP_vektet,2034,12,0.0,0.0,67.24999999999977,0.0,0.0,534389.599999999,2096574.4000000001,2630964.0,2630964.0,289.75,357.0,357.0,500
Middels_90,MIP_vektet,2034,13,0.0,0.0,66.19999999999982,0.0,0.0,529303.1499999991,2101660.85,2630964.0,2630964.0,290.8,357.0,357.0,500
Middels_90,MIP_vektet,2034,14,0.0,0.0,65.19999999999982,0.0,0.0,524216.64999999903,2106747.35,2630964.0,2630964.0,291.8,357.0,357.0,500
Middels_90,MIP_vektet,2034,15,0.0,0.0,65.19999999999982,0.0,0.0,519131.14999999903,2111832.85,2630964.0,2630964.0,291.8,357.0,357.0,500
Middels_90,MIP_vektet,2034,16,0.0,0.0,65.14999999999986,0.0,0.0,514044.699999999,2116919.3000000003,2630964.0,2630964.0,291.85,357.0,357.0,500
Middels_90,MIP_vektet,2034,17,0.0,0.0,64.09999999999991,0.0,0.0,508958.199999999,2122005.8000000003,2630964.0,2630964.0,292.9,357.0,357.0,500
Middels_90,MIP_vektet,2034,18,0.0,0.0,63.149999999999864,0.0,0.0,503871.74999999907,2127092.25,2630964.0,2630964.0,293.85,357.0,357.0,500
Middels_90,MIP_vektet,2034,19,0.0,0.0,63.09999999999991,0.0,0.0,498785.29999999906,2132178.7,2630964.0,2630964.0,293.9,357.0,357.0,500
Middels_90,MIP_vektet,2034,20,0.0,0.0,63.09999999999991,0.0,0.0,493698.79999999906,2137265.2,2630964.0,2630964.0,293.9,357.0,357.0,500
Middels_90,MIP_vektet,2034,21,0.0,0.0,62.149999999999864,0.0,0.0,488613.29999999906,2142350.7,2630964.0,2630964.0,294.85,357.0,357.0,500
Middels_90,MIP_vektet,2034,22,0.0,0.0,62.09999999999991,0.0,0.0,483526.84999999905,2147437.15,2630964.0,2630964.0,294.9,357.0,357.0,500
Middels_90,MIP_vektet,2034,23,0.0,0.0,61.09999999999991,0.0,0.0,478440.34999999905,2152523.65,2630964.0,2630964.0,295.9,357.0,357.0,500
Middels_90,MIP_vektet,2034,24,0.0,0.0,60.149999999999864,0.0,0.0,473353.89999999903,2157610.1,2630964.0,2630964.0,296.85,357.0,357.0,500
Middels_90,MIP_vektet,2034,25,0.0,0.0,59.149999999999864,0.0,0.0,468267.449999999,2162696.5500000003,2630964.0,2630964.0,297.85,357.0,357.0,500
Middels_90,MIP_vektet,2034,26,0.0,0.0,59.09999999999991,0.0,0.0,463181.89999999903,2167782.1,2630964.0,2630964.0,297.9,357.0,357.0,500
Middels_90,MIP_vektet,2034,27,0.0,0.0,58.09999999999991,0.0,0.0,458095.449999999,2172868.5500000003,2630964.0,2630964.0,298.9,357.0,357.0,500
Middels_90,MIP_vektet,2034,28,0.0,0.0,58.09999999999991,0.0,0.0,453008.999999999,2177955.0,2630964.0,2630964.0,298.9,357.0,357.0,500
Middels_90,MIP_vektet,2034,29,0.0,0.0,57.09999999999991,0.0,0.0,447922.499999999,2183041.5,2630964.0,2630964.0,299.9,357.0,357.0,500
Middels_90,MIP_vektet,2034,30,0.0,0.0,57.09999999999991,0.0,0.0,442836.049999999,2188127.95,2630964.0,2630964.0,299.9,357.0,357.0,500
Middels_90,MIP_vektet,2034,31,0.0,0.0,55.19999999999982,0.0,0.0,437749.599999999,2193214.4,2630964.0,2630964.0,301.8,357.0,357.0,500
Middels_90,MIP_vektet,2034,32,0.0,0.0,54.19999999999982,0.0,0.0,432664.049999999,2198299.95,2630964.0,2630964.0,302.8,357.0,357.0,500
Middels_90,MIP_vektet,2034,33,0.0,0.0,53.19999999999982,0.0,0.0,427577.599999999,2203386.4,2630964.0,2630964.0,303.8,357.0,357.0,500
Middels_90,MIP_vektet,2034,34,0.0,0.0,53.19999999999982,0.0,0.0,422491.149999999,2208472.85,2630964.0,2630964.0,303.8,357.0,357.0,500
Middels_90,MIP_vektet,2034,35,0.0,0.0,53.049999999999955,0.0,0.0,417404.649999999,2213559.35,2630964.0,2630964.0,303.95,357.0,357.0,500
Middels_90,MIP_vektet,2034,36,0.0,0.0,52.09999999999991,0.0,0.0,412318.199999999,2218645.8000000003,2630964.0,2630964.0,304.9,357.0,357.0,500
Middels_90,MIP_vektet,2034,37,0.0,0.0,52.049999999999955,0.0,0.0,407231.749999999,2223732.25,2630964.0,2630964.0,304.95,357.0,357.0,500
Middels_90,MIP_vektet,2034,38,0.0,0.0,52.049999999999955,0.0,0.0,402146.199999999,2228817.8000000003,2630964.0,2630964.0,304.95,357.0,357.0,500
Middels_90,MIP_vektet,2034,39,0.0,0.0,52.0,0.0,0.0,397059.749999999,2233904.25,2630964.0,2630964.0,305.0,357.0,357.0,500
Middels_90,MIP_vektet,2034,40,0.0,0.0,51.0,0.0,0.0,391973.299999999,2238990.7,2630964.0,2630964.0,306.0,357.0,357.0,500
Middels_90,MIP_vektet,2034,41,0.0,0.0,50.049999999999955,0.0,0.0,386886.799999999,2244077.2,2630964.0,2630964.0,306.95,357.0,357.0,500
Middels_90,MIP_vektet,2034,42,0.0,0.0,50.049999999999955,0.0,0.0,381800.349999999,2249163.65,2630964.0,2630964.0,306.95,357.0,357.0,500
Middels_90,MIP_vektet,2034,43,0.0,0.0,50.0,0.0,0.0,376713.899999999,2254250.1,2630964.0,2630964.0,307.0,357.0,357.0,500
Middels_90,MIP_vektet,2034,44,0.0,0.0,49.049999999999955,0.0,0.0,371628.349999999,2259335.65,2630964.0,2630964.0,307.95,357.0,357.0,500
Middels_90,MIP_vektet,2034,45,0.0,0.0,49.0,0.0,0.0,366541.899999999,2264422.1,2630964.0,2630964.0,308.0,357.0,357.0,500
Middels_90,MIP_vektet,2034,46,0.0,0.0,48.0,0.0,0.0,361455.44999999896,2269508.5500000003,2630964.0,2630964.0,309.0,357.0,357.0,500
Middels_90,MIP_vektet,2034,47,0.0,0.0,46.049999999999955,0.0,0.0,356368.94999999896,2274595.0500000003,2630964.0,2630964.0,310.95,357.0,357.0,500
Middels_90,MIP_vektet,2034,48,0.0,0.0,45.09999999999991,0.0,0.0,351282.49999999895,2279681.5,2630964.0,2630964.0,311.9,357.0,357.0,500
Middels_90,MIP_vektet,2034,49,0.0,0.0,45.049999999999955,0.0,0.0,346196.04999999894,2284767.95,2630964.0,2630964.0,311.95,357.0,357.0,500
Middels_90,MIP_vektet,2034,50,0.0,0.0,45.0,0.0,0.0,341110.49999999895,2289853.5,2630964.0,2630964.0,312.0,357.0,357.0,500
Middels_90,MIP_vektet,2034,51,0.0,0.0,44.049999999999955,0.0,0.0,336024.04999999894,2294939.95,2630964.0,2630964.0,312.95,357.0,357.0,500
Middels_90,MIP_vektet,2034,52,0.0,0.0,44.0,0.0,0.0,330937.599999999,2300026.4,2630964.0,2630964.0,313.0,357.0,357.0,500
Middels_90,MIP_vektet,2035,1,0.0,0.0,43.049999999999955,0.0,0.0,325851.099999999,2305112.9,2630964.0,2630964.0,313.95,357.0,357.0,500
Middels_90,MIP_vektet,2035,2,0.0,0.0,43.0,0.0,0.0,320764.649999999,2310199.35,2630964.0,2630964.0,314.0,357.0,357.0,500
Middels_90,MIP_vektet,2035,3,0.0,0.0,42.0,0.0,0.0,315679.149999999,2315284.85,2630964.0,2630964.0,315.0,357.0,357.0,500
Middels_90,MIP_vektet,2035,4,0.0,0.0,41.049999999999955,0.0,0.0,310592.649999999,2320371.35,2630964.0,2630964.0,315.95,357.0,357.0,500
Middels_90,MIP_vektet,2035,5,0.0,0.0,41.0,0.0,0.0,305506.19999999896,2325457.8000000003,2630964.0,2630964.0,316.0,357.0,357.0,500
Middels_90,MIP_vektet,2035,6,0.0,0.0,40.049999999999955,0.0,0.0,300419.74999999895,2330544.25,2630964.0,2630964.0,316.95,357.0,357.0,500
Middels_90,MIP_vektet,2035,7,0.0,0.0,40.049999999999955,0.0,0.0,295333.24999999895,2335630.75,2630964.0,2630964.0,316.95,357.0,357.0,500
Middels_90,MIP_vektet,2035,8,0.0,0.0,39.049999999999955,0.0,0.0,290246.79999999894,2340717.2,2630964.0,2630964.0,317.95,357.0,357.0,500
Middels_90,MIP_vektet,2035,9,0.0,0.0,39.049999999999955,0.0,0.0,285161.29999999894,2345802.7,2630964.0,2630964.0,317.95,357.0,357.0,500
Middels_90,MIP_vektet,2035,10,0.0,0.0,39.0,0.0,0.0,280074.79999999894,2350889.2,2630964.0,2630964.0,318.0,357.0,357.0,500
Middels_90,MIP_vektet,2035,11,0.0,0.0,38.0,0.0,0.0,274988.3499999989,2355975.65,2630964.0,2630964.0,319.0,357.0,357.0,500
Middels_90,MIP_vektet,2035,12,0.0,0.0,38.0,0.0,0.0,269901.8999999989,2361062.1,2630964.0,2630964.0,319.0,357.0,357.0,500
Middels_90,MIP_vektet,2035,13,0.0,0.0,37.0,0.0,0.0,264815.3999999989,2366148.6,2630964.0,2630964.0,320.0,357.0,357.0,500
Middels_90,MIP_vektet,2035,14,0.0,0.0,37.0,0.0,0.0,259728.94999999893,2371235.0500000003,2630964.0,2630964.0,320.0,357.0,357.0,500
Middels_90,MIP_vektet,2035,15,0.0,0.0,36.0,0.0,0.0,254643.44999999893,2376320.5500000003,2630964.0,2630964.0,321.0,357.0,357.0,500
Middels_90,MIP_vektet,2035,16,0.0,0.0,36.0,0.0,0.0,249556.94999999893,2381407.0500000003,2630964.0,2630964.0,321.0,357.0,357.0,500
Middels_90,MIP_vektet,2035,17,0.0,0.0,35.049999999999955,0.0,0.0,244470.49999999892,2386493.5,2630964.0,2630964.0,321.95,357.0,357.0,500
Middels_90,MIP_vektet,2035,18,0.0,0.0,34.049999999999955,0.0,0.0,239383.99999999892,2391580.0,2630964.0,2630964.0,322.95,357.0,357.0,500
Middels_90,MIP_vektet,2035,19,0.0,0.0,33.09999999999991,0.0,0.0,234297.5499999989,2396666.45,2630964.0,2630964.0,323.9,357.0,357.0,500
Middels_90,MIP_vektet,2035,20,0.0,0.0,33.049999999999955,0.0,0.0,229211.09999999893,2401752.9,2630964.0,2630964.0,323.95,357.0,357.0,500
Middels_90,MIP_vektet,2035,21,0.0,0.0,32.09999999999991,0.0,0.0,224125.5499999989,2406838.45,2630964.0,2630964.0,324.9,357.0,357.0,500
Middels_90,MIP_vektet,2035,22,0.0,0.0,31.09999999999991,0.0,0.0,219039.0999999989,2411924.9,2630964.0,2630964.0,325.9,357.0,357.0,500
Middels_90,MIP_vektet,2035,23,0.0,0.0,30.149999999999864,0.0,0.0,213952.64999999892,2417011.35,2630964.0,2630964.0,326.85,357.0,357.0,500
Middels_90,MIP_vektet,2035,24,0.0,0.0,29.199999999999818,0.0,0.0,208866.14999999892,2422097.85,2630964.0,2630964.0,327.8,357.0,357.0,500
Middels_90,MIP_vektet,2035,25,0.0,0.0,28.199999999999818,0.0,0.0,203779.6999999989,2427184.3000000003,2630964.0,2630964.0,328.8,357.0,357.0,500
Middels_90,MIP_vektet,2035,26,0.0,0.0,28.149999999999864,0.0,0.0,198693.2499999989,2432270.75,2630964.0,2630964.0,328.85,357.0,357.0,500
Middels_90,MIP_vektet,2035,27,0.0,0.0,27.199999999999818,0.0,0.0,193607.6999999989,2437356.3000000003,2630964.0,2630964.0,329.8,357.0,357.0,500
Middels_90,MIP_vektet,2035,28,0.0,0.0,26.199999999999818,0.0,0.0,188521.2499999989,2442442.75,2630964.0,2630964.0,330.8,357.0,357.0,500
Middels_90,MIP_vektet,2035,29,0.0,0.0,26.199999999999818,0.0,0.0,183434.79999999888,2447529.2,2630964.0,2630964.0,330.8,357.0,357.0,500
Middels_90,MIP_vektet,2035,30,0.0,0.0,25.199999999999818,0.0,0.0,178348.29999999888,2452615.7,2630964.0,2630964.0,331.8,357.0,357.0,500
Middels_90,MIP_vektet,2035,31,0.0,0.0,25.149999999999864,0.0,0.0,173261.8499999989,2457702.15,2630964.0,2630964.0,331.85,357.0,357.0,500
Middels_90,MIP_vektet,2035,32,0.0,0.0,24.199999999999818,0.0,0.0,168176.3499999989,2462787.65,2630964.0,2630964.0,332.8,357.0,357.0,500
Middels_90,MIP_vektet,2035,33,0.0,0.0,23.199999999999818,0.0,0.0,163089.8499999989,2467874.15,2630964.0,2630964.0,333.8,357.0,357.0,500
Middels_90,MIP_vektet,2035,34,0.0,0.0,23.09999999999991,0.0,0.0,158003.3999999989,2472960.6,2630964.0,2630964.0,333.9,357.0,357.0,500
Middels_90,MIP_vektet,2035,35,0.0,0.0,23.09999999999991,0.0,0.0,152916.94999999888,2478047.0500000003,2630964.0,2630964.0,333.9,357.0,357.0,500
Middels_90,MIP_vektet,2035,36,0.0,0.0,23.049999999999955,0.0,0.0,147830.44999999888,2483133.5500000003,2630964.0,2630964.0,333.95,357.0,357.0,500
Middels_90,MIP_vektet,2035,37,0.0,0.0,23.049999999999955,0.0,0.0,142743.99999999886,2488220.0,2630964.0,2630964.0,333.95,357.0,357.0,500
Middels_90,MIP_vektet,2035,38,0.0,0.0,22.049999999999955,0.0,0.0,137658.49999999886,2493305.5,2630964.0,2630964.0,334.95,357.0,357.0,500
Middels_90,MIP_vektet,2035,39,0.0,0.0,22.0,0.0,0.0,132571.99999999886,2498392.0,2630964.0,2630964.0,335.0,357.0,357.0,500
Middels_90,MIP_vektet,2035,40,0.0,0.0,21.049999999999955,0.0,0.0,127485.54999999887,2503478.45,2630964.0,2630964.0,335.95,357.0,357.0,500
Middels_90,MIP_vektet,2035,41,0.0,0.0,20.049999999999955,0.0,0.0,122399.09999999887,2508564.9,2630964.0,2630964.0,336.95,357.0,357.0,500
Middels_90,MIP_vektet,2035,42,0.0,0.0,19.09999999999991,0.0,0.0,117312.59999999887,2513651.4,2630964.0,2630964.0,337.9,357.0,357.0,500
Middels_90,MIP_vektet,2035,43,0.0,0.0,19.09999999999991,0.0,0.0,112226.14999999886,2518737.85,2630964.0,2630964.0,337.9,357.0,357.0,500
Middels_90,MIP_vektet,2035,44,0.0,0.0,18.09999999999991,0.0,0.0,107140.64999999886,2523823.35,2630964.0,2630964.0,338.9,357.0,357.0,500
Middels_90,MIP_vektet,2035,45,0.0,0.0,17.09999999999991,0.0,0.0,102054.14999999886,2528909.85,2630964.0,2630964.0,339.9,357.0,357.0,500
Middels_90,MIP_vektet,2035,46,0.0,0.0,17.09999999999991,0.0,0.0,96967.69999999886,2533996.3000000003,2630964.0,2630964.0,339.9,357.0,357.0,500
Middels_90,MIP_vektet,2035,47,0.0,0.0,16.149999999999864,0.0,0.0,91881.24999999885,2539082.75,2630964.0,2630964.0,340.85,357.0,357.0,500
Middels_90,MIP_vektet,2035,48,0.0,0.0,16.149999999999864,0.0,0.0,86794.74999999885,2544169.25,2630964.0,2630964.0,340.85,357.0,357.0,500
Middels_90,MIP_vektet,2035,49,0.0,0.0,16.09999999999991,0.0,0.0,81708.29999999885,2549255.7,2630964.0,2630964.0,340.9,357.0,357.0,500
Middels_90,MIP_vektet,2035,50,0.0,0.0,15.149999999999864,0.0,0.0,76622.79999999885,2554341.2,2630964.0,2630964.0,341.85,357.0,357.0,500
Middels_90,MIP_vektet,2035,51,0.0,0.0,15.099999999999909,0.0,0.0,71536.29999999884,2559427.7,2630964.0,2630964.0,341.9,357.0,357.0,500
Middels_90,MIP_vektet,2035,52,0.0,0.0,14.099999999999909,0.0,0.0,66449.84999999884,2564514.15,2630964.0,2630964.0,342.9,357.0,357.0,500
Middels_90,MIP_vektet,2036,1,0.0,0.0,14.099999999999909,0.0,0.0,61363.39999999884,2569600.6,2630964.0,2630964.0,342.9,357.0,357.0,500
Middels_90,MIP_vektet,2036,2,0.0,0.0,13.049999999999955,0.0,0.0,56276.89999999884,2574687.1,2630964.0,2630964.0,343.95,357.0,357.0,500
Middels_90,MIP_vektet,2036,3,0.0,0.0,12.099999999999909,0.0,0.0,51190.44999999883,2579773.5500000003,2630964.0,2630964.0,344.9,357.0,357.0,500
Middels_90,MIP_vektet,2036,4,0.0,0.0,11.099999999999909,0.0,0.0,46104.94999999883,2584859.0500000003,2630964.0,2630964.0,345.9,357.0,357.0,500
Middels_90,MIP_vektet,2036,5,0.0,0.0,10.149999999999864,0.0,0.0,41018.44999999883,2589945.5500000003,2630964.0,2630964.0,346.85,357.0,357.0,500
Middels_90,MIP_vektet,2036,6,0.0,0.0,9.149999999999864,0.0,0.0,35931.99999999883,2595032.0,2630964.0,2630964.0,347.85,357.0,357.0,500
Middels_90,MIP_vektet,2036,7,0.0,0.0,8.199999999999818,0.0,0.0,30845.549999998828,2600118.45,2630964.0,2630964.0,348.8,357.0,357.0,500
Middels_90,MIP_vektet,2036,8,0.0,0.0,7.199999999999818,0.0,0.0,25759.049999998824,2605204.95,2630964.0,2630964.0,349.8,357.0,357.0,500
Middels_90,MIP_vektet,2036,9,0.0,0.0,7.149999999999864,0.0,0.0,20672.59999999882,2610291.4,2630964.0,2630964.0,349.85,357.0,357.0,500
Middels_90,MIP_vektet,2036,10,0.0,0.0,6.149999999999864,0.0,0.0,15587.09999999882,2615376.9,2630964.0,2630964.0,350.85,357.0,357.0,500
Middels_90,MIP_vektet,2036,11,0.0,0.0,3.2499999999997726,0.0,0.0,10500.599999998816,2620463.4,2630964.0,2630964.0,353.75,357.0,357.0,500
Middels_90,MIP_vektet,2036,12,0.0,0.0,2.299999999999727,0.0,0.0,5414.149999998815,2625549.85,2630964.0,2630964.0,354.70000000000005,357.0,357.0,500
Middels_90,MIP_vektet,2036,13,0.0,0.0,0.3499999999996817,0.0,0.0,1256.799999998857,2629707.2,2630964.0,2630964.0,356.65000000000003,357.0,357.0,500
Middels_90,MIP_vektet,2036,14,0.0,0.0,0.29999999999972715,0.0,0.0,1004.8499999990861,2629959.15,2630964.0,2630964.0,356.70000000000005,357.0,357.0,500
Middels_90,MIP_vektet,2036,15,0.0,0.0,0.24999999999977263,0.0,0.0,752.9499999993152,2630211.05,2630964.0,2630964.0,356.75,357.0,357.0,500
Middels_90,MIP_vektet,2036,16,0.0,0.0,0.24999999999977263,0.0,0.0,501.0499999995443,2630462.95,2630964.0,2630964.0,356.75,357.0,357.0,500
Middels_90,MIP_vektet,2036,17,0.0,0.0,0.14999999999986358,0.0,0.0,249.09999999977344,2630714.9,2630964.0,2630964.0,356.85,357.0,357.0,500
Middels_90,MIP_vektet,2036,18,0.0,0.0,0.0,0.0,0.0,0.0,2630964.0,2630964.0,2630964.0,357.0,357.0,357.0,500
Middels_90,MIP_vektet,2036,19,0.0,0.0,0.0,0.0,0.0,0.0,2630964.0,2630964.0,2630964.0,357.0,357.0,357.0,500
Middels_90,MIP_vektet,2036,20,0.0,0.0,0.0,0.0,0.0,0.0,2630964.0,2630964.0,2630964.0,357.0,357.0,357.0,500
Middels_90,MIP_vektet,2036,21,0.0,0.0,0.0,0.0,0.0,0.0,2630964.0,2630964.0,2630964.0,357.0,357.0,357.0,500
Middels_90,MIP_vektet,2036,22,0.0,0.0,0.0,0.0,0.0,0.0,2630964.0,2630964.0,2630964.0,357.0,357.0,357.0,500
Middels_90,MIP_vektet,2036,23,0.0,0.0,0.0,0.0,0.0,0.0,2630964.0,2630964.0,2630964.0,357.0,357.0,357.0,500
Middels_90,MIP_vektet,2036,24,0.0,0.0,0.0,0.0,0.0,0.0,2630964.0,2630964.0,2630964.0,357.0,357.0,357.0,500
Middels_90,MIP_vektet,2036,25,0.0,0.0,0.0,0.0,0.0,0.0,2630964.0,2630964.0,2630964.0,357.0,357.0,357.0,500
Middels_90,MIP_vektet,2036,26,0.0,0.0,0.0,0.0,0.0,0.0,2630964.0,2630964.0,2630964.0,357.0,357.0,357.0,500
Middels_90,MIP_vektet,2036,27,0.0,0.0,0.0,0.0,0.0,0.0,2630964.0,2630964.0,2630964.0,357.0,357.0,357.0,500
Middels_90,MIP_vektet,2036,28,0.0,0.0,0.0,0.0,0.0,0.0,2630964.0,2630964.0,2630964.0,357.0,357.0,357.0,500
Middels_90,MIP_vektet,2036,29,0.0,0.0,0.0,0.0,0.0,0.0,2630964.0,2630964.0,2630964.0,357.0,357.0,357.0,500
Middels_90,MIP_vektet,2036,30,0.0,0.0,0.0,0.0,0.0,0.0,2630964.0,2630964.0,2630964.0,357.0,357.0,357.0,500
Middels_90,MIP_vektet,2036,31,0.0,0.0,0.0,0.0,0.0,0.0,2630964.0,2630964.0,2630964.0,357.0,357.0,357.0,500
Middels_90,MIP_vektet,2036,32,0.0,0.0,0.0,0.0,0.0,0.0,2630964.0,2630964.0,2630964.0,357.0,357.0,357.0,500
Middels_90,MIP_vektet,2036,33,0.0,0.0,0.0,0.0,0.0,0.0,2630964.0,2630964.0,2630964.0,357.0,357.0,357.0,500
Middels_90,MIP_vektet,2036,34,0.0,0.0,0.0,0.0,0.0,0.0,2630964.0,2630964.0,2630964.0,357.0,357.0,357.0,500
Middels_90,MIP_vektet,2036,35,0.0,0.0,0.0,0.0,0.0,0.0,2630964.0,2630964.0,2630964.0,357.0,357.0,357.0,500
Middels_90,MIP_vektet,2036,36,0.0,0.0,0.0,0.0,0.0,0.0,2630964.0,2630964.0,2630964.0,357.0,357.0,357.0,500
Middels_90,MIP_vektet,2036,37,0.0,0.0,0.0,0.0,0.0,0.0,2630964.0,2630964.0,2630964.0,357.0,357.0,357.0,500
Middels_90,MIP_vektet,2036,38,0.0,0.0,0.0,0.0,0.0,0.0,2630964.0,2630964.0,2630964.0,357.0,357.0,357.0,500
Middels_90,MIP_vektet,2036,39,0.0,0.0,0.0,0.0,0.0,0.0,2630964.0,2630964.0,2630964.0,357.0,357.0,357.0,500
Middels_90,MIP_vektet,2036,40,0.0,0.0,0.0,0.0,0.0,0.0,2630964.0,2630964.0,2630964.0,357.0,357.0,357.0,500
Middels_90,MIP_vektet,2036,41,0.0,0.0,0.0,0.0,0.0,0.0,2630964.0,2630964.0,2630964.0,357.0,357.0,357.0,500
Middels_90,MIP_vektet,2036,42,0.0,0.0,0.0,0.0,0.0,0.0,2630964.0,2630964.0,2630964.0,357.0,357.0,357.0,500
Middels_90,MIP_vektet,2036,43,0.0,0.0,0.0,0.0,0.0,0.0,2630964.0,2630964.0,2630964.0,357.0,357.0,357.0,500
Middels_90,MIP_vektet,2036,44,0.0,0.0,0.0,0.0,0.0,0.0,2630964.0,2630964.0,2630964.0,357.0,357.0,357.0,500
Middels_90,MIP_vektet,2036,45,0.0,0.0,0.0,0.0,0.0,0.0,2630964.0,2630964.0,2630964.0,357.0,357.0,357.0,500
Middels_90,MIP_vektet,2036,46,0.0,0.0,0.0,0.0,0.0,0.0,2630964.0,2630964.0,2630964.0,357.0,357.0,357.0,500
Middels_90,MIP_vektet,2036,47,0.0,0.0,0.0,0.0,0.0,0.0,2630964.0,2630964.0,2630964.0,357.0,357.0,357.0,500
Middels_90,MIP_vektet,2036,48,0.0,0.0,0.0,0.0,0.0,0.0,2630964.0,2630964.0,2630964.0,357.0,357.0,357.0,500
Middels_90,MIP_vektet,2036,49,0.0,0.0,0.0,0.0,0.0,0.0,2630964.0,2630964.0,2630964.0,357.0,357.0,357.0,500
Middels_90,MIP_vektet,2036,50,0.0,0.0,0.0,0.0,0.0,0.0,2630964.0,2630964.0,2630964.0,357.0,357.0,357.0,500
Middels_90,MIP_vektet,2036,51,0.0,0.0,0.0,0.0,0.0,0.0,2630964.0,2630964.0,2630964.0,357.0,357.0,357.0,500
Middels_90,MIP_vektet,2036,52,0.0,0.0,0.0,0.0,0.0,0.0,2630964.0,2630964.0,2630964.0,357.0,357.0,357.0,500
Middels_90,MIP_vektet,2037,1,0.0,0.0,0.0,0.0,0.0,0.0,2630964.0,2630964.0,2630964.0,357.0,357.0,357.0,500
Middels_90,MIP_vektet,2037,2,0.0,0.0,0.0,0.0,0.0,0.0,2630964.0,2630964.0,2630964.0,357.0,357.0,357.0,500
Middels_90,MIP_vektet,2037,3,0.0,0.0,0.0,0.0,0.0,0.0,2630964.0,2630964.0,2630964.0,357.0,357.0,357.0,500
Middels_90,MIP_vektet,2037,4,0.0,0.0,0.0,0.0,0.0,0.0,2630964.0,2630964.0,2630964.0,357.0,357.0,357.0,500
Middels_90,MIP_vektet,2037,5,0.0,0.0,0.0,0.0,0.0,0.0,2630964.0,2630964.0,2630964.0,357.0,357.0,357.0,500
Middels_90,MIP_vektet,2037,6,0.0,0.0,0.0,0.0,0.0,0.0,2630964.0,2630964.0,2630964.0,357.0,357.0,357.0,500
Middels_90,MIP_vektet,2037,7,0.0,0.0,0.0,0.0,0.0,0.0,2630964.0,2630964.0,2630964.0,357.0,357.0,357.0,500
Middels_90,MIP_vektet,2037,8,0.0,0.0,0.0,0.0,0.0,0.0,2630964.0,2630964.0,2630964.0,357.0,357.0,357.0,500
Middels_90,MIP_vektet,2037,9,0.0,0.0,0.0,0.0,0.0,0.0,2630964.0,2630964.0,2630964.0,357.0,357.0,357.0,500
Middels_90,MIP_vektet,2037,10,0.0,0.0,0.0,0.0,0.0,0.0,2630964.0,2630964.0,2630964.0,357.0,357.0,357.0,500
Middels_90,MIP_vektet,2037,11,0.0,0.0,0.0,0.0,0.0,0.0,2630964.0,2630964.0,2630964.0,357.0,357.0,357.0,500
Middels_90,MIP_vektet,2037,12,0.0,0.0,0.0,0.0,0.0,0.0,2630964.0,2630964.0,2630964.0,357.0,357.0,357.0,500
Middels_90,MIP_vektet,2037,13,0.0,0.0,0.0,0.0,0.0,0.0,2630964.0,2630964.0,2630964.0,357.0,357.0,357.0,500
Middels_90,MIP_vektet,2037,14,0.0,0.0,0.0,0.0,0.0,0.0,2630964.0,2630964.0,2630964.0,357.0,357.0,357.0,500
Middels_90,MIP_vektet,2037,15,0.0,0.0,0.0,0.0,0.0,0.0,2630964.0,2630964.0,2630964.0,357.0,357.0,357.0,500
Middels_90,MIP_vektet,2037,16,0.0,0.0,0.0,0.0,0.0,0.0,2630964.0,2630964.0,2630964.0,357.0,357.0,357.0,500
Middels_90,MIP_vektet,2037,17,0.0,0.0,0.0,0.0,0.0,0.0,2630964.0,2630964.0,2630964.0,357.0,357.0,357.0,500
Middels_90,MIP_vektet,2037,18,0.0,0.0,0.0,0.0,0.0,0.0,2630964.0,2630964.0,2630964.0,357.0,357.0,357.0,500
Middels_90,MIP_vektet,2037,19,0.0,0.0,0.0,0.0,0.0,0.0,2630964.0,2630964.0,2630964.0,357.0,357.0,357.0,500
Middels_90,MIP_vektet,2037,20,0.0,0.0,0.0,0.0,0.0,0.0,2630964.0,2630964.0,2630964.0,357.0,357.0,357.0,500
Middels_90,MIP_vektet,2037,21,0.0,0.0,0.0,0.0,0.0,0.0,2630964.0,2630964.0,2630964.0,357.0,357.0,357.0,500
Middels_90,MIP_vektet,2037,22,0.0,0.0,0.0,0.0,0.0,0.0,2630964.0,2630964.0,2630964.0,357.0,357.0,357.0,500
Middels_90,MIP_vektet,2037,23,0.0,0.0,0.0,0.0,0.0,0.0,2630964.0,2630964.0,2630964.0,357.0,357.0,357.0,500
Middels_90,MIP_vektet,2037,24,0.0,0.0,0.0,0.0,0.0,0.0,2630964.0,2630964.0,2630964.0,357.0,357.0,357.0,500
Middels_90,MIP_vektet,2037,25,0.0,0.0,0.0,0.0,0.0,0.0,2630964.0,2630964.0,2630964.0,357.0,357.0,357.0,500
Middels_90,MIP_vektet,2037,26,0.0,0.0,0.0,0.0,0.0,0.0,2630964.0,2630964.0,2630964.0,357.0,357.0,357.0,500
Middels_90,MIP_vektet,2037,27,0.0,0.0,0.0,0.0,0.0,0.0,2630964.0,2630964.0,2630964.0,357.0,357.0,357.0,500
Middels_90,MIP_vektet,2037,28,0.0,0.0,0.0,0.0,0.0,0.0,2630964.0,2630964.0,2630964.0,357.0,357.0,357.0,500
Middels_90,MIP_vektet,2037,29,0.0,0.0,0.0,0.0,0.0,0.0,2630964.0,2630964.0,2630964.0,357.0,357.0,357.0,500
Middels_90,MIP_vektet,2037,30,0.0,0.0,0.0,0.0,0.0,0.0,2630964.0,2630964.0,2630964.0,357.0,357.0,357.0,500
Middels_90,MIP_vektet,2037,31,0.0,0.0,0.0,0.0,0.0,0.0,2630964.0,2630964.0,2630964.0,357.0,357.0,357.0,500
Middels_90,MIP_vektet,2037,32,0.0,0.0,0.0,0.0,0.0,0.0,2630964.0,2630964.0,2630964.0,357.0,357.0,357.0,500
Middels_90,MIP_vektet,2037,33,0.0,0.0,0.0,0.0,0.0,0.0,2630964.0,2630964.0,2630964.0,357.0,357.0,357.0,500
Middels_90,MIP_vektet,2037,34,0.0,0.0,0.0,0.0,0.0,0.0,2630964.0,2630964.0,2630964.0,357.0,357.0,357.0,500
Middels_90,MIP_vektet,2037,35,0.0,0.0,0.0,0.0,0.0,0.0,2630964.0,2630964.0,2630964.0,357.0,357.0,357.0,500
Middels_90,MIP_vektet,2037,36,0.0,0.0,0.0,0.0,0.0,0.0,2630964.0,2630964.0,2630964.0,357.0,357.0,357.0,500
Middels_90,MIP_vektet,2037,37,0.0,0.0,0.0,0.0,0.0,0.0,2630964.0,2630964.0,2630964.0,357.0,357.0,357.0,500
Middels_90,MIP_vektet,2037,38,0.0,0.0,0.0,0.0,0.0,0.0,2630964.0,2630964.0,2630964.0,357.0,357.0,357.0,500
Middels_90,MIP_vektet,2037,39,0.0,0.0,0.0,0.0,0.0,0.0,2630964.0,2630964.0,2630964.0,357.0,357.0,357.0,500
Middels_90,MIP_vektet,2037,40,0.0,0.0,0.0,0.0,0.0,0.0,2630964.0,2630964.0,2630964.0,357.0,357.0,357.0,500
Middels_90,MIP_vektet,2037,41,0.0,0.0,0.0,0.0,0.0,0.0,2630964.0,2630964.0,2630964.0,357.0,357.0,357.0,500
Middels_90,MIP_vektet,2037,42,0.0,0.0,0.0,0.0,0.0,0.0,2630964.0,2630964.0,2630964.0,357.0,357.0,357.0,500
Middels_90,MIP_vektet,2037,43,0.0,0.0,0.0,0.0,0.0,0.0,2630964.0,2630964.0,2630964.0,357.0,357.0,357.0,500
Middels_90,MIP_vektet,2037,44,0.0,0.0,0.0,0.0,0.0,0.0,2630964.0,2630964.0,2630964.0,357.0,357.0,357.0,500
Middels_90,MIP_vektet,2037,45,0.0,0.0,0.0,0.0,0.0,0.0,2630964.0,2630964.0,2630964.0,357.0,357.0,357.0,500
Middels_90,MIP_vektet,2037,46,0.0,0.0,0.0,0.0,0.0,0.0,2630964.0,2630964.0,2630964.0,357.0,357.0,357.0,500
Middels_90,MIP_vektet,2037,47,0.0,0.0,0.0,0.0,0.0,0.0,2630964.0,2630964.0,2630964.0,357.0,357.0,357.0,500
Middels_90,MIP_vektet,2037,48,0.0,0.0,0.0,0.0,0.0,0.0,2630964.0,2630964.0,2630964.0,357.0,357.0,357.0,500
Middels_90,MIP_vektet,2037,49,0.0,0.0,0.0,0.0,0.0,0.0,2630964.0,2630964.0,2630964.0,357.0,357.0,357.0,500
Middels_90,MIP_vektet,2037,50,0.0,0.0,0.0,0.0,0.0,0.0,2630964.0,2630964.0,2630964.0,357.0,357.0,357.0,500
Middels_90,MIP_vektet,2037,51,0.0,0.0,0.0,0.0,0.0,0.0,2630964.0,2630964.0,2630964.0,357.0,357.0,357.0,500
Middels_90,MIP_vektet,2037,52,0.0,0.0,0.0,0.0,0.0,0.0,2630964.0,2630964.0,2630964.0,357.0,357.0,357.0,500
Middels_90,MIP_vektet,2037,53,0.0,0.0,0.0,0.0,0.0,0.0,2630964.0,2630964.0,2630964.0,357.0,357.0,357.0,500
Middels_90,MIP_vektet,2038,1,0.0,0.0,0.0,0.0,0.0,0.0,2630964.0,2630964.0,2630964.0,357.0,357.0,357.0,500
Middels_90,MIP_vektet,2038,2,0.0,0.0,0.0,0.0,0.0,0.0,2630964.0,2630964.0,2630964.0,357.0,357.0,357.0,500
Middels_90,MIP_vektet,2038,3,0.0,0.0,0.0,0.0,0.0,0.0,2630964.0,2630964.0,2630964.0,357.0,357.0,357.0,500
Middels_90,MIP_vektet,2038,4,0.0,0.0,0.0,0.0,0.0,0.0,2630964.0,2630964.0,2630964.0,357.0,357.0,357.0,500
Middels_90,MIP_vektet,2038,5,0.0,0.0,0.0,0.0,0.0,0.0,2630964.0,2630964.0,2630964.0,357.0,357.0,357.0,500
Middels_90,MIP_vektet,2038,6,0.0,0.0,0.0,0.0,0.0,0.0,2630964.0,2630964.0,2630964.0,357.0,357.0,357.0,500
Middels_90,MIP_vektet,2038,7,0.0,0.0,0.0,0.0,0.0,0.0,2630964.0,2630964.0,2630964.0,357.0,357.0,357.0,500
Middels_90,MIP_vektet,2038,8,0.0,0.0,0.0,0.0,0.0,0.0,2630964.0,2630964.0,2630964.0,357.0,357.0,357.0,500
Middels_90,MIP_vektet,2038,9,0.0,0.0,0.0,0.0,0.0,0.0,2630964.0,2630964.0,2630964.0,357.0,357.0,357.0,500
Middels_90,MIP_vektet,2038,10,0.0,0.0,0.0,0.0,0.0,0.0,2630964.0,2630964.0,2630964.0,357.0,357.0,357.0,500
Middels_90,MIP_vektet,2038,11,0.0,0.0,0.0,0.0,0.0,0.0,2630964.0,2630964.0,2630964.0,357.0,357.0,357.0,500
Middels_90,MIP_vektet,2038,12,0.0,0.0,0.0,0.0,0.0,0.0,2630964.0,2630964.0,2630964.0,357.0,357.0,357.0,500
Middels_90,MIP_vektet,2038,13,0.0,0.0,0.0,0.0,0.0,0.0,2630964.0,2630964.0,2630964.0,357.0,357.0,357.0,500
Middels_90,MIP_vektet,2038,14,0.0,0.0,0.0,0.0,0.0,0.0,2630964.0,2630964.0,2630964.0,357.0,357.0,357.0,500
Middels_90,MIP_vektet,2038,15,0.0,0.0,0.0,0.0,0.0,0.0,2630964.0,2630964.0,2630964.0,357.0,357.0,357.0,500
Middels_90,MIP_vektet,2038,16,0.0,0.0,0.0,0.0,0.0,0.0,2630964.0,2630964.0,2630964.0,357.0,357.0,357.0,500
Middels_90,MIP_vektet,2038,17,0.0,0.0,0.0,0.0,0.0,0.0,2630964.0,2630964.0,2630964.0,357.0,357.0,357.0,500
Middels_90,MIP_vektet,2038,18,0.0,0.0,0.0,0.0,0.0,0.0,2630964.0,2630964.0,2630964.0,357.0,357.0,357.0,500
Middels_90,MIP_vektet,2038,19,0.0,0.0,0.0,0.0,0.0,0.0,2630964.0,2630964.0,2630964.0,357.0,357.0,357.0,500
Middels_90,MIP_vektet,2038,20,0.0,0.0,0.0,0.0,0.0,0.0,2630964.0,2630964.0,2630964.0,357.0,357.0,357.0,500
Middels_90,MIP_vektet,2038,21,0.0,0.0,0.0,0.0,0.0,0.0,2630964.0,2630964.0,2630964.0,357.0,357.0,357.0,500
Middels_90,MIP_vektet,2038,22,0.0,0.0,0.0,0.0,0.0,0.0,2630964.0,2630964.0,2630964.0,357.0,357.0,357.0,500
Middels_90,MIP_vektet,2038,23,0.0,0.0,0.0,0.0,0.0,0.0,2630964.0,2630964.0,2630964.0,357.0,357.0,357.0,500
Middels_90,MIP_vektet,2038,24,0.0,0.0,0.0,0.0,0.0,0.0,2630964.0,2630964.0,2630964.0,357.0,357.0,357.0,500
Middels_90,MIP_vektet,2038,25,0.0,0.0,0.0,0.0,0.0,0.0,2630964.0,2630964.0,2630964.0,357.0,357.0,357.0,500
Middels_90,MIP_vektet,2038,26,0.0,0.0,0.0,0.0,0.0,0.0,2630964.0,2630964.0,2630964.0,357.0,357.0,357.0,500
Middels_90,MIP_vektet,2038,27,0.0,0.0,0.0,0.0,0.0,0.0,2630964.0,2630964.0,2630964.0,357.0,357.0,357.0,500
Middels_90,MIP_vektet,2038,28,0.0,0.0,0.0,0.0,0.0,0.0,2630964.0,2630964.0,2630964.0,357.0,357.0,357.0,500
Middels_90,MIP_vektet,2038,29,0.0,0.0,0.0,0.0,0.0,0.0,2630964.0,2630964.0,2630964.0,357.0,357.0,357.0,500
Middels_90,MIP_vektet,2038,30,0.0,0.0,0.0,0.0,0.0,0.0,2630964.0,2630964.0,2630964.0,357.0,357.0,357.0,500
Middels_90,MIP_vektet,2038,31,0.0,0.0,0.0,0.0,0.0,0.0,2630964.0,2630964.0,2630964.0,357.0,357.0,357.0,500
Middels_90,MIP_vektet,2038,32,0.0,0.0,0.0,0.0,0.0,0.0,2630964.0,2630964.0,2630964.0,357.0,357.0,357.0,500
Middels_90,MIP_vektet,2038,33,0.0,0.0,0.0,0.0,0.0,0.0,2630964.0,2630964.0,2630964.0,357.0,357.0,357.0,500
Middels_90,MIP_vektet,2038,34,0.0,0.0,0.0,0.0,0.0,0.0,2630964.0,2630964.0,2630964.0,357.0,357.0,357.0,500
Middels_90,MIP_vektet,2038,35,0.0,0.0,0.0,0.0,0.0,0.0,2630964.0,2630964.0,2630964.0,357.0,357.0,357.0,500
Middels_90,MIP_vektet,2038,36,0.0,0.0,0.0,0.0,0.0,0.0,2630964.0,2630964.0,2630964.0,357.0,357.0,357.0,500
Middels_90,MIP_vektet,2038,37,0.0,0.0,0.0,0.0,0.0,0.0,2630964.0,2630964.0,2630964.0,357.0,357.0,357.0,500
Middels_90,MIP_vektet,2038,38,0.0,0.0,0.0,0.0,0.0,0.0,2630964.0,2630964.0,2630964.0,357.0,357.0,357.0,500
Middels_90,MIP_vektet,2038,39,0.0,0.0,0.0,0.0,0.0,0.0,2630964.0,2630964.0,2630964.0,357.0,357.0,357.0,500
Middels_90,MIP_vektet,2038,40,0.0,0.0,0.0,0.0,0.0,0.0,2630964.0,2630964.0,2630964.0,357.0,357.0,357.0,500
Middels_90,MIP_vektet,2038,41,0.0,0.0,0.0,0.0,0.0,0.0,2630964.0,2630964.0,2630964.0,357.0,357.0,357.0,500
Middels_90,MIP_vektet,2038,42,0.0,0.0,0.0,0.0,0.0,0.0,2630964.0,2630964.0,2630964.0,357.0,357.0,357.0,500
Middels_90,MIP_vektet,2038,43,0.0,0.0,0.0,0.0,0.0,0.0,2630964.0,2630964.0,2630964.0,357.0,357.0,357.0,500
Middels_90,MIP_vektet,2038,44,0.0,0.0,0.0,0.0,0.0,0.0,2630964.0,2630964.0,2630964.0,357.0,357.0,357.0,500
Middels_90,MIP_vektet,2038,45,0.0,0.0,0.0,0.0,0.0,0.0,2630964.0,2630964.0,2630964.0,357.0,357.0,357.0,500
Middels_90,MIP_vektet,2038,46,0.0,0.0,0.0,0.0,0.0,0.0,2630964.0,2630964.0,2630964.0,357.0,357.0,357.0,500
Middels_90,MIP_vektet,2038,47,0.0,0.0,0.0,0.0,0.0,0.0,2630964.0,2630964.0,2630964.0,357.0,357.0,357.0,500
Middels_90,MIP_vektet,2038,48,0.0,0.0,0.0,0.0,0.0,0.0,2630964.0,2630964.0,2630964.0,357.0,357.0,357.0,500
Middels_90,MIP_vektet,2038,49,0.0,0.0,0.0,0.0,0.0,0.0,2630964.0,2630964.0,2630964.0,357.0,357.0,357.0,500
Middels_90,MIP_vektet,2038,50,0.0,0.0,0.0,0.0,0.0,0.0,2630964.0,2630964.0,2630964.0,357.0,357.0,357.0,500
Middels_90,MIP_vektet,2038,51,0.0,0.0,0.0,0.0,0.0,0.0,2630964.0,2630964.0,2630964.0,357.0,357.0,357.0,500
Middels_90,MIP_vektet,2038,52,0.0,0.0,0.0,0.0,0.0,0.0,2630964.0,2630964.0,2630964.0,357.0,357.0,357.0,500
Middels_90,MIP_vektet,2039,1,0.0,0.0,0.0,0.0,0.0,0.0,2630964.0,2630964.0,2630964.0,357.0,357.0,357.0,500
Middels_90,MIP_vektet,2039,2,0.0,0.0,0.0,0.0,0.0,0.0,2630964.0,2630964.0,2630964.0,357.0,357.0,357.0,500
Middels_90,MIP_vektet,2039,3,0.0,0.0,0.0,0.0,0.0,0.0,2630964.0,2630964.0,2630964.0,357.0,357.0,357.0,500
Middels_90,MIP_vektet,2039,4,0.0,0.0,0.0,0.0,0.0,0.0,2630964.0,2630964.0,2630964.0,357.0,357.0,357.0,500
Middels_90,MIP_vektet,2039,5,0.0,0.0,0.0,0.0,0.0,0.0,2630964.0,2630964.0,2630964.0,357.0,357.0,357.0,500
Middels_90,MIP_vektet,2039,6,0.0,0.0,0.0,0.0,0.0,0.0,2630964.0,2630964.0,2630964.0,357.0,357.0,357.0,500
Middels_90,MIP_vektet,2039,7,0.0,0.0,0.0,0.0,0.0,0.0,2630964.0,2630964.0,2630964.0,357.0,357.0,357.0,500
Middels_90,MIP_vektet,2039,8,0.0,0.0,0.0,0.0,0.0,0.0,2630964.0,2630964.0,2630964.0,357.0,357.0,357.0,500
Middels_90,MIP_vektet,2039,9,0.0,0.0,0.0,0.0,0.0,0.0,2630964.0,2630964.0,2630964.0,357.0,357.0,357.0,500
Middels_90,MIP_vektet,2039,10,0.0,0.0,0.0,0.0,0.0,0.0,2630964.0,2630964.0,2630964.0,357.0,357.0,357.0,500
Middels_90,MIP_vektet,2039,11,0.0,0.0,0.0,0.0,0.0,0.0,2630964.0,2630964.0,2630964.0,357.0,357.0,357.0,500
Middels_90,MIP_vektet,2039,12,0.0,0.0,0.0,0.0,0.0,0.0,2630964.0,2630964.0,2630964.0,357.0,357.0,357.0,500
Samferdsel_96,MIP_vektet,2026,18,57.0,61.0,62.0,267409.6,278637.5,281196.15,1712.85,4271.5,15499.4,0.0,1.0,5.0,500
Samferdsel_96,MIP_vektet,2026,19,39.0,54.0,59.0,189910.6,257279.5,272630.95,10278.05,25629.5,92998.4,3.0,8.0,23.0,500
Samferdsel_96,MIP_vektet,2026,20,26.0,52.0,58.0,119592.05,247299.5,282942.25,18843.2,46987.5,170496.44999999998,5.0,12.0,37.0,500
Samferdsel_96,MIP_vektet,2026,21,16.0,51.0,60.0,92344.55,274148.0,327419.3,27409.35,68345.5,247994.5,8.0,16.0,51.0,500
Samferdsel_96,MIP_vektet,2026,22,5.0,49.0,61.0,53265.0,291723.5,361190.55,35974.5,89703.5,325493.5,10.0,22.0,65.0,500
Samferdsel_96,MIP_vektet,2026,23,2.0,47.0,64.0,23398.800000000007,316688.5,399378.99999999994,44539.7,111062.0,399868.65,11.0,27.0,72.0,500
Samferdsel_96,MIP_vektet,2026,24,1.0,48.5,67.04999999999995,4317.700000000004,350701.0,449371.64999999997,53104.9,132419.5,469848.65,12.0,31.0,77.0,500
Samferdsel_96,MIP_vektet,2026,25,0.0,50.0,70.0,0.0,380055.5,494951.64999999997,61670.05,153777.5,532806.2499999999,15.0,35.0,83.0,500
Samferdsel_96,MIP_vektet,2026,26,0.0,51.0,73.0,0.0,414814.5,545641.3,70235.25,175135.5,589379.5,17.0,38.0,89.0,500
Samferdsel_96,MIP_vektet,2026,27,0.0,52.0,76.0,0.0,449856.5,596929.6499999999,78800.4,196493.5,651000.0,19.0,44.0,94.0,500
Samferdsel_96,MIP_vektet,2026,28,0.0,55.0,81.0,0.0,493751.5,655207.7999999999,87365.6,217851.5,715605.6,21.0,45.0,101.0,500
Samferdsel_96,MIP_vektet,2026,29,1.0,59.0,85.04999999999995,903.3500000000008,539045.5,710066.2499999999,95930.8,239209.5,781509.5499999999,24.0,50.0,108.0,500
Samferdsel_96,MIP_vektet,2026,30,1.0,63.5,92.0,4222.1,587924.0,766812.0999999999,104495.95,260567.5,851986.25,26.0,54.0,116.0,500
Samferdsel_96,MIP_vektet,2026,31,1.0,68.0,100.0,4868.950000000001,641472.0,830452.2499999999,113062.1,281925.5,923370.5,28.0,60.5,125.0,500
Samferdsel_96,MIP_vektet,2026,32,1.0,74.0,108.0,1928.5500000000006,691306.0,894249.7,121627.25,303283.5,996259.15,30.0,63.5,135.0,500
Samferdsel_96,MIP_vektet,2026,33,2.0,81.0,116.0,9929.100000000002,745522.5,957688.0,130192.45,324641.5,1067150.25,31.0,65.0,144.0,500
Samferdsel_96,MIP_vektet,2026,34,2.0,89.0,125.0,10288.750000000004,791249.5,1018269.8999999999,138757.65,345999.5,1138719.9,32.0,67.0,154.04999999999995,500
Samferdsel_96,MIP_vektet,2026,35,2.0,97.0,134.0,9460.650000000003,839429.0,1084777.0999999999,147322.8,367357.5,1214718.75,33.95,68.5,165.0,500
Samferdsel_96,MIP_vektet,2026,36,2.950000000000003,107.0,145.0,7166.600000000003,887996.0,1144164.3499999999,155888.0,388715.5,1282169.45,35.0,70.0,177.0,500
Samferdsel_96,MIP_vektet,2026,37,3.0,118.0,158.0,11384.8,940148.5,1220353.0999999999,164453.15,410073.0,1353781.8499999999,37.0,72.0,190.0,500
Samferdsel_96,MIP_vektet,2026,38,5.0,129.0,172.04999999999995,23669.250000000004,1005050.0,1293220.5,173018.35,431431.5,1425562.5499999998,38.0,75.0,203.0999999999999,500
Samferdsel_96,MIP_vektet,2026,39,3.0,140.0,181.04999999999995,21041.300000000003,1059753.5,1350089.0999999999,181583.55,452789.5,1501491.3499999999,39.95,76.0,217.0,500
Samferdsel_96,MIP_vektet,2026,40,2.0,147.5,188.04999999999995,9991.60000000001,1099614.5,1403108.2,190148.7,474147.5,1572438.05,41.0,78.0,227.0,500
Samferdsel_96,MIP_vektet,2026,41,1.0,154.5,196.04999999999995,2298.8000000000025,1139519.5,1452336.7,198714.85,495505.5,1638437.35,44.0,80.0,236.04999999999995,500
Samferdsel_96,MIP_vektet,2026,42,1.0,163.0,204.0,4236.950000000003,1194187.5,1509835.3499999999,207280.0,516863.5,1701339.3,44.0,82.0,245.0,500
Samferdsel_96,MIP_vektet,2026,43,2.0,171.0,211.04999999999995,11744.800000000001,1253131.0,1570455.7499999998,215845.2,538221.5,1779578.6,45.0,84.0,252.04999999999995,500
Samferdsel_96,MIP_vektet,2026,44,2.950000000000003,177.0,219.0,21338.700000000008,1302124.0,1639191.15,224410.4,559579.0,1854261.7999999998,47.0,86.5,261.0,500
Samferdsel_96,MIP_vektet,2026,45,2.0,184.5,226.0,19269.4,1348783.0,1704593.75,232975.55,580937.0,1928879.3,48.0,88.5,271.04999999999995,500
Samferdsel_96,MIP_vektet,2026,46,1.0,192.0,232.0,3699.3500000000004,1383157.5,1754088.25,241540.75,602295.5,1997713.8,50.95,90.0,282.0,500
Samferdsel_96,MIP_vektet,2026,47,0.0,195.0,237.0,0.0,1409702.5,1781023.8,250105.9,623653.5,2047597.5999999999,51.0,92.0,290.0,500
Samferdsel_96,MIP_vektet,2026,48,0.0,195.0,237.0,0.0,1405226.5,1797238.85,258671.1,645011.5,2067426.7999999998,53.95,94.0,294.0,500
Samferdsel_96,MIP_vektet,2026,49,0.0,197.0,239.04999999999995,0.0,1412891.5,1823088.8,267236.3,666369.5,2098634.0,55.0,96.0,296.0,500
Samferdsel_96,MIP_vektet,2026,50,0.0,200.0,242.04999999999995,0.0,1428436.0,1848784.5999999999,275802.4,687727.0,2128110.2,56.95,98.0,301.0,500
Samferdsel_96,MIP_vektet,2026,51,0.0,203.0,245.0,0.0,1440532.5,1874658.7999999998,284367.6,709085.0,2169036.5,62.0,100.0,305.04999999999995,500
Samferdsel_96,MIP_vektet,2026,52,0.0,204.5,247.0,0.0,1446871.0,1891720.25,292932.75,730443.0,2191809.5,62.0,103.0,309.0,500
Samferdsel_96,MIP_vektet,2026,53,0.0,203.0,247.04999999999995,0.0,1431946.0,1887397.15,301497.95,751801.5,2199251.8,63.0,105.0,311.0,500
Samferdsel_96,MIP_vektet,2027,1,0.0,205.5,251.0,0.0,1457289.5,1924042.45,310063.15,773159.5,2235012.1999999997,64.0,106.5,314.0,500
Samferdsel_96,MIP_vektet,2027,2,2.0,213.0,258.0,9385.35,1512233.5,1992078.0999999999,318628.3,794517.5,2303126.95,65.0,109.0,320.0,500
Samferdsel_96,MIP_vektet,2027,3,0.0,215.0,264.0,0.0,1556201.0,2044858.1,327193.5,815875.5,2376132.05,65.0,111.5,328.0,500
Samferdsel_96,MIP_vektet,2027,4,0.0,219.0,268.0,0.0,1584618.0,2071325.75,335758.65,837233.0,2426268.15,66.0,113.5,335.0,500
Samferdsel_96,MIP_vektet,2027,5,0.0,220.5,270.04999999999995,0.0,1581546.0,2092846.85,344323.85,858591.0,2450162.3,66.95,116.5,338.0,500
Samferdsel_96,MIP_vektet,2027,6,0.0,219.5,271.0,0.0,1565283.5,2093305.05,352889.05,879949.0,2456754.05,67.0,119.0,339.0,500
Samferdsel_96,MIP_vektet,2027,7,0.0,217.5,271.0,0.0,1544482.5,2086627.7999999998,361455.15,901307.5,2459117.65,68.0,122.0,339.04999999999995,500
Samferdsel_96,MIP_vektet,2027,8,0.0,214.0,270.0,0.0,1526800.5,2080803.15,370020.35,922665.5,2460285.55,69.0,124.0,340.0,500
Samferdsel_96,MIP_vektet,2027,9,0.0,212.5,271.0,0.0,1520149.5,2083021.85,378585.5,944023.5,2477297.85,70.0,127.0,341.0,500
Samferdsel_96,MIP_vektet,2027,10,0.0,211.0,272.0,0.0,1523454.5,2101596.65,387150.7,965381.0,2500336.4,70.0,131.0,343.0,500
Samferdsel_96,MIP_vektet,2027,11,0.0,210.0,273.0,0.0,1516714.5,2098520.0,395715.9,986739.0,2510215.85,71.0,134.0,344.0,500
Samferdsel_96,MIP_vektet,2027,12,0.0,207.0,273.0,0.0,1497226.0,2095353.9999999998,404281.05,1008097.0,2511100.9,71.95,137.0,345.0,500
Samferdsel_96,MIP_vektet,2027,13,0.0,205.0,273.0,0.0,1475923.5,2086530.8499999999,412846.25,1029455.0,2513249.9,72.95,139.5,345.0,500
Samferdsel_96,MIP_vektet,2027,14,0.0,202.0,272.0,0.0,1461770.5,2096620.8,421411.4,1050813.0,2526674.85,73.0,142.0,345.0,500
Samferdsel_96,MIP_vektet,2027,15,0.0,200.5,273.0,0.0,1452458.5,2097391.6999999997,429976.6,1072171.5,2542878.2,74.0,145.0,347.0,500
Samferdsel_96,MIP_vektet,2027,16,0.0,198.5,273.0,0.0,1442731.0,2100189.55,438541.8,1093529.5,2549652.15,75.0,148.5,348.0,500
Samferdsel_96,MIP_vektet,2027,17,0.0,197.5,273.04999999999995,0.0,1435352.5,2102325.05,447107.9,1114887.0,2558976.1,75.95,151.5,349.0,500
Samferdsel_96,MIP_vektet,2027,18,0.0,195.0,274.0,0.0,1419397.5,2106859.1,455673.1,1136245.0,2573225.95,76.95,155.0,351.0,500
Samferdsel_96,MIP_vektet,2027,19,0.0,193.5,275.04999999999995,0.0,1413847.5,2116045.85,464238.25,1157603.0,2590957.0,77.0,157.5,352.04999999999995,500
Samferdsel_96,MIP_vektet,2027,20,0.0,193.0,276.04999999999995,0.0,1407466.0,2116240.4,472803.45,1178961.0,2603017.0,78.0,159.5,356.0,500
Samferdsel_96,MIP_vektet,2027,21,0.0,191.0,277.0,0.0,1395921.0,2113004.9,481368.65,1200319.0,2603017.0,78.0,161.5,356.0,500
Samferdsel_96,MIP_vektet,2027,22,0.0,190.0,277.0,0.0,1385818.5,2112180.05,489933.8,1221677.5,2629553.25,79.0,165.0,356.04999999999995,500
Samferdsel_96,MIP_vektet,2027,23,0.0,187.0,276.04999999999995,0.0,1381382.0,2115130.5,498499.0,1243035.0,2630964.0,80.0,167.5,357.0,500
Samferdsel_96,MIP_vektet,2027,24,0.0,184.0,276.0,0.0,1366571.0,2120151.15,507064.15,1264393.0,2630964.0,80.0,171.5,357.0,500
Samferdsel_96,MIP_vektet,2027,25,0.0,180.0,275.04999999999995,0.0,1345213.0,2115334.65,515629.35,1285751.0,2630964.0,81.0,175.0,357.0,500
Samferdsel_96,MIP_vektet,2027,26,0.0,177.0,275.0,0.0,1323855.0,2106768.5,524195.5,1307109.0,2630964.0,82.0,179.5,357.0,500
Samferdsel_96,MIP_vektet,2027,27,0.0,173.5,273.04999999999995,0.0,1302497.0,2098203.35,532760.65,1328467.0,2630964.0,83.95,183.5,357.0,500
Samferdsel_96,MIP_vektet,2027,28,0.0,170.0,273.0,0.0,1281139.0,2089638.15,541325.85,1349825.0,2630964.0,84.0,187.0,357.0,500
Samferdsel_96,MIP_vektet,2027,29,0.0,164.0,271.04999999999995,0.0,1259780.5,2081073.0,549891.0,1371183.5,2630964.0,85.95,193.0,357.0,500
Samferdsel_96,MIP_vektet,2027,30,0.0,161.0,271.0,0.0,1238423.0,2072507.8,558456.2,1392541.0,2630964.0,86.0,196.0,357.0,500
Samferdsel_96,MIP_vektet,2027,31,0.0,158.5,270.04999999999995,0.0,1217065.0,2063942.5999999999,567021.4,1413899.0,2630964.0,86.95,198.5,357.0,500
Samferdsel_96,MIP_vektet,2027,32,0.0,155.0,269.04999999999995,0.0,1195707.0,2055377.45,575586.55,1435257.0,2630964.0,87.95,202.0,357.0,500
Samferdsel_96,MIP_vektet,2027,33,0.0,152.0,269.0,0.0,1174349.0,2046812.25,584151.75,1456615.0,2630964.0,88.0,205.0,357.0,500
Samferdsel_96,MIP_vektet,2027,34,0.0,148.0,268.0,0.0,1152991.0,2038247.0999999999,592716.9,1477973.0,2630964.0,89.0,209.0,357.0,500
Samferdsel_96,MIP_vektet,2027,35,0.0,145.0,267.0,0.0,1131633.0,2029681.9,601282.1,1499331.0,2630964.0,90.0,212.0,357.0,500
Samferdsel_96,MIP_vektet,2027,36,0.0,140.5,267.0,0.0,1110275.5,2021115.75,609848.25,1520688.5,2630964.0,90.0,216.5,357.0,500
Samferdsel_96,MIP_vektet,2027,37,0.0,136.5,266.0,0.0,1088917.0,2012550.5999999999,618413.4,1542047.0,2630964.0,91.0,220.5,357.0,500
Samferdsel_96,MIP_vektet,2027,38,0.0,134.0,265.0,0.0,1067559.0,2003985.4,626978.6,1563405.0,2630964.0,92.0,223.0,357.0,500
Samferdsel_96,MIP_vektet,2027,39,0.0,129.0,264.0,0.0,1046201.0,1995420.25,635543.75,1584763.0,2630964.0,93.0,228.0,357.0,500
Samferdsel_96,MIP_vektet,2027,40,0.0,127.0,263.0,0.0,1024843.0,1986855.05,644108.95,1606121.0,2630964.0,94.0,230.0,357.0,500
Samferdsel_96,MIP_vektet,2027,41,0.0,122.5,262.04999999999995,0.0,1003485.0,1978289.8499999999,652674.15,1627479.0,2630964.0,94.95,234.5,357.0,500
Samferdsel_96,MIP_vektet,2027,42,0.0,120.0,262.0,0.0,982127.0,1969724.7,661239.3,1648837.0,2630964.0,95.0,237.0,357.0,500
Samferdsel_96,MIP_vektet,2027,43,0.0,118.0,261.0,0.0,960769.5,1961159.5,669804.5,1670194.5,2630964.0,96.0,239.0,357.0,500
Samferdsel_96,MIP_vektet,2027,44,0.0,115.5,260.0,0.0,939411.0,1952594.3499999999,678369.65,1691553.0,2630964.0,97.0,241.5,357.0,500
Samferdsel_96,MIP_vektet,2027,45,0.0,112.5,259.0,0.0,918053.0,1944029.15,686934.85,1712911.0,2630964.0,98.0,244.5,357.0,500
Samferdsel_96,MIP_vektet,2027,46,0.0,108.5,258.04999999999995,0.0,896695.0,1935463.0,695501.0,1734269.0,2630964.0,98.95,248.5,357.0,500
Samferdsel_96,MIP_vektet,2027,47,0.0,106.5,258.0,0.0,875337.0,1926897.8499999999,704066.15,1755627.0,2630964.0,99.0,250.5,357.0,500
Samferdsel_96,MIP_vektet,2027,48,0.0,104.0,256.04999999999995,0.0,853979.0,1918332.65,712631.35,1776985.0,2630964.0,100.95,253.0,357.0,500
Samferdsel_96,MIP_vektet,2027,49,0.0,100.0,256.0,0.0,832621.0,1909767.5,721196.5,1798343.0,2630964.0,101.0,257.0,357.0,500
Samferdsel_96,MIP_vektet,2027,50,0.0,97.0,255.0,0.0,811263.5,1901202.3,729761.7,1819700.5,2630964.0,102.0,260.0,357.0,500
Samferdsel_96,MIP_vektet,2027,51,0.0,94.5,254.0,0.0,789905.5,1892637.0999999999,738326.9,1841058.5,2630964.0,103.0,262.5,357.0,500
Samferdsel_96,MIP_vektet,2027,52,0.0,93.0,253.0,0.0,768547.0,1884071.95,746892.05,1862417.0,2630964.0,104.0,264.0,357.0,500
Samferdsel_96,MIP_vektet,2028,1,0.0,90.0,251.0,0.0,747189.0,1875506.75,755457.25,1883775.0,2630964.0,106.0,267.0,357.0,500
Samferdsel_96,MIP_vektet,2028,2,0.0,88.0,250.0,0.0,725831.0,1866941.5999999999,764022.4,1905133.0,2630964.0,107.0,269.0,357.0,500
Samferdsel_96,MIP_vektet,2028,3,0.0,86.0,249.0,0.0,704473.0,1858376.4,772587.6,1926491.0,2630964.0,108.0,271.0,357.0,500
Samferdsel_96,MIP_vektet,2028,4,0.0,84.0,248.0,0.0,683115.5,1849810.25,781153.75,1947848.5,2630964.0,109.0,273.0,357.0,500
Samferdsel_96,MIP_vektet,2028,5,0.0,79.0,246.0,0.0,661757.5,1841245.0999999999,789718.9,1969206.5,2630964.0,111.0,278.0,357.0,500
Samferdsel_96,MIP_vektet,2028,6,0.0,78.0,245.0,0.0,640399.5,1832679.9,798284.1,1990564.5,2630964.0,112.0,279.0,357.0,500
Samferdsel_96,MIP_vektet,2028,7,0.0,74.5,244.0,0.0,619041.0,1824114.75,806849.25,2011923.0,2630964.0,113.0,282.5,357.0,500
Samferdsel_96,MIP_vektet,2028,8,0.0,72.5,243.04999999999995,0.0,597683.0,1815549.5499999998,815414.45,2033281.0,2630964.0,113.95,284.5,357.0,500
Samferdsel_96,MIP_vektet,2028,9,0.0,69.0,242.0,0.0,576325.0,1806984.3499999999,823979.65,2054639.0,2630964.0,115.0,288.0,357.0,500
Samferdsel_96,MIP_vektet,2028,10,0.0,64.5,241.04999999999995,0.0,554967.0,1798419.2,832544.8,2075997.0,2630964.0,115.95,292.5,357.0,500
Samferdsel_96,MIP_vektet,2028,11,0.0,61.0,240.0,0.0,533609.5,1789854.0,841110.0,2097354.5,2630964.0,117.0,296.0,357.0,500
Samferdsel_96,MIP_vektet,2028,12,0.0,58.0,240.0,0.0,512251.5,1781288.8499999999,849675.15,2118712.5,2630964.0,117.0,299.0,357.0,500
Samferdsel_96,MIP_vektet,2028,13,0.0,55.0,239.0,0.0,490893.5,1772722.7,858241.3,2140070.5,2630964.0,118.0,302.0,357.0,500
Samferdsel_96,MIP_vektet,2028,14,0.0,52.0,237.04999999999995,0.0,469535.0,1764157.5,866806.5,2161429.0,2630964.0,119.95,305.0,357.0,500
Samferdsel_96,MIP_vektet,2028,15,0.0,50.0,236.04999999999995,0.0,448177.0,1755592.3499999999,875371.65,2182787.0,2630964.0,120.95,307.0,357.0,500
Samferdsel_96,MIP_vektet,2028,16,0.0,45.5,235.04999999999995,0.0,426819.0,1747027.15,883936.85,2204145.0,2630964.0,121.95,311.5,357.0,500
Samferdsel_96,MIP_vektet,2028,17,0.0,44.0,235.0,0.0,405461.5,1738462.0,892502.0,2225502.5,2630964.0,122.0,313.0,357.0,500
Samferdsel_96,MIP_vektet,2028,18,0.0,42.5,232.04999999999995,0.0,384103.5,1729896.7999999998,901067.2,2246860.5,2630964.0,124.95,314.5,357.0,500
Samferdsel_96,MIP_vektet,2028,19,0.0,40.5,232.0,0.0,362745.5,1721331.5999999999,909632.4,2268218.5,2630964.0,125.0,316.5,357.0,500
Samferdsel_96,MIP_vektet,2028,20,0.0,38.5,231.0,0.0,341387.5,1712766.45,918197.55,2289576.5,2630964.0,126.0,318.5,357.0,500
Samferdsel_96,MIP_vektet,2028,21,0.0,36.0,231.0,0.0,320029.5,1704201.25,926762.75,2310934.5,2630964.0,126.0,321.0,357.0,500
Samferdsel_96,MIP_vektet,2028,22,0.0,34.0,229.04999999999995,0.0,298671.0,1695636.0999999999,935327.9,2332293.0,2630964.0,127.95,323.0,357.0,500
Samferdsel_96,MIP_vektet,2028,23,0.0,31.5,229.04999999999995,0.0,277313.0,1687069.95,943894.05,2353651.0,2630964.0,127.95,325.5,357.0,500
Samferdsel_96,MIP_vektet,2028,24,0.0,29.5,228.04999999999995,0.0,255955.5,1678504.75,952459.25,2375008.5,2630964.0,128.95,327.5,357.0,500
Samferdsel_96,MIP_vektet,2028,25,0.0,26.0,227.0,0.0,234597.5,1669939.5999999999,961024.4,2396366.5,2630964.0,130.0,331.0,357.0,500
Samferdsel_96,MIP_vektet,2028,26,0.0,23.0,226.0,0.0,213239.5,1661374.4,969589.6,2417724.5,2630964.0,131.0,334.0,357.0,500
Samferdsel_96,MIP_vektet,2028,27,0.0,20.0,223.0999999999999,0.0,191881.5,1652809.25,978154.75,2439082.5,2630964.0,133.9,337.0,357.0,500
Samferdsel_96,MIP_vektet,2028,28,0.0,18.0,222.0999999999999,0.0,170523.5,1644244.0499999998,986719.95,2460440.5,2630964.0,134.9,339.0,357.0,500
Samferdsel_96,MIP_vektet,2028,29,0.0,16.5,221.0999999999999,0.0,149165.0,1635678.8499999999,995285.15,2481799.0,2630964.0,135.9,340.5,357.0,500
Samferdsel_96,MIP_vektet,2028,30,0.0,13.5,220.04999999999995,0.0,127807.5,1627113.7,1003850.3,2503156.5,2630964.0,136.95,343.5,357.0,500
Samferdsel_96,MIP_vektet,2028,31,0.0,11.0,219.0,0.0,106449.5,1618548.5,1012415.5,2524514.5,2630964.0,138.0,346.0,357.0,500
Samferdsel_96,MIP_vektet,2028,32,0.0,8.5,217.04999999999995,0.0,85091.5,1609983.3499999999,1020980.65,2545872.5,2630964.0,139.95,348.5,357.0,500
Samferdsel_96,MIP_vektet,2028,33,0.0,7.0,216.04999999999995,0.0,63733.5,1601417.2,1029546.8,2567230.5,2630964.0,140.95,350.0,357.0,500
Samferdsel_96,MIP_vektet,2028,34,0.0,3.5,216.0,0.0,42375.5,1592852.0,1038112.0,2588588.5,2630964.0,141.0,353.5,357.0,500
Samferdsel_96,MIP_vektet,2028,35,0.0,1.5,216.0,0.0,21017.5,1584286.8499999999,1046677.15,2609946.5,2630964.0,141.0,355.5,357.0,500
Samferdsel_96,MIP_vektet,2028,36,0.0,0.5,214.04999999999995,0.0,208.0,1575721.65,1055242.35,2630756.0,2630964.0,142.95,356.5,357.0,500
Samferdsel_96,MIP_vektet,2028,37,0.0,0.0,213.04999999999995,0.0,0.0,1567156.5,1063807.5,2630964.0,2630964.0,143.95,357.0,357.0,500
Samferdsel_96,MIP_vektet,2028,38,0.0,0.0,212.04999999999995,0.0,0.0,1558591.2999999998,1072372.7,2630964.0,2630964.0,144.95,357.0,357.0,500
Samferdsel_96,MIP_vektet,2028,39,0.0,0.0,212.0,0.0,0.0,1550026.0999999999,1080937.9,2630964.0,2630964.0,145.0,357.0,357.0,500
Samferdsel_96,MIP_vektet,2028,40,0.0,0.0,211.04999999999995,0.0,0.0,1541460.95,1089503.05,2630964.0,2630964.0,145.95,357.0,357.0,500
Samferdsel_96,MIP_vektet,2028,41,0.0,0.0,210.04999999999995,0.0,0.0,1532895.75,1098068.25,2630964.0,2630964.0,146.95,357.0,357.0,500
Samferdsel_96,MIP_vektet,2028,42,0.0,0.0,209.0,0.0,0.0,1524329.65,1106634.35,2630964.0,2630964.0,148.0,357.0,357.0,500
Samferdsel_96,MIP_vektet,2028,43,0.0,0.0,206.0999999999999,0.0,0.0,1515764.45,1115199.55,2630964.0,2630964.0,150.9,357.0,357.0,500
Samferdsel_96,MIP_vektet,2028,44,0.0,0.0,206.04999999999995,0.0,0.0,1507199.25,1123764.75,2630964.0,2630964.0,150.95,357.0,357.0,500
Samferdsel_96,MIP_vektet,2028,45,0.0,0.0,205.0,0.0,0.0,1498634.0999999999,1132329.9,2630964.0,2630964.0,152.0,357.0,357.0,500
Samferdsel_96,MIP_vektet,2028,46,0.0,0.0,203.04999999999995,0.0,0.0,1490068.9,1140895.1,2630964.0,2630964.0,153.95,357.0,357.0,500
Samferdsel_96,MIP_vektet,2028,47,0.0,0.0,202.0,0.0,0.0,1481503.75,1149460.25,2630964.0,2630964.0,155.0,357.0,357.0,500
Samferdsel_96,MIP_vektet,2028,48,0.0,0.0,200.0,0.0,0.0,1472938.5499999998,1158025.45,2630964.0,2630964.0,157.0,357.0,357.0,500
Samferdsel_96,MIP_vektet,2028,49,0.0,0.0,199.04999999999995,0.0,0.0,1464373.3499999999,1166590.65,2630964.0,2630964.0,157.95,357.0,357.0,500
Samferdsel_96,MIP_vektet,2028,50,0.0,0.0,197.0999999999999,0.0,0.0,1455808.2,1175155.8,2630964.0,2630964.0,159.9,357.0,357.0,500
Samferdsel_96,MIP_vektet,2028,51,0.0,0.0,195.0999999999999,0.0,0.0,1447243.0,1183721.0,2630964.0,2630964.0,161.9,357.0,357.0,500
Samferdsel_96,MIP_vektet,2028,52,0.0,0.0,194.04999999999995,0.0,0.0,1438676.9,1192287.1,2630964.0,2630964.0,162.95,357.0,357.0,500
Samferdsel_96,MIP_vektet,2029,1,0.0,0.0,193.04999999999995,0.0,0.0,1430111.7,1200852.3,2630964.0,2630964.0,163.95,357.0,357.0,500
Samferdsel_96,MIP_vektet,2029,2,0.0,0.0,193.04999999999995,0.0,0.0,1421546.5,1209417.5,2630964.0,2630964.0,163.95,357.0,357.0,500
Samferdsel_96,MIP_vektet,2029,3,0.0,0.0,191.04999999999995,0.0,0.0,1412981.3499999999,1217982.65,2630964.0,2630964.0,165.95,357.0,357.0,500
Samferdsel_96,MIP_vektet,2029,4,0.0,0.0,190.0,0.0,0.0,1404416.15,1226547.85,2630964.0,2630964.0,167.0,357.0,357.0,500
Samferdsel_96,MIP_vektet,2029,5,0.0,0.0,188.0999999999999,0.0,0.0,1395851.0,1235113.0,2630964.0,2630964.0,168.9,357.0,357.0,500
Samferdsel_96,MIP_vektet,2029,6,0.0,0.0,187.0999999999999,0.0,0.0,1387285.7999999998,1243678.2,2630964.0,2630964.0,169.9,357.0,357.0,500
Samferdsel_96,MIP_vektet,2029,7,0.0,0.0,186.0999999999999,0.0,0.0,1378720.5999999999,1252243.4,2630964.0,2630964.0,170.9,357.0,357.0,500
Samferdsel_96,MIP_vektet,2029,8,0.0,0.0,184.0999999999999,0.0,0.0,1370155.45,1260808.55,2630964.0,2630964.0,172.9,357.0,357.0,500
Samferdsel_96,MIP_vektet,2029,9,0.0,0.0,183.0,0.0,0.0,1361590.25,1269373.75,2630964.0,2630964.0,174.0,357.0,357.0,500
Samferdsel_96,MIP_vektet,2029,10,0.0,0.0,181.0,0.0,0.0,1353024.15,1277939.85,2630964.0,2630964.0,176.0,357.0,357.0,500
Samferdsel_96,MIP_vektet,2029,11,0.0,0.0,179.04999999999995,0.0,0.0,1344458.95,1286505.05,2630964.0,2630964.0,177.95,357.0,357.0,500
Samferdsel_96,MIP_vektet,2029,12,0.0,0.0,178.0,0.0,0.0,1335893.75,1295070.25,2630964.0,2630964.0,179.0,357.0,357.0,500
Samferdsel_96,MIP_vektet,2029,13,0.0,0.0,177.0,0.0,0.0,1327328.5999999999,1303635.4,2630964.0,2630964.0,180.0,357.0,357.0,500
Samferdsel_96,MIP_vektet,2029,14,0.0,0.0,174.0999999999999,0.0,0.0,1318763.4,1312200.6,2630964.0,2630964.0,182.9,357.0,357.0,500
Samferdsel_96,MIP_vektet,2029,15,0.0,0.0,174.04999999999995,0.0,0.0,1310198.25,1320765.75,2630964.0,2630964.0,182.95,357.0,357.0,500
Samferdsel_96,MIP_vektet,2029,16,0.0,0.0,173.04999999999995,0.0,0.0,1301633.0499999998,1329330.95,2630964.0,2630964.0,183.95,357.0,357.0,500
Samferdsel_96,MIP_vektet,2029,17,0.0,0.0,171.0,0.0,0.0,1293067.8499999999,1337896.15,2630964.0,2630964.0,186.0,357.0,357.0,500
Samferdsel_96,MIP_vektet,2029,18,0.0,0.0,168.04999999999995,0.0,0.0,1284502.7,1346461.3,2630964.0,2630964.0,188.95,357.0,357.0,500
Samferdsel_96,MIP_vektet,2029,19,0.0,0.0,168.04999999999995,0.0,0.0,1275936.5499999998,1355027.45,2630964.0,2630964.0,188.95,357.0,357.0,500
Samferdsel_96,MIP_vektet,2029,20,0.0,0.0,166.0,0.0,0.0,1267371.4,1363592.6,2630964.0,2630964.0,191.0,357.0,357.0,500
Samferdsel_96,MIP_vektet,2029,21,0.0,0.0,164.0999999999999,0.0,0.0,1258806.2,1372157.8,2630964.0,2630964.0,192.9,357.0,357.0,500
Samferdsel_96,MIP_vektet,2029,22,0.0,0.0,162.0999999999999,0.0,0.0,1250240.9999999998,1380723.0,2630964.0,2630964.0,194.9,357.0,357.0,500
Samferdsel_96,MIP_vektet,2029,23,0.0,0.0,162.0,0.0,0.0,1241675.8499999999,1389288.15,2630964.0,2630964.0,195.0,357.0,357.0,500
Samferdsel_96,MIP_vektet,2029,24,0.0,0.0,161.0,0.0,0.0,1233110.65,1397853.35,2630964.0,2630964.0,196.0,357.0,357.0,500
Samferdsel_96,MIP_vektet,2029,25,0.0,0.0,159.04999999999995,0.0,0.0,1224545.4999999998,1406418.5,2630964.0,2630964.0,197.95,357.0,357.0,500
Samferdsel_96,MIP_vektet,2029,26,0.0,0.0,158.04999999999995,0.0,0.0,1215980.2999999998,1414983.7,2630964.0,2630964.0,198.95,357.0,357.0,500
Samferdsel_96,MIP_vektet,2029,27,0.0,0.0,155.0999999999999,0.0,0.0,1207415.0999999999,1423548.9,2630964.0,2630964.0,201.9,357.0,357.0,500
Samferdsel_96,MIP_vektet,2029,28,0.0,0.0,154.04999999999995,0.0,0.0,1198849.95,1432114.05,2630964.0,2630964.0,202.95,357.0,357.0,500
Samferdsel_96,MIP_vektet,2029,29,0.0,0.0,152.04999999999995,0.0,0.0,1190283.7999999998,1440680.2,2630964.0,2630964.0,204.95,357.0,357.0,500
Samferdsel_96,MIP_vektet,2029,30,0.0,0.0,150.0999999999999,0.0,0.0,1181718.65,1449245.35,2630964.0,2630964.0,206.9,357.0,357.0,500
Samferdsel_96,MIP_vektet,2029,31,0.0,0.0,149.0999999999999,0.0,0.0,1173153.45,1457810.55,2630964.0,2630964.0,207.9,357.0,357.0,500
Samferdsel_96,MIP_vektet,2029,32,0.0,0.0,146.19999999999982,0.0,0.0,1164588.2499999998,1466375.75,2630964.0,2630964.0,210.8,357.0,357.0,500
Samferdsel_96,MIP_vektet,2029,33,0.0,0.0,144.24999999999977,0.0,0.0,1156023.0999999999,1474940.9,2630964.0,2630964.0,212.75,357.0,357.0,500
Samferdsel_96,MIP_vektet,2029,34,0.0,0.0,142.19999999999982,0.0,0.0,1147457.9,1483506.1,2630964.0,2630964.0,214.8,357.0,357.0,500
Samferdsel_96,MIP_vektet,2029,35,0.0,0.0,142.0999999999999,0.0,0.0,1138892.7499999998,1492071.25,2630964.0,2630964.0,214.9,357.0,357.0,500
Samferdsel_96,MIP_vektet,2029,36,0.0,0.0,141.0,0.0,0.0,1130327.5499999998,1500636.45,2630964.0,2630964.0,216.0,357.0,357.0,500
Samferdsel_96,MIP_vektet,2029,37,0.0,0.0,140.0,0.0,0.0,1121762.3499999999,1509201.65,2630964.0,2630964.0,217.0,357.0,357.0,500
Samferdsel_96,MIP_vektet,2029,38,0.0,0.0,139.0,0.0,0.0,1113197.2,1517766.8,2630964.0,2630964.0,218.0,357.0,357.0,500
Samferdsel_96,MIP_vektet,2029,39,0.0,0.0,137.04999999999995,0.0,0.0,1104631.0499999998,1526332.95,2630964.0,2630964.0,219.95,357.0,357.0,500
Samferdsel_96,MIP_vektet,2029,40,0.0,0.0,137.04999999999995,0.0,0.0,1096065.9,1534898.1,2630964.0,2630964.0,219.95,357.0,357.0,500
Samferdsel_96,MIP_vektet,2029,41,0.0,0.0,134.04999999999995,0.0,0.0,1087500.7,1543463.3,2630964.0,2630964.0,222.95,357.0,357.0,500
Samferdsel_96,MIP_vektet,2029,42,0.0,0.0,134.0,0.0,0.0,1078935.4999999998,1552028.5,2630964.0,2630964.0,223.0,357.0,357.0,500
Samferdsel_96,MIP_vektet,2029,43,0.0,0.0,132.0999999999999,0.0,0.0,1070370.3499999999,1560593.65,2630964.0,2630964.0,224.9,357.0,357.0,500
Samferdsel_96,MIP_vektet,2029,44,0.0,0.0,131.04999999999995,0.0,0.0,1061805.15,1569158.85,2630964.0,2630964.0,225.95,357.0,357.0,500
Samferdsel_96,MIP_vektet,2029,45,0.0,0.0,130.04999999999995,0.0,0.0,1053239.9999999998,1577724.0,2630964.0,2630964.0,226.95,357.0,357.0,500
Samferdsel_96,MIP_vektet,2029,46,0.0,0.0,129.0,0.0,0.0,1044674.7999999998,1586289.2,2630964.0,2630964.0,228.0,357.0,357.0,500
Samferdsel_96,MIP_vektet,2029,47,0.0,0.0,127.04999999999995,0.0,0.0,1036109.5999999999,1594854.4,2630964.0,2630964.0,229.95,357.0,357.0,500
Samferdsel_96,MIP_vektet,2029,48,0.0,0.0,126.0,0.0,0.0,1027544.4499999998,1603419.55,2630964.0,2630964.0,231.0,357.0,357.0,500
Samferdsel_96,MIP_vektet,2029,49,0.0,0.0,124.04999999999995,0.0,0.0,1018978.2999999998,1611985.7,2630964.0,2630964.0,232.95,357.0,357.0,500
Samferdsel_96,MIP_vektet,2029,50,0.0,0.0,122.0,0.0,0.0,1010413.1499999999,1620550.85,2630964.0,2630964.0,235.0,357.0,357.0,500
Samferdsel_96,MIP_vektet,2029,51,0.0,0.0,121.0,0.0,0.0,1001847.9499999998,1629116.05,2630964.0,2630964.0,236.0,357.0,357.0,500
Samferdsel_96,MIP_vektet,2029,52,0.0,0.0,119.04999999999995,0.0,0.0,993282.7499999999,1637681.25,2630964.0,2630964.0,237.95,357.0,357.0,500
Samferdsel_96,MIP_vektet,2030,1,0.0,0.0,118.04999999999995,0.0,0.0,984717.5999999999,1646246.4,2630964.0,2630964.0,238.95,357.0,357.0,500
Samferdsel_96,MIP_vektet,2030,2,0.0,0.0,117.04999999999995,0.0,0.0,976152.3999999999,1654811.6,2630964.0,2630964.0,239.95,357.0,357.0,500
Samferdsel_96,MIP_vektet,2030,3,0.0,0.0,116.04999999999995,0.0,0.0,967587.2499999999,1663376.75,2630964.0,2630964.0,240.95,357.0,357.0,500
Samferdsel_96,MIP_vektet,2030,4,0.0,0.0,116.0,0.0,0.0,959022.0499999998,1671941.95,2630964.0,2630964.0,241.0,357.0,357.0,500
Samferdsel_96,MIP_vektet,2030,5,0.0,0.0,115.0,0.0,0.0,950456.8499999999,1680507.15,2630964.0,2630964.0,242.0,357.0,357.0,500
Samferdsel_96,MIP_vektet,2030,6,0.0,0.0,113.04999999999995,0.0,0.0,941890.7499999999,1689073.25,2630964.0,2630964.0,243.95,357.0,357.0,500
Samferdsel_96,MIP_vektet,2030,7,0.0,0.0,113.0,0.0,0.0,933325.5499999998,1697638.45,2630964.0,2630964.0,244.0,357.0,357.0,500
Samferdsel_96,MIP_vektet,2030,8,0.0,0.0,111.04999999999995,0.0,0.0,924760.3999999999,1706203.6,2630964.0,2630964.0,245.95,357.0,357.0,500
Samferdsel_96,MIP_vektet,2030,9,0.0,0.0,110.04999999999995,0.0,0.0,916195.1999999998,1714768.8,2630964.0,2630964.0,246.95,357.0,357.0,500
Samferdsel_96,MIP_vektet,2030,10,0.0,0.0,107.09999999999991,0.0,0.0,907629.9999999999,1723334.0,2630964.0,2630964.0,249.9,357.0,357.0,500
Samferdsel_96,MIP_vektet,2030,11,0.0,0.0,107.04999999999995,0.0,0.0,899064.8499999999,1731899.15,2630964.0,2630964.0,249.95,357.0,357.0,500
Samferdsel_96,MIP_vektet,2030,12,0.0,0.0,106.0,0.0,0.0,890499.6499999998,1740464.35,2630964.0,2630964.0,251.0,357.0,357.0,500
Samferdsel_96,MIP_vektet,2030,13,0.0,0.0,105.0,0.0,0.0,881934.4999999999,1749029.5,2630964.0,2630964.0,252.0,357.0,357.0,500
Samferdsel_96,MIP_vektet,2030,14,0.0,0.0,104.04999999999995,0.0,0.0,873369.2999999998,1757594.7,2630964.0,2630964.0,252.95,357.0,357.0,500
Samferdsel_96,MIP_vektet,2030,15,0.0,0.0,103.04999999999995,0.0,0.0,864804.0999999999,1766159.9,2630964.0,2630964.0,253.95,357.0,357.0,500
Samferdsel_96,MIP_vektet,2030,16,0.0,0.0,101.09999999999991,0.0,0.0,856237.9999999999,1774726.0,2630964.0,2630964.0,255.9,357.0,357.0,500
Samferdsel_96,MIP_vektet,2030,17,0.0,0.0,100.04999999999995,0.0,0.0,847672.7999999998,1783291.2,2630964.0,2630964.0,256.95,357.0,357.0,500
Samferdsel_96,MIP_vektet,2030,18,0.0,0.0,100.04999999999995,0.0,0.0,839107.6499999998,1791856.35,2630964.0,2630964.0,256.95,357.0,357.0,500
Samferdsel_96,MIP_vektet,2030,19,0.0,0.0,99.04999999999995,0.0,0.0,830542.4499999998,1800421.55,2630964.0,2630964.0,257.95,357.0,357.0,500
Samferdsel_96,MIP_vektet,2030,20,0.0,0.0,99.04999999999995,0.0,0.0,821977.2499999999,1808986.75,2630964.0,2630964.0,257.95,357.0,357.0,500
Samferdsel_96,MIP_vektet,2030,21,0.0,0.0,98.0,0.0,0.0,813412.0999999999,1817551.9,2630964.0,2630964.0,259.0,357.0,357.0,500
Samferdsel_96,MIP_vektet,2030,22,0.0,0.0,97.0,0.0,0.0,804846.8999999998,1826117.1,2630964.0,2630964.0,260.0,357.0,357.0,500
Samferdsel_96,MIP_vektet,2030,23,0.0,0.0,95.04999999999995,0.0,0.0,796281.6999999998,1834682.3,2630964.0,2630964.0,261.95,357.0,357.0,500
Samferdsel_96,MIP_vektet,2030,24,0.0,0.0,94.0,0.0,0.0,787716.5499999998,1843247.45,2630964.0,2630964.0,263.0,357.0,357.0,500
Samferdsel_96,MIP_vektet,2030,25,0.0,0.0,94.0,0.0,0.0,779151.3499999999,1851812.65,2630964.0,2630964.0,263.0,357.0,357.0,500
Samferdsel_96,MIP_vektet,2030,26,0.0,0.0,91.09999999999991,0.0,0.0,770585.2499999999,1860378.75,2630964.0,2630964.0,265.9,357.0,357.0,500
Samferdsel_96,MIP_vektet,2030,27,0.0,0.0,90.09999999999991,0.0,0.0,762020.0499999998,1868943.95,2630964.0,2630964.0,266.9,357.0,357.0,500
Samferdsel_96,MIP_vektet,2030,28,0.0,0.0,89.0,0.0,0.0,753454.8499999999,1877509.15,2630964.0,2630964.0,268.0,357.0,357.0,500
Samferdsel_96,MIP_vektet,2030,29,0.0,0.0,88.04999999999995,0.0,0.0,744889.6999999998,1886074.3,2630964.0,2630964.0,268.95,357.0,357.0,500
Samferdsel_96,MIP_vektet,2030,30,0.0,0.0,86.09999999999991,0.0,0.0,736324.4999999999,1894639.5,2630964.0,2630964.0,270.9,357.0,357.0,500
Samferdsel_96,MIP_vektet,2030,31,0.0,0.0,85.0,0.0,0.0,727759.3499999999,1903204.65,2630964.0,2630964.0,272.0,357.0,357.0,500
Samferdsel_96,MIP_vektet,2030,32,0.0,0.0,85.0,0.0,0.0,719194.1499999998,1911769.85,2630964.0,2630964.0,272.0,357.0,357.0,500
Samferdsel_96,MIP_vektet,2030,33,0.0,0.0,83.04999999999995,0.0,0.0,710628.9499999998,1920335.05,2630964.0,2630964.0,273.95,357.0,357.0,500
Samferdsel_96,MIP_vektet,2030,34,0.0,0.0,82.0,0.0,0.0,702063.7999999998,1928900.2,2630964.0,2630964.0,275.0,357.0,357.0,500
Samferdsel_96,MIP_vektet,2030,35,0.0,0.0,80.04999999999995,0.0,0.0,693497.6499999998,1937466.35,2630964.0,2630964.0,276.95,357.0,357.0,500
Samferdsel_96,MIP_vektet,2030,36,0.0,0.0,79.0,0.0,0.0,684932.4999999999,1946031.5,2630964.0,2630964.0,278.0,357.0,357.0,500
Samferdsel_96,MIP_vektet,2030,37,0.0,0.0,77.0,0.0,0.0,676367.2999999998,1954596.7,2630964.0,2630964.0,280.0,357.0,357.0,500
Samferdsel_96,MIP_vektet,2030,38,0.0,0.0,77.0,0.0,0.0,667802.0999999999,1963161.9,2630964.0,2630964.0,280.0,357.0,357.0,500
Samferdsel_96,MIP_vektet,2030,39,0.0,0.0,75.04999999999995,0.0,0.0,659236.9499999998,1971727.05,2630964.0,2630964.0,281.95,357.0,357.0,500
Samferdsel_96,MIP_vektet,2030,40,0.0,0.0,73.04999999999995,0.0,0.0,650671.7499999999,1980292.25,2630964.0,2630964.0,283.95,357.0,357.0,500
Samferdsel_96,MIP_vektet,2030,41,0.0,0.0,73.0,0.0,0.0,642106.5999999999,1988857.4,2630964.0,2630964.0,284.0,357.0,357.0,500
Samferdsel_96,MIP_vektet,2030,42,0.0,0.0,71.09999999999991,0.0,0.0,633541.3999999998,1997422.6,2630964.0,2630964.0,285.9,357.0,357.0,500
Samferdsel_96,MIP_vektet,2030,43,0.0,0.0,70.09999999999991,0.0,0.0,624976.1999999998,2005987.8,2630964.0,2630964.0,286.9,357.0,357.0,500
Samferdsel_96,MIP_vektet,2030,44,0.0,0.0,70.04999999999995,0.0,0.0,616411.0499999998,2014552.95,2630964.0,2630964.0,286.95,357.0,357.0,500
Samferdsel_96,MIP_vektet,2030,45,0.0,0.0,67.14999999999986,0.0,0.0,607844.8999999998,2023119.1,2630964.0,2630964.0,289.85,357.0,357.0,500
Samferdsel_96,MIP_vektet,2030,46,0.0,0.0,67.04999999999995,0.0,0.0,599279.7499999998,2031684.25,2630964.0,2630964.0,289.95,357.0,357.0,500
Samferdsel_96,MIP_vektet,2030,47,0.0,0.0,66.0,0.0,0.0,590714.5499999998,2040249.45,2630964.0,2630964.0,291.0,357.0,357.0,500
Samferdsel_96,MIP_vektet,2030,48,0.0,0.0,65.04999999999995,0.0,0.0,582149.3499999999,2048814.65,2630964.0,2630964.0,291.95,357.0,357.0,500
Samferdsel_96,MIP_vektet,2030,49,0.0,0.0,64.04999999999995,0.0,0.0,573584.1999999998,2057379.8,2630964.0,2630964.0,292.95,357.0,357.0,500
Samferdsel_96,MIP_vektet,2030,50,0.0,0.0,63.049999999999955,0.0,0.0,565018.9999999998,2065945.0,2630964.0,2630964.0,293.95,357.0,357.0,500
Samferdsel_96,MIP_vektet,2030,51,0.0,0.0,62.049999999999955,0.0,0.0,556453.8499999999,2074510.15,2630964.0,2630964.0,294.95,357.0,357.0,500
Samferdsel_96,MIP_vektet,2030,52,0.0,0.0,61.049999999999955,0.0,0.0,547888.6499999998,2083075.35,2630964.0,2630964.0,295.95,357.0,357.0,500
Samferdsel_96,MIP_vektet,2031,1,0.0,0.0,60.09999999999991,0.0,0.0,539323.4499999998,2091640.55,2630964.0,2630964.0,296.9,357.0,357.0,500
Samferdsel_96,MIP_vektet,2031,2,0.0,0.0,60.0,0.0,0.0,530758.2999999998,2100205.7,2630964.0,2630964.0,297.0,357.0,357.0,500
Samferdsel_96,MIP_vektet,2031,3,0.0,0.0,59.0,0.0,0.0,522192.1499999998,2108771.85,2630964.0,2630964.0,298.0,357.0,357.0,500
Samferdsel_96,MIP_vektet,2031,4,0.0,0.0,58.0,0.0,0.0,513626.9999999998,2117337.0,2630964.0,2630964.0,299.0,357.0,357.0,500
Samferdsel_96,MIP_vektet,2031,5,0.0,0.0,57.0,0.0,0.0,505061.7999999998,2125902.2,2630964.0,2630964.0,300.0,357.0,357.0,500
Samferdsel_96,MIP_vektet,2031,6,0.0,0.0,56.0,0.0,0.0,496496.5999999998,2134467.4,2630964.0,2630964.0,301.0,357.0,357.0,500
Samferdsel_96,MIP_vektet,2031,7,0.0,0.0,55.0,0.0,0.0,487931.44999999984,2143032.55,2630964.0,2630964.0,302.0,357.0,357.0,500
Samferdsel_96,MIP_vektet,2031,8,0.0,0.0,53.049999999999955,0.0,0.0,479366.2499999998,2151597.75,2630964.0,2630964.0,303.95,357.0,357.0,500
Samferdsel_96,MIP_vektet,2031,9,0.0,0.0,53.0,0.0,0.0,470801.0999999998,2160162.9,2630964.0,2630964.0,304.0,357.0,357.0,500
Samferdsel_96,MIP_vektet,2031,10,0.0,0.0,51.049999999999955,0.0,0.0,462235.8999999998,2168728.1,2630964.0,2630964.0,305.95,357.0,357.0,500
Samferdsel_96,MIP_vektet,2031,11,0.0,0.0,51.0,0.0,0.0,453670.69999999984,2177293.3,2630964.0,2630964.0,306.0,357.0,357.0,500
Samferdsel_96,MIP_vektet,2031,12,0.0,0.0,50.0,0.0,0.0,445104.5999999998,2185859.4,2630964.0,2630964.0,307.0,357.0,357.0,500
Samferdsel_96,MIP_vektet,2031,13,0.0,0.0,47.049999999999955,0.0,0.0,436539.3999999998,2194424.6,2630964.0,2630964.0,309.95,357.0,357.0,500
Samferdsel_96,MIP_vektet,2031,14,0.0,0.0,46.0,0.0,0.0,427974.2499999998,2202989.75,2630964.0,2630964.0,311.0,357.0,357.0,500
Samferdsel_96,MIP_vektet,2031,15,0.0,0.0,45.0,0.0,0.0,419409.0499999998,2211554.95,2630964.0,2630964.0,312.0,357.0,357.0,500
Samferdsel_96,MIP_vektet,2031,16,0.0,0.0,44.0,0.0,0.0,410843.8499999998,2220120.15,2630964.0,2630964.0,313.0,357.0,357.0,500
Samferdsel_96,MIP_vektet,2031,17,0.0,0.0,43.049999999999955,0.0,0.0,402278.6999999998,2228685.3,2630964.0,2630964.0,313.95,357.0,357.0,500
Samferdsel_96,MIP_vektet,2031,18,0.0,0.0,42.049999999999955,0.0,0.0,393713.4999999998,2237250.5,2630964.0,2630964.0,314.95,357.0,357.0,500
Samferdsel_96,MIP_vektet,2031,19,0.0,0.0,41.049999999999955,0.0,0.0,385148.3499999998,2245815.65,2630964.0,2630964.0,315.95,357.0,357.0,500
Samferdsel_96,MIP_vektet,2031,20,0.0,0.0,41.049999999999955,0.0,0.0,376583.1499999998,2254380.85,2630964.0,2630964.0,315.95,357.0,357.0,500
Samferdsel_96,MIP_vektet,2031,21,0.0,0.0,40.049999999999955,0.0,0.0,368017.9499999998,2262946.05,2630964.0,2630964.0,316.95,357.0,357.0,500
Samferdsel_96,MIP_vektet,2031,22,0.0,0.0,40.0,0.0,0.0,359451.8499999998,2271512.15,2630964.0,2630964.0,317.0,357.0,357.0,500
Samferdsel_96,MIP_vektet,2031,23,0.0,0.0,39.0,0.0,0.0,350886.6499999998,2280077.35,2630964.0,2630964.0,318.0,357.0,357.0,500
Samferdsel_96,MIP_vektet,2031,24,0.0,0.0,38.0,0.0,0.0,342321.4999999998,2288642.5,2630964.0,2630964.0,319.0,357.0,357.0,500
Samferdsel_96,MIP_vektet,2031,25,0.0,0.0,37.049999999999955,0.0,0.0,333756.2999999998,2297207.7,2630964.0,2630964.0,319.95,357.0,357.0,500
Samferdsel_96,MIP_vektet,2031,26,0.0,0.0,36.0,0.0,0.0,325191.0999999998,2305772.9,2630964.0,2630964.0,321.0,357.0,357.0,500
Samferdsel_96,MIP_vektet,2031,27,0.0,0.0,35.049999999999955,0.0,0.0,316625.9499999998,2314338.05,2630964.0,2630964.0,321.95,357.0,357.0,500
Samferdsel_96,MIP_vektet,2031,28,0.0,0.0,34.049999999999955,0.0,0.0,308060.7499999998,2322903.25,2630964.0,2630964.0,322.95,357.0,357.0,500
Samferdsel_96,MIP_vektet,2031,29,0.0,0.0,33.049999999999955,0.0,0.0,299495.5999999998,2331468.4,2630964.0,2630964.0,323.95,357.0,357.0,500
Samferdsel_96,MIP_vektet,2031,30,0.0,0.0,32.049999999999955,0.0,0.0,290930.3999999998,2340033.6,2630964.0,2630964.0,324.95,357.0,357.0,500
Samferdsel_96,MIP_vektet,2031,31,0.0,0.0,32.0,0.0,0.0,282365.1999999998,2348598.8,2630964.0,2630964.0,325.0,357.0,357.0,500
Samferdsel_96,MIP_vektet,2031,32,0.0,0.0,30.049999999999955,0.0,0.0,273799.0999999998,2357164.9,2630964.0,2630964.0,326.95,357.0,357.0,500
Samferdsel_96,MIP_vektet,2031,33,0.0,0.0,29.049999999999955,0.0,0.0,265233.8999999998,2365730.1,2630964.0,2630964.0,327.95,357.0,357.0,500
Samferdsel_96,MIP_vektet,2031,34,0.0,0.0,29.049999999999955,0.0,0.0,256668.7499999998,2374295.25,2630964.0,2630964.0,327.95,357.0,357.0,500
Samferdsel_96,MIP_vektet,2031,35,0.0,0.0,28.0,0.0,0.0,248103.54999999978,2382860.45,2630964.0,2630964.0,329.0,357.0,357.0,500
Samferdsel_96,MIP_vektet,2031,36,0.0,0.0,27.0,0.0,0.0,239538.3499999998,2391425.65,2630964.0,2630964.0,330.0,357.0,357.0,500
Samferdsel_96,MIP_vektet,2031,37,0.0,0.0,26.0,0.0,0.0,230973.19999999978,2399990.8,2630964.0,2630964.0,331.0,357.0,357.0,500
Samferdsel_96,MIP_vektet,2031,38,0.0,0.0,25.049999999999955,0.0,0.0,222407.9999999998,2408556.0,2630964.0,2630964.0,331.95,357.0,357.0,500
Samferdsel_96,MIP_vektet,2031,39,0.0,0.0,24.0,0.0,0.0,213842.8499999998,2417121.15,2630964.0,2630964.0,333.0,357.0,357.0,500
Samferdsel_96,MIP_vektet,2031,40,0.0,0.0,22.09999999999991,0.0,0.0,205277.6499999998,2425686.35,2630964.0,2630964.0,334.9,357.0,357.0,500
Samferdsel_96,MIP_vektet,2031,41,0.0,0.0,21.049999999999955,0.0,0.0,196712.44999999978,2434251.55,2630964.0,2630964.0,335.95,357.0,357.0,500
Samferdsel_96,MIP_vektet,2031,42,0.0,0.0,20.049999999999955,0.0,0.0,188146.34999999977,2442817.65,2630964.0,2630964.0,336.95,357.0,357.0,500
Samferdsel_96,MIP_vektet,2031,43,0.0,0.0,19.0,0.0,0.0,179581.1499999998,2451382.85,2630964.0,2630964.0,338.0,357.0,357.0,500
Samferdsel_96,MIP_vektet,2031,44,0.0,0.0,18.0,0.0,0.0,171015.9999999998,2459948.0,2630964.0,2630964.0,339.0,357.0,357.0,500
Samferdsel_96,MIP_vektet,2031,45,0.0,0.0,17.0,0.0,0.0,162450.79999999978,2468513.2,2630964.0,2630964.0,340.0,357.0,357.0,500
Samferdsel_96,MIP_vektet,2031,46,0.0,0.0,17.0,0.0,0.0,153885.59999999977,2477078.4,2630964.0,2630964.0,340.0,357.0,357.0,500
Samferdsel_96,MIP_vektet,2031,47,0.0,0.0,17.0,0.0,0.0,145320.44999999978,2485643.55,2630964.0,2630964.0,340.0,357.0,357.0,500
Samferdsel_96,MIP_vektet,2031,48,0.0,0.0,16.0,0.0,0.0,136755.24999999977,2494208.75,2630964.0,2630964.0,341.0,357.0,357.0,500
Samferdsel_96,MIP_vektet,2031,49,0.0,0.0,14.049999999999955,0.0,0.0,128190.09999999979,2502773.9,2630964.0,2630964.0,342.95,357.0,357.0,500
Samferdsel_96,MIP_vektet,2031,50,0.0,0.0,13.0,0.0,0.0,119624.89999999978,2511339.1,2630964.0,2630964.0,344.0,357.0,357.0,500
Samferdsel_96,MIP_vektet,2031,51,0.0,0.0,12.0,0.0,0.0,111058.74999999978,2519905.25,2630964.0,2630964.0,345.0,357.0,357.0,500
Samferdsel_96,MIP_vektet,2031,52,0.0,0.0,11.0,0.0,0.0,102493.59999999977,2528470.4,2630964.0,2630964.0,346.0,357.0,357.0,500
Samferdsel_96,MIP_vektet,2032,1,0.0,0.0,9.0,0.0,0.0,93928.39999999978,2537035.6,2630964.0,2630964.0,348.0,357.0,357.0,500
Samferdsel_96,MIP_vektet,2032,2,0.0,0.0,7.0499999999999545,0.0,0.0,85363.24999999978,2545600.75,2630964.0,2630964.0,349.95,357.0,357.0,500
Samferdsel_96,MIP_vektet,2032,3,0.0,0.0,7.0499999999999545,0.0,0.0,76798.04999999977,2554165.95,2630964.0,2630964.0,349.95,357.0,357.0,500
Samferdsel_96,MIP_vektet,2032,4,0.0,0.0,7.0,0.0,0.0,68232.84999999977,2562731.15,2630964.0,2630964.0,350.0,357.0,357.0,500
Samferdsel_96,MIP_vektet,2032,5,0.0,0.0,7.0,0.0,0.0,59667.69999999977,2571296.3,2630964.0,2630964.0,350.0,357.0,357.0,500
Samferdsel_96,MIP_vektet,2032,6,0.0,0.0,5.0,0.0,0.0,51102.499999999774,2579861.5,2630964.0,2630964.0,352.0,357.0,357.0,500
Samferdsel_96,MIP_vektet,2032,7,0.0,0.0,4.0,0.0,0.0,42537.34999999977,2588426.65,2630964.0,2630964.0,353.0,357.0,357.0,500
Samferdsel_96,MIP_vektet,2032,8,0.0,0.0,3.0,0.0,0.0,33972.149999999776,2596991.85,2630964.0,2630964.0,354.0,357.0,357.0,500
Samferdsel_96,MIP_vektet,2032,9,0.0,0.0,1.0499999999999545,0.0,0.0,25405.99999999977,2605558.0,2630964.0,2630964.0,355.95,357.0,357.0,500
Samferdsel_96,MIP_vektet,2032,10,0.0,0.0,1.0,0.0,0.0,16840.84999999977,2614123.15,2630964.0,2630964.0,356.0,357.0,357.0,500
Samferdsel_96,MIP_vektet,2032,11,0.0,0.0,1.0,0.0,0.0,8275.64999999977,2622688.35,2630964.0,2630964.0,356.0,357.0,357.0,500
Samferdsel_96,MIP_vektet,2032,12,0.0,0.0,0.049999999999954525,0.0,0.0,226.34999999979414,2630737.65,2630964.0,2630964.0,356.95,357.0,357.0,500
Samferdsel_96,MIP_vektet,2032,13,0.0,0.0,0.0,0.0,0.0,0.0,2630964.0,2630964.0,2630964.0,357.0,357.0,357.0,500
Samferdsel_96,MIP_vektet,2032,14,0.0,0.0,0.0,0.0,0.0,0.0,2630964.0,2630964.0,2630964.0,357.0,357.0,357.0,500
Samferdsel_96,MIP_vektet,2032,15,0.0,0.0,0.0,0.0,0.0,0.0,2630964.0,2630964.0,2630964.0,357.0,357.0,357.0,500
Samferdsel_96,MIP_vektet,2032,16,0.0,0.0,0.0,0.0,0.0,0.0,2630964.0,2630964.0,2630964.0,357.0,357.0,357.0,500
Samferdsel_96,MIP_vektet,2032,17,0.0,0.0,0.0,0.0,0.0,0.0,2630964.0,2630964.0,2630964.0,357.0,357.0,357.0,500
Samferdsel_96,MIP_vektet,2032,18,0.0,0.0,0.0,0.0,0.0,0.0,2630964.0,2630964.0,2630964.0,357.0,357.0,357.0,500
Samferdsel_96,MIP_vektet,2032,19,0.0,0.0,0.0,0.0,0.0,0.0,2630964.0,2630964.0,2630964.0,357.0,357.0,357.0,500
Samferdsel_96,MIP_vektet,2032,20,0.0,0.0,0.0,0.0,0.0,0.0,2630964.0,2630964.0,2630964.0,357.0,357.0,357.0,500
Samferdsel_96,MIP_vektet,2032,21,0.0,0.0,0.0,0.0,0.0,0.0,2630964.0,2630964.0,2630964.0,357.0,357.0,357.0,500
Samferdsel_96,MIP_vektet,2032,22,0.0,0.0,0.0,0.0,0.0,0.0,2630964.0,2630964.0,2630964.0,357.0,357.0,357.0,500
Samferdsel_96,MIP_vektet,2032,23,0.0,0.0,0.0,0.0,0.0,0.0,2630964.0,2630964.0,2630964.0,357.0,357.0,357.0,500
Samferdsel_96,MIP_vektet,2032,24,0.0,0.0,0.0,0.0,0.0,0.0,2630964.0,2630964.0,2630964.0,357.0,357.0,357.0,500
Samferdsel_96,MIP_vektet,2032,25,0.0,0.0,0.0,0.0,0.0,0.0,2630964.0,2630964.0,2630964.0,357.0,357.0,357.0,500
Samferdsel_96,MIP_vektet,2032,26,0.0,0.0,0.0,0.0,0.0,0.0,2630964.0,2630964.0,2630964.0,357.0,357.0,357.0,500
Samferdsel_96,MIP_vektet,2032,27,0.0,0.0,0.0,0.0,0.0,0.0,2630964.0,2630964.0,2630964.0,357.0,357.0,357.0,500
Samferdsel_96,MIP_vektet,2032,28,0.0,0.0,0.0,0.0,0.0,0.0,2630964.0,2630964.0,2630964.0,357.0,357.0,357.0,500
Samferdsel_96,MIP_vektet,2032,29,0.0,0.0,0.0,0.0,0.0,0.0,2630964.0,2630964.0,2630964.0,357.0,357.0,357.0,500
Samferdsel_96,MIP_vektet,2032,30,0.0,0.0,0.0,0.0,0.0,0.0,2630964.0,2630964.0,2630964.0,357.0,357.0,357.0,500
Samferdsel_96,MIP_vektet,2032,31,0.0,0.0,0.0,0.0,0.0,0.0,2630964.0,2630964.0,2630964.0,357.0,357.0,357.0,500
Samferdsel_96,MIP_vektet,2032,32,0.0,0.0,0.0,0.0,0.0,0.0,2630964.0,2630964.0,2630964.0,357.0,357.0,357.0,500
Samferdsel_96,MIP_vektet,2032,33,0.0,0.0,0.0,0.0,0.0,0.0,2630964.0,2630964.0,2630964.0,357.0,357.0,357.0,500
Samferdsel_96,MIP_vektet,2032,34,0.0,0.0,0.0,0.0,0.0,0.0,2630964.0,2630964.0,2630964.0,357.0,357.0,357.0,500
Samferdsel_96,MIP_vektet,2032,35,0.0,0.0,0.0,0.0,0.0,0.0,2630964.0,2630964.0,2630964.0,357.0,357.0,357.0,500
Samferdsel_96,MIP_vektet,2032,36,0.0,0.0,0.0,0.0,0.0,0.0,2630964.0,2630964.0,2630964.0,357.0,357.0,357.0,500
Samferdsel_96,MIP_vektet,2032,37,0.0,0.0,0.0,0.0,0.0,0.0,2630964.0,2630964.0,2630964.0,357.0,357.0,357.0,500
Samferdsel_96,MIP_vektet,2032,38,0.0,0.0,0.0,0.0,0.0,0.0,2630964.0,2630964.0,2630964.0,357.0,357.0,357.0,500
Samferdsel_96,MIP_vektet,2032,39,0.0,0.0,0.0,0.0,0.0,0.0,2630964.0,2630964.0,2630964.0,357.0,357.0,357.0,500
Samferdsel_96,MIP_vektet,2032,40,0.0,0.0,0.0,0.0,0.0,0.0,2630964.0,2630964.0,2630964.0,357.0,357.0,357.0,500
Samferdsel_96,MIP_vektet,2032,41,0.0,0.0,0.0,0.0,0.0,0.0,2630964.0,2630964.0,2630964.0,357.0,357.0,357.0,500
Samferdsel_96,MIP_vektet,2032,42,0.0,0.0,0.0,0.0,0.0,0.0,2630964.0,2630964.0,2630964.0,357.0,357.0,357.0,500
Samferdsel_96,MIP_vektet,2032,43,0.0,0.0,0.0,0.0,0.0,0.0,2630964.0,2630964.0,2630964.0,357.0,357.0,357.0,500
Samferdsel_96,MIP_vektet,2032,44,0.0,0.0,0.0,0.0,0.0,0.0,2630964.0,2630964.0,2630964.0,357.0,357.0,357.0,500
Samferdsel_96,MIP_vektet,2032,45,0.0,0.0,0.0,0.0,0.0,0.0,2630964.0,2630964.0,2630964.0,357.0,357.0,357.0,500
Samferdsel_96,MIP_vektet,2032,46,0.0,0.0,0.0,0.0,0.0,0.0,2630964.0,2630964.0,2630964.0,357.0,357.0,357.0,500
Samferdsel_96,MIP_vektet,2032,47,0.0,0.0,0.0,0.0,0.0,0.0,2630964.0,2630964.0,2630964.0,357.0,357.0,357.0,500
Samferdsel_96,MIP_vektet,2032,48,0.0,0.0,0.0,0.0,0.0,0.0,2630964.0,2630964.0,2630964.0,357.0,357.0,357.0,500
Samferdsel_96,MIP_vektet,2032,49,0.0,0.0,0.0,0.0,0.0,0.0,2630964.0,2630964.0,2630964.0,357.0,357.0,357.0,500
Samferdsel_96,MIP_vektet,2032,50,0.0,0.0,0.0,0.0,0.0,0.0,2630964.0,2630964.0,2630964.0,357.0,357.0,357.0,500
Samferdsel_96,MIP_vektet,2032,51,0.0,0.0,0.0,0.0,0.0,0.0,2630964.0,2630964.0,2630964.0,357.0,357.0,357.0,500
Samferdsel_96,MIP_vektet,2032,52,0.0,0.0,0.0,0.0,0.0,0.0,2630964.0,2630964.0,2630964.0,357.0,357.0,357.0,500
Samferdsel_96,MIP_vektet,2032,53,0.0,0.0,0.0,0.0,0.0,0.0,2630964.0,2630964.0,2630964.0,357.0,357.0,357.0,500
Samferdsel_96,MIP_vektet,2033,1,0.0,0.0,0.0,0.0,0.0,0.0,2630964.0,2630964.0,2630964.0,357.0,357.0,357.0,500
Samferdsel_96,MIP_vektet,2033,2,0.0,0.0,0.0,0.0,0.0,0.0,2630964.0,2630964.0,2630964.0,357.0,357.0,357.0,500
Samferdsel_96,MIP_vektet,2033,3,0.0,0.0,0.0,0.0,0.0,0.0,2630964.0,2630964.0,2630964.0,357.0,357.0,357.0,500
Samferdsel_96,MIP_vektet,2033,4,0.0,0.0,0.0,0.0,0.0,0.0,2630964.0,2630964.0,2630964.0,357.0,357.0,357.0,500
Samferdsel_96,MIP_vektet,2033,5,0.0,0.0,0.0,0.0,0.0,0.0,2630964.0,2630964.0,2630964.0,357.0,357.0,357.0,500
Samferdsel_96,MIP_vektet,2033,6,0.0,0.0,0.0,0.0,0.0,0.0,2630964.0,2630964.0,2630964.0,357.0,357.0,357.0,500
Samferdsel_96,MIP_vektet,2033,7,0.0,0.0,0.0,0.0,0.0,0.0,2630964.0,2630964.0,2630964.0,357.0,357.0,357.0,500
Samferdsel_96,MIP_vektet,2033,8,0.0,0.0,0.0,0.0,0.0,0.0,2630964.0,2630964.0,2630964.0,357.0,357.0,357.0,500
Samferdsel_96,MIP_vektet,2033,9,0.0,0.0,0.0,0.0,0.0,0.0,2630964.0,2630964.0,2630964.0,357.0,357.0,357.0,500
Samferdsel_96,MIP_vektet,2033,10,0.0,0.0,0.0,0.0,0.0,0.0,2630964.0,2630964.0,2630964.0,357.0,357.0,357.0,500
Samferdsel_96,MIP_vektet,2033,11,0.0,0.0,0.0,0.0,0.0,0.0,2630964.0,2630964.0,2630964.0,357.0,357.0,357.0,500
Samferdsel_96,MIP_vektet,2033,12,0.0,0.0,0.0,0.0,0.0,0.0,2630964.0,2630964.0,2630964.0,357.0,357.0,357.0,500
Samferdsel_96,MIP_vektet,2033,13,0.0,0.0,0.0,0.0,0.0,0.0,2630964.0,2630964.0,2630964.0,357.0,357.0,357.0,500
Samferdsel_96,MIP_vektet,2033,14,0.0,0.0,0.0,0.0,0.0,0.0,2630964.0,2630964.0,2630964.0,357.0,357.0,357.0,500
Samferdsel_96,MIP_vektet,2033,15,0.0,0.0,0.0,0.0,0.0,0.0,2630964.0,2630964.0,2630964.0,357.0,357.0,357.0,500
Samferdsel_96,MIP_vektet,2033,16,0.0,0.0,0.0,0.0,0.0,0.0,2630964.0,2630964.0,2630964.0,357.0,357.0,357.0,500
Samferdsel_96,MIP_vektet,2033,17,0.0,0.0,0.0,0.0,0.0,0.0,2630964.0,2630964.0,2630964.0,357.0,357.0,357.0,500
Samferdsel_96,MIP_vektet,2033,18,0.0,0.0,0.0,0.0,0.0,0.0,2630964.0,2630964.0,2630964.0,357.0,357.0,357.0,500
Samferdsel_96,MIP_vektet,2033,19,0.0,0.0,0.0,0.0,0.0,0.0,2630964.0,2630964.0,2630964.0,357.0,357.0,357.0,500
Samferdsel_96,MIP_vektet,2033,20,0.0,0.0,0.0,0.0,0.0,0.0,2630964.0,2630964.0,2630964.0,357.0,357.0,357.0,500
Samferdsel_96,MIP_vektet,2033,21,0.0,0.0,0.0,0.0,0.0,0.0,2630964.0,2630964.0,2630964.0,357.0,357.0,357.0,500
Samferdsel_96,MIP_vektet,2033,22,0.0,0.0,0.0,0.0,0.0,0.0,2630964.0,2630964.0,2630964.0,357.0,357.0,357.0,500
Samferdsel_96,MIP_vektet,2033,23,0.0,0.0,0.0,0.0,0.0,0.0,2630964.0,2630964.0,2630964.0,357.0,357.0,357.0,500
Samferdsel_96,MIP_vektet,2033,24,0.0,0.0,0.0,0.0,0.0,0.0,2630964.0,2630964.0,2630964.0,357.0,357.0,357.0,500
Samferdsel_96,MIP_vektet,2033,25,0.0,0.0,0.0,0.0,0.0,0.0,2630964.0,2630964.0,2630964.0,357.0,357.0,357.0,500
Samferdsel_96,MIP_vektet,2033,26,0.0,0.0,0.0,0.0,0.0,0.0,2630964.0,2630964.0,2630964.0,357.0,357.0,357.0,500
Samferdsel_96,MIP_vektet,2033,27,0.0,0.0,0.0,0.0,0.0,0.0,2630964.0,2630964.0,2630964.0,357.0,357.0,357.0,500
Samferdsel_96,MIP_vektet,2033,28,0.0,0.0,0.0,0.0,0.0,0.0,2630964.0,2630964.0,2630964.0,357.0,357.0,357.0,500
Samferdsel_96,MIP_vektet,2033,29,0.0,0.0,0.0,0.0,0.0,0.0,2630964.0,2630964.0,2630964.0,357.0,357.0,357.0,500
Samferdsel_96,MIP_vektet,2033,30,0.0,0.0,0.0,0.0,0.0,0.0,2630964.0,2630964.0,2630964.0,357.0,357.0,357.0,500
Samferdsel_96,MIP_vektet,2033,31,0.0,0.0,0.0,0.0,0.0,0.0,2630964.0,2630964.0,2630964.0,357.0,357.0,357.0,500
Samferdsel_96,MIP_vektet,2033,32,0.0,0.0,0.0,0.0,0.0,0.0,2630964.0,2630964.0,2630964.0,357.0,357.0,357.0,500
Samferdsel_96,MIP_vektet,2033,33,0.0,0.0,0.0,0.0,0.0,0.0,2630964.0,2630964.0,2630964.0,357.0,357.0,357.0,500
Samferdsel_96,MIP_vektet,2033,34,0.0,0.0,0.0,0.0,0.0,0.0,2630964.0,2630964.0,2630964.0,357.0,357.0,357.0,500
Samferdsel_96,MIP_vektet,2033,35,0.0,0.0,0.0,0.0,0.0,0.0,2630964.0,2630964.0,2630964.0,357.0,357.0,357.0,500
Samferdsel_96,MIP_vektet,2033,36,0.0,0.0,0.0,0.0,0.0,0.0,2630964.0,2630964.0,2630964.0,357.0,357.0,357.0,500
Samferdsel_96,MIP_vektet,2033,37,0.0,0.0,0.0,0.0,0.0,0.0,2630964.0,2630964.0,2630964.0,357.0,357.0,357.0,500
Samferdsel_96,MIP_vektet,2033,38,0.0,0.0,0.0,0.0,0.0,0.0,2630964.0,2630964.0,2630964.0,357.0,357.0,357.0,500
Samferdsel_96,MIP_vektet,2033,39,0.0,0.0,0.0,0.0,0.0,0.0,2630964.0,2630964.0,2630964.0,357.0,357.0,357.0,500
Samferdsel_96,MIP_vektet,2033,40,0.0,0.0,0.0,0.0,0.0,0.0,2630964.0,2630964.0,2630964.0,357.0,357.0,357.0,500
Samferdsel_96,MIP_vektet,2033,41,0.0,0.0,0.0,0.0,0.0,0.0,2630964.0,2630964.0,2630964.0,357.0,357.0,357.0,500
Samferdsel_96,MIP_vektet,2033,42,0.0,0.0,0.0,0.0,0.0,0.0,2630964.0,2630964.0,2630964.0,357.0,357.0,357.0,500
Samferdsel_96,MIP_vektet,2033,43,0.0,0.0,0.0,0.0,0.0,0.0,2630964.0,2630964.0,2630964.0,357.0,357.0,357.0,500
Samferdsel_96,MIP_vektet,2033,44,0.0,0.0,0.0,0.0,0.0,0.0,2630964.0,2630964.0,2630964.0,357.0,357.0,357.0,500
Samferdsel_96,MIP_vektet,2033,45,0.0,0.0,0.0,0.0,0.0,0.0,2630964.0,2630964.0,2630964.0,357.0,357.0,357.0,500
Samferdsel_96,MIP_vektet,2033,46,0.0,0.0,0.0,0.0,0.0,0.0,2630964.0,2630964.0,2630964.0,357.0,357.0,357.0,500
Samferdsel_96,MIP_vektet,2033,47,0.0,0.0,0.0,0.0,0.0,0.0,2630964.0,2630964.0,2630964.0,357.0,357.0,357.0,500
Samferdsel_96,MIP_vektet,2033,48,0.0,0.0,0.0,0.0,0.0,0.0,2630964.0,2630964.0,2630964.0,357.0,357.0,357.0,500
Samferdsel_96,MIP_vektet,2033,49,0.0,0.0,0.0,0.0,0.0,0.0,2630964.0,2630964.0,2630964.0,357.0,357.0,357.0,500
Samferdsel_96,MIP_vektet,2033,50,0.0,0.0,0.0,0.0,0.0,0.0,2630964.0,2630964.0,2630964.0,357.0,357.0,357.0,500
Samferdsel_96,MIP_vektet,2033,51,0.0,0.0,0.0,0.0,0.0,0.0,2630964.0,2630964.0,2630964.0,357.0,357.0,357.0,500
Samferdsel_96,MIP_vektet,2033,52,0.0,0.0,0.0,0.0,0.0,0.0,2630964.0,2630964.0,2630964.0,357.0,357.0,357.0,500
Samferdsel_96,MIP_vektet,2034,1,0.0,0.0,0.0,0.0,0.0,0.0,2630964.0,2630964.0,2630964.0,357.0,357.0,357.0,500
Samferdsel_96,MIP_vektet,2034,2,0.0,0.0,0.0,0.0,0.0,0.0,2630964.0,2630964.0,2630964.0,357.0,357.0,357.0,500
Samferdsel_96,MIP_vektet,2034,3,0.0,0.0,0.0,0.0,0.0,0.0,2630964.0,2630964.0,2630964.0,357.0,357.0,357.0,500
Samferdsel_96,MIP_vektet,2034,4,0.0,0.0,0.0,0.0,0.0,0.0,2630964.0,2630964.0,2630964.0,357.0,357.0,357.0,500
Samferdsel_96,MIP_vektet,2034,5,0.0,0.0,0.0,0.0,0.0,0.0,2630964.0,2630964.0,2630964.0,357.0,357.0,357.0,500
Samferdsel_96,MIP_vektet,2034,6,0.0,0.0,0.0,0.0,0.0,0.0,2630964.0,2630964.0,2630964.0,357.0,357.0,357.0,500
Samferdsel_96,MIP_vektet,2034,7,0.0,0.0,0.0,0.0,0.0,0.0,2630964.0,2630964.0,2630964.0,357.0,357.0,357.0,500
Samferdsel_96,MIP_vektet,2034,8,0.0,0.0,0.0,0.0,0.0,0.0,2630964.0,2630964.0,2630964.0,357.0,357.0,357.0,500
Samferdsel_96,MIP_vektet,2034,9,0.0,0.0,0.0,0.0,0.0,0.0,2630964.0,2630964.0,2630964.0,357.0,357.0,357.0,500
Samferdsel_96,MIP_vektet,2034,10,0.0,0.0,0.0,0.0,0.0,0.0,2630964.0,2630964.0,2630964.0,357.0,357.0,357.0,500
Samferdsel_96,MIP_vektet,2034,11,0.0,0.0,0.0,0.0,0.0,0.0,2630964.0,2630964.0,2630964.0,357.0,357.0,357.0,500
Samferdsel_96,MIP_vektet,2034,12,0.0,0.0,0.0,0.0,0.0,0.0,2630964.0,2630964.0,2630964.0,357.0,357.0,357.0,500
Samferdsel_96,MIP_vektet,2034,13,0.0,0.0,0.0,0.0,0.0,0.0,2630964.0,2630964.0,2630964.0,357.0,357.0,357.0,500
Samferdsel_96,MIP_vektet,2034,14,0.0,0.0,0.0,0.0,0.0,0.0,2630964.0,2630964.0,2630964.0,357.0,357.0,357.0,500
Samferdsel_96,MIP_vektet,2034,15,0.0,0.0,0.0,0.0,0.0,0.0,2630964.0,2630964.0,2630964.0,357.0,357.0,357.0,500
Samferdsel_96,MIP_vektet,2034,16,0.0,0.0,0.0,0.0,0.0,0.0,2630964.0,2630964.0,2630964.0,357.0,357.0,357.0,500
Samferdsel_96,MIP_vektet,2034,17,0.0,0.0,0.0,0.0,0.0,0.0,2630964.0,2630964.0,2630964.0,357.0,357.0,357.0,500
Samferdsel_96,MIP_vektet,2034,18,0.0,0.0,0.0,0.0,0.0,0.0,2630964.0,2630964.0,2630964.0,357.0,357.0,357.0,500
Samferdsel_96,MIP_vektet,2034,19,0.0,0.0,0.0,0.0,0.0,0.0,2630964.0,2630964.0,2630964.0,357.0,357.0,357.0,500
Samferdsel_96,MIP_vektet,2034,20,0.0,0.0,0.0,0.0,0.0,0.0,2630964.0,2630964.0,2630964.0,357.0,357.0,357.0,500
Samferdsel_96,MIP_vektet,2034,21,0.0,0.0,0.0,0.0,0.0,0.0,2630964.0,2630964.0,2630964.0,357.0,357.0,357.0,500
Samferdsel_96,MIP_vektet,2034,22,0.0,0.0,0.0,0.0,0.0,0.0,2630964.0,2630964.0,2630964.0,357.0,357.0,357.0,500
Samferdsel_96,MIP_vektet,2034,23,0.0,0.0,0.0,0.0,0.0,0.0,2630964.0,2630964.0,2630964.0,357.0,357.0,357.0,500
Samferdsel_96,MIP_vektet,2034,24,0.0,0.0,0.0,0.0,0.0,0.0,2630964.0,2630964.0,2630964.0,357.0,357.0,357.0,500
Samferdsel_96,MIP_vektet,2034,25,0.0,0.0,0.0,0.0,0.0,0.0,2630964.0,2630964.0,2630964.0,357.0,357.0,357.0,500
Samferdsel_96,MIP_vektet,2034,26,0.0,0.0,0.0,0.0,0.0,0.0,2630964.0,2630964.0,2630964.0,357.0,357.0,357.0,500
Samferdsel_96,MIP_vektet,2034,27,0.0,0.0,0.0,0.0,0.0,0.0,2630964.0,2630964.0,2630964.0,357.0,357.0,357.0,500
Samferdsel_96,MIP_vektet,2034,28,0.0,0.0,0.0,0.0,0.0,0.0,2630964.0,2630964.0,2630964.0,357.0,357.0,357.0,500
Samferdsel_96,MIP_vektet,2034,29,0.0,0.0,0.0,0.0,0.0,0.0,2630964.0,2630964.0,2630964.0,357.0,357.0,357.0,500
Samferdsel_96,MIP_vektet,2034,30,0.0,0.0,0.0,0.0,0.0,0.0,2630964.0,2630964.0,2630964.0,357.0,357.0,357.0,500
Samferdsel_96,MIP_vektet,2034,31,0.0,0.0,0.0,0.0,0.0,0.0,2630964.0,2630964.0,2630964.0,357.0,357.0,357.0,500
Samferdsel_96,MIP_vektet,2034,32,0.0,0.0,0.0,0.0,0.0,0.0,2630964.0,2630964.0,2630964.0,357.0,357.0,357.0,500
Samferdsel_96,MIP_vektet,2034,33,0.0,0.0,0.0,0.0,0.0,0.0,2630964.0,2630964.0,2630964.0,357.0,357.0,357.0,500
Samferdsel_96,MIP_vektet,2034,34,0.0,0.0,0.0,0.0,0.0,0.0,2630964.0,2630964.0,2630964.0,357.0,357.0,357.0,500
Samferdsel_96,MIP_vektet,2034,35,0.0,0.0,0.0,0.0,0.0,0.0,2630964.0,2630964.0,2630964.0,357.0,357.0,357.0,500
Samferdsel_96,MIP_vektet,2034,36,0.0,0.0,0.0,0.0,0.0,0.0,2630964.0,2630964.0,2630964.0,357.0,357.0,357.0,500
Samferdsel_96,MIP_vektet,2034,37,0.0,0.0,0.0,0.0,0.0,0.0,2630964.0,2630964.0,2630964.0,357.0,357.0,357.0,500
Samferdsel_96,MIP_vektet,2034,38,0.0,0.0,0.0,0.0,0.0,0.0,2630964.0,2630964.0,2630964.0,357.0,357.0,357.0,500
Samferdsel_96,MIP_vektet,2034,39,0.0,0.0,0.0,0.0,0.0,0.0,2630964.0,2630964.0,2630964.0,357.0,357.0,357.0,500
Samferdsel_96,MIP_vektet,2034,40,0.0,0.0,0.0,0.0,0.0,0.0,2630964.0,2630964.0,2630964.0,357.0,357.0,357.0,500
Samferdsel_96,MIP_vektet,2034,41,0.0,0.0,0.0,0.0,0.0,0.0,2630964.0,2630964.0,2630964.0,357.0,357.0,357.0,500
Samferdsel_96,MIP_vektet,2034,42,0.0,0.0,0.0,0.0,0.0,0.0,2630964.0,2630964.0,2630964.0,357.0,357.0,357.0,500
Samferdsel_96,MIP_vektet,2034,43,0.0,0.0,0.0,0.0,0.0,0.0,2630964.0,2630964.0,2630964.0,357.0,357.0,357.0,500
Samferdsel_96,MIP_vektet,2034,44,0.0,0.0,0.0,0.0,0.0,0.0,2630964.0,2630964.0,2630964.0,357.0,357.0,357.0,500
Samferdsel_96,MIP_vektet,2034,45,0.0,0.0,0.0,0.0,0.0,0.0,2630964.0,2630964.0,2630964.0,357.0,357.0,357.0,500
Samferdsel_96,MIP_vektet,2034,46,0.0,0.0,0.0,0.0,0.0,0.0,2630964.0,2630964.0,2630964.0,357.0,357.0,357.0,500
Samferdsel_96,MIP_vektet,2034,47,0.0,0.0,0.0,0.0,0.0,0.0,2630964.0,2630964.0,2630964.0,357.0,357.0,357.0,500
Samferdsel_96,MIP_vektet,2034,48,0.0,0.0,0.0,0.0,0.0,0.0,2630964.0,2630964.0,2630964.0,357.0,357.0,357.0,500
Samferdsel_96,MIP_vektet,2034,49,0.0,0.0,0.0,0.0,0.0,0.0,2630964.0,2630964.0,2630964.0,357.0,357.0,357.0,500
Samferdsel_96,MIP_vektet,2034,50,0.0,0.0,0.0,0.0,0.0,0.0,2630964.0,2630964.0,2630964.0,357.0,357.0,357.0,500
Samferdsel_96,MIP_vektet,2034,51,0.0,0.0,0.0,0.0,0.0,0.0,2630964.0,2630964.0,2630964.0,357.0,357.0,357.0,500
Samferdsel_96,MIP_vektet,2034,52,0.0,0.0,0.0,0.0,0.0,0.0,2630964.0,2630964.0,2630964.0,357.0,357.0,357.0,500
Samferdsel_96,MIP_vektet,2035,1,0.0,0.0,0.0,0.0,0.0,0.0,2630964.0,2630964.0,2630964.0,357.0,357.0,357.0,500
Samferdsel_96,MIP_vektet,2035,2,0.0,0.0,0.0,0.0,0.0,0.0,2630964.0,2630964.0,2630964.0,357.0,357.0,357.0,500
Samferdsel_96,MIP_vektet,2035,3,0.0,0.0,0.0,0.0,0.0,0.0,2630964.0,2630964.0,2630964.0,357.0,357.0,357.0,500
Samferdsel_96,MIP_vektet,2035,4,0.0,0.0,0.0,0.0,0.0,0.0,2630964.0,2630964.0,2630964.0,357.0,357.0,357.0,500
Samferdsel_96,MIP_vektet,2035,5,0.0,0.0,0.0,0.0,0.0,0.0,2630964.0,2630964.0,2630964.0,357.0,357.0,357.0,500
Samferdsel_96,MIP_vektet,2035,6,0.0,0.0,0.0,0.0,0.0,0.0,2630964.0,2630964.0,2630964.0,357.0,357.0,357.0,500
Samferdsel_96,MIP_vektet,2035,7,0.0,0.0,0.0,0.0,0.0,0.0,2630964.0,2630964.0,2630964.0,357.0,357.0,357.0,500
Samferdsel_96,MIP_vektet,2035,8,0.0,0.0,0.0,0.0,0.0,0.0,2630964.0,2630964.0,2630964.0,357.0,357.0,357.0,500
Samferdsel_96,MIP_vektet,2035,9,0.0,0.0,0.0,0.0,0.0,0.0,2630964.0,2630964.0,2630964.0,357.0,357.0,357.0,500
Samferdsel_96,MIP_vektet,2035,10,0.0,0.0,0.0,0.0,0.0,0.0,2630964.0,2630964.0,2630964.0,357.0,357.0,357.0,500
Samferdsel_96,MIP_vektet,2035,11,0.0,0.0,0.0,0.0,0.0,0.0,2630964.0,2630964.0,2630964.0,357.0,357.0,357.0,500
Samferdsel_96,MIP_vektet,2035,12,0.0,0.0,0.0,0.0,0.0,0.0,2630964.0,2630964.0,2630964.0,357.0,357.0,357.0,500
Samferdsel_96,MIP_vektet,2035,13,0.0,0.0,0.0,0.0,0.0,0.0,2630964.0,2630964.0,2630964.0,357.0,357.0,357.0,500
Samferdsel_96,MIP_vektet,2035,14,0.0,0.0,0.0,0.0,0.0,0.0,2630964.0,2630964.0,2630964.0,357.0,357.0,357.0,500
Samferdsel_96,MIP_vektet,2035,15,0.0,0.0,0.0,0.0,0.0,0.0,2630964.0,2630964.0,2630964.0,357.0,357.0,357.0,500
