Skala,Scenario,iter,Varighet_Dager,Kartkontor_Dager,Sampled_Manuell_Takt,Sampled_Automasjon,Sampled_Throughput
1.5,Basis_85,0,3423,619,312.4,0.8548,1075.9
1.5,Basis_85,1,4051,629,305.0,0.8323,909.1
1.5,Basis_85,2,4066,579,324.5,0.8209,905.8
1.5,Basis_85,3,3856,657,300.6,0.8426,955.2
1.5,Basis_85,4,3623,656,288.0,0.8584,1016.6
1.5,Basis_85,5,3072,707,320.6,0.8663,1198.9
1.5,Basis_85,6,4233,619,291.2,0.8327,870.3
1.5,Basis_85,7,4294,692,282.7,0.8353,857.9
1.5,Basis_85,8,4049,654,279.5,0.8464,909.8
1.5,Basis_85,9,4123,721,309.7,0.8267,893.3
1.5,Basis_85,10,4533,619,305.9,0.8118,812.6
1.5,Basis_85,11,3391,642,319.0,0.8532,1086.6
1.5,Basis_85,12,1928,636,278.3,0.9272,1910.9
1.5,Basis_85,13,3654,629,282.5,0.8598,1007.9
1.5,Basis_85,14,2323,692,319.6,0.8992,1585.6
1.5,Basis_85,15,3461,606,276.2,0.8703,1064.6
1.5,Basis_85,16,2077,690,284.1,0.9199,1774.1
1.5,Basis_85,17,3479,637,315.1,0.8512,1058.6
1.5,Basis_85,18,2873,619,321.2,0.8748,1282.5
1.5,Basis_85,19,2663,607,284.9,0.897,1383.9
1.5,Basis_85,20,4122,633,309.9,0.8266,893.4
1.5,Basis_85,21,4935,607,282.2,0.8109,746.3
1.5,Basis_85,22,4142,706,287.5,0.8384,889.4
1.5,Basis_85,23,3388,599,280.1,0.8711,1086.8
1.5,Basis_85,24,3715,636,300.8,0.8483,991.6
1.5,Basis_85,25,4214,662,287.2,0.8357,874.0
1.5,Basis_85,26,4002,655,309.8,0.8317,920.6
1.5,Basis_85,27,2385,686,302.9,0.9019,1544.7
1.5,Basis_85,28,3918,565,295.3,0.843,940.0
1.5,Basis_85,29,3164,650,284.4,0.8778,1164.0
1.5,Basis_85,30,3743,567,303.5,0.8458,984.1
1.5,Basis_85,31,3581,622,286.2,0.8609,1028.8
1.5,Basis_85,32,3283,627,307.1,0.8632,1121.9
1.5,Basis_85,33,3136,726,287.3,0.8777,1174.4
1.5,Basis_85,34,2482,642,301.6,0.8984,1484.5
1.5,Basis_85,35,5046,717,297.1,0.7965,729.9
1.5,Basis_85,36,3909,608,319.6,0.8304,942.4
1.5,Basis_85,37,2659,634,291.4,0.8948,1385.0
1.5,Basis_85,38,3660,629,319.4,0.8413,1006.3
1.5,Basis_85,39,2946,651,288.8,0.8845,1250.1
1.5,Basis_85,40,3066,669,313.5,0.8695,1201.2
1.5,Basis_85,41,3756,642,293.3,0.8504,980.7
1.5,Basis_85,42,3441,685,322.1,0.8496,1070.7
1.5,Basis_85,43,2786,713,293.1,0.8891,1321.4
1.5,Basis_85,44,2323,658,310.5,0.9021,1585.6
1.5,Basis_85,45,2831,593,286.0,0.8901,1301.2
1.5,Basis_85,46,3808,571,302.5,0.8436,967.0
1.5,Basis_85,47,4207,657,321.2,0.8165,875.2
1.5,Basis_85,48,4039,746,313.9,0.8278,911.7
1.5,Basis_85,49,3870,717,311.1,0.8365,951.7
1.5,Basis_85,50,3479,602,317.2,0.8502,1058.7
1.5,Basis_85,51,3525,710,300.7,0.8561,1045.0
1.5,Basis_85,52,3527,564,287.3,0.8625,1044.4
1.5,Basis_85,53,3750,605,308.2,0.8431,982.1
1.5,Basis_85,54,3230,616,276.7,0.8787,1140.5
1.5,Basis_85,55,4658,670,322.4,0.7962,790.9
1.5,Basis_85,56,3693,614,300.0,0.8497,997.7
1.5,Basis_85,57,3682,706,298.4,0.8508,1000.0
1.5,Basis_85,58,4170,796,286.6,0.8378,883.4
1.5,Basis_85,59,3841,609,296.7,0.8453,958.8
1.5,Basis_85,60,2434,609,303.3,0.8998,1513.5
1.5,Basis_85,61,3191,628,295.4,0.872,1154.2
1.5,Basis_85,62,3749,669,296.7,0.849,982.7
1.5,Basis_85,63,3596,649,318.0,0.8447,1024.2
1.5,Basis_85,64,4638,733,323.2,0.7965,794.2
1.5,Basis_85,65,3531,693,321.0,0.8462,1043.6
1.5,Basis_85,66,1629,609,294.6,0.9349,2261.9
1.5,Basis_85,67,4802,637,281.9,0.8162,767.0
1.5,Basis_85,68,3660,766,301.4,0.8503,1006.5
1.5,Basis_85,69,3231,623,279.9,0.8772,1140.0
1.5,Basis_85,70,2558,684,293.5,0.8981,1440.7
1.5,Basis_85,71,3835,657,294.0,0.8469,960.2
1.5,Basis_85,72,2289,635,300.0,0.9068,1608.9
1.5,Basis_85,73,4511,612,285.7,0.8251,816.8
1.5,Basis_85,74,3519,658,320.1,0.8471,1046.7
1.5,Basis_85,75,4661,663,287.6,0.818,790.3
1.5,Basis_85,76,4137,592,294.5,0.8346,890.2
1.5,Basis_85,77,2803,655,296.4,0.8872,1314.2
1.5,Basis_85,78,4142,637,317.1,0.8217,889.3
1.5,Basis_85,79,5093,622,310.4,0.7855,723.4
1.5,Basis_85,80,3814,769,305.5,0.8418,965.6
1.5,Basis_85,81,3580,579,277.9,0.865,1029.2
1.5,Basis_85,82,3044,641,311.1,0.8714,1209.9
1.5,Basis_85,83,4325,623,287.5,0.8312,851.5
1.5,Basis_85,84,3952,699,302.3,0.8378,932.1
1.5,Basis_85,85,3758,732,296.3,0.8488,980.0
1.5,Basis_85,86,3526,661,316.4,0.8486,1044.8
1.5,Basis_85,87,2756,707,316.2,0.8817,1336.4
1.5,Basis_85,88,3216,615,292.4,0.8724,1145.4
1.5,Basis_85,89,3233,684,288.2,0.8735,1139.1
1.5,Basis_85,90,3640,678,281.3,0.861,1011.9
1.5,Basis_85,91,3272,649,280.4,0.8755,1126.1
1.5,Basis_85,92,3498,684,292.2,0.8613,1053.0
1.5,Basis_85,93,3552,698,294.3,0.8581,1037.3
1.5,Basis_85,94,2833,600,293.6,0.8871,1300.1
1.5,Basis_85,95,3058,741,300.3,0.8753,1204.2
1.5,Basis_85,96,2681,692,314.3,0.8856,1373.5
1.5,Basis_85,97,3203,669,315.1,0.8631,1150.4
1.5,Basis_85,98,3661,721,313.6,0.8442,1006.1
1.5,Basis_85,99,2930,662,300.5,0.8805,1257.3
1.5,Basis_85,100,5022,691,279.0,0.8099,733.6
1.5,Basis_85,101,3345,735,315.2,0.8568,1100.8
1.5,Basis_85,102,4750,642,286.6,0.8152,775.6
1.5,Basis_85,103,4077,627,302.2,0.8327,903.5
1.5,Basis_85,104,4023,689,308.8,0.8314,915.7
1.5,Basis_85,105,3520,602,287.5,0.8626,1046.1
1.5,Basis_85,106,3969,643,282.7,0.8477,927.9
1.5,Basis_85,107,3904,602,299.8,0.8411,943.7
1.5,Basis_85,108,2742,774,305.6,0.8862,1343.4
1.5,Basis_85,109,3554,656,310.9,0.85,1036.6
1.5,Basis_85,110,3946,591,293.0,0.843,933.3
1.5,Basis_85,111,2498,619,311.1,0.8945,1474.7
1.5,Basis_85,112,3639,728,281.1,0.8611,1012.0
1.5,Basis_85,113,3951,664,279.3,0.8502,932.4
1.5,Basis_85,114,5892,728,279.4,0.7765,625.2
1.5,Basis_85,115,2789,602,288.1,0.891,1321.2
1.5,Basis_85,116,4186,684,275.6,0.8434,879.8
1.5,Basis_85,117,3745,668,278.7,0.8583,983.2
1.5,Basis_85,118,3440,656,313.9,0.8535,1071.0
1.5,Basis_85,119,3836,669,323.5,0.8315,960.1
1.5,Basis_85,120,3805,640,302.5,0.8437,968.1
1.5,Basis_85,121,2821,713,321.0,0.8771,1305.7
1.5,Basis_85,122,4259,635,301.1,0.826,865.1
1.5,Basis_85,123,4640,678,311.0,0.8041,793.7
1.5,Basis_85,124,3969,598,305.8,0.8352,927.8
1.5,Basis_85,125,3266,593,321.2,0.8576,1127.8
1.5,Basis_85,126,4322,649,293.3,0.828,852.5
1.5,Basis_85,127,3800,678,300.6,0.8449,969.0
1.5,Basis_85,128,4214,581,277.2,0.8414,873.9
1.5,Basis_85,129,2510,588,298.1,0.8984,1467.5
1.5,Basis_85,130,3940,620,323.9,0.8267,934.7
1.5,Basis_85,131,2349,595,297.0,0.9053,1568.5
1.5,Basis_85,132,4088,663,289.1,0.8395,900.9
1.5,Basis_85,133,3366,685,321.4,0.8531,1094.1
1.5,Basis_85,134,3861,665,306.7,0.8392,954.0
1.5,Basis_85,135,3244,574,320.4,0.8589,1135.7
1.5,Basis_85,136,3000,657,317.3,0.8708,1228.2
1.5,Basis_85,137,3045,616,302.1,0.8751,1209.1
1.5,Basis_85,138,4333,584,275.3,0.8381,849.9
1.5,Basis_85,139,3589,703,290.0,0.8587,1026.4
1.5,Basis_85,140,4100,601,297.6,0.8343,898.3
1.5,Basis_85,141,4352,677,294.5,0.826,846.3
1.5,Basis_85,142,2975,675,314.7,0.8729,1237.8
1.5,Basis_85,143,3309,647,318.9,0.8568,1113.4
1.5,Basis_85,144,2383,693,310.5,0.8996,1546.6
1.5,Basis_85,145,4897,633,293.1,0.8052,752.3
1.5,Basis_85,146,4214,600,275.6,0.8423,873.8
1.5,Basis_85,147,3342,578,286.4,0.8701,1102.3
1.5,Basis_85,148,3442,685,313.4,0.8535,1070.0
1.5,Basis_85,149,3561,613,323.4,0.8437,1034.6
1.5,Basis_85,150,2881,600,293.8,0.8851,1278.9
1.5,Basis_85,151,3912,628,296.7,0.8424,941.6
1.5,Basis_85,152,3120,628,277.0,0.8827,1180.8
1.5,Basis_85,153,3360,636,304.4,0.8611,1095.8
1.5,Basis_85,154,2961,588,321.3,0.8708,1243.8
1.5,Basis_85,155,5222,675,282.8,0.7995,705.3
1.5,Basis_85,156,3584,790,308.9,0.8497,1027.7
1.5,Basis_85,157,3899,641,324.7,0.8281,944.4
1.5,Basis_85,158,3787,644,313.2,0.839,972.5
1.5,Basis_85,159,4137,606,311.0,0.8254,890.3
1.5,Basis_85,160,3065,676,278.4,0.8842,1201.9
1.5,Basis_85,161,5299,593,275.5,0.8018,695.0
1.5,Basis_85,162,3707,643,315.2,0.8414,993.8
1.5,Basis_85,163,4749,635,304.3,0.8039,775.8
1.5,Basis_85,164,2793,649,314.1,0.8809,1318.4
1.5,Basis_85,165,3337,613,294.5,0.8666,1103.9
1.5,Basis_85,166,3335,630,319.5,0.8554,1104.8
1.5,Basis_85,167,4526,594,288.2,0.823,814.0
1.5,Basis_85,168,4459,628,286.0,0.8268,825.8
1.5,Basis_85,169,3952,654,280.7,0.8495,932.3
1.5,Basis_85,170,4178,658,299.0,0.8304,881.6
1.5,Basis_85,171,2944,704,299.0,0.8805,1251.3
1.5,Basis_85,172,5093,696,280.3,0.8062,723.2
1.5,Basis_85,173,3127,613,314.9,0.8663,1177.9
1.5,Basis_85,174,1984,662,289.7,0.922,1857.4
1.5,Basis_85,175,4245,671,296.6,0.8291,867.9
1.5,Basis_85,176,4739,600,283.6,0.8175,777.1
1.5,Basis_85,177,4819,587,282.7,0.8151,764.4
1.5,Basis_85,178,3462,612,318.5,0.8503,1064.2
1.5,Basis_85,179,3633,724,279.9,0.862,1013.6
1.5,Basis_85,180,3882,753,280.0,0.8525,949.0
1.5,Basis_85,181,4437,592,305.6,0.816,830.2
1.5,Basis_85,182,4855,620,316.2,0.7917,758.7
1.5,Basis_85,183,5235,612,295.4,0.7901,703.5
1.5,Basis_85,184,2894,742,277.4,0.891,1272.9
1.5,Basis_85,185,4837,690,300.3,0.8028,761.3
1.5,Basis_85,186,3489,805,312.6,0.852,1056.0
1.5,Basis_85,187,2637,585,278.7,0.9002,1396.6
1.5,Basis_85,188,4010,613,285.6,0.8445,918.4
1.5,Basis_85,189,4385,649,293.7,0.8252,840.3
1.5,Basis_85,190,2551,692,315.0,0.891,1444.6
1.5,Basis_85,191,2538,719,320.3,0.8897,1451.8
1.5,Basis_85,192,2951,629,277.8,0.8888,1248.6
1.5,Basis_85,193,4910,571,313.6,0.791,750.3
1.5,Basis_85,194,3114,581,312.5,0.8679,1182.5
1.5,Basis_85,195,4476,607,276.1,0.8323,823.0
1.5,Basis_85,196,3611,626,302.5,0.8518,1020.1
1.5,Basis_85,197,3609,627,301.7,0.8522,1020.7
1.5,Basis_85,198,4574,599,280.9,0.8256,805.5
1.5,Basis_85,199,3609,588,294.9,0.8555,1020.8
1.5,Basis_85,200,4305,683,278.5,0.8372,855.4
1.5,Basis_85,201,3112,621,280.0,0.8817,1183.6
1.5,Basis_85,202,3497,622,313.3,0.8513,1053.4
1.5,Basis_85,203,3860,622,287.8,0.8493,954.6
1.5,Basis_85,204,2071,592,278.1,0.9218,1778.6
1.5,Basis_85,205,3457,718,287.3,0.8652,1065.6
1.5,Basis_85,206,3954,698,311.3,0.8329,931.6
1.5,Basis_85,207,2194,656,318.4,0.9052,1679.6
1.5,Basis_85,208,4079,740,280.2,0.8448,902.9
1.5,Basis_85,209,4337,656,295.6,0.826,849.3
1.5,Basis_85,210,3015,622,292.4,0.8803,1221.9
1.5,Basis_85,211,4386,671,284.2,0.8308,840.0
1.5,Basis_85,212,3707,587,289.8,0.8542,993.8
1.5,Basis_85,213,4408,637,284.2,0.83,835.7
1.5,Basis_85,214,2516,656,317.6,0.8916,1464.5
1.5,Basis_85,215,3490,629,283.6,0.8657,1055.5
1.5,Basis_85,216,3836,629,320.7,0.8329,959.9
1.5,Basis_85,217,3940,591,292.7,0.8435,934.8
1.5,Basis_85,218,3328,623,302.0,0.8636,1107.0
1.5,Basis_85,219,3252,629,309.2,0.8636,1132.9
1.5,Basis_85,220,3811,672,275.7,0.8574,966.9
1.5,Basis_85,221,3765,591,322.0,0.8355,978.4
1.5,Basis_85,222,2776,626,318.5,0.88,1327.0
1.5,Basis_85,223,4546,573,289.6,0.8213,810.5
1.5,Basis_85,224,3987,588,324.6,0.8244,924.1
1.5,Basis_85,225,2201,591,319.4,0.9046,1674.6
1.5,Basis_85,226,4289,585,315.5,0.8163,858.9
1.5,Basis_85,227,3146,606,281.3,0.8799,1170.9
1.5,Basis_85,228,3612,584,303.5,0.8512,1019.6
1.5,Basis_85,229,3703,647,290.2,0.8541,994.3
1.5,Basis_85,230,3050,586,322.3,0.8665,1207.6
1.5,Basis_85,231,2831,614,305.0,0.8828,1301.5
1.5,Basis_85,232,4513,677,285.1,0.8253,816.1
1.5,Basis_85,233,3465,749,300.9,0.8584,1062.8
1.5,Basis_85,234,4375,607,291.7,0.8267,841.8
1.5,Basis_85,235,5017,650,294.9,0.7992,734.2
1.5,Basis_85,236,3372,651,320.0,0.8535,1092.2
1.5,Basis_85,237,2083,724,317.0,0.9104,1768.2
1.5,Basis_85,238,4288,668,319.2,0.8142,859.2
1.5,Basis_85,239,4044,679,310.2,0.8297,910.7
1.5,Basis_85,240,2940,641,310.3,0.8761,1252.5
1.5,Basis_85,241,2763,580,291.3,0.8908,1333.2
1.5,Basis_85,242,3911,670,289.3,0.8464,941.7
1.5,Basis_85,243,4218,670,289.0,0.8345,873.4
1.5,Basis_85,244,3962,719,288.1,0.8451,929.6
1.5,Basis_85,245,3120,620,279.6,0.8816,1180.6
1.5,Basis_85,246,3293,595,285.7,0.8724,1119.1
1.5,Basis_85,247,4177,693,306.2,0.8264,881.9
1.5,Basis_85,248,3638,613,295.0,0.8543,1012.4
1.5,Basis_85,249,3392,637,301.6,0.8611,1085.8
1.5,Basis_85,250,2068,599,305.4,0.9143,1782.5
1.5,Basis_85,251,1945,599,288.9,0.9237,1893.5
1.5,Basis_85,252,3100,649,289.8,0.878,1188.0
1.5,Basis_85,253,4312,713,300.0,0.8244,854.2
1.5,Basis_85,254,3772,626,300.6,0.8461,976.3
1.5,Basis_85,255,3877,647,312.3,0.8356,949.9
1.5,Basis_85,256,3617,580,296.5,0.8544,1018.3
1.5,Basis_85,257,4289,669,316.0,0.816,858.9
1.5,Basis_85,258,4553,643,284.3,0.8244,809.2
1.5,Basis_85,259,3274,593,296.5,0.8682,1125.0
1.5,Basis_85,260,3876,721,293.4,0.8456,950.3
1.5,Basis_85,261,4472,647,275.6,0.8327,823.6
1.5,Basis_85,262,5236,628,293.5,0.7914,703.4
1.5,Basis_85,263,3395,581,303.0,0.8604,1084.8
1.5,Basis_85,264,2873,671,301.2,0.8826,1282.7
1.5,Basis_85,265,3800,699,315.1,0.8374,969.2
1.5,Basis_85,266,4051,606,276.3,0.848,909.2
1.5,Basis_85,267,4851,696,308.4,0.7969,759.2
1.5,Basis_85,268,4820,696,295.7,0.8066,764.3
1.5,Basis_85,269,3220,557,291.0,0.8728,1143.6
1.5,Basis_85,270,2363,620,295.0,0.9054,1559.4
1.5,Basis_85,271,4057,683,275.9,0.8481,907.9
1.5,Basis_85,272,3722,613,299.8,0.8485,989.6
1.5,Basis_85,273,2853,739,282.5,0.8906,1291.4
1.5,Basis_85,274,3532,693,301.8,0.8554,1043.2
1.5,Basis_85,275,3799,665,305.1,0.8427,969.6
1.5,Basis_85,276,4053,658,319.1,0.8244,908.6
1.5,Basis_85,277,4360,643,280.9,0.8337,844.6
1.5,Basis_85,278,3525,669,301.2,0.8559,1045.1
1.5,Basis_85,279,3107,661,298.6,0.8741,1185.5
1.5,Basis_85,280,4308,731,311.1,0.8181,855.3
1.5,Basis_85,281,3829,669,323.2,0.8319,961.7
1.5,Basis_85,282,2874,683,276.7,0.8921,1281.9
1.5,Basis_85,283,4611,612,322.2,0.7983,798.8
1.5,Basis_85,284,3517,731,298.6,0.8575,1047.6
1.5,Basis_85,285,3527,672,302.0,0.8554,1044.3
1.5,Basis_85,286,3888,634,323.8,0.8292,947.7
1.5,Basis_85,287,3941,719,309.3,0.8345,934.5
1.5,Basis_85,288,3622,699,292.8,0.8561,1017.0
1.5,Basis_85,289,4710,637,321.3,0.7945,782.0
1.5,Basis_85,290,4921,683,299.5,0.7999,748.4
1.5,Basis_85,291,4553,675,277.5,0.8285,809.1
1.5,Basis_85,292,3420,745,306.5,0.8577,1076.9
1.5,Basis_85,293,4009,593,305.0,0.834,918.8
1.5,Basis_85,294,3601,594,295.7,0.8555,1023.3
1.5,Basis_85,295,4406,735,311.5,0.8137,836.0
1.5,Basis_85,296,3596,573,315.7,0.8459,1024.3
1.5,Basis_85,297,3518,704,314.1,0.85,1047.3
1.5,Basis_85,298,3322,609,283.1,0.8723,1108.8
1.5,Basis_85,299,3413,644,293.3,0.8641,1079.4
1.5,Basis_85,300,4183,566,300.1,0.8296,880.7
1.5,Basis_85,301,3154,679,321.3,0.8625,1168.2
1.5,Basis_85,302,3504,679,286.0,0.864,1051.3
1.5,Basis_85,303,4046,762,292.3,0.8394,910.1
1.5,Basis_85,304,4744,584,275.2,0.8228,776.3
1.5,Basis_85,305,4007,734,294.2,0.84,919.5
1.5,Basis_85,306,3084,620,303.5,0.873,1194.7
1.5,Basis_85,307,4842,614,292.4,0.8078,760.7
1.5,Basis_85,308,4219,615,280.9,0.8391,873.0
1.5,Basis_85,309,4569,692,295.1,0.817,806.2
1.5,Basis_85,310,2349,550,317.0,0.8989,1568.2
1.5,Basis_85,311,3603,649,313.7,0.8466,1022.2
1.5,Basis_85,312,2393,706,296.9,0.9035,1538.7
1.5,Basis_85,313,3384,663,296.9,0.8636,1088.6
1.5,Basis_85,314,5379,595,277.9,0.7971,684.9
1.5,Basis_85,315,3500,648,297.3,0.8587,1052.0
1.5,Basis_85,316,3142,656,296.4,0.8736,1172.1
1.5,Basis_85,317,3792,592,306.8,0.8421,971.3
1.5,Basis_85,318,3437,704,319.7,0.8508,1071.3
1.5,Basis_85,319,2635,633,301.8,0.892,1398.0
1.5,Basis_85,320,4200,683,314.5,0.8207,876.8
1.5,Basis_85,321,4203,586,303.1,0.8271,876.5
1.5,Basis_85,322,4059,644,319.6,0.8239,907.5
1.5,Basis_85,323,3048,643,303.4,0.8745,1208.7
1.5,Basis_85,324,5444,621,277.0,0.7953,676.7
1.5,Basis_85,325,2923,643,318.0,0.8739,1260.4
1.5,Basis_85,326,3090,650,299.5,0.8744,1192.5
1.5,Basis_85,327,4269,641,301.5,0.8253,862.8
1.5,Basis_85,328,3273,657,289.7,0.8713,1125.4
1.5,Basis_85,329,2832,727,279.5,0.8926,1300.9
1.5,Basis_85,330,4400,629,299.6,0.8211,837.2
1.5,Basis_85,331,4295,593,293.8,0.8288,857.8
1.5,Basis_85,332,4941,628,293.1,0.8034,745.4
1.5,Basis_85,333,3245,594,323.2,0.8577,1135.3
1.5,Basis_85,334,2825,616,278.6,0.8932,1304.1
1.5,Basis_85,335,3605,628,314.5,0.8461,1021.7
1.5,Basis_85,336,3605,644,281.8,0.8621,1021.5
1.5,Basis_85,337,4571,629,281.3,0.8254,805.7
1.5,Basis_85,338,2895,658,311.2,0.8777,1272.3
1.5,Basis_85,339,2565,602,304.1,0.8942,1436.5
1.5,Basis_85,340,3882,706,321.8,0.8304,949.0
1.5,Basis_85,341,3415,601,317.0,0.853,1078.5
1.5,Basis_85,342,4682,621,290.3,0.8155,786.7
1.5,Basis_85,343,2254,620,322.4,0.9013,1633.9
1.5,Basis_85,344,3400,697,301.4,0.8609,1083.5
1.5,Basis_85,345,3146,675,306.8,0.869,1171.1
1.5,Basis_85,346,4534,621,319.7,0.8032,812.4
1.5,Basis_85,347,4485,675,289.7,0.8237,821.4
1.5,Basis_85,348,3896,621,298.6,0.8421,945.6
1.5,Basis_85,349,2161,619,321.0,0.9058,1704.6
1.5,Basis_85,350,1767,685,319.9,0.9233,2085.9
1.5,Basis_85,351,3905,621,296.0,0.8431,943.3
1.5,Basis_85,352,2782,698,292.0,0.8898,1324.7
1.5,Basis_85,353,4304,647,278.9,0.8371,855.7
1.5,Basis_85,354,2254,731,307.4,0.9059,1633.5
1.5,Basis_85,355,4655,728,291.7,0.8156,791.2
1.5,Basis_85,356,1153,670,295.8,0.9537,3194.2
1.5,Basis_85,357,3225,724,291.2,0.8725,1142.3
1.5,Basis_85,358,4765,656,307.8,0.8009,773.1
1.5,Basis_85,359,2373,636,305.6,0.9015,1551.3
1.5,Basis_85,360,2586,648,323.9,0.8863,1424.5
1.5,Basis_85,361,4071,675,313.6,0.8267,905.0
1.5,Basis_85,362,1862,657,319.5,0.9192,1977.6
1.5,Basis_85,363,2988,648,324.6,0.8684,1232.9
1.5,Basis_85,364,2979,746,283.6,0.8853,1236.4
1.5,Basis_85,365,3106,612,294.0,0.876,1186.0
1.5,Basis_85,366,2749,578,279.2,0.8958,1340.0
1.5,Basis_85,367,4170,672,313.2,0.8227,883.2
1.5,Basis_85,368,3400,636,324.9,0.8501,1083.6
1.5,Basis_85,369,3850,633,291.0,0.8479,956.4
1.5,Basis_85,370,4476,574,275.2,0.8328,823.0
1.5,Basis_85,371,3624,672,324.5,0.8403,1016.4
1.5,Basis_85,372,3335,630,296.7,0.8657,1104.9
1.5,Basis_85,373,2510,602,293.4,0.9,1467.8
1.5,Basis_85,374,3904,739,281.1,0.851,943.6
1.5,Basis_85,375,3486,613,307.8,0.8543,1056.3
1.5,Basis_85,376,4305,594,303.4,0.8227,855.5
1.5,Basis_85,377,3528,592,313.2,0.85,1043.9
1.5,Basis_85,378,3051,679,303.4,0.8744,1207.3
1.5,Basis_85,379,3517,545,320.6,0.847,1047.7
1.5,Basis_85,380,3456,612,322.2,0.8488,1065.7
1.5,Basis_85,381,3380,651,321.6,0.8524,1089.8
1.5,Basis_85,382,3966,682,289.3,0.8443,928.9
1.5,Basis_85,383,4164,698,278.9,0.8424,884.7
1.5,Basis_85,384,3034,685,315.8,0.87,1214.4
1.5,Basis_85,385,3500,726,275.4,0.8691,1052.0
1.5,Basis_85,386,5450,759,279.6,0.7932,676.0
1.5,Basis_85,387,3136,609,314.8,0.8659,1174.1
1.5,Basis_85,388,3727,672,292.0,0.8523,988.5
1.5,Basis_85,389,3380,591,307.3,0.859,1089.7
1.5,Basis_85,390,4158,599,281.2,0.8412,885.6
1.5,Basis_85,391,3260,689,305.0,0.8651,1130.0
1.5,Basis_85,392,3058,621,311.9,0.8705,1204.3
1.5,Basis_85,393,2498,665,282.9,0.9041,1474.7
1.5,Basis_85,394,3926,627,279.0,0.8513,938.2
1.5,Basis_85,395,3707,706,299.2,0.8495,993.8
1.5,Basis_85,396,3602,672,320.2,0.8435,1022.6
1.5,Basis_85,397,2765,579,317.2,0.8809,1331.9
1.5,Basis_85,398,3987,679,323.8,0.8248,924.1
1.5,Basis_85,399,3826,598,299.2,0.8446,962.9
1.5,Basis_85,400,4406,643,315.4,0.8114,836.1
1.5,Basis_85,401,3967,585,292.3,0.8426,928.6
1.5,Basis_85,402,3813,635,297.0,0.8463,965.9
1.5,Basis_85,403,4120,573,283.5,0.8415,894.1
1.5,Basis_85,404,3626,630,292.3,0.8561,1015.7
1.5,Basis_85,405,3035,592,285.2,0.8825,1213.7
1.5,Basis_85,406,4526,595,287.5,0.8234,813.9
1.5,Basis_85,407,3514,630,290.9,0.8612,1048.2
1.5,Basis_85,408,3132,636,304.4,0.8706,1176.4
1.5,Basis_85,409,4225,651,322.1,0.8153,871.9
1.5,Basis_85,410,3938,637,323.8,0.8269,935.4
1.5,Basis_85,411,3440,692,323.0,0.8492,1070.8
1.5,Basis_85,412,4526,671,313.6,0.8074,814.0
1.5,Basis_85,413,3297,592,324.1,0.8549,1116.8
1.5,Basis_85,414,3388,682,315.6,0.8548,1086.8
1.5,Basis_85,415,3636,670,295.7,0.8541,1013.5
1.5,Basis_85,416,4044,606,323.8,0.8223,911.0
1.5,Basis_85,417,4555,592,301.3,0.8137,808.6
1.5,Basis_85,418,4119,621,276.7,0.8454,894.5
1.5,Basis_85,419,4052,704,296.4,0.8369,908.9
1.5,Basis_85,420,3945,634,317.9,0.8298,933.8
1.5,Basis_85,421,2540,713,322.4,0.8888,1449.9
1.5,Basis_85,422,3987,570,294.2,0.8408,923.9
1.5,Basis_85,423,4841,614,303.3,0.8007,761.0
1.5,Basis_85,424,3805,670,311.8,0.8389,968.0
1.5,Basis_85,425,1516,633,312.7,0.9357,2430.1
1.5,Basis_85,426,3329,626,281.0,0.873,1106.5
1.5,Basis_85,427,3793,718,278.3,0.8567,970.9
1.5,Basis_85,428,3693,633,288.2,0.8555,997.5
1.5,Basis_85,429,4984,605,297.4,0.7987,738.9
1.5,Basis_85,430,4331,676,315.4,0.8146,850.4
1.5,Basis_85,431,3384,622,305.8,0.8595,1088.5
1.5,Basis_85,432,5737,621,277.6,0.7838,642.0
1.5,Basis_85,433,4438,564,312.2,0.8119,829.9
1.5,Basis_85,434,4667,690,306.6,0.8058,789.3
1.5,Basis_85,435,3003,648,306.1,0.8752,1226.2
1.5,Basis_85,436,3507,636,298.5,0.8579,1050.1
1.5,Basis_85,437,4007,656,275.3,0.8503,919.6
1.5,Basis_85,438,3693,619,315.9,0.8416,997.5
1.5,Basis_85,439,4414,662,316.7,0.8102,834.5
1.5,Basis_85,440,3281,627,301.7,0.8656,1122.8
1.5,Basis_85,441,3192,774,319.5,0.8615,1153.5
1.5,Basis_85,442,4897,719,276.0,0.8166,752.2
1.5,Basis_85,443,3212,704,284.5,0.876,1146.9
1.5,Basis_85,444,3877,581,306.9,0.8384,949.8
1.5,Basis_85,445,5561,738,298.8,0.7744,662.4
1.5,Basis_85,446,4921,665,316.8,0.7883,748.3
1.5,Basis_85,447,3920,672,309.8,0.8352,939.6
1.5,Basis_85,448,3749,656,301.7,0.8465,982.7
1.5,Basis_85,449,4408,661,297.9,0.8217,835.6
1.5,Basis_85,450,4297,634,286.4,0.8329,857.1
1.5,Basis_85,451,3867,648,285.3,0.8502,952.6
1.5,Basis_85,452,2232,621,321.5,0.9026,1650.3
1.5,Basis_85,453,2350,613,309.3,0.9013,1567.3
1.5,Basis_85,454,3791,600,296.7,0.8473,971.6
1.5,Basis_85,455,3275,602,284.4,0.8735,1124.4
1.5,Basis_85,456,4519,642,292.2,0.8208,815.2
1.5,Basis_85,457,3241,726,312.7,0.8624,1136.0
1.5,Basis_85,458,2714,693,295.3,0.8912,1357.1
1.5,Basis_85,459,3476,593,281.4,0.8673,1059.9
1.5,Basis_85,460,3610,675,318.7,0.8438,1020.5
1.5,Basis_85,461,3344,613,291.8,0.8675,1101.7
1.5,Basis_85,462,2763,599,276.0,0.8965,1332.9
1.5,Basis_85,463,4029,670,304.4,0.8335,914.2
1.5,Basis_85,464,3430,670,301.9,0.8594,1073.6
1.5,Basis_85,465,4032,619,281.8,0.8457,913.4
1.5,Basis_85,466,5344,692,275.3,0.8003,689.4
1.5,Basis_85,467,4647,642,305.0,0.8076,792.6
1.5,Basis_85,468,4092,636,281.1,0.8438,900.2
1.5,Basis_85,469,3274,696,293.8,0.8694,1125.2
1.5,Basis_85,470,3664,636,286.4,0.8576,1005.6
1.5,Basis_85,471,3938,689,324.4,0.8266,935.4
1.5,Basis_85,472,2268,648,302.6,0.9068,1623.6
1.5,Basis_85,473,4058,636,301.5,0.8339,907.8
1.5,Basis_85,474,3517,598,301.6,0.856,1047.4
1.5,Basis_85,475,4399,593,297.8,0.8222,837.6
1.5,Basis_85,476,2820,642,281.2,0.8923,1305.8
1.5,Basis_85,477,3909,609,313.3,0.8338,942.6
1.5,Basis_85,478,2359,684,319.8,0.8976,1561.3
1.5,Basis_85,479,4193,713,302.2,0.828,878.4
1.5,Basis_85,480,3393,592,305.2,0.8594,1085.4
1.5,Basis_85,481,2537,678,309.5,0.8934,1452.2
1.5,Basis_85,482,3357,691,290.3,0.8677,1097.2
1.5,Basis_85,483,3666,595,292.6,0.8544,1004.7
1.5,Basis_85,484,4025,612,276.9,0.8487,914.9
1.5,Basis_85,485,2646,734,311.0,0.8883,1391.6
1.5,Basis_85,486,2877,682,314.9,0.877,1280.3
1.5,Basis_85,487,3150,572,316.8,0.8645,1168.8
1.5,Basis_85,488,3575,663,311.0,0.8491,1030.5
1.5,Basis_85,489,3391,704,316.8,0.8542,1086.3
1.5,Basis_85,490,4641,606,301.3,0.8101,793.5
1.5,Basis_85,491,3282,593,281.5,0.8746,1122.3
1.5,Basis_85,492,4421,755,310.2,0.8138,833.2
1.5,Basis_85,493,4464,693,289.1,0.8248,825.2
1.5,Basis_85,494,3398,605,306.7,0.8586,1084.4
1.5,Basis_85,495,3897,566,318.4,0.8316,945.3
1.5,Basis_85,496,4332,773,288.0,0.8306,850.1
1.5,Basis_85,497,4490,703,282.9,0.8276,820.5
1.5,Basis_85,498,4261,608,284.3,0.8356,864.4
1.5,Basis_85,499,4725,622,297.3,0.8092,779.3
1.5,Middels_90,0,2245,619,312.4,0.9048,1640.9
1.5,Middels_90,1,2845,629,305.0,0.8823,1295.2
1.5,Middels_90,2,2931,579,324.5,0.8709,1256.6
1.5,Middels_90,3,2631,657,300.6,0.8926,1400.0
1.5,Middels_90,4,2344,656,288.0,0.9084,1571.3
1.5,Middels_90,5,1923,707,320.6,0.9163,1914.9
1.5,Middels_90,6,2967,619,291.2,0.8827,1241.3
1.5,Middels_90,7,2989,692,282.7,0.8853,1231.7
1.5,Middels_90,8,2730,654,279.5,0.8964,1349.0
1.5,Middels_90,9,2933,721,309.7,0.8767,1255.5
1.5,Middels_90,10,3329,619,305.9,0.8618,1106.5
1.5,Middels_90,11,2236,642,319.0,0.9032,1648.0
1.5,Middels_90,12,647,636,278.3,0.9772,6097.0
1.5,Middels_90,13,2351,629,282.5,0.9098,1566.8
1.5,Middels_90,14,1172,692,319.6,0.9492,3146.6
1.5,Middels_90,15,2126,606,276.2,0.9203,1732.4
1.5,Middels_90,16,780,690,284.1,0.9699,4724.0
1.5,Middels_90,17,2310,637,315.1,0.9012,1594.3
1.5,Middels_90,18,1726,619,321.2,0.9248,2134.9
1.5,Middels_90,19,1369,607,284.9,0.947,2690.5
1.5,Middels_90,20,2933,633,309.9,0.8766,1255.3
1.5,Middels_90,21,3631,607,282.2,0.8609,1014.6
1.5,Middels_90,22,2860,706,287.5,0.8884,1287.8
1.5,Middels_90,23,2075,599,280.1,0.9211,1775.8
1.5,Middels_90,24,2490,636,300.8,0.8983,1479.3
1.5,Middels_90,25,2932,662,287.2,0.8857,1256.3
1.5,Middels_90,26,2812,655,309.8,0.8817,1309.7
1.5,Middels_90,27,1168,686,302.9,0.9519,3151.8
1.5,Middels_90,28,2671,565,295.3,0.893,1379.0
1.5,Middels_90,29,1869,650,284.4,0.9278,1970.3
1.5,Middels_90,30,2530,567,303.5,0.8958,1456.3
1.5,Middels_90,31,2294,622,286.2,0.9109,1606.2
1.5,Middels_90,32,2084,627,307.1,0.9132,1767.8
1.5,Middels_90,33,1854,726,287.3,0.9277,1986.3
1.5,Middels_90,34,1259,642,301.6,0.9484,2923.8
1.5,Middels_90,35,3806,717,297.1,0.8465,967.7
1.5,Middels_90,36,2756,608,319.6,0.8804,1336.5
1.5,Middels_90,37,1396,634,291.4,0.9448,2639.5
1.5,Middels_90,38,2506,629,319.4,0.8913,1469.3
1.5,Middels_90,39,1671,651,288.8,0.9345,2204.5
1.5,Middels_90,40,1890,669,313.5,0.9195,1947.5
1.5,Middels_90,41,2499,642,293.3,0.9004,1473.2
1.5,Middels_90,42,2296,685,322.1,0.8996,1603.7
1.5,Middels_90,43,1531,713,293.1,0.9391,2406.1
1.5,Middels_90,44,1138,658,310.5,0.9521,3240.1
1.5,Middels_90,45,1543,593,286.0,0.9401,2387.8
1.5,Middels_90,46,2593,571,302.5,0.8936,1421.3
1.5,Middels_90,47,3062,657,321.2,0.8665,1203.1
1.5,Middels_90,48,2867,746,313.9,0.8778,1284.8
1.5,Middels_90,49,2687,717,311.1,0.8865,1371.0
1.5,Middels_90,50,2317,602,317.2,0.9002,1589.3
1.5,Middels_90,51,2300,710,300.7,0.9061,1601.4
1.5,Middels_90,52,2245,564,287.3,0.9125,1640.8
1.5,Middels_90,53,2555,605,308.2,0.8931,1441.3
1.5,Middels_90,54,1897,616,276.7,0.9287,1940.4
1.5,Middels_90,55,3514,670,322.4,0.8462,1048.1
1.5,Middels_90,56,2463,614,300.0,0.8997,1494.9
1.5,Middels_90,57,2449,706,298.4,0.9008,1504.1
1.5,Middels_90,58,2884,796,286.6,0.8878,1277.0
1.5,Middels_90,59,2601,609,296.7,0.8953,1416.7
1.5,Middels_90,60,1218,609,303.3,0.9498,3021.4
1.5,Middels_90,61,1944,628,295.4,0.922,1894.4
1.5,Middels_90,62,2506,669,296.7,0.899,1469.4
1.5,Middels_90,63,2439,649,318.0,0.8947,1510.7
1.5,Middels_90,64,3498,733,323.2,0.8465,1052.9
1.5,Middels_90,65,2383,693,321.0,0.8962,1546.2
1.5,Middels_90,66,609,609,294.6,0.9849,9740.0
1.5,Middels_90,67,3497,637,281.9,0.8662,1053.6
1.5,Middels_90,68,2439,766,301.4,0.9003,1511.0
1.5,Middels_90,69,1915,623,279.9,0.9272,1923.4
1.5,Middels_90,70,1301,684,293.5,0.9481,2829.3
1.5,Middels_90,71,2582,657,294.0,0.8969,1426.0
1.5,Middels_90,72,1062,635,300.0,0.9568,3469.6
1.5,Middels_90,73,3219,612,285.7,0.8751,1143.9
1.5,Middels_90,74,2369,658,320.1,0.8971,1555.2
1.5,Middels_90,75,3380,663,287.6,0.868,1089.7
1.5,Middels_90,76,2888,592,294.5,0.8846,1275.8
1.5,Middels_90,77,1560,655,296.4,0.9372,2360.9
1.5,Middels_90,78,2980,637,317.1,0.8717,1235.9
1.5,Middels_90,79,3905,622,310.4,0.8355,943.2
1.5,Middels_90,80,2609,769,305.5,0.8918,1411.7
1.5,Middels_90,81,2253,579,277.9,0.915,1634.5
1.5,Middels_90,82,1860,641,311.1,0.9214,1979.9
1.5,Middels_90,83,3044,623,287.5,0.8812,1209.8
1.5,Middels_90,84,2734,699,302.3,0.8878,1347.6
1.5,Middels_90,85,2516,732,296.3,0.8988,1464.4
1.5,Middels_90,86,2362,661,316.4,0.8986,1560.0
1.5,Middels_90,87,1592,707,316.2,0.9317,2314.6
1.5,Middels_90,88,1957,615,292.4,0.9224,1883.3
1.5,Middels_90,89,1956,684,288.2,0.9235,1883.5
1.5,Middels_90,90,2330,678,281.3,0.911,1580.2
1.5,Middels_90,91,1958,649,280.4,0.9255,1881.6
1.5,Middels_90,92,2238,684,292.2,0.9113,1646.4
1.5,Middels_90,93,2300,698,294.3,0.9081,1601.9
1.5,Middels_90,94,1579,600,293.6,0.9371,2333.4
1.5,Middels_90,95,1832,741,300.3,0.9253,2010.2
1.5,Middels_90,96,1510,692,314.3,0.9356,2439.5
1.5,Middels_90,97,2034,669,315.1,0.9131,1811.9
1.5,Middels_90,98,2488,721,313.6,0.8942,1481.4
1.5,Middels_90,99,1705,662,300.5,0.9305,2161.5
1.5,Middels_90,100,3701,691,279.0,0.8599,995.3
1.5,Middels_90,101,2177,735,315.2,0.9068,1691.7
1.5,Middels_90,102,3464,642,286.6,0.8652,1063.3
1.5,Middels_90,103,2859,627,302.2,0.8827,1288.8
1.5,Middels_90,104,2831,689,308.8,0.8814,1301.7
1.5,Middels_90,105,2239,602,287.5,0.9126,1644.7
1.5,Middels_90,106,2666,643,282.7,0.8977,1381.3
1.5,Middels_90,107,2674,602,299.8,0.8911,1377.1
1.5,Middels_90,108,1537,774,305.6,0.9362,2396.9
1.5,Middels_90,109,2369,656,310.9,0.9,1555.1
1.5,Middels_90,110,2688,591,293.0,0.893,1369.6
1.5,Middels_90,111,1314,619,311.1,0.9445,2803.9
1.5,Middels_90,112,2329,728,281.1,0.9111,1581.2
1.5,Middels_90,113,2631,664,279.3,0.9002,1399.6
1.5,Middels_90,114,4574,728,279.4,0.8265,805.5
1.5,Middels_90,115,1510,602,288.1,0.941,2440.5
1.5,Middels_90,116,2849,684,275.6,0.8934,1292.4
1.5,Middels_90,117,2425,668,278.7,0.9083,1519.1
1.5,Middels_90,118,2266,656,313.9,0.9035,1625.8
1.5,Middels_90,119,2699,669,323.5,0.8815,1365.2
1.5,Middels_90,120,2588,640,302.5,0.8937,1423.7
1.5,Middels_90,121,1673,713,321.0,0.9271,2201.0
1.5,Middels_90,122,3035,635,301.1,0.876,1213.8
1.5,Middels_90,123,3456,678,311.0,0.8541,1065.7
1.5,Middels_90,124,2765,598,305.8,0.8852,1332.0
1.5,Middels_90,125,2119,593,321.2,0.9076,1737.9
1.5,Middels_90,126,3065,649,293.3,0.878,1201.8
1.5,Middels_90,127,2575,678,300.6,0.8949,1430.0
1.5,Middels_90,128,2887,581,277.2,0.8914,1276.4
1.5,Middels_90,129,1274,588,298.1,0.9484,2890.1
1.5,Middels_90,130,2804,620,323.9,0.8767,1313.9
1.5,Middels_90,131,1109,595,297.0,0.9553,3323.5
1.5,Middels_90,132,2814,663,289.1,0.8895,1308.7
1.5,Middels_90,133,2222,685,321.4,0.9031,1658.7
1.5,Middels_90,134,2660,665,306.7,0.8892,1384.7
1.5,Middels_90,135,2093,574,320.4,0.9089,1759.3
1.5,Middels_90,136,1839,657,317.3,0.9208,2003.8
1.5,Middels_90,137,1827,616,302.1,0.9251,2015.9
1.5,Middels_90,138,2995,584,275.3,0.8881,1229.5
1.5,Middels_90,139,2317,703,290.0,0.9087,1588.8
1.5,Middels_90,140,2862,601,297.6,0.8843,1286.7
1.5,Middels_90,141,3101,677,294.5,0.876,1187.5
1.5,Middels_90,142,1805,675,314.7,0.9229,2040.3
1.5,Middels_90,143,2154,647,318.9,0.9068,1710.5
1.5,Middels_90,144,1195,693,310.5,0.9496,3081.6
1.5,Middels_90,145,3639,633,293.1,0.8552,1012.0
1.5,Middels_90,146,2880,600,275.6,0.8923,1279.5
1.5,Middels_90,147,2055,578,286.4,0.9201,1792.3
1.5,Middels_90,148,2267,685,313.4,0.9035,1624.7
1.5,Middels_90,149,2421,613,323.4,0.8937,1521.2
1.5,Middels_90,150,1627,600,293.8,0.9351,2264.8
1.5,Middels_90,151,2671,628,296.7,0.8924,1379.3
1.5,Middels_90,152,1790,628,277.0,0.9327,2057.9
1.5,Middels_90,153,2152,636,304.4,0.9111,1712.1
1.5,Middels_90,154,1816,588,321.3,0.9208,2029.2
1.5,Middels_90,155,3919,675,282.8,0.8495,939.7
1.5,Middels_90,156,2392,790,308.9,0.8997,1540.0
1.5,Middels_90,157,2765,641,324.7,0.8781,1331.9
1.5,Middels_90,158,2611,644,313.2,0.889,1410.5
1.5,Middels_90,159,2953,606,311.0,0.8754,1247.4
1.5,Middels_90,160,1742,676,278.4,0.9342,2114.8
1.5,Middels_90,161,3962,593,275.5,0.8518,929.5
1.5,Middels_90,162,2538,643,315.2,0.8914,1451.4
1.5,Middels_90,163,3538,635,304.3,0.8539,1041.2
1.5,Middels_90,164,1621,649,314.1,0.9309,2272.0
1.5,Middels_90,165,2085,613,294.5,0.9166,1765.9
1.5,Middels_90,166,2182,630,319.5,0.9054,1688.6
1.5,Middels_90,167,3247,594,288.2,0.873,1134.4
1.5,Middels_90,168,3174,628,286.0,0.8768,1161.0
1.5,Middels_90,169,2638,654,280.7,0.8995,1396.0
1.5,Middels_90,170,2946,658,299.0,0.8804,1250.1
1.5,Middels_90,171,1712,704,299.0,0.9305,2152.1
1.5,Middels_90,172,3779,696,280.3,0.8562,974.7
1.5,Middels_90,173,1958,613,314.9,0.9163,1881.8
1.5,Middels_90,174,712,662,289.7,0.972,5175.3
1.5,Middels_90,175,3002,671,296.6,0.8791,1227.0
1.5,Middels_90,176,3441,600,283.6,0.8675,1070.4
1.5,Middels_90,177,3517,587,282.7,0.8651,1047.7
1.5,Middels_90,178,2306,612,318.5,0.9003,1598.1
1.5,Middels_90,179,2317,724,279.9,0.912,1589.2
1.5,Middels_90,180,2566,753,280.0,0.9025,1435.6
1.5,Middels_90,181,3232,592,305.6,0.866,1139.9
1.5,Middels_90,182,3689,620,316.2,0.8417,998.3
1.5,Middels_90,183,3988,612,295.4,0.8401,923.5
1.5,Middels_90,184,1566,742,277.4,0.941,2352.4
1.5,Middels_90,185,3611,690,300.3,0.8528,1019.9
1.5,Middels_90,186,2309,805,312.6,0.902,1594.6
1.5,Middels_90,187,1315,585,278.7,0.9502,2799.4
1.5,Middels_90,188,2721,613,285.6,0.8945,1353.8
1.5,Middels_90,189,3129,649,293.7,0.8752,1177.0
1.5,Middels_90,190,1382,692,315.0,0.941,2668.1
1.5,Middels_90,191,1386,719,320.3,0.9397,2655.4
1.5,Middels_90,192,1623,629,277.8,0.9388,2268.2
1.5,Middels_90,193,3735,571,313.6,0.841,986.2
1.5,Middels_90,194,1937,581,312.5,0.9179,1902.3
1.5,Middels_90,195,3141,607,276.1,0.8823,1172.6
1.5,Middels_90,196,2393,626,302.5,0.9018,1539.3
1.5,Middels_90,197,2387,627,301.7,0.9022,1542.5
1.5,Middels_90,198,3261,599,280.9,0.8756,1129.3
1.5,Middels_90,199,2359,588,294.9,0.9055,1561.0
1.5,Middels_90,200,2982,683,278.5,0.8872,1234.7
1.5,Middels_90,201,1797,621,280.0,0.9317,2050.1
1.5,Middels_90,202,2321,622,313.3,0.9013,1587.0
1.5,Middels_90,203,2580,622,287.8,0.8993,1428.3
1.5,Middels_90,204,747,592,278.1,0.9718,4934.7
1.5,Middels_90,205,2175,718,287.3,0.9152,1693.6
1.5,Middels_90,206,2770,698,311.3,0.8829,1329.5
1.5,Middels_90,207,1036,656,318.4,0.9552,3555.2
1.5,Middels_90,208,2764,740,280.2,0.8948,1332.3
1.5,Middels_90,209,3091,656,295.6,0.876,1191.7
1.5,Middels_90,210,1755,622,292.4,0.9303,2098.9
1.5,Middels_90,211,3090,671,284.2,0.8808,1192.5
1.5,Middels_90,212,2435,587,289.8,0.9042,1512.5
1.5,Middels_90,213,3112,637,284.2,0.88,1183.8
1.5,Middels_90,214,1356,656,317.6,0.9416,2717.5
1.5,Middels_90,215,2190,629,283.6,0.9157,1681.4
1.5,Middels_90,216,2688,629,320.7,0.8829,1370.0
1.5,Middels_90,217,2681,591,292.7,0.8935,1373.5
1.5,Middels_90,218,2107,623,302.0,0.9136,1747.5
1.5,Middels_90,219,2061,629,309.2,0.9136,1788.3
1.5,Middels_90,220,2474,672,275.7,0.9074,1489.1
1.5,Middels_90,221,2621,591,322.0,0.8855,1405.5
1.5,Middels_90,222,1620,626,318.5,0.93,2274.9
1.5,Middels_90,223,3273,573,289.6,0.8713,1125.4
1.5,Middels_90,224,2852,588,324.6,0.8744,1291.8
1.5,Middels_90,225,1047,591,319.4,0.9546,3520.6
1.5,Middels_90,226,3121,585,315.5,0.8663,1180.2
1.5,Middels_90,227,1837,606,281.3,0.9299,2005.8
1.5,Middels_90,228,2399,584,303.5,0.9012,1535.5
1.5,Middels_90,229,2435,647,290.2,0.9041,1512.7
1.5,Middels_90,230,1908,586,322.3,0.9165,1931.1
1.5,Middels_90,231,1623,614,305.0,0.9328,2270.0
1.5,Middels_90,232,3220,677,285.1,0.8753,1143.5
1.5,Middels_90,233,2243,749,300.9,0.9084,1643.0
1.5,Middels_90,234,3113,607,291.7,0.8767,1183.3
1.5,Middels_90,235,3769,650,294.9,0.8492,977.7
1.5,Middels_90,236,2222,651,320.0,0.9035,1658.3
1.5,Middels_90,237,921,724,317.0,0.9604,3998.9
1.5,Middels_90,238,3134,668,319.2,0.8642,1175.5
1.5,Middels_90,239,2856,679,310.2,0.8797,1289.2
1.5,Middels_90,240,1754,641,310.3,0.9261,2100.5
1.5,Middels_90,241,1498,580,291.3,0.9408,2458.5
1.5,Middels_90,242,2638,670,289.3,0.8964,1396.1
1.5,Middels_90,243,2944,670,289.0,0.8845,1251.6
1.5,Middels_90,244,2684,719,288.1,0.8951,1372.5
1.5,Middels_90,245,1803,620,279.6,0.9316,2043.8
1.5,Middels_90,246,2002,595,285.7,0.9224,1839.7
1.5,Middels_90,247,2973,693,306.2,0.8764,1238.8
1.5,Middels_90,248,2390,613,295.0,0.9043,1541.4
1.5,Middels_90,249,2170,637,301.6,0.9111,1696.6
1.5,Middels_90,250,860,599,305.4,0.9643,4280.7
1.5,Middels_90,251,670,599,288.9,0.9737,5494.4
1.5,Middels_90,252,1830,649,289.8,0.928,2013.3
1.5,Middels_90,253,3085,713,300.0,0.8744,1194.2
1.5,Middels_90,254,2547,626,300.6,0.8961,1446.0
1.5,Middels_90,255,2699,647,312.3,0.8856,1365.2
1.5,Middels_90,256,2376,580,296.5,0.9044,1550.9
1.5,Middels_90,257,3122,669,316.0,0.866,1179.4
1.5,Middels_90,258,3255,643,284.3,0.8744,1131.2
1.5,Middels_90,259,2033,593,296.5,0.9182,1813.1
1.5,Middels_90,260,2622,721,293.4,0.8956,1405.4
1.5,Middels_90,261,3136,647,275.6,0.8827,1174.5
1.5,Middels_90,262,3981,628,293.5,0.8414,925.2
1.5,Middels_90,263,2180,581,303.0,0.9104,1689.9
1.5,Middels_90,264,1649,671,301.2,0.9326,2234.2
1.5,Middels_90,265,2631,699,315.1,0.8874,1399.7
1.5,Middels_90,266,2719,606,276.3,0.898,1355.1
1.5,Middels_90,267,3658,696,308.4,0.8469,1007.0
1.5,Middels_90,268,3574,696,295.7,0.8566,1030.7
1.5,Middels_90,269,1956,557,291.0,0.9228,1884.3
1.5,Middels_90,270,1113,620,295.0,0.9554,3308.0
1.5,Middels_90,271,2722,683,275.9,0.8981,1353.3
1.5,Middels_90,272,2495,613,299.8,0.8985,1477.2
1.5,Middels_90,273,1547,739,282.5,0.9406,2379.2
1.5,Middels_90,274,2310,693,301.8,0.9054,1594.2
1.5,Middels_90,275,2593,665,305.1,0.8927,1421.2
1.5,Middels_90,276,2901,658,319.1,0.8744,1270.3
1.5,Middels_90,277,3050,643,280.9,0.8837,1207.9
1.5,Middels_90,278,2301,669,301.2,0.9059,1600.5
1.5,Middels_90,279,1874,661,298.6,0.9241,1966.2
1.5,Middels_90,280,3122,731,311.1,0.8681,1179.5
1.5,Middels_90,281,2691,669,323.2,0.8819,1369.0
1.5,Middels_90,282,1543,683,276.7,0.9421,2388.6
1.5,Middels_90,283,3468,612,322.2,0.8483,1062.2
1.5,Middels_90,284,2282,731,298.6,0.9075,1613.8
1.5,Middels_90,285,2308,672,302.0,0.9054,1596.2
1.5,Middels_90,286,2749,634,323.8,0.8792,1340.0
1.5,Middels_90,287,2750,719,309.3,0.8845,1339.0
1.5,Middels_90,288,2364,699,292.8,0.9061,1558.3
1.5,Middels_90,289,3563,637,321.3,0.8445,1033.4
1.5,Middels_90,290,3693,683,299.5,0.8499,997.6
1.5,Middels_90,291,3225,675,277.5,0.8785,1141.9
1.5,Middels_90,292,2218,745,306.5,0.9077,1660.4
1.5,Middels_90,293,2800,593,305.0,0.884,1315.0
1.5,Middels_90,294,2355,594,295.7,0.9055,1564.8
1.5,Middels_90,295,3224,735,311.5,0.8637,1142.8
1.5,Middels_90,296,2429,573,315.7,0.8959,1516.3
1.5,Middels_90,297,2344,704,314.1,0.9,1571.2
1.5,Middels_90,298,2021,609,283.1,0.9223,1822.6
1.5,Middels_90,299,2156,644,293.3,0.9141,1707.8
1.5,Middels_90,300,2954,566,300.1,0.8796,1246.6
1.5,Middels_90,301,2007,679,321.3,0.9125,1835.7
1.5,Middels_90,302,2216,679,286.0,0.914,1662.6
1.5,Middels_90,303,2786,762,292.3,0.8894,1321.6
1.5,Middels_90,304,3406,584,275.2,0.8728,1081.4
1.5,Middels_90,305,2754,734,294.2,0.89,1337.7
1.5,Middels_90,306,1869,620,303.5,0.923,1970.5
1.5,Middels_90,307,3582,614,292.4,0.8578,1028.2
1.5,Middels_90,308,2908,615,280.9,0.8891,1266.7
1.5,Middels_90,309,3322,692,295.1,0.867,1109.2
1.5,Middels_90,310,1187,550,317.0,0.9489,3103.2
1.5,Middels_90,311,2429,649,313.7,0.8966,1516.3
1.5,Middels_90,312,1153,706,296.9,0.9535,3193.8
1.5,Middels_90,313,2142,663,296.9,0.9136,1718.8
1.5,Middels_90,314,4052,595,277.9,0.8471,908.9
1.5,Middels_90,315,2264,648,297.3,0.9087,1628.1
1.5,Middels_90,316,1900,656,296.4,0.9236,1939.0
1.5,Middels_90,317,2593,592,306.8,0.8921,1421.1
1.5,Middels_90,318,2286,704,319.7,0.9008,1611.3
1.5,Middels_90,319,1414,633,301.8,0.942,2604.1
1.5,Middels_90,320,3029,683,314.5,0.8707,1215.9
1.5,Middels_90,321,2987,586,303.1,0.8771,1233.1
1.5,Middels_90,322,2908,644,319.6,0.8739,1267.3
1.5,Middels_90,323,1833,643,303.4,0.9245,2008.8
1.5,Middels_90,324,4114,621,277.0,0.8453,895.4
1.5,Middels_90,325,1763,643,318.0,0.9239,2088.1
1.5,Middels_90,326,1859,650,299.5,0.9244,1981.6
1.5,Middels_90,327,3048,641,301.5,0.8753,1208.6
1.5,Middels_90,328,2001,657,289.7,0.9213,1840.6
1.5,Middels_90,329,1515,727,279.5,0.9426,2433.5
1.5,Middels_90,330,3170,629,299.6,0.8711,1162.0
1.5,Middels_90,331,3041,593,293.8,0.8788,1211.5
1.5,Middels_90,332,3686,628,293.1,0.8534,999.6
1.5,Middels_90,333,2105,594,323.2,0.9077,1750.1
1.5,Middels_90,334,1503,616,278.6,0.9432,2451.8
1.5,Middels_90,335,2434,628,314.5,0.8961,1513.3
1.5,Middels_90,336,2299,644,281.8,0.9121,1602.5
1.5,Middels_90,337,3262,629,281.3,0.8754,1129.1
1.5,Middels_90,338,1712,658,311.2,0.9277,2152.3
1.5,Middels_90,339,1354,602,304.1,0.9442,2722.7
1.5,Middels_90,340,2736,706,321.8,0.8804,1345.9
1.5,Middels_90,341,2253,601,317.0,0.903,1634.4
1.5,Middels_90,342,3413,621,290.3,0.8655,1079.2
1.5,Middels_90,343,1112,620,322.4,0.9513,3312.8
1.5,Middels_90,344,2177,697,301.4,0.9109,1691.8
1.5,Middels_90,345,1944,675,306.8,0.919,1894.2
1.5,Middels_90,346,3381,621,319.7,0.8532,1089.1
1.5,Middels_90,347,3212,675,289.7,0.8737,1146.4
1.5,Middels_90,348,2663,621,298.6,0.8921,1383.8
1.5,Middels_90,349,1013,619,321.0,0.9558,3634.1
1.5,Middels_90,350,696,685,319.9,0.9733,5993.2
1.5,Middels_90,351,2660,621,296.0,0.8931,1384.5
1.5,Middels_90,352,1519,698,292.0,0.9398,2424.6
1.5,Middels_90,353,2985,647,278.9,0.8871,1234.6
1.5,Middels_90,354,1056,731,307.4,0.9559,3486.1
1.5,Middels_90,355,3393,728,291.7,0.8656,1085.6
1.5,Middels_90,356,671,670,295.8,0.99,14788.5
1.5,Middels_90,357,1959,724,291.2,0.9225,1879.4
1.5,Middels_90,358,3568,656,307.8,0.8509,1032.4
1.5,Middels_90,359,1169,636,305.6,0.9515,3150.7
1.5,Middels_90,360,1448,648,323.9,0.9363,2542.9
1.5,Middels_90,361,2896,675,313.6,0.8767,1272.1
1.5,Middels_90,362,710,657,319.5,0.9692,5191.1
1.5,Middels_90,363,1853,648,324.6,0.9184,1987.9
1.5,Middels_90,364,1680,746,283.6,0.9353,2191.9
1.5,Middels_90,365,1853,612,294.0,0.926,1987.8
1.5,Middels_90,366,1428,578,279.2,0.9458,2577.0
1.5,Middels_90,367,2994,672,313.2,0.8727,1230.0
1.5,Middels_90,368,2266,636,324.9,0.9001,1625.9
1.5,Middels_90,369,2586,633,291.0,0.8979,1424.6
1.5,Middels_90,370,3136,574,275.2,0.8828,1174.2
1.5,Middels_90,371,2489,672,324.5,0.8903,1479.8
1.5,Middels_90,372,2092,630,296.7,0.9157,1760.2
1.5,Middels_90,373,1253,602,293.4,0.95,2936.9
1.5,Middels_90,374,2594,739,281.1,0.901,1420.3
1.5,Middels_90,375,2289,613,307.8,0.9043,1608.2
1.5,Middels_90,376,3092,594,303.4,0.8727,1191.5
1.5,Middels_90,377,2352,592,313.2,0.9,1565.9
1.5,Middels_90,378,1837,679,303.4,0.9244,2005.3
1.5,Middels_90,379,2366,545,320.6,0.897,1556.5
1.5,Middels_90,380,2314,612,322.2,0.8988,1592.5
1.5,Middels_90,381,2236,651,321.6,0.9024,1648.4
1.5,Middels_90,382,2692,682,289.3,0.8943,1368.3
1.5,Middels_90,383,2842,698,278.9,0.8924,1295.6
1.5,Middels_90,384,1867,685,315.8,0.92,1973.3
1.5,Middels_90,385,2163,726,275.4,0.9191,1702.3
1.5,Middels_90,386,4133,759,279.6,0.8432,891.5
1.5,Middels_90,387,1967,609,314.8,0.9159,1872.4
1.5,Middels_90,388,2464,672,292.0,0.9023,1494.3
1.5,Middels_90,389,2182,591,307.3,0.909,1688.5
1.5,Middels_90,390,2849,599,281.2,0.8912,1292.8
1.5,Middels_90,391,2051,689,305.0,0.9151,1795.1
1.5,Middels_90,392,1879,621,311.9,0.9205,1961.9
1.5,Middels_90,393,1196,665,282.9,0.9541,3079.8
1.5,Middels_90,394,2607,627,279.0,0.9013,1413.5
1.5,Middels_90,395,2476,706,299.2,0.8995,1488.0
1.5,Middels_90,396,2453,672,320.2,0.8935,1502.5
1.5,Middels_90,397,1606,579,317.2,0.9309,2295.6
1.5,Middels_90,398,2848,679,323.8,0.8748,1293.2
1.5,Middels_90,399,2595,598,299.2,0.8946,1419.8
1.5,Middels_90,400,3238,643,315.4,0.8614,1137.7
1.5,Middels_90,401,2707,585,292.3,0.8926,1360.9
1.5,Middels_90,402,2573,635,297.0,0.8963,1431.6
1.5,Middels_90,403,2820,573,283.5,0.8915,1306.0
1.5,Middels_90,404,2366,630,292.3,0.9061,1556.7
1.5,Middels_90,405,1743,592,285.2,0.9325,2112.8
1.5,Middels_90,406,3245,595,287.5,0.8734,1135.3
1.5,Middels_90,407,2247,630,290.9,0.9112,1638.5
1.5,Middels_90,408,1922,636,304.4,0.9206,1917.3
1.5,Middels_90,409,3080,651,322.1,0.8653,1195.5
1.5,Middels_90,410,2800,637,323.8,0.8769,1315.5
1.5,Middels_90,411,2300,692,323.0,0.8992,1601.8
1.5,Middels_90,412,3351,671,313.6,0.8574,1099.4
1.5,Middels_90,413,2162,592,324.1,0.9049,1704.0
1.5,Middels_90,414,2223,682,315.6,0.9048,1657.5
1.5,Middels_90,415,2390,670,295.7,0.9041,1541.9
1.5,Middels_90,416,2905,606,323.8,0.8723,1267.6
1.5,Middels_90,417,3332,592,301.3,0.8637,1105.2
1.5,Middels_90,418,2786,621,276.7,0.8954,1321.9
1.5,Middels_90,419,2811,704,296.4,0.8869,1310.8
1.5,Middels_90,420,2785,634,317.9,0.8798,1322.1
1.5,Middels_90,421,1398,713,322.4,0.9388,2634.6
1.5,Middels_90,422,2735,570,294.2,0.8908,1346.9
1.5,Middels_90,423,3625,614,303.3,0.8507,1015.9
1.5,Middels_90,424,2624,670,311.8,0.8889,1403.8
1.5,Middels_90,425,635,633,312.7,0.9857,10905.9
1.5,Middels_90,426,2019,626,281.0,0.923,1825.1
1.5,Middels_90,427,2470,718,278.3,0.9067,1491.1
1.5,Middels_90,428,2414,633,288.2,0.9055,1525.3
1.5,Middels_90,429,3748,605,297.4,0.8487,983.1
1.5,Middels_90,430,3163,676,315.4,0.8646,1164.3
1.5,Middels_90,431,2180,622,305.8,0.9095,1690.1
1.5,Middels_90,432,4410,621,277.6,0.8338,835.2
1.5,Middels_90,433,3259,564,312.2,0.8619,1130.3
1.5,Middels_90,434,3465,690,306.6,0.8558,1062.9
1.5,Middels_90,435,1802,648,306.1,0.9252,2045.6
1.5,Middels_90,436,2274,636,298.5,0.9079,1620.0
1.5,Middels_90,437,2667,656,275.3,0.9003,1380.7
1.5,Middels_90,438,2526,619,315.9,0.8916,1457.7
1.5,Middels_90,439,3252,662,316.7,0.8602,1132.9
1.5,Middels_90,440,2061,627,301.7,0.9156,1788.3
1.5,Middels_90,441,2041,774,319.5,0.9115,1805.3
1.5,Middels_90,442,3562,719,276.0,0.8666,1034.0
1.5,Middels_90,443,1917,704,284.5,0.926,1921.6
1.5,Middels_90,444,2678,581,306.9,0.8884,1375.5
1.5,Middels_90,445,4329,738,298.8,0.8244,851.1
1.5,Middels_90,446,3759,665,316.8,0.8383,979.8
1.5,Middels_90,447,2730,672,309.8,0.8852,1348.7
1.5,Middels_90,448,2527,656,301.7,0.8965,1457.5
1.5,Middels_90,449,3171,661,297.9,0.8717,1161.3
1.5,Middels_90,450,3013,634,286.4,0.8829,1223.1
1.5,Middels_90,451,2575,648,285.3,0.9002,1430.0
1.5,Middels_90,452,1085,621,321.5,0.9526,3390.9
1.5,Middels_90,453,1160,613,309.3,0.9513,3177.1
1.5,Middels_90,454,2551,600,296.7,0.8973,1444.5
1.5,Middels_90,455,1980,602,284.4,0.9235,1859.8
1.5,Middels_90,456,3259,642,292.2,0.8708,1130.6
1.5,Middels_90,457,2064,726,312.7,0.9124,1784.3
1.5,Middels_90,458,1467,693,295.3,0.9412,2511.0
1.5,Middels_90,459,2167,593,281.4,0.9173,1700.4
1.5,Middels_90,460,2454,675,318.7,0.8938,1501.2
1.5,Middels_90,461,2082,613,291.8,0.9175,1769.7
1.5,Middels_90,462,1428,599,276.0,0.9465,2578.3
1.5,Middels_90,463,2819,670,304.4,0.8835,1306.7
1.5,Middels_90,464,2211,670,301.9,0.9094,1666.1
1.5,Middels_90,465,2726,619,281.8,0.8957,1351.4
1.5,Middels_90,466,4004,692,275.3,0.8503,919.7
1.5,Middels_90,467,3440,642,305.0,0.8576,1070.9
1.5,Middels_90,468,2782,636,281.1,0.8938,1324.1
1.5,Middels_90,469,2020,696,293.8,0.9194,1823.6
1.5,Middels_90,470,2377,636,286.4,0.9076,1549.7
1.5,Middels_90,471,2803,689,324.4,0.8766,1314.5
1.5,Middels_90,472,1050,648,302.6,0.9568,3503.6
1.5,Middels_90,473,2835,636,301.5,0.8839,1298.9
1.5,Middels_90,474,2295,598,301.6,0.906,1604.7
1.5,Middels_90,475,3161,593,297.8,0.8722,1165.3
1.5,Middels_90,476,1511,642,281.2,0.9423,2437.8
1.5,Middels_90,477,2733,609,313.3,0.8838,1348.1
1.5,Middels_90,478,1208,684,319.8,0.9476,3050.6
1.5,Middels_90,479,2974,713,302.2,0.878,1238.3
1.5,Middels_90,480,2187,592,305.2,0.9094,1684.4
1.5,Middels_90,481,1347,678,309.5,0.9434,2735.8
1.5,Middels_90,482,2089,691,290.3,0.9177,1763.7
1.5,Middels_90,483,2407,595,292.6,0.9044,1530.1
1.5,Middels_90,484,2695,612,276.9,0.8987,1366.4
1.5,Middels_90,485,1462,734,311.0,0.9383,2518.6
1.5,Middels_90,486,1707,682,314.9,0.927,2157.4
1.5,Middels_90,487,1988,572,316.8,0.9145,1852.3
1.5,Middels_90,488,2391,663,311.0,0.8991,1541.2
1.5,Middels_90,489,2229,704,316.8,0.9042,1653.3
1.5,Middels_90,490,3420,606,301.3,0.8601,1077.1
1.5,Middels_90,491,1973,593,281.5,0.9246,1866.6
1.5,Middels_90,492,3233,755,310.2,0.8638,1139.1
1.5,Middels_90,493,3190,693,289.1,0.8748,1154.7
1.5,Middels_90,494,2196,605,306.7,0.9086,1677.4
1.5,Middels_90,495,2740,566,318.4,0.8816,1344.6
1.5,Middels_90,496,3055,773,288.0,0.8806,1206.0
1.5,Middels_90,497,3188,703,282.9,0.8776,1155.7
1.5,Middels_90,498,2966,608,284.3,0.8856,1242.1
1.5,Middels_90,499,3489,622,297.3,0.8592,1056.1
1.5,Samferdsel_96,0,830,619,312.4,0.9648,4437.9
1.5,Samferdsel_96,1,1396,629,305.0,0.9423,2641.3
1.5,Samferdsel_96,2,1568,579,324.5,0.9309,2347.6
1.5,Samferdsel_96,3,1161,657,300.6,0.9526,3173.1
1.5,Samferdsel_96,4,810,656,288.0,0.9684,4551.6
1.5,Samferdsel_96,5,717,707,320.6,0.9763,6758.1
1.5,Samferdsel_96,6,1449,619,291.2,0.9427,2541.0
1.5,Samferdsel_96,7,1427,692,282.7,0.9453,2581.6
1.5,Samferdsel_96,8,1148,654,279.5,0.9564,3206.1
1.5,Samferdsel_96,9,1508,721,309.7,0.9367,2445.0
1.5,Samferdsel_96,10,1883,619,305.9,0.9218,1955.1
1.5,Samferdsel_96,11,850,642,319.0,0.9632,4336.9
1.5,Samferdsel_96,12,637,636,278.3,0.99,13916.0
1.5,Samferdsel_96,13,787,629,282.5,0.9698,4683.0
1.5,Samferdsel_96,14,693,692,319.6,0.99,15981.2
1.5,Samferdsel_96,15,612,606,276.2,0.9803,7003.1
1.5,Samferdsel_96,16,691,690,284.1,0.99,14204.9
1.5,Samferdsel_96,17,908,637,315.1,0.9612,4058.4
1.5,Samferdsel_96,18,622,619,321.2,0.9848,10545.5
1.5,Samferdsel_96,19,608,607,284.9,0.99,14247.4
1.5,Samferdsel_96,20,1509,633,309.9,0.9366,2442.7
1.5,Samferdsel_96,21,2064,607,282.2,0.9209,1784.6
1.5,Samferdsel_96,22,1322,706,287.5,0.9484,2784.7
1.5,Samferdsel_96,23,605,599,280.1,0.9811,7425.2
1.5,Samferdsel_96,24,1020,636,300.8,0.9583,3609.6
1.5,Samferdsel_96,25,1393,662,287.2,0.9457,2644.2
1.5,Samferdsel_96,26,1385,655,309.8,0.9417,2658.5
1.5,Samferdsel_96,27,686,686,302.9,0.99,15146.4
1.5,Samferdsel_96,28,1174,565,295.3,0.953,3137.7
1.5,Samferdsel_96,29,654,650,284.4,0.9878,11674.0
1.5,Samferdsel_96,30,1074,567,303.5,0.9558,3433.0
1.5,Samferdsel_96,31,748,622,286.2,0.9709,4919.9
1.5,Samferdsel_96,32,644,627,307.1,0.9732,5718.8
1.5,Samferdsel_96,33,728,726,287.3,0.9877,11649.9
1.5,Samferdsel_96,34,642,642,301.6,0.99,15078.7
1.5,Samferdsel_96,35,2320,717,297.1,0.9065,1588.6
1.5,Samferdsel_96,36,1372,608,319.6,0.9404,2683.0
1.5,Samferdsel_96,37,634,634,291.4,0.99,14570.2
1.5,Samferdsel_96,38,1124,629,319.4,0.9513,3280.4
1.5,Samferdsel_96,39,654,651,288.8,0.99,14437.9
1.5,Samferdsel_96,40,676,669,313.5,0.9795,7653.8
1.5,Samferdsel_96,41,993,642,293.3,0.9604,3707.7
1.5,Samferdsel_96,42,924,685,322.1,0.9596,3984.1
1.5,Samferdsel_96,43,714,713,293.1,0.99,14656.8
1.5,Samferdsel_96,44,661,658,310.5,0.99,15526.2
1.5,Samferdsel_96,45,593,593,286.0,0.99,14297.9
1.5,Samferdsel_96,46,1131,571,302.5,0.9536,3257.9
1.5,Samferdsel_96,47,1685,657,321.2,0.9265,2185.4
1.5,Samferdsel_96,48,1460,746,313.9,0.9378,2524.6
1.5,Samferdsel_96,49,1266,717,311.1,0.9465,2909.4
1.5,Samferdsel_96,50,924,602,317.2,0.9602,3986.1
1.5,Samferdsel_96,51,831,710,300.7,0.9661,4436.3
1.5,Samferdsel_96,52,706,564,287.3,0.9725,5215.3
1.5,Samferdsel_96,53,1123,605,308.2,0.9531,3284.0
1.5,Samferdsel_96,54,620,616,276.7,0.9887,12246.8
1.5,Samferdsel_96,55,2142,670,322.4,0.9062,1718.7
1.5,Samferdsel_96,56,991,614,300.0,0.9597,3719.3
1.5,Samferdsel_96,57,969,706,298.4,0.9608,3806.7
1.5,Samferdsel_96,58,1342,796,286.6,0.9478,2744.6
1.5,Samferdsel_96,59,1110,609,296.7,0.9553,3318.3
1.5,Samferdsel_96,60,609,609,303.3,0.99,15163.9
1.5,Samferdsel_96,61,633,628,295.4,0.982,8219.5
1.5,Samferdsel_96,62,1018,669,296.7,0.959,3621.8
1.5,Samferdsel_96,63,1048,649,318.0,0.9547,3513.9
1.5,Samferdsel_96,64,2132,733,323.2,0.9065,1728.6
1.5,Samferdsel_96,65,1005,693,321.0,0.9562,3664.3
1.5,Samferdsel_96,66,609,609,294.6,0.99,14730.2
1.5,Samferdsel_96,67,1929,637,281.9,0.9262,1910.5
1.5,Samferdsel_96,68,971,766,301.4,0.9603,3792.6
1.5,Samferdsel_96,69,628,623,279.9,0.9872,10973.5
1.5,Samferdsel_96,70,684,684,293.5,0.99,14677.0
1.5,Samferdsel_96,71,1081,657,294.0,0.9569,3412.4
1.5,Samferdsel_96,72,636,635,300.0,0.99,15000.7
1.5,Samferdsel_96,73,1672,612,285.7,0.9351,2202.2
1.5,Samferdsel_96,74,987,658,320.1,0.9571,3729.0
1.5,Samferdsel_96,75,1844,663,287.6,0.928,1998.2
1.5,Samferdsel_96,76,1386,592,294.5,0.9446,2656.7
1.5,Samferdsel_96,77,655,655,296.4,0.99,14821.3
1.5,Samferdsel_96,78,1587,637,317.1,0.9317,2321.9
1.5,Samferdsel_96,79,2482,622,310.4,0.8955,1484.5
1.5,Samferdsel_96,80,1162,769,305.5,0.9518,3168.1
1.5,Samferdsel_96,81,663,579,277.9,0.975,5555.8
1.5,Samferdsel_96,82,644,641,311.1,0.9814,8376.5
1.5,Samferdsel_96,83,1508,623,287.5,0.9412,2443.8
1.5,Samferdsel_96,84,1271,699,302.3,0.9478,2897.6
1.5,Samferdsel_96,85,1025,732,296.3,0.9588,3599.1
1.5,Samferdsel_96,86,964,661,316.4,0.9586,3820.5
1.5,Samferdsel_96,87,710,707,316.2,0.99,15810.5
1.5,Samferdsel_96,88,621,615,292.4,0.9824,8294.7
1.5,Samferdsel_96,89,686,684,288.2,0.9835,8725.0
1.5,Samferdsel_96,90,760,678,281.3,0.971,4847.4
1.5,Samferdsel_96,91,654,649,280.4,0.9855,9655.5
1.5,Samferdsel_96,92,725,684,292.2,0.9713,5084.8
1.5,Samferdsel_96,93,797,698,294.3,0.9681,4619.5
1.5,Samferdsel_96,94,601,600,293.6,0.99,14679.3
1.5,Samferdsel_96,95,746,741,300.3,0.9853,10215.9
1.5,Samferdsel_96,96,692,692,314.3,0.99,15714.5
1.5,Samferdsel_96,97,679,669,315.1,0.9731,5846.6
1.5,Samferdsel_96,98,1077,721,313.6,0.9542,3420.7
1.5,Samferdsel_96,99,662,662,300.5,0.99,15027.4
1.5,Samferdsel_96,100,2117,691,279.0,0.9199,1740.5
1.5,Samferdsel_96,101,775,735,315.2,0.9668,4753.7
1.5,Samferdsel_96,102,1923,642,286.6,0.9252,1916.2
1.5,Samferdsel_96,103,1396,627,302.2,0.9427,2639.5
1.5,Samferdsel_96,104,1398,689,308.8,0.9414,2633.9
1.5,Samferdsel_96,105,703,602,287.5,0.9726,5247.9
1.5,Samferdsel_96,106,1103,643,282.7,0.9577,3339.5
1.5,Samferdsel_96,107,1201,602,299.8,0.9511,3067.8
1.5,Samferdsel_96,108,775,774,305.6,0.99,15282.1
1.5,Samferdsel_96,109,948,656,310.9,0.96,3890.5
1.5,Samferdsel_96,110,1181,591,293.0,0.953,3119.8
1.5,Samferdsel_96,111,619,619,311.1,0.99,15554.2
1.5,Samferdsel_96,112,756,728,281.1,0.9711,4865.0
1.5,Samferdsel_96,113,1049,664,279.3,0.9602,3510.5
1.5,Samferdsel_96,114,2992,728,279.4,0.8865,1231.4
1.5,Samferdsel_96,115,602,602,288.1,0.99,14404.2
1.5,Samferdsel_96,116,1246,684,275.6,0.9534,2955.6
1.5,Samferdsel_96,117,839,668,278.7,0.9683,4391.2
1.5,Samferdsel_96,118,858,656,313.9,0.9635,4297.0
1.5,Samferdsel_96,119,1333,669,323.5,0.9415,2765.5
1.5,Samferdsel_96,120,1126,640,302.5,0.9537,3270.5
1.5,Samferdsel_96,121,714,713,321.0,0.9871,12426.9
1.5,Samferdsel_96,122,1567,635,301.1,0.936,2351.1
1.5,Samferdsel_96,123,2035,678,311.0,0.9141,1809.9
1.5,Samferdsel_96,124,1320,598,305.8,0.9452,2791.0
1.5,Samferdsel_96,125,745,593,321.2,0.9676,4953.9
1.5,Samferdsel_96,126,1558,649,293.3,0.938,2364.6
1.5,Samferdsel_96,127,1105,678,300.6,0.9549,3331.8
1.5,Samferdsel_96,128,1292,581,277.2,0.9514,2852.7
1.5,Samferdsel_96,129,591,588,298.1,0.99,14906.0
1.5,Samferdsel_96,130,1439,620,323.9,0.9367,2560.1
1.5,Samferdsel_96,131,595,595,297.0,0.99,14851.3
1.5,Samferdsel_96,132,1286,663,289.1,0.9495,2864.7
1.5,Samferdsel_96,133,846,685,321.4,0.9631,4355.8
1.5,Samferdsel_96,134,1218,665,306.7,0.9492,3021.7
1.5,Samferdsel_96,135,714,574,320.4,0.9689,5158.3
1.5,Samferdsel_96,136,662,657,317.3,0.9808,8274.3
1.5,Samferdsel_96,137,620,616,302.1,0.9851,10117.0
1.5,Samferdsel_96,138,1390,584,275.3,0.9481,2650.0
1.5,Samferdsel_96,139,795,703,290.0,0.9687,4637.9
1.5,Samferdsel_96,140,1377,601,297.6,0.9443,2673.9
1.5,Samferdsel_96,141,1601,677,294.5,0.936,2300.5
1.5,Samferdsel_96,142,678,675,314.7,0.9829,9188.4
1.5,Samferdsel_96,143,768,647,318.9,0.9668,4799.4
1.5,Samferdsel_96,144,693,693,310.5,0.99,15523.5
1.5,Samferdsel_96,145,2132,633,293.1,0.9152,1727.9
1.5,Samferdsel_96,146,1274,600,275.6,0.9523,2888.9
1.5,Samferdsel_96,147,585,578,286.4,0.9801,7199.0
1.5,Samferdsel_96,148,858,685,313.4,0.9635,4297.9
1.5,Samferdsel_96,149,1055,613,323.4,0.9537,3492.3
1.5,Samferdsel_96,150,601,600,293.8,0.99,14689.9
1.5,Samferdsel_96,151,1181,628,296.7,0.9524,3119.4
1.5,Samferdsel_96,152,629,628,277.0,0.99,13851.6
1.5,Samferdsel_96,153,699,636,304.4,0.9711,5266.5
1.5,Samferdsel_96,154,588,588,321.3,0.9808,8376.8
1.5,Samferdsel_96,155,2357,675,282.8,0.9095,1562.8
1.5,Samferdsel_96,156,962,790,308.9,0.9597,3832.6
1.5,Samferdsel_96,157,1404,641,324.7,0.9381,2623.3
1.5,Samferdsel_96,158,1201,644,313.2,0.949,3069.4
1.5,Samferdsel_96,159,1531,606,311.0,0.9354,2405.3
1.5,Samferdsel_96,160,676,676,278.4,0.99,13920.3
1.5,Samferdsel_96,161,2358,593,275.5,0.9118,1561.9
1.5,Samferdsel_96,162,1137,643,315.2,0.9514,3243.1
1.5,Samferdsel_96,163,2085,635,304.3,0.9139,1766.8
1.5,Samferdsel_96,164,650,649,314.1,0.99,15705.6
1.5,Samferdsel_96,165,615,613,294.5,0.9766,6297.9
1.5,Samferdsel_96,166,798,630,319.5,0.9654,4614.9
1.5,Samferdsel_96,167,1713,594,288.2,0.933,2149.7
1.5,Samferdsel_96,168,1628,628,286.0,0.9368,2264.0
1.5,Samferdsel_96,169,1063,654,280.7,0.9595,3462.3
1.5,Samferdsel_96,170,1468,658,299.0,0.9404,2508.7
1.5,Samferdsel_96,171,705,704,299.0,0.99,14948.4
1.5,Samferdsel_96,172,2202,696,280.3,0.9162,1672.9
1.5,Samferdsel_96,173,620,613,314.9,0.9763,6652.3
1.5,Samferdsel_96,174,664,662,289.7,0.99,14485.6
1.5,Samferdsel_96,175,1511,671,296.6,0.9391,2436.3
1.5,Samferdsel_96,176,1882,600,283.6,0.9275,1956.5
1.5,Samferdsel_96,177,1952,587,282.7,0.9251,1886.4
1.5,Samferdsel_96,178,917,612,318.5,0.9603,4015.6
1.5,Samferdsel_96,179,739,724,279.9,0.972,4988.7
1.5,Samferdsel_96,180,986,753,280.0,0.9625,3731.9
1.5,Samferdsel_96,181,1784,592,305.6,0.926,2063.6
1.5,Samferdsel_96,182,2292,620,316.2,0.9017,1607.3
1.5,Samferdsel_96,183,2492,612,295.4,0.9001,1477.9
1.5,Samferdsel_96,184,745,742,277.4,0.99,13869.4
1.5,Samferdsel_96,185,2140,690,300.3,0.9128,1721.4
1.5,Samferdsel_96,186,896,805,312.6,0.962,4110.3
1.5,Samferdsel_96,187,586,585,278.7,0.99,13934.4
1.5,Samferdsel_96,188,1174,613,285.6,0.9545,3139.4
1.5,Samferdsel_96,189,1624,649,293.7,0.9352,2267.3
1.5,Samferdsel_96,190,693,692,315.0,0.99,15751.9
1.5,Samferdsel_96,191,719,719,320.3,0.99,16014.6
1.5,Samferdsel_96,192,633,629,277.8,0.99,13888.7
1.5,Samferdsel_96,193,2327,571,313.6,0.901,1583.8
1.5,Samferdsel_96,194,586,581,312.5,0.9779,7059.3
1.5,Samferdsel_96,195,1539,607,276.1,0.9423,2391.8
1.5,Samferdsel_96,196,931,626,302.5,0.9618,3954.1
1.5,Samferdsel_96,197,923,627,301.7,0.9622,3991.4
1.5,Samferdsel_96,198,1687,599,280.9,0.9356,2182.1
1.5,Samferdsel_96,199,860,588,294.9,0.9655,4278.4
1.5,Samferdsel_96,200,1397,683,278.5,0.9472,2638.7
1.5,Samferdsel_96,201,622,621,280.0,0.99,14001.9
1.5,Samferdsel_96,202,910,622,313.3,0.9613,4046.3
1.5,Samferdsel_96,203,1043,622,287.8,0.9593,3531.5
1.5,Samferdsel_96,204,592,592,278.1,0.99,13905.1
1.5,Samferdsel_96,205,727,718,287.3,0.9752,5786.2
1.5,Samferdsel_96,206,1350,698,311.3,0.9429,2727.0
1.5,Samferdsel_96,207,657,656,318.4,0.99,15918.8
1.5,Samferdsel_96,208,1188,740,280.2,0.9548,3102.4
1.5,Samferdsel_96,209,1595,656,295.6,0.936,2308.3
1.5,Samferdsel_96,210,622,622,292.4,0.99,14622.1
1.5,Samferdsel_96,211,1533,671,284.2,0.9408,2402.1
1.5,Samferdsel_96,212,910,587,289.8,0.9642,4047.6
1.5,Samferdsel_96,213,1557,637,284.2,0.94,2367.3
1.5,Samferdsel_96,214,657,656,317.6,0.99,15881.1
1.5,Samferdsel_96,215,640,629,283.6,0.9757,5827.7
1.5,Samferdsel_96,216,1312,629,320.7,0.9429,2810.7
1.5,Samferdsel_96,217,1172,591,292.7,0.9535,3143.9
1.5,Samferdsel_96,218,644,623,302.0,0.9736,5718.5
1.5,Samferdsel_96,219,637,629,309.2,0.9736,5846.1
1.5,Samferdsel_96,220,871,672,275.7,0.9674,4231.6
1.5,Samferdsel_96,221,1249,591,322.0,0.9455,2951.9
1.5,Samferdsel_96,222,626,626,318.5,0.99,15923.4
1.5,Samferdsel_96,223,1747,573,289.6,0.9313,2108.9
1.5,Samferdsel_96,224,1489,588,324.6,0.9344,2473.0
1.5,Samferdsel_96,225,592,591,319.4,0.99,15968.5
1.5,Samferdsel_96,226,1720,585,315.5,0.9263,2141.6
1.5,Samferdsel_96,227,607,606,281.3,0.9899,13892.1
1.5,Samferdsel_96,228,942,584,303.5,0.9612,3909.4
1.5,Samferdsel_96,229,913,647,290.2,0.9641,4040.1
1.5,Samferdsel_96,230,586,586,322.3,0.9765,6872.0
1.5,Samferdsel_96,231,615,614,305.0,0.99,15252.4
1.5,Samferdsel_96,232,1671,677,285.1,0.9353,2204.6
1.5,Samferdsel_96,233,774,749,300.9,0.9684,4764.0
1.5,Samferdsel_96,234,1599,607,291.7,0.9367,2305.6
1.5,Samferdsel_96,235,2268,650,294.9,0.9092,1623.7
1.5,Samferdsel_96,236,839,651,320.0,0.9635,4386.4
1.5,Samferdsel_96,237,724,724,317.0,0.99,15849.6
1.5,Samferdsel_96,238,1749,668,319.2,0.9242,2106.4
1.5,Samferdsel_96,239,1432,679,310.2,0.9397,2572.1
1.5,Samferdsel_96,240,643,641,310.3,0.9861,11193.2
1.5,Samferdsel_96,241,581,580,291.3,0.99,14564.2
1.5,Samferdsel_96,242,1111,670,289.3,0.9564,3316.2
1.5,Samferdsel_96,243,1413,670,289.0,0.9445,2605.5
1.5,Samferdsel_96,244,1148,719,288.1,0.9551,3205.2
1.5,Samferdsel_96,245,621,620,279.6,0.99,13977.7
1.5,Samferdsel_96,246,595,595,285.7,0.9824,8095.6
1.5,Samferdsel_96,247,1530,693,306.2,0.9364,2407.6
1.5,Samferdsel_96,248,892,613,295.0,0.9643,4132.5
1.5,Samferdsel_96,249,705,637,301.6,0.9711,5220.5
1.5,Samferdsel_96,250,600,599,305.4,0.99,15271.1
1.5,Samferdsel_96,251,600,599,288.9,0.99,14445.5
1.5,Samferdsel_96,252,651,649,289.8,0.988,12102.7
1.5,Samferdsel_96,253,1610,713,300.0,0.9344,2286.1
1.5,Samferdsel_96,254,1077,626,300.6,0.9561,3420.3
1.5,Samferdsel_96,255,1284,647,312.3,0.9456,2871.5
1.5,Samferdsel_96,256,885,580,296.5,0.9644,4165.4
1.5,Samferdsel_96,257,1725,669,316.0,0.926,2136.3
1.5,Samferdsel_96,258,1701,643,284.3,0.9344,2165.3
1.5,Samferdsel_96,259,593,593,296.5,0.9782,6814.3
1.5,Samferdsel_96,260,1116,721,293.4,0.9556,3304.7
1.5,Samferdsel_96,261,1532,647,275.6,0.9427,2403.3
1.5,Samferdsel_96,262,2476,628,293.5,0.9014,1488.1
1.5,Samferdsel_96,263,720,581,303.0,0.9704,5110.7
1.5,Samferdsel_96,264,671,671,301.2,0.99,15058.0
1.5,Samferdsel_96,265,1229,699,315.1,0.9474,2997.0
1.5,Samferdsel_96,266,1118,606,276.3,0.958,3293.1
1.5,Samferdsel_96,267,2225,696,308.4,0.9069,1655.7
1.5,Samferdsel_96,268,2078,696,295.7,0.9166,1771.9
1.5,Samferdsel_96,269,557,557,291.0,0.9828,8455.2
1.5,Samferdsel_96,270,620,620,295.0,0.99,14749.8
1.5,Samferdsel_96,271,1119,683,275.9,0.9581,3290.1
1.5,Samferdsel_96,272,1020,613,299.8,0.9585,3613.9
1.5,Samferdsel_96,273,739,739,282.5,0.99,14123.0
1.5,Samferdsel_96,274,846,693,301.8,0.9654,4355.0
1.5,Samferdsel_96,275,1144,665,305.1,0.9527,3222.2
1.5,Samferdsel_96,276,1515,658,319.1,0.9344,2432.2
1.5,Samferdsel_96,277,1476,643,280.9,0.9437,2495.9
1.5,Samferdsel_96,278,833,669,301.2,0.9659,4417.7
1.5,Samferdsel_96,279,663,661,298.6,0.9841,9373.2
1.5,Samferdsel_96,280,1701,731,311.1,0.9281,2164.1
1.5,Samferdsel_96,281,1323,669,323.2,0.9419,2783.9
1.5,Samferdsel_96,282,684,683,276.7,0.99,13834.5
1.5,Samferdsel_96,283,2097,612,322.2,0.9083,1757.4
1.5,Samferdsel_96,284,802,731,298.6,0.9675,4592.3
1.5,Samferdsel_96,285,844,672,302.0,0.9654,4364.3
1.5,Samferdsel_96,286,1384,634,323.8,0.9392,2662.2
1.5,Samferdsel_96,287,1322,719,309.3,0.9445,2786.8
1.5,Samferdsel_96,288,853,699,292.8,0.9661,4313.3
1.5,Samferdsel_96,289,2189,637,321.3,0.9045,1683.0
1.5,Samferdsel_96,290,2217,683,299.5,0.9099,1662.0
1.5,Samferdsel_96,291,1634,675,277.5,0.9385,2255.5
1.5,Samferdsel_96,292,776,745,306.5,0.9677,4745.6
1.5,Samferdsel_96,293,1351,593,305.0,0.944,2724.4
1.5,Samferdsel_96,294,859,594,295.7,0.9655,4288.3
1.5,Samferdsel_96,295,1804,735,311.5,0.9237,2041.6
1.5,Samferdsel_96,296,1028,573,315.7,0.9559,3579.7
1.5,Samferdsel_96,297,937,704,314.1,0.96,3930.1
1.5,Samferdsel_96,298,614,609,283.1,0.9823,8015.6
1.5,Samferdsel_96,299,655,644,293.3,0.9741,5667.9
1.5,Samferdsel_96,300,1482,566,300.1,0.9396,2485.8
1.5,Samferdsel_96,301,690,679,321.3,0.9725,5840.0
1.5,Samferdsel_96,302,690,679,286.0,0.974,5498.8
1.5,Samferdsel_96,303,1274,762,292.3,0.9494,2889.0
1.5,Samferdsel_96,304,1799,584,275.2,0.9328,2046.7
1.5,Samferdsel_96,305,1251,734,294.2,0.95,2944.3
1.5,Samferdsel_96,306,626,620,303.5,0.983,8925.3
1.5,Samferdsel_96,307,2071,614,292.4,0.9178,1778.8
1.5,Samferdsel_96,308,1335,615,280.9,0.9491,2760.5
1.5,Samferdsel_96,309,1824,692,295.1,0.927,2020.4
1.5,Samferdsel_96,310,551,550,317.0,0.99,15850.8
1.5,Samferdsel_96,311,1020,649,313.7,0.9566,3610.5
1.5,Samferdsel_96,312,707,706,296.9,0.99,14846.6
1.5,Samferdsel_96,313,672,663,296.9,0.9736,5630.6
1.5,Samferdsel_96,314,2462,595,277.9,0.9071,1496.1
1.5,Samferdsel_96,315,776,648,297.3,0.9687,4747.7
1.5,Samferdsel_96,316,661,656,296.4,0.9836,9019.9
1.5,Samferdsel_96,317,1152,592,306.8,0.9521,3199.7
1.5,Samferdsel_96,318,903,704,319.7,0.9608,4077.9
1.5,Samferdsel_96,319,633,633,301.8,0.99,15092.4
1.5,Samferdsel_96,320,1623,683,314.5,0.9307,2268.2
1.5,Samferdsel_96,321,1529,586,303.1,0.9371,2409.4
1.5,Samferdsel_96,322,1524,644,319.6,0.9339,2417.8
1.5,Samferdsel_96,323,648,643,303.4,0.9845,9771.8
1.5,Samferdsel_96,324,2518,621,277.0,0.9053,1462.6
1.5,Samferdsel_96,325,648,643,318.0,0.9839,9852.9
1.5,Samferdsel_96,326,655,650,299.5,0.9844,9622.0
1.5,Samferdsel_96,327,1581,641,301.5,0.9353,2329.1
1.5,Samferdsel_96,328,663,657,289.7,0.9813,7749.9
1.5,Samferdsel_96,329,727,727,279.5,0.99,13976.5
1.5,Samferdsel_96,330,1694,629,299.6,0.9311,2173.9
1.5,Samferdsel_96,331,1536,593,293.8,0.9388,2398.5
1.5,Samferdsel_96,332,2177,628,293.1,0.9134,1691.9
1.5,Samferdsel_96,333,738,594,323.2,0.9677,4997.1
1.5,Samferdsel_96,334,619,616,278.6,0.99,13929.2
1.5,Samferdsel_96,335,1028,628,314.5,0.9561,3581.3
1.5,Samferdsel_96,336,731,644,281.8,0.9721,5047.0
1.5,Samferdsel_96,337,1691,629,281.3,0.9354,2178.5
1.5,Samferdsel_96,338,662,658,311.2,0.9877,12663.5
1.5,Samferdsel_96,339,602,602,304.1,0.99,15203.2
1.5,Samferdsel_96,340,1363,706,321.8,0.9404,2701.9
1.5,Samferdsel_96,341,859,601,317.0,0.963,4285.7
1.5,Samferdsel_96,342,1890,621,290.3,0.9255,1948.7
1.5,Samferdsel_96,343,620,620,322.4,0.99,16120.2
1.5,Samferdsel_96,344,711,697,301.4,0.9709,5184.0
1.5,Samferdsel_96,345,682,675,306.8,0.979,7309.9
1.5,Samferdsel_96,346,2000,621,319.7,0.9132,1842.2
1.5,Samferdsel_96,347,1687,675,289.7,0.9337,2183.2
1.5,Samferdsel_96,348,1181,621,298.6,0.9521,3117.3
1.5,Samferdsel_96,349,619,619,321.0,0.99,16052.0
1.5,Samferdsel_96,350,686,685,319.9,0.99,15997.0
1.5,Samferdsel_96,351,1167,621,296.0,0.9531,3155.7
1.5,Samferdsel_96,352,698,698,292.0,0.99,14600.9
1.5,Samferdsel_96,353,1398,647,278.9,0.9471,2633.7
1.5,Samferdsel_96,354,732,731,307.4,0.99,15369.2
1.5,Samferdsel_96,355,1879,728,291.7,0.9256,1961.7
1.5,Samferdsel_96,356,671,670,295.8,0.99,14788.5
1.5,Samferdsel_96,357,727,724,291.2,0.9825,8332.6
1.5,Samferdsel_96,358,2132,656,307.8,0.9109,1727.7
1.5,Samferdsel_96,359,636,636,305.6,0.99,15280.2
1.5,Samferdsel_96,360,648,648,323.9,0.99,16194.1
1.5,Samferdsel_96,361,1487,675,313.6,0.9367,2478.8
1.5,Samferdsel_96,362,658,657,319.5,0.99,15972.6
1.5,Samferdsel_96,363,655,648,324.6,0.9784,7500.0
1.5,Samferdsel_96,364,747,746,283.6,0.99,14181.0
1.5,Samferdsel_96,365,614,612,294.0,0.986,10535.6
1.5,Samferdsel_96,366,578,578,279.2,0.99,13957.8
1.5,Samferdsel_96,367,1582,672,313.2,0.9327,2326.4
1.5,Samferdsel_96,368,906,636,324.9,0.9601,4070.8
1.5,Samferdsel_96,369,1067,633,291.0,0.9579,3452.8
1.5,Samferdsel_96,370,1531,574,275.2,0.9428,2406.5
1.5,Samferdsel_96,371,1127,672,324.5,0.9503,3268.1
1.5,Samferdsel_96,372,641,630,296.7,0.9757,6107.9
1.5,Samferdsel_96,373,602,602,293.4,0.99,14671.6
1.5,Samferdsel_96,374,1021,739,281.1,0.961,3607.3
1.5,Samferdsel_96,375,854,613,307.8,0.9643,4311.9
1.5,Samferdsel_96,376,1635,594,303.4,0.9327,2253.4
1.5,Samferdsel_96,377,942,592,313.2,0.96,3915.1
1.5,Samferdsel_96,378,684,679,303.4,0.9844,9699.2
1.5,Samferdsel_96,379,987,545,320.6,0.957,3729.3
1.5,Samferdsel_96,380,942,612,322.2,0.9588,3914.2
1.5,Samferdsel_96,381,860,651,321.6,0.9624,4282.0
1.5,Samferdsel_96,382,1165,682,289.3,0.9543,3164.6
1.5,Samferdsel_96,383,1258,698,278.9,0.9524,2928.0
1.5,Samferdsel_96,384,692,685,315.8,0.98,7890.7
1.5,Samferdsel_96,385,734,726,275.4,0.9791,6590.9
1.5,Samferdsel_96,386,2552,759,279.6,0.9032,1443.8
1.5,Samferdsel_96,387,619,609,314.8,0.9759,6540.6
1.5,Samferdsel_96,388,951,672,292.0,0.9623,3871.4
1.5,Samferdsel_96,389,742,591,307.3,0.969,4957.5
1.5,Samferdsel_96,390,1278,599,281.2,0.9512,2883.7
1.5,Samferdsel_96,391,697,689,305.0,0.9751,6112.2
1.5,Samferdsel_96,392,627,621,311.9,0.9805,8002.2
1.5,Samferdsel_96,393,668,665,282.9,0.99,14147.2
1.5,Samferdsel_96,394,1021,627,279.0,0.9613,3605.4
1.5,Samferdsel_96,395,998,706,299.2,0.9595,3690.3
1.5,Samferdsel_96,396,1070,672,320.2,0.9535,3439.5
1.5,Samferdsel_96,397,579,579,317.2,0.99,15862.4
1.5,Samferdsel_96,398,1483,679,323.8,0.9348,2483.7
1.5,Samferdsel_96,399,1117,598,299.2,0.9546,3298.1
1.5,Samferdsel_96,400,1837,643,315.4,0.9214,2006.1
1.5,Samferdsel_96,401,1195,585,292.3,0.9526,3083.5
1.5,Samferdsel_96,402,1084,635,297.0,0.9563,3396.2
1.5,Samferdsel_96,403,1260,573,283.5,0.9515,2920.8
1.5,Samferdsel_96,404,853,630,292.3,0.9661,4313.2
1.5,Samferdsel_96,405,592,592,285.2,0.99,14261.3
1.5,Samferdsel_96,406,1707,595,287.5,0.9334,2158.2
1.5,Samferdsel_96,407,728,630,290.9,0.9712,5055.5
1.5,Samferdsel_96,408,641,636,304.4,0.9806,7852.8
1.5,Samferdsel_96,409,1708,651,322.1,0.9253,2155.8
1.5,Samferdsel_96,410,1435,637,323.8,0.9369,2566.7
1.5,Samferdsel_96,411,931,692,323.0,0.9592,3955.0
1.5,Samferdsel_96,412,1942,671,313.6,0.9174,1897.8
1.5,Samferdsel_96,413,797,592,324.1,0.9649,4616.6
1.5,Samferdsel_96,414,822,682,315.6,0.9648,4482.2
1.5,Samferdsel_96,415,894,670,295.7,0.9641,4118.6
1.5,Samferdsel_96,416,1540,606,323.8,0.9323,2390.5
1.5,Samferdsel_96,417,1866,592,301.3,0.9237,1974.4
1.5,Samferdsel_96,418,1189,621,276.7,0.9554,3098.5
1.5,Samferdsel_96,419,1320,704,296.4,0.9469,2792.7
1.5,Samferdsel_96,420,1396,634,317.9,0.9398,2639.5
1.5,Samferdsel_96,421,713,713,322.4,0.99,16121.1
1.5,Samferdsel_96,422,1232,570,294.2,0.9508,2988.9
1.5,Samferdsel_96,423,2168,614,303.3,0.9107,1698.7
1.5,Samferdsel_96,424,1207,670,311.8,0.9489,3053.2
1.5,Samferdsel_96,425,633,633,312.7,0.99,15634.0
1.5,Samferdsel_96,426,629,626,281.0,0.983,8269.8
1.5,Samferdsel_96,427,882,718,278.3,0.9667,4175.7
1.5,Samferdsel_96,428,881,633,288.2,0.9655,4178.7
1.5,Samferdsel_96,429,2260,605,297.4,0.9087,1629.4
1.5,Samferdsel_96,430,1762,676,315.4,0.9246,2090.4
1.5,Samferdsel_96,431,734,622,305.8,0.9695,5017.8
1.5,Samferdsel_96,432,2818,621,277.6,0.8938,1307.2
1.5,Samferdsel_96,433,1844,564,312.2,0.9219,1998.4
1.5,Samferdsel_96,434,2023,690,306.6,0.9158,1820.0
1.5,Samferdsel_96,435,648,648,306.1,0.9852,10326.8
1.5,Samferdsel_96,436,794,636,298.5,0.9679,4645.2
1.5,Samferdsel_96,437,1062,656,275.3,0.9603,3467.7
1.5,Samferdsel_96,438,1127,619,315.9,0.9516,3265.7
1.5,Samferdsel_96,439,1855,662,316.7,0.9202,1985.0
1.5,Samferdsel_96,440,635,627,301.7,0.9756,6193.3
1.5,Samferdsel_96,441,784,774,319.5,0.9715,5607.8
1.5,Samferdsel_96,442,1960,719,276.0,0.9266,1878.7
1.5,Samferdsel_96,443,706,704,284.5,0.986,10146.9
1.5,Samferdsel_96,444,1238,581,306.9,0.9484,2976.0
1.5,Samferdsel_96,445,2848,738,298.8,0.8844,1293.0
1.5,Samferdsel_96,446,2364,665,316.8,0.8983,1557.8
1.5,Samferdsel_96,447,1305,672,309.8,0.9452,2824.5
1.5,Samferdsel_96,448,1062,656,301.7,0.9565,3468.5
1.5,Samferdsel_96,449,1687,661,297.9,0.9317,2181.8
1.5,Samferdsel_96,450,1468,634,286.4,0.9429,2508.9
1.5,Samferdsel_96,451,1027,648,285.3,0.9602,3587.8
1.5,Samferdsel_96,452,622,621,321.5,0.99,16073.8
1.5,Samferdsel_96,453,613,613,309.3,0.99,15466.6
1.5,Samferdsel_96,454,1061,600,296.7,0.9573,3473.4
1.5,Samferdsel_96,455,608,602,284.4,0.9835,8643.3
1.5,Samferdsel_96,456,1746,642,292.2,0.9308,2110.5
1.5,Samferdsel_96,457,734,726,312.7,0.9724,5660.2
1.5,Samferdsel_96,458,696,693,295.3,0.99,14766.0
1.5,Samferdsel_96,459,595,593,281.4,0.9773,6188.3
1.5,Samferdsel_96,460,1067,675,318.7,0.9538,3453.0
1.5,Samferdsel_96,461,621,613,291.8,0.9775,6498.3
1.5,Samferdsel_96,462,599,599,276.0,0.99,13798.0
1.5,Samferdsel_96,463,1368,670,304.4,0.9435,2694.9
1.5,Samferdsel_96,464,747,670,301.9,0.9694,4933.1
1.5,Samferdsel_96,465,1158,619,281.8,0.9557,3182.9
1.5,Samferdsel_96,466,2399,692,275.3,0.9103,1535.2
1.5,Samferdsel_96,467,1991,642,305.0,0.9176,1850.7
1.5,Samferdsel_96,468,1209,636,281.1,0.9538,3045.7
1.5,Samferdsel_96,469,700,696,293.8,0.9794,7147.7
1.5,Samferdsel_96,470,833,636,286.4,0.9676,4417.9
1.5,Samferdsel_96,471,1440,689,324.4,0.9366,2558.8
1.5,Samferdsel_96,472,648,648,302.6,0.99,15128.4
1.5,Samferdsel_96,473,1370,636,301.5,0.9439,2689.0
1.5,Samferdsel_96,474,830,598,301.6,0.966,4438.6
1.5,Samferdsel_96,475,1677,593,297.8,0.9322,2196.7
1.5,Samferdsel_96,476,642,642,281.2,0.99,14059.2
1.5,Samferdsel_96,477,1321,609,313.3,0.9438,2787.3
1.5,Samferdsel_96,478,685,684,319.8,0.99,15990.9
1.5,Samferdsel_96,479,1511,713,302.2,0.938,2436.6
1.5,Samferdsel_96,480,739,592,305.2,0.9694,4986.5
1.5,Samferdsel_96,481,678,678,309.5,0.99,15475.8
1.5,Samferdsel_96,482,698,691,290.3,0.9777,6506.6
1.5,Samferdsel_96,483,896,595,292.6,0.9644,4108.3
1.5,Samferdsel_96,484,1099,612,276.9,0.9587,3349.6
1.5,Samferdsel_96,485,735,734,311.0,0.99,15549.9
1.5,Samferdsel_96,486,683,682,314.9,0.987,12129.3
1.5,Samferdsel_96,487,593,572,316.8,0.9745,6209.6
1.5,Samferdsel_96,488,969,663,311.0,0.9591,3802.8
1.5,Samferdsel_96,489,832,704,316.8,0.9642,4423.4
1.5,Samferdsel_96,490,1952,606,301.3,0.9201,1886.1
1.5,Samferdsel_96,491,599,593,281.5,0.9846,9143.1
1.5,Samferdsel_96,492,1809,755,310.2,0.9238,2036.6
1.5,Samferdsel_96,493,1662,693,289.1,0.9348,2217.7
1.5,Samferdsel_96,494,755,605,306.7,0.9686,4879.5
1.5,Samferdsel_96,495,1351,566,318.4,0.9416,2726.2
1.5,Samferdsel_96,496,1519,773,288.0,0.9406,2424.1
1.5,Samferdsel_96,497,1624,703,282.9,0.9376,2266.9
1.5,Samferdsel_96,498,1411,608,284.3,0.9456,2611.0
1.5,Samferdsel_96,499,2001,622,297.3,0.9192,1840.7
2.0,Basis_85,0,3423,824,312.4,0.8548,1075.9
2.0,Basis_85,1,4051,839,305.0,0.8323,909.1
2.0,Basis_85,2,4066,752,324.5,0.8209,905.8
2.0,Basis_85,3,3856,875,300.6,0.8426,955.2
2.0,Basis_85,4,3623,874,288.0,0.8584,1016.6
2.0,Basis_85,5,3072,943,320.6,0.8663,1198.9
2.0,Basis_85,6,4233,824,291.2,0.8327,870.3
2.0,Basis_85,7,4294,922,282.7,0.8353,857.9
2.0,Basis_85,8,4049,872,279.5,0.8464,909.8
2.0,Basis_85,9,4123,962,309.7,0.8267,893.3
2.0,Basis_85,10,4533,824,305.9,0.8118,812.6
2.0,Basis_85,11,3391,857,319.0,0.8532,1086.6
2.0,Basis_85,12,1928,850,278.3,0.9272,1910.9
2.0,Basis_85,13,3654,838,282.5,0.8598,1007.9
2.0,Basis_85,14,2323,922,319.6,0.8992,1585.6
2.0,Basis_85,15,3461,808,276.2,0.8703,1064.6
2.0,Basis_85,16,2077,920,284.1,0.9199,1774.1
2.0,Basis_85,17,3479,851,315.1,0.8512,1058.6
2.0,Basis_85,18,2873,824,321.2,0.8748,1282.5
2.0,Basis_85,19,2663,810,284.9,0.897,1383.9
2.0,Basis_85,20,4122,844,309.9,0.8266,893.4
2.0,Basis_85,21,4935,809,282.2,0.8109,746.3
2.0,Basis_85,22,4142,943,287.5,0.8384,889.4
2.0,Basis_85,23,3388,797,280.1,0.8711,1086.8
2.0,Basis_85,24,3715,847,300.8,0.8483,991.6
2.0,Basis_85,25,4214,882,287.2,0.8357,874.0
2.0,Basis_85,26,4002,872,309.8,0.8317,920.6
2.0,Basis_85,27,2385,916,302.9,0.9019,1544.7
2.0,Basis_85,28,3918,753,295.3,0.843,940.0
2.0,Basis_85,29,3164,867,284.4,0.8778,1164.0
2.0,Basis_85,30,3743,756,303.5,0.8458,984.1
2.0,Basis_85,31,3581,830,286.2,0.8609,1028.8
2.0,Basis_85,32,3283,836,307.1,0.8632,1121.9
2.0,Basis_85,33,3136,969,287.3,0.8777,1174.4
2.0,Basis_85,34,2482,857,301.6,0.8984,1484.5
2.0,Basis_85,35,5046,955,297.1,0.7965,729.9
2.0,Basis_85,36,3909,811,319.6,0.8304,942.4
2.0,Basis_85,37,2659,844,291.4,0.8948,1385.0
2.0,Basis_85,38,3660,839,319.4,0.8413,1006.3
2.0,Basis_85,39,2946,868,288.8,0.8845,1250.1
2.0,Basis_85,40,3066,893,313.5,0.8695,1201.2
2.0,Basis_85,41,3756,857,293.3,0.8504,980.7
2.0,Basis_85,42,3441,915,322.1,0.8496,1070.7
2.0,Basis_85,43,2786,951,293.1,0.8891,1321.4
2.0,Basis_85,44,2323,879,310.5,0.9021,1585.6
2.0,Basis_85,45,2831,745,286.0,0.8901,1301.2
2.0,Basis_85,46,3808,756,302.5,0.8436,967.0
2.0,Basis_85,47,4207,878,321.2,0.8165,875.2
2.0,Basis_85,48,4039,993,313.9,0.8278,911.7
2.0,Basis_85,49,3870,955,311.1,0.8365,951.7
2.0,Basis_85,50,3479,803,317.2,0.8502,1058.7
2.0,Basis_85,51,3525,944,300.7,0.8561,1045.0
2.0,Basis_85,52,3527,752,287.3,0.8625,1044.4
2.0,Basis_85,53,3750,805,308.2,0.8431,982.1
2.0,Basis_85,54,3230,823,276.7,0.8787,1140.5
2.0,Basis_85,55,4658,894,322.4,0.7962,790.9
2.0,Basis_85,56,3693,818,300.0,0.8497,997.7
2.0,Basis_85,57,3682,942,298.4,0.8508,1000.0
2.0,Basis_85,58,4170,1061,286.6,0.8378,883.4
2.0,Basis_85,59,3841,815,296.7,0.8453,958.8
2.0,Basis_85,60,2434,812,303.3,0.8998,1513.5
2.0,Basis_85,61,3191,837,295.4,0.872,1154.2
2.0,Basis_85,62,3749,893,296.7,0.849,982.7
2.0,Basis_85,63,3596,866,318.0,0.8447,1024.2
2.0,Basis_85,64,4638,978,323.2,0.7965,794.2
2.0,Basis_85,65,3531,924,321.0,0.8462,1043.6
2.0,Basis_85,66,1629,770,294.6,0.9349,2261.9
2.0,Basis_85,67,4802,851,281.9,0.8162,767.0
2.0,Basis_85,68,3660,1020,301.4,0.8503,1006.5
2.0,Basis_85,69,3231,831,279.9,0.8772,1140.0
2.0,Basis_85,70,2558,913,293.5,0.8981,1440.7
2.0,Basis_85,71,3835,878,294.0,0.8469,960.2
2.0,Basis_85,72,2289,847,300.0,0.9068,1608.9
2.0,Basis_85,73,4511,815,285.7,0.8251,816.8
2.0,Basis_85,74,3519,878,320.1,0.8471,1046.7
2.0,Basis_85,75,4661,882,287.6,0.818,790.3
2.0,Basis_85,76,4137,789,294.5,0.8346,890.2
2.0,Basis_85,77,2803,872,296.4,0.8872,1314.2
2.0,Basis_85,78,4142,801,317.1,0.8217,889.3
2.0,Basis_85,79,5093,830,310.4,0.7855,723.4
2.0,Basis_85,80,3814,1027,305.5,0.8418,965.6
2.0,Basis_85,81,3580,773,277.9,0.865,1029.2
2.0,Basis_85,82,3044,854,311.1,0.8714,1209.9
2.0,Basis_85,83,4325,738,287.5,0.8312,851.5
2.0,Basis_85,84,3952,934,302.3,0.8378,932.1
2.0,Basis_85,85,3758,976,296.3,0.8488,980.0
2.0,Basis_85,86,3526,880,316.4,0.8486,1044.8
2.0,Basis_85,87,2756,944,316.2,0.8817,1336.4
2.0,Basis_85,88,3216,822,292.4,0.8724,1145.4
2.0,Basis_85,89,3233,910,288.2,0.8735,1139.1
2.0,Basis_85,90,3640,906,281.3,0.861,1011.9
2.0,Basis_85,91,3272,866,280.4,0.8755,1126.1
2.0,Basis_85,92,3498,913,292.2,0.8613,1053.0
2.0,Basis_85,93,3552,931,294.3,0.8581,1037.3
2.0,Basis_85,94,2833,801,293.6,0.8871,1300.1
2.0,Basis_85,95,3058,990,300.3,0.8753,1204.2
2.0,Basis_85,96,2681,923,314.3,0.8856,1373.5
2.0,Basis_85,97,3203,892,315.1,0.8631,1150.4
2.0,Basis_85,98,3661,963,313.6,0.8442,1006.1
2.0,Basis_85,99,2930,881,300.5,0.8805,1257.3
2.0,Basis_85,100,5022,922,279.0,0.8099,733.6
2.0,Basis_85,101,3345,980,315.2,0.8568,1100.8
2.0,Basis_85,102,4750,857,286.6,0.8152,775.6
2.0,Basis_85,103,4077,787,302.2,0.8327,903.5
2.0,Basis_85,104,4023,917,308.8,0.8314,915.7
2.0,Basis_85,105,3520,803,287.5,0.8626,1046.1
2.0,Basis_85,106,3969,858,282.7,0.8477,927.9
2.0,Basis_85,107,3904,787,299.8,0.8411,943.7
2.0,Basis_85,108,2742,1033,305.6,0.8862,1343.4
2.0,Basis_85,109,3554,875,310.9,0.85,1036.6
2.0,Basis_85,110,3946,776,293.0,0.843,933.3
2.0,Basis_85,111,2498,824,311.1,0.8945,1474.7
2.0,Basis_85,112,3639,972,281.1,0.8611,1012.0
2.0,Basis_85,113,3951,887,279.3,0.8502,932.4
2.0,Basis_85,114,5892,972,279.4,0.7765,625.2
2.0,Basis_85,115,2789,769,288.1,0.891,1321.2
2.0,Basis_85,116,4186,913,275.6,0.8434,879.8
2.0,Basis_85,117,3745,888,278.7,0.8583,983.2
2.0,Basis_85,118,3440,874,313.9,0.8535,1071.0
2.0,Basis_85,119,3836,892,323.5,0.8315,960.1
2.0,Basis_85,120,3805,853,302.5,0.8437,968.1
2.0,Basis_85,121,2821,951,321.0,0.8771,1305.7
2.0,Basis_85,122,4259,847,301.1,0.826,865.1
2.0,Basis_85,123,4640,903,311.0,0.8041,793.7
2.0,Basis_85,124,3969,770,305.8,0.8352,927.8
2.0,Basis_85,125,3266,790,321.2,0.8576,1127.8
2.0,Basis_85,126,4322,865,293.3,0.828,852.5
2.0,Basis_85,127,3800,906,300.6,0.8449,969.0
2.0,Basis_85,128,4214,776,277.2,0.8414,873.9
2.0,Basis_85,129,2510,787,298.1,0.8984,1467.5
2.0,Basis_85,130,3940,826,323.9,0.8267,934.7
2.0,Basis_85,131,2349,789,297.0,0.9053,1568.5
2.0,Basis_85,132,4088,885,289.1,0.8395,900.9
2.0,Basis_85,133,3366,915,321.4,0.8531,1094.1
2.0,Basis_85,134,3861,888,306.7,0.8392,954.0
2.0,Basis_85,135,3244,767,320.4,0.8589,1135.7
2.0,Basis_85,136,3000,875,317.3,0.8708,1228.2
2.0,Basis_85,137,3045,823,302.1,0.8751,1209.1
2.0,Basis_85,138,4333,777,275.3,0.8381,849.9
2.0,Basis_85,139,3589,936,290.0,0.8587,1026.4
2.0,Basis_85,140,4100,714,297.6,0.8343,898.3
2.0,Basis_85,141,4352,903,294.5,0.826,846.3
2.0,Basis_85,142,2975,900,314.7,0.8729,1237.8
2.0,Basis_85,143,3309,860,318.9,0.8568,1113.4
2.0,Basis_85,144,2383,924,310.5,0.8996,1546.6
2.0,Basis_85,145,4897,843,293.1,0.8052,752.3
2.0,Basis_85,146,4214,801,275.6,0.8423,873.8
2.0,Basis_85,147,3342,769,286.4,0.8701,1102.3
2.0,Basis_85,148,3442,914,313.4,0.8535,1070.0
2.0,Basis_85,149,3561,817,323.4,0.8437,1034.6
2.0,Basis_85,150,2881,796,293.8,0.8851,1278.9
2.0,Basis_85,151,3912,837,296.7,0.8424,941.6
2.0,Basis_85,152,3120,837,277.0,0.8827,1180.8
2.0,Basis_85,153,3360,850,304.4,0.8611,1095.8
2.0,Basis_85,154,2961,755,321.3,0.8708,1243.8
2.0,Basis_85,155,5222,900,282.8,0.7995,705.3
2.0,Basis_85,156,3584,1054,308.9,0.8497,1027.7
2.0,Basis_85,157,3899,853,324.7,0.8281,944.4
2.0,Basis_85,158,3787,859,313.2,0.839,972.5
2.0,Basis_85,159,4137,808,311.0,0.8254,890.3
2.0,Basis_85,160,3065,900,278.4,0.8842,1201.9
2.0,Basis_85,161,5299,790,275.5,0.8018,695.0
2.0,Basis_85,162,3707,859,315.2,0.8414,993.8
2.0,Basis_85,163,4749,847,304.3,0.8039,775.8
2.0,Basis_85,164,2793,866,314.1,0.8809,1318.4
2.0,Basis_85,165,3337,805,294.5,0.8666,1103.9
2.0,Basis_85,166,3335,843,319.5,0.8554,1104.8
2.0,Basis_85,167,4526,752,288.2,0.823,814.0
2.0,Basis_85,168,4459,837,286.0,0.8268,825.8
2.0,Basis_85,169,3952,871,280.7,0.8495,932.3
2.0,Basis_85,170,4178,878,299.0,0.8304,881.6
2.0,Basis_85,171,2944,937,299.0,0.8805,1251.3
2.0,Basis_85,172,5093,927,280.3,0.8062,723.2
2.0,Basis_85,173,3127,817,314.9,0.8663,1177.9
2.0,Basis_85,174,1984,882,289.7,0.922,1857.4
2.0,Basis_85,175,4245,895,296.6,0.8291,867.9
2.0,Basis_85,176,4739,801,283.6,0.8175,777.1
2.0,Basis_85,177,4819,773,282.7,0.8151,764.4
2.0,Basis_85,178,3462,809,318.5,0.8503,1064.2
2.0,Basis_85,179,3633,964,279.9,0.862,1013.6
2.0,Basis_85,180,3882,1004,280.0,0.8525,949.0
2.0,Basis_85,181,4437,789,305.6,0.816,830.2
2.0,Basis_85,182,4855,826,316.2,0.7917,758.7
2.0,Basis_85,183,5235,816,295.4,0.7901,703.5
2.0,Basis_85,184,2894,991,277.4,0.891,1272.9
2.0,Basis_85,185,4837,921,300.3,0.8028,761.3
2.0,Basis_85,186,3489,1074,312.6,0.852,1056.0
2.0,Basis_85,187,2637,780,278.7,0.9002,1396.6
2.0,Basis_85,188,4010,817,285.6,0.8445,918.4
2.0,Basis_85,189,4385,866,293.7,0.8252,840.3
2.0,Basis_85,190,2551,923,315.0,0.891,1444.6
2.0,Basis_85,191,2538,958,320.3,0.8897,1451.8
2.0,Basis_85,192,2951,839,277.8,0.8888,1248.6
2.0,Basis_85,193,4910,752,313.6,0.791,750.3
2.0,Basis_85,194,3114,773,312.5,0.8679,1182.5
2.0,Basis_85,195,4476,802,276.1,0.8323,823.0
2.0,Basis_85,196,3611,833,302.5,0.8518,1020.1
2.0,Basis_85,197,3609,837,301.7,0.8522,1020.7
2.0,Basis_85,198,4574,798,280.9,0.8256,805.5
2.0,Basis_85,199,3609,766,294.9,0.8555,1020.8
2.0,Basis_85,200,4305,909,278.5,0.8372,855.4
2.0,Basis_85,201,3112,829,280.0,0.8817,1183.6
2.0,Basis_85,202,3497,830,313.3,0.8513,1053.4
2.0,Basis_85,203,3860,830,287.8,0.8493,954.6
2.0,Basis_85,204,2071,773,278.1,0.9218,1778.6
2.0,Basis_85,205,3457,957,287.3,0.8652,1065.6
2.0,Basis_85,206,3954,930,311.3,0.8329,931.6
2.0,Basis_85,207,2194,874,318.4,0.9052,1679.6
2.0,Basis_85,208,4079,986,280.2,0.8448,902.9
2.0,Basis_85,209,4337,875,295.6,0.826,849.3
2.0,Basis_85,210,3015,803,292.4,0.8803,1221.9
2.0,Basis_85,211,4386,894,284.2,0.8308,840.0
2.0,Basis_85,212,3707,754,289.8,0.8542,993.8
2.0,Basis_85,213,4408,851,284.2,0.83,835.7
2.0,Basis_85,214,2516,875,317.6,0.8916,1464.5
2.0,Basis_85,215,3490,838,283.6,0.8657,1055.5
2.0,Basis_85,216,3836,839,320.7,0.8329,959.9
2.0,Basis_85,217,3940,787,292.7,0.8435,934.8
2.0,Basis_85,218,3328,831,302.0,0.8636,1107.0
2.0,Basis_85,219,3252,839,309.2,0.8636,1132.9
2.0,Basis_85,220,3811,896,275.7,0.8574,966.9
2.0,Basis_85,221,3765,755,322.0,0.8355,978.4
2.0,Basis_85,222,2776,833,318.5,0.88,1327.0
2.0,Basis_85,223,4546,763,289.6,0.8213,810.5
2.0,Basis_85,224,3987,784,324.6,0.8244,924.1
2.0,Basis_85,225,2201,787,319.4,0.9046,1674.6
2.0,Basis_85,226,4289,780,315.5,0.8163,858.9
2.0,Basis_85,227,3146,809,281.3,0.8799,1170.9
2.0,Basis_85,228,3612,777,303.5,0.8512,1019.6
2.0,Basis_85,229,3703,861,290.2,0.8541,994.3
2.0,Basis_85,230,3050,761,322.3,0.8665,1207.6
2.0,Basis_85,231,2831,819,305.0,0.8828,1301.5
2.0,Basis_85,232,4513,902,285.1,0.8253,816.1
2.0,Basis_85,233,3465,999,300.9,0.8584,1062.8
2.0,Basis_85,234,4375,809,291.7,0.8267,841.8
2.0,Basis_85,235,5017,867,294.9,0.7992,734.2
2.0,Basis_85,236,3372,868,320.0,0.8535,1092.2
2.0,Basis_85,237,2083,964,317.0,0.9104,1768.2
2.0,Basis_85,238,4288,889,319.2,0.8142,859.2
2.0,Basis_85,239,4044,906,310.2,0.8297,910.7
2.0,Basis_85,240,2940,854,310.3,0.8761,1252.5
2.0,Basis_85,241,2763,774,291.3,0.8908,1333.2
2.0,Basis_85,242,3911,893,289.3,0.8464,941.7
2.0,Basis_85,243,4218,893,289.0,0.8345,873.4
2.0,Basis_85,244,3962,958,288.1,0.8451,929.6
2.0,Basis_85,245,3120,826,279.6,0.8816,1180.6
2.0,Basis_85,246,3293,768,285.7,0.8724,1119.1
2.0,Basis_85,247,4177,924,306.2,0.8264,881.9
2.0,Basis_85,248,3638,816,295.0,0.8543,1012.4
2.0,Basis_85,249,3392,851,301.6,0.8611,1085.8
2.0,Basis_85,250,2068,798,305.4,0.9143,1782.5
2.0,Basis_85,251,1945,798,288.9,0.9237,1893.5
2.0,Basis_85,252,3100,866,289.8,0.878,1188.0
2.0,Basis_85,253,4312,951,300.0,0.8244,854.2
2.0,Basis_85,254,3772,787,300.6,0.8461,976.3
2.0,Basis_85,255,3877,861,312.3,0.8356,949.9
2.0,Basis_85,256,3617,774,296.5,0.8544,1018.3
2.0,Basis_85,257,4289,892,316.0,0.816,858.9
2.0,Basis_85,258,4553,858,284.3,0.8244,809.2
2.0,Basis_85,259,3274,759,296.5,0.8682,1125.0
2.0,Basis_85,260,3876,963,293.4,0.8456,950.3
2.0,Basis_85,261,4472,861,275.6,0.8327,823.6
2.0,Basis_85,262,5236,837,293.5,0.7914,703.4
2.0,Basis_85,263,3395,776,303.0,0.8604,1084.8
2.0,Basis_85,264,2873,894,301.2,0.8826,1282.7
2.0,Basis_85,265,3800,934,315.1,0.8374,969.2
2.0,Basis_85,266,4051,809,276.3,0.848,909.2
2.0,Basis_85,267,4851,927,308.4,0.7969,759.2
2.0,Basis_85,268,4820,927,295.7,0.8066,764.3
2.0,Basis_85,269,3220,700,291.0,0.8728,1143.6
2.0,Basis_85,270,2363,825,295.0,0.9054,1559.4
2.0,Basis_85,271,4057,910,275.9,0.8481,907.9
2.0,Basis_85,272,3722,817,299.8,0.8485,989.6
2.0,Basis_85,273,2853,985,282.5,0.8906,1291.4
2.0,Basis_85,274,3532,927,301.8,0.8554,1043.2
2.0,Basis_85,275,3799,887,305.1,0.8427,969.6
2.0,Basis_85,276,4053,879,319.1,0.8244,908.6
2.0,Basis_85,277,4360,858,280.9,0.8337,844.6
2.0,Basis_85,278,3525,892,301.2,0.8559,1045.1
2.0,Basis_85,279,3107,880,298.6,0.8741,1185.5
2.0,Basis_85,280,4308,973,311.1,0.8181,855.3
2.0,Basis_85,281,3829,892,323.2,0.8319,961.7
2.0,Basis_85,282,2874,909,276.7,0.8921,1281.9
2.0,Basis_85,283,4611,815,322.2,0.7983,798.8
2.0,Basis_85,284,3517,972,298.6,0.8575,1047.6
2.0,Basis_85,285,3527,896,302.0,0.8554,1044.3
2.0,Basis_85,286,3888,845,323.8,0.8292,947.7
2.0,Basis_85,287,3941,958,309.3,0.8345,934.5
2.0,Basis_85,288,3622,931,292.8,0.8561,1017.0
2.0,Basis_85,289,4710,851,321.3,0.7945,782.0
2.0,Basis_85,290,4921,910,299.5,0.7999,748.4
2.0,Basis_85,291,4553,899,277.5,0.8285,809.1
2.0,Basis_85,292,3420,992,306.5,0.8577,1076.9
2.0,Basis_85,293,4009,790,305.0,0.834,918.8
2.0,Basis_85,294,3601,791,295.7,0.8555,1023.3
2.0,Basis_85,295,4406,983,311.5,0.8137,836.0
2.0,Basis_85,296,3596,749,315.7,0.8459,1024.3
2.0,Basis_85,297,3518,937,314.1,0.85,1047.3
2.0,Basis_85,298,3322,812,283.1,0.8723,1108.8
2.0,Basis_85,299,3413,860,293.3,0.8641,1079.4
2.0,Basis_85,300,4183,739,300.1,0.8296,880.7
2.0,Basis_85,301,3154,907,321.3,0.8625,1168.2
2.0,Basis_85,302,3504,907,286.0,0.864,1051.3
2.0,Basis_85,303,4046,1018,292.3,0.8394,910.1
2.0,Basis_85,304,4744,727,275.2,0.8228,776.3
2.0,Basis_85,305,4007,979,294.2,0.84,919.5
2.0,Basis_85,306,3084,826,303.5,0.873,1194.7
2.0,Basis_85,307,4842,818,292.4,0.8078,760.7
2.0,Basis_85,308,4219,819,280.9,0.8391,873.0
2.0,Basis_85,309,4569,923,295.1,0.817,806.2
2.0,Basis_85,310,2349,732,317.0,0.8989,1568.2
2.0,Basis_85,311,3603,865,313.7,0.8466,1022.2
2.0,Basis_85,312,2393,942,296.9,0.9035,1538.7
2.0,Basis_85,313,3384,885,296.9,0.8636,1088.6
2.0,Basis_85,314,5379,795,277.9,0.7971,684.9
2.0,Basis_85,315,3500,864,297.3,0.8587,1052.0
2.0,Basis_85,316,3142,874,296.4,0.8736,1172.1
2.0,Basis_85,317,3792,775,306.8,0.8421,971.3
2.0,Basis_85,318,3437,937,319.7,0.8508,1071.3
2.0,Basis_85,319,2635,811,301.8,0.892,1398.0
2.0,Basis_85,320,4200,909,314.5,0.8207,876.8
2.0,Basis_85,321,4203,755,303.1,0.8271,876.5
2.0,Basis_85,322,4059,859,319.6,0.8239,907.5
2.0,Basis_85,323,3048,859,303.4,0.8745,1208.7
2.0,Basis_85,324,5444,826,277.0,0.7953,676.7
2.0,Basis_85,325,2923,859,318.0,0.8739,1260.4
2.0,Basis_85,326,3090,867,299.5,0.8744,1192.5
2.0,Basis_85,327,4269,853,301.5,0.8253,862.8
2.0,Basis_85,328,3273,878,289.7,0.8713,1125.4
2.0,Basis_85,329,2832,970,279.5,0.8926,1300.9
2.0,Basis_85,330,4400,839,299.6,0.8211,837.2
2.0,Basis_85,331,4295,755,293.8,0.8288,857.8
2.0,Basis_85,332,4941,838,293.1,0.8034,745.4
2.0,Basis_85,333,3245,777,323.2,0.8577,1135.3
2.0,Basis_85,334,2825,823,278.6,0.8932,1304.1
2.0,Basis_85,335,3605,838,314.5,0.8461,1021.7
2.0,Basis_85,336,3605,860,281.8,0.8621,1021.5
2.0,Basis_85,337,4571,839,281.3,0.8254,805.7
2.0,Basis_85,338,2895,879,311.2,0.8777,1272.3
2.0,Basis_85,339,2565,803,304.1,0.8942,1436.5
2.0,Basis_85,340,3882,942,321.8,0.8304,949.0
2.0,Basis_85,341,3415,802,317.0,0.853,1078.5
2.0,Basis_85,342,4682,829,290.3,0.8155,786.7
2.0,Basis_85,343,2254,825,322.4,0.9013,1633.9
2.0,Basis_85,344,3400,929,301.4,0.8609,1083.5
2.0,Basis_85,345,3146,899,306.8,0.869,1171.1
2.0,Basis_85,346,4534,829,319.7,0.8032,812.4
2.0,Basis_85,347,4485,899,289.7,0.8237,821.4
2.0,Basis_85,348,3896,829,298.6,0.8421,945.6
2.0,Basis_85,349,2161,824,321.0,0.9058,1704.6
2.0,Basis_85,350,1767,915,319.9,0.9233,2085.9
2.0,Basis_85,351,3905,829,296.0,0.8431,943.3
2.0,Basis_85,352,2782,930,292.0,0.8898,1324.7
2.0,Basis_85,353,4304,861,278.9,0.8371,855.7
2.0,Basis_85,354,2254,973,307.4,0.9059,1633.5
2.0,Basis_85,355,4655,971,291.7,0.8156,791.2
2.0,Basis_85,356,1153,893,295.8,0.9537,3194.2
2.0,Basis_85,357,3225,964,291.2,0.8725,1142.3
2.0,Basis_85,358,4765,875,307.8,0.8009,773.1
2.0,Basis_85,359,2373,850,305.6,0.9015,1551.3
2.0,Basis_85,360,2586,864,323.9,0.8863,1424.5
2.0,Basis_85,361,4071,900,313.6,0.8267,905.0
2.0,Basis_85,362,1862,878,319.5,0.9192,1977.6
2.0,Basis_85,363,2988,865,324.6,0.8684,1232.9
2.0,Basis_85,364,2979,994,283.6,0.8853,1236.4
2.0,Basis_85,365,3106,816,294.0,0.876,1186.0
2.0,Basis_85,366,2749,767,279.2,0.8958,1340.0
2.0,Basis_85,367,4170,896,313.2,0.8227,883.2
2.0,Basis_85,368,3400,850,324.9,0.8501,1083.6
2.0,Basis_85,369,3850,844,291.0,0.8479,956.4
2.0,Basis_85,370,4476,767,275.2,0.8328,823.0
2.0,Basis_85,371,3624,896,324.5,0.8403,1016.4
2.0,Basis_85,372,3335,840,296.7,0.8657,1104.9
2.0,Basis_85,373,2510,803,293.4,0.9,1467.8
2.0,Basis_85,374,3904,985,281.1,0.851,943.6
2.0,Basis_85,375,3486,801,307.8,0.8543,1056.3
2.0,Basis_85,376,4305,794,303.4,0.8227,855.5
2.0,Basis_85,377,3528,789,313.2,0.85,1043.9
2.0,Basis_85,378,3051,907,303.4,0.8744,1207.3
2.0,Basis_85,379,3517,710,320.6,0.847,1047.7
2.0,Basis_85,380,3456,754,322.2,0.8488,1065.7
2.0,Basis_85,381,3380,868,321.6,0.8524,1089.8
2.0,Basis_85,382,3966,908,289.3,0.8443,928.9
2.0,Basis_85,383,4164,931,278.9,0.8424,884.7
2.0,Basis_85,384,3034,914,315.8,0.87,1214.4
2.0,Basis_85,385,3500,969,275.4,0.8691,1052.0
2.0,Basis_85,386,5450,1011,279.6,0.7932,676.0
2.0,Basis_85,387,3136,812,314.8,0.8659,1174.1
2.0,Basis_85,388,3727,896,292.0,0.8523,988.5
2.0,Basis_85,389,3380,762,307.3,0.859,1089.7
2.0,Basis_85,390,4158,797,281.2,0.8412,885.6
2.0,Basis_85,391,3260,917,305.0,0.8651,1130.0
2.0,Basis_85,392,3058,829,311.9,0.8705,1204.3
2.0,Basis_85,393,2498,888,282.9,0.9041,1474.7
2.0,Basis_85,394,3926,836,279.0,0.8513,938.2
2.0,Basis_85,395,3707,942,299.2,0.8495,993.8
2.0,Basis_85,396,3602,896,320.2,0.8435,1022.6
2.0,Basis_85,397,2765,761,317.2,0.8809,1331.9
2.0,Basis_85,398,3987,907,323.8,0.8248,924.1
2.0,Basis_85,399,3826,796,299.2,0.8446,962.9
2.0,Basis_85,400,4406,858,315.4,0.8114,836.1
2.0,Basis_85,401,3967,767,292.3,0.8426,928.6
2.0,Basis_85,402,3813,846,297.0,0.8463,965.9
2.0,Basis_85,403,4120,766,283.5,0.8415,894.1
2.0,Basis_85,404,3626,840,292.3,0.8561,1015.7
2.0,Basis_85,405,3035,740,285.2,0.8825,1213.7
2.0,Basis_85,406,4526,795,287.5,0.8234,813.9
2.0,Basis_85,407,3514,843,290.9,0.8612,1048.2
2.0,Basis_85,408,3132,847,304.4,0.8706,1176.4
2.0,Basis_85,409,4225,868,322.1,0.8153,871.9
2.0,Basis_85,410,3938,851,323.8,0.8269,935.4
2.0,Basis_85,411,3440,923,323.0,0.8492,1070.8
2.0,Basis_85,412,4526,895,313.6,0.8074,814.0
2.0,Basis_85,413,3297,788,324.1,0.8549,1116.8
2.0,Basis_85,414,3388,908,315.6,0.8548,1086.8
2.0,Basis_85,415,3636,893,295.7,0.8541,1013.5
2.0,Basis_85,416,4044,808,323.8,0.8223,911.0
2.0,Basis_85,417,4555,788,301.3,0.8137,808.6
2.0,Basis_85,418,4119,829,276.7,0.8454,894.5
2.0,Basis_85,419,4052,937,296.4,0.8369,908.9
2.0,Basis_85,420,3945,845,317.9,0.8298,933.8
2.0,Basis_85,421,2540,950,322.4,0.8888,1449.9
2.0,Basis_85,422,3987,760,294.2,0.8408,923.9
2.0,Basis_85,423,4841,805,303.3,0.8007,761.0
2.0,Basis_85,424,3805,894,311.8,0.8389,968.0
2.0,Basis_85,425,1516,843,312.7,0.9357,2430.1
2.0,Basis_85,426,3329,833,281.0,0.873,1106.5
2.0,Basis_85,427,3793,957,278.3,0.8567,970.9
2.0,Basis_85,428,3693,810,288.2,0.8555,997.5
2.0,Basis_85,429,4984,805,297.4,0.7987,738.9
2.0,Basis_85,430,4331,901,315.4,0.8146,850.4
2.0,Basis_85,431,3384,831,305.8,0.8595,1088.5
2.0,Basis_85,432,5737,826,277.6,0.7838,642.0
2.0,Basis_85,433,4438,753,312.2,0.8119,829.9
2.0,Basis_85,434,4667,920,306.6,0.8058,789.3
2.0,Basis_85,435,3003,755,306.1,0.8752,1226.2
2.0,Basis_85,436,3507,850,298.5,0.8579,1050.1
2.0,Basis_85,437,4007,874,275.3,0.8503,919.6
2.0,Basis_85,438,3693,825,315.9,0.8416,997.5
2.0,Basis_85,439,4414,882,316.7,0.8102,834.5
2.0,Basis_85,440,3281,836,301.7,0.8656,1122.8
2.0,Basis_85,441,3192,1033,319.5,0.8615,1153.5
2.0,Basis_85,442,4897,958,276.0,0.8166,752.2
2.0,Basis_85,443,3212,937,284.5,0.876,1146.9
2.0,Basis_85,444,3877,776,306.9,0.8384,949.8
2.0,Basis_85,445,5561,984,298.8,0.7744,662.4
2.0,Basis_85,446,4921,888,316.8,0.7883,748.3
2.0,Basis_85,447,3920,896,309.8,0.8352,939.6
2.0,Basis_85,448,3749,875,301.7,0.8465,982.7
2.0,Basis_85,449,4408,880,297.9,0.8217,835.6
2.0,Basis_85,450,4297,845,286.4,0.8329,857.1
2.0,Basis_85,451,3867,864,285.3,0.8502,952.6
2.0,Basis_85,452,2232,829,321.5,0.9026,1650.3
2.0,Basis_85,453,2350,783,309.3,0.9013,1567.3
2.0,Basis_85,454,3791,801,296.7,0.8473,971.6
2.0,Basis_85,455,3275,803,284.4,0.8735,1124.4
2.0,Basis_85,456,4519,857,292.2,0.8208,815.2
2.0,Basis_85,457,3241,969,312.7,0.8624,1136.0
2.0,Basis_85,458,2714,924,295.3,0.8912,1357.1
2.0,Basis_85,459,3476,766,281.4,0.8673,1059.9
2.0,Basis_85,460,3610,899,318.7,0.8438,1020.5
2.0,Basis_85,461,3344,816,291.8,0.8675,1101.7
2.0,Basis_85,462,2763,760,276.0,0.8965,1332.9
2.0,Basis_85,463,4029,894,304.4,0.8335,914.2
2.0,Basis_85,464,3430,893,301.9,0.8594,1073.6
2.0,Basis_85,465,4032,824,281.8,0.8457,913.4
2.0,Basis_85,466,5344,923,275.3,0.8003,689.4
2.0,Basis_85,467,4647,854,305.0,0.8076,792.6
2.0,Basis_85,468,4092,847,281.1,0.8438,900.2
2.0,Basis_85,469,3274,928,293.8,0.8694,1125.2
2.0,Basis_85,470,3664,847,286.4,0.8576,1005.6
2.0,Basis_85,471,3938,917,324.4,0.8266,935.4
2.0,Basis_85,472,2268,864,302.6,0.9068,1623.6
2.0,Basis_85,473,4058,847,301.5,0.8339,907.8
2.0,Basis_85,474,3517,787,301.6,0.856,1047.4
2.0,Basis_85,475,4399,790,297.8,0.8222,837.6
2.0,Basis_85,476,2820,854,281.2,0.8923,1305.8
2.0,Basis_85,477,3909,783,313.3,0.8338,942.6
2.0,Basis_85,478,2359,913,319.8,0.8976,1561.3
2.0,Basis_85,479,4193,950,302.2,0.828,878.4
2.0,Basis_85,480,3393,789,305.2,0.8594,1085.4
2.0,Basis_85,481,2537,903,309.5,0.8934,1452.2
2.0,Basis_85,482,3357,921,290.3,0.8677,1097.2
2.0,Basis_85,483,3666,728,292.6,0.8544,1004.7
2.0,Basis_85,484,4025,815,276.9,0.8487,914.9
2.0,Basis_85,485,2646,979,311.0,0.8883,1391.6
2.0,Basis_85,486,2877,908,314.9,0.877,1280.3
2.0,Basis_85,487,3150,762,316.8,0.8645,1168.8
2.0,Basis_85,488,3575,885,311.0,0.8491,1030.5
2.0,Basis_85,489,3391,937,316.8,0.8542,1086.3
2.0,Basis_85,490,4641,739,301.3,0.8101,793.5
2.0,Basis_85,491,3282,790,281.5,0.8746,1122.3
2.0,Basis_85,492,4421,1007,310.2,0.8138,833.2
2.0,Basis_85,493,4464,924,289.1,0.8248,825.2
2.0,Basis_85,494,3398,805,306.7,0.8586,1084.4
2.0,Basis_85,495,3897,710,318.4,0.8316,945.3
2.0,Basis_85,496,4332,1029,288.0,0.8306,850.1
2.0,Basis_85,497,4490,936,282.9,0.8276,820.5
2.0,Basis_85,498,4261,811,284.3,0.8356,864.4
2.0,Basis_85,499,4725,830,297.3,0.8092,779.3
2.0,Middels_90,0,2245,824,312.4,0.9048,1640.9
2.0,Middels_90,1,2845,839,305.0,0.8823,1295.2
2.0,Middels_90,2,2931,752,324.5,0.8709,1256.6
2.0,Middels_90,3,2631,875,300.6,0.8926,1400.0
2.0,Middels_90,4,2344,874,288.0,0.9084,1571.3
2.0,Middels_90,5,1923,943,320.6,0.9163,1914.9
2.0,Middels_90,6,2967,824,291.2,0.8827,1241.3
2.0,Middels_90,7,2989,922,282.7,0.8853,1231.7
2.0,Middels_90,8,2730,872,279.5,0.8964,1349.0
2.0,Middels_90,9,2933,962,309.7,0.8767,1255.5
2.0,Middels_90,10,3329,824,305.9,0.8618,1106.5
2.0,Middels_90,11,2236,857,319.0,0.9032,1648.0
2.0,Middels_90,12,858,850,278.3,0.9772,6097.0
2.0,Middels_90,13,2351,838,282.5,0.9098,1566.8
2.0,Middels_90,14,1172,922,319.6,0.9492,3146.6
2.0,Middels_90,15,2126,808,276.2,0.9203,1732.4
2.0,Middels_90,16,931,920,284.1,0.9699,4724.0
2.0,Middels_90,17,2310,851,315.1,0.9012,1594.3
2.0,Middels_90,18,1726,824,321.2,0.9248,2134.9
2.0,Middels_90,19,1369,810,284.9,0.947,2690.5
2.0,Middels_90,20,2933,844,309.9,0.8766,1255.3
2.0,Middels_90,21,3631,809,282.2,0.8609,1014.6
2.0,Middels_90,22,2860,943,287.5,0.8884,1287.8
2.0,Middels_90,23,2075,797,280.1,0.9211,1775.8
2.0,Middels_90,24,2490,847,300.8,0.8983,1479.3
2.0,Middels_90,25,2932,882,287.2,0.8857,1256.3
2.0,Middels_90,26,2812,872,309.8,0.8817,1309.7
2.0,Middels_90,27,1168,916,302.9,0.9519,3151.8
2.0,Middels_90,28,2671,753,295.3,0.893,1379.0
2.0,Middels_90,29,1869,867,284.4,0.9278,1970.3
2.0,Middels_90,30,2530,756,303.5,0.8958,1456.3
2.0,Middels_90,31,2294,830,286.2,0.9109,1606.2
2.0,Middels_90,32,2084,836,307.1,0.9132,1767.8
2.0,Middels_90,33,1854,969,287.3,0.9277,1986.3
2.0,Middels_90,34,1259,857,301.6,0.9484,2923.8
2.0,Middels_90,35,3806,955,297.1,0.8465,967.7
2.0,Middels_90,36,2756,811,319.6,0.8804,1336.5
2.0,Middels_90,37,1396,844,291.4,0.9448,2639.5
2.0,Middels_90,38,2506,839,319.4,0.8913,1469.3
2.0,Middels_90,39,1671,868,288.8,0.9345,2204.5
2.0,Middels_90,40,1890,893,313.5,0.9195,1947.5
2.0,Middels_90,41,2499,857,293.3,0.9004,1473.2
2.0,Middels_90,42,2296,915,322.1,0.8996,1603.7
2.0,Middels_90,43,1531,951,293.1,0.9391,2406.1
2.0,Middels_90,44,1138,879,310.5,0.9521,3240.1
2.0,Middels_90,45,1543,745,286.0,0.9401,2387.8
2.0,Middels_90,46,2593,756,302.5,0.8936,1421.3
2.0,Middels_90,47,3062,878,321.2,0.8665,1203.1
2.0,Middels_90,48,2867,993,313.9,0.8778,1284.8
2.0,Middels_90,49,2687,955,311.1,0.8865,1371.0
2.0,Middels_90,50,2317,803,317.2,0.9002,1589.3
2.0,Middels_90,51,2300,944,300.7,0.9061,1601.4
2.0,Middels_90,52,2245,752,287.3,0.9125,1640.8
2.0,Middels_90,53,2555,805,308.2,0.8931,1441.3
2.0,Middels_90,54,1897,823,276.7,0.9287,1940.4
2.0,Middels_90,55,3514,894,322.4,0.8462,1048.1
2.0,Middels_90,56,2463,818,300.0,0.8997,1494.9
2.0,Middels_90,57,2449,942,298.4,0.9008,1504.1
2.0,Middels_90,58,2884,1061,286.6,0.8878,1277.0
2.0,Middels_90,59,2601,815,296.7,0.8953,1416.7
2.0,Middels_90,60,1218,812,303.3,0.9498,3021.4
2.0,Middels_90,61,1944,837,295.4,0.922,1894.4
2.0,Middels_90,62,2506,893,296.7,0.899,1469.4
2.0,Middels_90,63,2439,866,318.0,0.8947,1510.7
2.0,Middels_90,64,3498,978,323.2,0.8465,1052.9
2.0,Middels_90,65,2383,924,321.0,0.8962,1546.2
2.0,Middels_90,66,774,770,294.6,0.9849,9740.0
2.0,Middels_90,67,3497,851,281.9,0.8662,1053.6
2.0,Middels_90,68,2439,1020,301.4,0.9003,1511.0
2.0,Middels_90,69,1915,831,279.9,0.9272,1923.4
2.0,Middels_90,70,1301,913,293.5,0.9481,2829.3
2.0,Middels_90,71,2582,878,294.0,0.8969,1426.0
2.0,Middels_90,72,1062,847,300.0,0.9568,3469.6
2.0,Middels_90,73,3219,815,285.7,0.8751,1143.9
2.0,Middels_90,74,2369,878,320.1,0.8971,1555.2
2.0,Middels_90,75,3380,882,287.6,0.868,1089.7
2.0,Middels_90,76,2888,789,294.5,0.8846,1275.8
2.0,Middels_90,77,1560,872,296.4,0.9372,2360.9
2.0,Middels_90,78,2980,801,317.1,0.8717,1235.9
2.0,Middels_90,79,3905,830,310.4,0.8355,943.2
2.0,Middels_90,80,2609,1027,305.5,0.8918,1411.7
2.0,Middels_90,81,2253,773,277.9,0.915,1634.5
2.0,Middels_90,82,1860,854,311.1,0.9214,1979.9
2.0,Middels_90,83,3044,738,287.5,0.8812,1209.8
2.0,Middels_90,84,2734,934,302.3,0.8878,1347.6
2.0,Middels_90,85,2516,976,296.3,0.8988,1464.4
2.0,Middels_90,86,2362,880,316.4,0.8986,1560.0
2.0,Middels_90,87,1592,944,316.2,0.9317,2314.6
2.0,Middels_90,88,1957,822,292.4,0.9224,1883.3
2.0,Middels_90,89,1956,910,288.2,0.9235,1883.5
2.0,Middels_90,90,2330,906,281.3,0.911,1580.2
2.0,Middels_90,91,1958,866,280.4,0.9255,1881.6
2.0,Middels_90,92,2238,913,292.2,0.9113,1646.4
2.0,Middels_90,93,2300,931,294.3,0.9081,1601.9
2.0,Middels_90,94,1579,801,293.6,0.9371,2333.4
2.0,Middels_90,95,1832,990,300.3,0.9253,2010.2
2.0,Middels_90,96,1510,923,314.3,0.9356,2439.5
2.0,Middels_90,97,2034,892,315.1,0.9131,1811.9
2.0,Middels_90,98,2488,963,313.6,0.8942,1481.4
2.0,Middels_90,99,1705,881,300.5,0.9305,2161.5
2.0,Middels_90,100,3701,922,279.0,0.8599,995.3
2.0,Middels_90,101,2177,980,315.2,0.9068,1691.7
2.0,Middels_90,102,3464,857,286.6,0.8652,1063.3
2.0,Middels_90,103,2859,787,302.2,0.8827,1288.8
2.0,Middels_90,104,2831,917,308.8,0.8814,1301.7
2.0,Middels_90,105,2239,803,287.5,0.9126,1644.7
2.0,Middels_90,106,2666,858,282.7,0.8977,1381.3
2.0,Middels_90,107,2674,787,299.8,0.8911,1377.1
2.0,Middels_90,108,1537,1033,305.6,0.9362,2396.9
2.0,Middels_90,109,2369,875,310.9,0.9,1555.1
2.0,Middels_90,110,2688,776,293.0,0.893,1369.6
2.0,Middels_90,111,1314,824,311.1,0.9445,2803.9
2.0,Middels_90,112,2329,972,281.1,0.9111,1581.2
2.0,Middels_90,113,2631,887,279.3,0.9002,1399.6
2.0,Middels_90,114,4574,972,279.4,0.8265,805.5
2.0,Middels_90,115,1510,769,288.1,0.941,2440.5
2.0,Middels_90,116,2849,913,275.6,0.8934,1292.4
2.0,Middels_90,117,2425,888,278.7,0.9083,1519.1
2.0,Middels_90,118,2266,874,313.9,0.9035,1625.8
2.0,Middels_90,119,2699,892,323.5,0.8815,1365.2
2.0,Middels_90,120,2588,853,302.5,0.8937,1423.7
2.0,Middels_90,121,1673,951,321.0,0.9271,2201.0
2.0,Middels_90,122,3035,847,301.1,0.876,1213.8
2.0,Middels_90,123,3456,903,311.0,0.8541,1065.7
2.0,Middels_90,124,2765,770,305.8,0.8852,1332.0
2.0,Middels_90,125,2119,790,321.2,0.9076,1737.9
2.0,Middels_90,126,3065,865,293.3,0.878,1201.8
2.0,Middels_90,127,2575,906,300.6,0.8949,1430.0
2.0,Middels_90,128,2887,776,277.2,0.8914,1276.4
2.0,Middels_90,129,1274,787,298.1,0.9484,2890.1
2.0,Middels_90,130,2804,826,323.9,0.8767,1313.9
2.0,Middels_90,131,1109,789,297.0,0.9553,3323.5
2.0,Middels_90,132,2814,885,289.1,0.8895,1308.7
2.0,Middels_90,133,2222,915,321.4,0.9031,1658.7
2.0,Middels_90,134,2660,888,306.7,0.8892,1384.7
2.0,Middels_90,135,2093,767,320.4,0.9089,1759.3
2.0,Middels_90,136,1839,875,317.3,0.9208,2003.8
2.0,Middels_90,137,1827,823,302.1,0.9251,2015.9
2.0,Middels_90,138,2995,777,275.3,0.8881,1229.5
2.0,Middels_90,139,2317,936,290.0,0.9087,1588.8
2.0,Middels_90,140,2862,714,297.6,0.8843,1286.7
2.0,Middels_90,141,3101,903,294.5,0.876,1187.5
2.0,Middels_90,142,1805,900,314.7,0.9229,2040.3
2.0,Middels_90,143,2154,860,318.9,0.9068,1710.5
2.0,Middels_90,144,1195,924,310.5,0.9496,3081.6
2.0,Middels_90,145,3639,843,293.1,0.8552,1012.0
2.0,Middels_90,146,2880,801,275.6,0.8923,1279.5
2.0,Middels_90,147,2055,769,286.4,0.9201,1792.3
2.0,Middels_90,148,2267,914,313.4,0.9035,1624.7
2.0,Middels_90,149,2421,817,323.4,0.8937,1521.2
2.0,Middels_90,150,1627,796,293.8,0.9351,2264.8
2.0,Middels_90,151,2671,837,296.7,0.8924,1379.3
2.0,Middels_90,152,1790,837,277.0,0.9327,2057.9
2.0,Middels_90,153,2152,850,304.4,0.9111,1712.1
2.0,Middels_90,154,1816,755,321.3,0.9208,2029.2
2.0,Middels_90,155,3919,900,282.8,0.8495,939.7
2.0,Middels_90,156,2392,1054,308.9,0.8997,1540.0
2.0,Middels_90,157,2765,853,324.7,0.8781,1331.9
2.0,Middels_90,158,2611,859,313.2,0.889,1410.5
2.0,Middels_90,159,2953,808,311.0,0.8754,1247.4
2.0,Middels_90,160,1742,900,278.4,0.9342,2114.8
2.0,Middels_90,161,3962,790,275.5,0.8518,929.5
2.0,Middels_90,162,2538,859,315.2,0.8914,1451.4
2.0,Middels_90,163,3538,847,304.3,0.8539,1041.2
2.0,Middels_90,164,1621,866,314.1,0.9309,2272.0
2.0,Middels_90,165,2085,805,294.5,0.9166,1765.9
2.0,Middels_90,166,2182,843,319.5,0.9054,1688.6
2.0,Middels_90,167,3247,752,288.2,0.873,1134.4
2.0,Middels_90,168,3174,837,286.0,0.8768,1161.0
2.0,Middels_90,169,2638,871,280.7,0.8995,1396.0
2.0,Middels_90,170,2946,878,299.0,0.8804,1250.1
2.0,Middels_90,171,1712,937,299.0,0.9305,2152.1
2.0,Middels_90,172,3779,927,280.3,0.8562,974.7
2.0,Middels_90,173,1958,817,314.9,0.9163,1881.8
2.0,Middels_90,174,894,882,289.7,0.972,5175.3
2.0,Middels_90,175,3002,895,296.6,0.8791,1227.0
2.0,Middels_90,176,3441,801,283.6,0.8675,1070.4
2.0,Middels_90,177,3517,773,282.7,0.8651,1047.7
2.0,Middels_90,178,2306,809,318.5,0.9003,1598.1
2.0,Middels_90,179,2317,964,279.9,0.912,1589.2
2.0,Middels_90,180,2566,1004,280.0,0.9025,1435.6
2.0,Middels_90,181,3232,789,305.6,0.866,1139.9
2.0,Middels_90,182,3689,826,316.2,0.8417,998.3
2.0,Middels_90,183,3988,816,295.4,0.8401,923.5
2.0,Middels_90,184,1566,991,277.4,0.941,2352.4
2.0,Middels_90,185,3611,921,300.3,0.8528,1019.9
2.0,Middels_90,186,2309,1074,312.6,0.902,1594.6
2.0,Middels_90,187,1315,780,278.7,0.9502,2799.4
2.0,Middels_90,188,2721,817,285.6,0.8945,1353.8
2.0,Middels_90,189,3129,866,293.7,0.8752,1177.0
2.0,Middels_90,190,1382,923,315.0,0.941,2668.1
2.0,Middels_90,191,1386,958,320.3,0.9397,2655.4
2.0,Middels_90,192,1623,839,277.8,0.9388,2268.2
2.0,Middels_90,193,3735,752,313.6,0.841,986.2
2.0,Middels_90,194,1937,773,312.5,0.9179,1902.3
2.0,Middels_90,195,3141,802,276.1,0.8823,1172.6
2.0,Middels_90,196,2393,833,302.5,0.9018,1539.3
2.0,Middels_90,197,2387,837,301.7,0.9022,1542.5
2.0,Middels_90,198,3261,798,280.9,0.8756,1129.3
2.0,Middels_90,199,2359,766,294.9,0.9055,1561.0
2.0,Middels_90,200,2982,909,278.5,0.8872,1234.7
2.0,Middels_90,201,1797,829,280.0,0.9317,2050.1
2.0,Middels_90,202,2321,830,313.3,0.9013,1587.0
2.0,Middels_90,203,2580,830,287.8,0.8993,1428.3
2.0,Middels_90,204,773,773,278.1,0.9718,4934.7
2.0,Middels_90,205,2175,957,287.3,0.9152,1693.6
2.0,Middels_90,206,2770,930,311.3,0.8829,1329.5
2.0,Middels_90,207,1036,874,318.4,0.9552,3555.2
2.0,Middels_90,208,2764,986,280.2,0.8948,1332.3
2.0,Middels_90,209,3091,875,295.6,0.876,1191.7
2.0,Middels_90,210,1755,803,292.4,0.9303,2098.9
2.0,Middels_90,211,3090,894,284.2,0.8808,1192.5
2.0,Middels_90,212,2435,754,289.8,0.9042,1512.5
2.0,Middels_90,213,3112,851,284.2,0.88,1183.8
2.0,Middels_90,214,1356,875,317.6,0.9416,2717.5
2.0,Middels_90,215,2190,838,283.6,0.9157,1681.4
2.0,Middels_90,216,2688,839,320.7,0.8829,1370.0
2.0,Middels_90,217,2681,787,292.7,0.8935,1373.5
2.0,Middels_90,218,2107,831,302.0,0.9136,1747.5
2.0,Middels_90,219,2061,839,309.2,0.9136,1788.3
2.0,Middels_90,220,2474,896,275.7,0.9074,1489.1
2.0,Middels_90,221,2621,755,322.0,0.8855,1405.5
2.0,Middels_90,222,1620,833,318.5,0.93,2274.9
2.0,Middels_90,223,3273,763,289.6,0.8713,1125.4
2.0,Middels_90,224,2852,784,324.6,0.8744,1291.8
2.0,Middels_90,225,1047,787,319.4,0.9546,3520.6
2.0,Middels_90,226,3121,780,315.5,0.8663,1180.2
2.0,Middels_90,227,1837,809,281.3,0.9299,2005.8
2.0,Middels_90,228,2399,777,303.5,0.9012,1535.5
2.0,Middels_90,229,2435,861,290.2,0.9041,1512.7
2.0,Middels_90,230,1908,761,322.3,0.9165,1931.1
2.0,Middels_90,231,1623,819,305.0,0.9328,2270.0
2.0,Middels_90,232,3220,902,285.1,0.8753,1143.5
2.0,Middels_90,233,2243,999,300.9,0.9084,1643.0
2.0,Middels_90,234,3113,809,291.7,0.8767,1183.3
2.0,Middels_90,235,3769,867,294.9,0.8492,977.7
2.0,Middels_90,236,2222,868,320.0,0.9035,1658.3
2.0,Middels_90,237,979,964,317.0,0.9604,3998.9
2.0,Middels_90,238,3134,889,319.2,0.8642,1175.5
2.0,Middels_90,239,2856,906,310.2,0.8797,1289.2
2.0,Middels_90,240,1754,854,310.3,0.9261,2100.5
2.0,Middels_90,241,1498,774,291.3,0.9408,2458.5
2.0,Middels_90,242,2638,893,289.3,0.8964,1396.1
2.0,Middels_90,243,2944,893,289.0,0.8845,1251.6
2.0,Middels_90,244,2684,958,288.1,0.8951,1372.5
2.0,Middels_90,245,1803,826,279.6,0.9316,2043.8
2.0,Middels_90,246,2002,768,285.7,0.9224,1839.7
2.0,Middels_90,247,2973,924,306.2,0.8764,1238.8
2.0,Middels_90,248,2390,816,295.0,0.9043,1541.4
2.0,Middels_90,249,2170,851,301.6,0.9111,1696.6
2.0,Middels_90,250,860,798,305.4,0.9643,4280.7
2.0,Middels_90,251,808,798,288.9,0.9737,5494.4
2.0,Middels_90,252,1830,866,289.8,0.928,2013.3
2.0,Middels_90,253,3085,951,300.0,0.8744,1194.2
2.0,Middels_90,254,2547,787,300.6,0.8961,1446.0
2.0,Middels_90,255,2699,861,312.3,0.8856,1365.2
2.0,Middels_90,256,2376,774,296.5,0.9044,1550.9
2.0,Middels_90,257,3122,892,316.0,0.866,1179.4
2.0,Middels_90,258,3255,858,284.3,0.8744,1131.2
2.0,Middels_90,259,2033,759,296.5,0.9182,1813.1
2.0,Middels_90,260,2622,963,293.4,0.8956,1405.4
2.0,Middels_90,261,3136,861,275.6,0.8827,1174.5
2.0,Middels_90,262,3981,837,293.5,0.8414,925.2
2.0,Middels_90,263,2180,776,303.0,0.9104,1689.9
2.0,Middels_90,264,1649,894,301.2,0.9326,2234.2
2.0,Middels_90,265,2631,934,315.1,0.8874,1399.7
2.0,Middels_90,266,2719,809,276.3,0.898,1355.1
2.0,Middels_90,267,3658,927,308.4,0.8469,1007.0
2.0,Middels_90,268,3574,927,295.7,0.8566,1030.7
2.0,Middels_90,269,1956,700,291.0,0.9228,1884.3
2.0,Middels_90,270,1113,825,295.0,0.9554,3308.0
2.0,Middels_90,271,2722,910,275.9,0.8981,1353.3
2.0,Middels_90,272,2495,817,299.8,0.8985,1477.2
2.0,Middels_90,273,1547,985,282.5,0.9406,2379.2
2.0,Middels_90,274,2310,927,301.8,0.9054,1594.2
2.0,Middels_90,275,2593,887,305.1,0.8927,1421.2
2.0,Middels_90,276,2901,879,319.1,0.8744,1270.3
2.0,Middels_90,277,3050,858,280.9,0.8837,1207.9
2.0,Middels_90,278,2301,892,301.2,0.9059,1600.5
2.0,Middels_90,279,1874,880,298.6,0.9241,1966.2
2.0,Middels_90,280,3122,973,311.1,0.8681,1179.5
2.0,Middels_90,281,2691,892,323.2,0.8819,1369.0
2.0,Middels_90,282,1543,909,276.7,0.9421,2388.6
2.0,Middels_90,283,3468,815,322.2,0.8483,1062.2
2.0,Middels_90,284,2282,972,298.6,0.9075,1613.8
2.0,Middels_90,285,2308,896,302.0,0.9054,1596.2
2.0,Middels_90,286,2749,845,323.8,0.8792,1340.0
2.0,Middels_90,287,2750,958,309.3,0.8845,1339.0
2.0,Middels_90,288,2364,931,292.8,0.9061,1558.3
2.0,Middels_90,289,3563,851,321.3,0.8445,1033.4
2.0,Middels_90,290,3693,910,299.5,0.8499,997.6
2.0,Middels_90,291,3225,899,277.5,0.8785,1141.9
2.0,Middels_90,292,2218,992,306.5,0.9077,1660.4
2.0,Middels_90,293,2800,790,305.0,0.884,1315.0
2.0,Middels_90,294,2355,791,295.7,0.9055,1564.8
2.0,Middels_90,295,3224,983,311.5,0.8637,1142.8
2.0,Middels_90,296,2429,749,315.7,0.8959,1516.3
2.0,Middels_90,297,2344,937,314.1,0.9,1571.2
2.0,Middels_90,298,2021,812,283.1,0.9223,1822.6
2.0,Middels_90,299,2156,860,293.3,0.9141,1707.8
2.0,Middels_90,300,2954,739,300.1,0.8796,1246.6
2.0,Middels_90,301,2007,907,321.3,0.9125,1835.7
2.0,Middels_90,302,2216,907,286.0,0.914,1662.6
2.0,Middels_90,303,2786,1018,292.3,0.8894,1321.6
2.0,Middels_90,304,3406,727,275.2,0.8728,1081.4
2.0,Middels_90,305,2754,979,294.2,0.89,1337.7
2.0,Middels_90,306,1869,826,303.5,0.923,1970.5
2.0,Middels_90,307,3582,818,292.4,0.8578,1028.2
2.0,Middels_90,308,2908,819,280.9,0.8891,1266.7
2.0,Middels_90,309,3322,923,295.1,0.867,1109.2
2.0,Middels_90,310,1187,732,317.0,0.9489,3103.2
2.0,Middels_90,311,2429,865,313.7,0.8966,1516.3
2.0,Middels_90,312,1153,942,296.9,0.9535,3193.8
2.0,Middels_90,313,2142,885,296.9,0.9136,1718.8
2.0,Middels_90,314,4052,795,277.9,0.8471,908.9
2.0,Middels_90,315,2264,864,297.3,0.9087,1628.1
2.0,Middels_90,316,1900,874,296.4,0.9236,1939.0
2.0,Middels_90,317,2593,775,306.8,0.8921,1421.1
2.0,Middels_90,318,2286,937,319.7,0.9008,1611.3
2.0,Middels_90,319,1414,811,301.8,0.942,2604.1
2.0,Middels_90,320,3029,909,314.5,0.8707,1215.9
2.0,Middels_90,321,2987,755,303.1,0.8771,1233.1
2.0,Middels_90,322,2908,859,319.6,0.8739,1267.3
2.0,Middels_90,323,1833,859,303.4,0.9245,2008.8
2.0,Middels_90,324,4114,826,277.0,0.8453,895.4
2.0,Middels_90,325,1763,859,318.0,0.9239,2088.1
2.0,Middels_90,326,1859,867,299.5,0.9244,1981.6
2.0,Middels_90,327,3048,853,301.5,0.8753,1208.6
2.0,Middels_90,328,2001,878,289.7,0.9213,1840.6
2.0,Middels_90,329,1515,970,279.5,0.9426,2433.5
2.0,Middels_90,330,3170,839,299.6,0.8711,1162.0
2.0,Middels_90,331,3041,755,293.8,0.8788,1211.5
2.0,Middels_90,332,3686,838,293.1,0.8534,999.6
2.0,Middels_90,333,2105,777,323.2,0.9077,1750.1
2.0,Middels_90,334,1503,823,278.6,0.9432,2451.8
2.0,Middels_90,335,2434,838,314.5,0.8961,1513.3
2.0,Middels_90,336,2299,860,281.8,0.9121,1602.5
2.0,Middels_90,337,3262,839,281.3,0.8754,1129.1
2.0,Middels_90,338,1712,879,311.2,0.9277,2152.3
2.0,Middels_90,339,1354,803,304.1,0.9442,2722.7
2.0,Middels_90,340,2736,942,321.8,0.8804,1345.9
2.0,Middels_90,341,2253,802,317.0,0.903,1634.4
2.0,Middels_90,342,3413,829,290.3,0.8655,1079.2
2.0,Middels_90,343,1112,825,322.4,0.9513,3312.8
2.0,Middels_90,344,2177,929,301.4,0.9109,1691.8
2.0,Middels_90,345,1944,899,306.8,0.919,1894.2
2.0,Middels_90,346,3381,829,319.7,0.8532,1089.1
2.0,Middels_90,347,3212,899,289.7,0.8737,1146.4
2.0,Middels_90,348,2663,829,298.6,0.8921,1383.8
2.0,Middels_90,349,1013,824,321.0,0.9558,3634.1
2.0,Middels_90,350,922,915,319.9,0.9733,5993.2
2.0,Middels_90,351,2660,829,296.0,0.8931,1384.5
2.0,Middels_90,352,1519,930,292.0,0.9398,2424.6
2.0,Middels_90,353,2985,861,278.9,0.8871,1234.6
2.0,Middels_90,354,1056,973,307.4,0.9559,3486.1
2.0,Middels_90,355,3393,971,291.7,0.8656,1085.6
2.0,Middels_90,356,894,893,295.8,0.99,14788.5
2.0,Middels_90,357,1959,964,291.2,0.9225,1879.4
2.0,Middels_90,358,3568,875,307.8,0.8509,1032.4
2.0,Middels_90,359,1169,850,305.6,0.9515,3150.7
2.0,Middels_90,360,1448,864,323.9,0.9363,2542.9
2.0,Middels_90,361,2896,900,313.6,0.8767,1272.1
2.0,Middels_90,362,887,878,319.5,0.9692,5191.1
2.0,Middels_90,363,1853,865,324.6,0.9184,1987.9
2.0,Middels_90,364,1680,994,283.6,0.9353,2191.9
2.0,Middels_90,365,1853,816,294.0,0.926,1987.8
2.0,Middels_90,366,1428,767,279.2,0.9458,2577.0
2.0,Middels_90,367,2994,896,313.2,0.8727,1230.0
2.0,Middels_90,368,2266,850,324.9,0.9001,1625.9
2.0,Middels_90,369,2586,844,291.0,0.8979,1424.6
2.0,Middels_90,370,3136,767,275.2,0.8828,1174.2
2.0,Middels_90,371,2489,896,324.5,0.8903,1479.8
2.0,Middels_90,372,2092,840,296.7,0.9157,1760.2
2.0,Middels_90,373,1253,803,293.4,0.95,2936.9
2.0,Middels_90,374,2594,985,281.1,0.901,1420.3
2.0,Middels_90,375,2289,801,307.8,0.9043,1608.2
2.0,Middels_90,376,3092,794,303.4,0.8727,1191.5
2.0,Middels_90,377,2352,789,313.2,0.9,1565.9
2.0,Middels_90,378,1837,907,303.4,0.9244,2005.3
2.0,Middels_90,379,2366,710,320.6,0.897,1556.5
2.0,Middels_90,380,2314,754,322.2,0.8988,1592.5
2.0,Middels_90,381,2236,868,321.6,0.9024,1648.4
2.0,Middels_90,382,2692,908,289.3,0.8943,1368.3
2.0,Middels_90,383,2842,931,278.9,0.8924,1295.6
2.0,Middels_90,384,1867,914,315.8,0.92,1973.3
2.0,Middels_90,385,2163,969,275.4,0.9191,1702.3
2.0,Middels_90,386,4133,1011,279.6,0.8432,891.5
2.0,Middels_90,387,1967,812,314.8,0.9159,1872.4
2.0,Middels_90,388,2464,896,292.0,0.9023,1494.3
2.0,Middels_90,389,2182,762,307.3,0.909,1688.5
2.0,Middels_90,390,2849,797,281.2,0.8912,1292.8
2.0,Middels_90,391,2051,917,305.0,0.9151,1795.1
2.0,Middels_90,392,1879,829,311.9,0.9205,1961.9
2.0,Middels_90,393,1196,888,282.9,0.9541,3079.8
2.0,Middels_90,394,2607,836,279.0,0.9013,1413.5
2.0,Middels_90,395,2476,942,299.2,0.8995,1488.0
2.0,Middels_90,396,2453,896,320.2,0.8935,1502.5
2.0,Middels_90,397,1606,761,317.2,0.9309,2295.6
2.0,Middels_90,398,2848,907,323.8,0.8748,1293.2
2.0,Middels_90,399,2595,796,299.2,0.8946,1419.8
2.0,Middels_90,400,3238,858,315.4,0.8614,1137.7
2.0,Middels_90,401,2707,767,292.3,0.8926,1360.9
2.0,Middels_90,402,2573,846,297.0,0.8963,1431.6
2.0,Middels_90,403,2820,766,283.5,0.8915,1306.0
2.0,Middels_90,404,2366,840,292.3,0.9061,1556.7
2.0,Middels_90,405,1743,740,285.2,0.9325,2112.8
2.0,Middels_90,406,3245,795,287.5,0.8734,1135.3
2.0,Middels_90,407,2247,843,290.9,0.9112,1638.5
2.0,Middels_90,408,1922,847,304.4,0.9206,1917.3
2.0,Middels_90,409,3080,868,322.1,0.8653,1195.5
2.0,Middels_90,410,2800,851,323.8,0.8769,1315.5
2.0,Middels_90,411,2300,923,323.0,0.8992,1601.8
2.0,Middels_90,412,3351,895,313.6,0.8574,1099.4
2.0,Middels_90,413,2162,788,324.1,0.9049,1704.0
2.0,Middels_90,414,2223,908,315.6,0.9048,1657.5
2.0,Middels_90,415,2390,893,295.7,0.9041,1541.9
2.0,Middels_90,416,2905,808,323.8,0.8723,1267.6
2.0,Middels_90,417,3332,788,301.3,0.8637,1105.2
2.0,Middels_90,418,2786,829,276.7,0.8954,1321.9
2.0,Middels_90,419,2811,937,296.4,0.8869,1310.8
2.0,Middels_90,420,2785,845,317.9,0.8798,1322.1
2.0,Middels_90,421,1398,950,322.4,0.9388,2634.6
2.0,Middels_90,422,2735,760,294.2,0.8908,1346.9
2.0,Middels_90,423,3625,805,303.3,0.8507,1015.9
2.0,Middels_90,424,2624,894,311.8,0.8889,1403.8
2.0,Middels_90,425,845,843,312.7,0.9857,10905.9
2.0,Middels_90,426,2019,833,281.0,0.923,1825.1
2.0,Middels_90,427,2470,957,278.3,0.9067,1491.1
2.0,Middels_90,428,2414,810,288.2,0.9055,1525.3
2.0,Middels_90,429,3748,805,297.4,0.8487,983.1
2.0,Middels_90,430,3163,901,315.4,0.8646,1164.3
2.0,Middels_90,431,2180,831,305.8,0.9095,1690.1
2.0,Middels_90,432,4410,826,277.6,0.8338,835.2
2.0,Middels_90,433,3259,753,312.2,0.8619,1130.3
2.0,Middels_90,434,3465,920,306.6,0.8558,1062.9
2.0,Middels_90,435,1802,755,306.1,0.9252,2045.6
2.0,Middels_90,436,2274,850,298.5,0.9079,1620.0
2.0,Middels_90,437,2667,874,275.3,0.9003,1380.7
2.0,Middels_90,438,2526,825,315.9,0.8916,1457.7
2.0,Middels_90,439,3252,882,316.7,0.8602,1132.9
2.0,Middels_90,440,2061,836,301.7,0.9156,1788.3
2.0,Middels_90,441,2041,1033,319.5,0.9115,1805.3
2.0,Middels_90,442,3562,958,276.0,0.8666,1034.0
2.0,Middels_90,443,1917,937,284.5,0.926,1921.6
2.0,Middels_90,444,2678,776,306.9,0.8884,1375.5
2.0,Middels_90,445,4329,984,298.8,0.8244,851.1
2.0,Middels_90,446,3759,888,316.8,0.8383,979.8
2.0,Middels_90,447,2730,896,309.8,0.8852,1348.7
2.0,Middels_90,448,2527,875,301.7,0.8965,1457.5
2.0,Middels_90,449,3171,880,297.9,0.8717,1161.3
2.0,Middels_90,450,3013,845,286.4,0.8829,1223.1
2.0,Middels_90,451,2575,864,285.3,0.9002,1430.0
2.0,Middels_90,452,1085,829,321.5,0.9526,3390.9
2.0,Middels_90,453,1160,783,309.3,0.9513,3177.1
2.0,Middels_90,454,2551,801,296.7,0.8973,1444.5
2.0,Middels_90,455,1980,803,284.4,0.9235,1859.8
2.0,Middels_90,456,3259,857,292.2,0.8708,1130.6
2.0,Middels_90,457,2064,969,312.7,0.9124,1784.3
2.0,Middels_90,458,1467,924,295.3,0.9412,2511.0
2.0,Middels_90,459,2167,766,281.4,0.9173,1700.4
2.0,Middels_90,460,2454,899,318.7,0.8938,1501.2
2.0,Middels_90,461,2082,816,291.8,0.9175,1769.7
2.0,Middels_90,462,1428,760,276.0,0.9465,2578.3
2.0,Middels_90,463,2819,894,304.4,0.8835,1306.7
2.0,Middels_90,464,2211,893,301.9,0.9094,1666.1
2.0,Middels_90,465,2726,824,281.8,0.8957,1351.4
2.0,Middels_90,466,4004,923,275.3,0.8503,919.7
2.0,Middels_90,467,3440,854,305.0,0.8576,1070.9
2.0,Middels_90,468,2782,847,281.1,0.8938,1324.1
2.0,Middels_90,469,2020,928,293.8,0.9194,1823.6
2.0,Middels_90,470,2377,847,286.4,0.9076,1549.7
2.0,Middels_90,471,2803,917,324.4,0.8766,1314.5
2.0,Middels_90,472,1050,864,302.6,0.9568,3503.6
2.0,Middels_90,473,2835,847,301.5,0.8839,1298.9
2.0,Middels_90,474,2295,787,301.6,0.906,1604.7
2.0,Middels_90,475,3161,790,297.8,0.8722,1165.3
2.0,Middels_90,476,1511,854,281.2,0.9423,2437.8
2.0,Middels_90,477,2733,783,313.3,0.8838,1348.1
2.0,Middels_90,478,1208,913,319.8,0.9476,3050.6
2.0,Middels_90,479,2974,950,302.2,0.878,1238.3
2.0,Middels_90,480,2187,789,305.2,0.9094,1684.4
2.0,Middels_90,481,1347,903,309.5,0.9434,2735.8
2.0,Middels_90,482,2089,921,290.3,0.9177,1763.7
2.0,Middels_90,483,2407,728,292.6,0.9044,1530.1
2.0,Middels_90,484,2695,815,276.9,0.8987,1366.4
2.0,Middels_90,485,1462,979,311.0,0.9383,2518.6
2.0,Middels_90,486,1707,908,314.9,0.927,2157.4
2.0,Middels_90,487,1988,762,316.8,0.9145,1852.3
2.0,Middels_90,488,2391,885,311.0,0.8991,1541.2
2.0,Middels_90,489,2229,937,316.8,0.9042,1653.3
2.0,Middels_90,490,3420,739,301.3,0.8601,1077.1
2.0,Middels_90,491,1973,790,281.5,0.9246,1866.6
2.0,Middels_90,492,3233,1007,310.2,0.8638,1139.1
2.0,Middels_90,493,3190,924,289.1,0.8748,1154.7
2.0,Middels_90,494,2196,805,306.7,0.9086,1677.4
2.0,Middels_90,495,2740,710,318.4,0.8816,1344.6
2.0,Middels_90,496,3055,1029,288.0,0.8806,1206.0
2.0,Middels_90,497,3188,936,282.9,0.8776,1155.7
2.0,Middels_90,498,2966,811,284.3,0.8856,1242.1
2.0,Middels_90,499,3489,830,297.3,0.8592,1056.1
2.0,Samferdsel_96,0,838,824,312.4,0.9648,4437.9
2.0,Samferdsel_96,1,1396,839,305.0,0.9423,2641.3
2.0,Samferdsel_96,2,1568,752,324.5,0.9309,2347.6
2.0,Samferdsel_96,3,1161,875,300.6,0.9526,3173.1
2.0,Samferdsel_96,4,886,874,288.0,0.9684,4551.6
2.0,Samferdsel_96,5,951,943,320.6,0.9763,6758.1
2.0,Samferdsel_96,6,1449,824,291.2,0.9427,2541.0
2.0,Samferdsel_96,7,1427,922,282.7,0.9453,2581.6
2.0,Samferdsel_96,8,1148,872,279.5,0.9564,3206.1
2.0,Samferdsel_96,9,1508,962,309.7,0.9367,2445.0
2.0,Samferdsel_96,10,1883,824,305.9,0.9218,1955.1
2.0,Samferdsel_96,11,867,857,319.0,0.9632,4336.9
2.0,Samferdsel_96,12,850,850,278.3,0.99,13916.0
2.0,Samferdsel_96,13,847,838,282.5,0.9698,4683.0
2.0,Samferdsel_96,14,923,922,319.6,0.99,15981.2
2.0,Samferdsel_96,15,811,808,276.2,0.9803,7003.1
2.0,Samferdsel_96,16,921,920,284.1,0.99,14204.9
2.0,Samferdsel_96,17,908,851,315.1,0.9612,4058.4
2.0,Samferdsel_96,18,829,824,321.2,0.9848,10545.5
2.0,Samferdsel_96,19,810,810,284.9,0.99,14247.4
2.0,Samferdsel_96,20,1509,844,309.9,0.9366,2442.7
2.0,Samferdsel_96,21,2064,809,282.2,0.9209,1784.6
2.0,Samferdsel_96,22,1322,943,287.5,0.9484,2784.7
2.0,Samferdsel_96,23,803,797,280.1,0.9811,7425.2
2.0,Samferdsel_96,24,1020,847,300.8,0.9583,3609.6
2.0,Samferdsel_96,25,1393,882,287.2,0.9457,2644.2
2.0,Samferdsel_96,26,1385,872,309.8,0.9417,2658.5
2.0,Samferdsel_96,27,916,916,302.9,0.99,15146.4
2.0,Samferdsel_96,28,1174,753,295.3,0.953,3137.7
2.0,Samferdsel_96,29,868,867,284.4,0.9878,11674.0
2.0,Samferdsel_96,30,1074,756,303.5,0.9558,3433.0
2.0,Samferdsel_96,31,840,830,286.2,0.9709,4919.9
2.0,Samferdsel_96,32,843,836,307.1,0.9732,5718.8
2.0,Samferdsel_96,33,970,969,287.3,0.9877,11649.9
2.0,Samferdsel_96,34,857,857,301.6,0.99,15078.7
2.0,Samferdsel_96,35,2320,955,297.1,0.9065,1588.6
2.0,Samferdsel_96,36,1372,811,319.6,0.9404,2683.0
2.0,Samferdsel_96,37,844,844,291.4,0.99,14570.2
2.0,Samferdsel_96,38,1124,839,319.4,0.9513,3280.4
2.0,Samferdsel_96,39,871,868,288.8,0.99,14437.9
2.0,Samferdsel_96,40,896,893,313.5,0.9795,7653.8
2.0,Samferdsel_96,41,993,857,293.3,0.9604,3707.7
2.0,Samferdsel_96,42,928,915,322.1,0.9596,3984.1
2.0,Samferdsel_96,43,952,951,293.1,0.99,14656.8
2.0,Samferdsel_96,44,879,879,310.5,0.99,15526.2
2.0,Samferdsel_96,45,745,745,286.0,0.99,14297.9
2.0,Samferdsel_96,46,1131,756,302.5,0.9536,3257.9
2.0,Samferdsel_96,47,1685,878,321.2,0.9265,2185.4
2.0,Samferdsel_96,48,1460,993,313.9,0.9378,2524.6
2.0,Samferdsel_96,49,1266,955,311.1,0.9465,2909.4
2.0,Samferdsel_96,50,924,803,317.2,0.9602,3986.1
2.0,Samferdsel_96,51,956,944,300.7,0.9661,4436.3
2.0,Samferdsel_96,52,759,752,287.3,0.9725,5215.3
2.0,Samferdsel_96,53,1123,805,308.2,0.9531,3284.0
2.0,Samferdsel_96,54,824,823,276.7,0.9887,12246.8
2.0,Samferdsel_96,55,2142,894,322.4,0.9062,1718.7
2.0,Samferdsel_96,56,991,818,300.0,0.9597,3719.3
2.0,Samferdsel_96,57,969,942,298.4,0.9608,3806.7
2.0,Samferdsel_96,58,1342,1061,286.6,0.9478,2744.6
2.0,Samferdsel_96,59,1110,815,296.7,0.9553,3318.3
2.0,Samferdsel_96,60,812,812,303.3,0.99,15163.9
2.0,Samferdsel_96,61,839,837,295.4,0.982,8219.5
2.0,Samferdsel_96,62,1018,893,296.7,0.959,3621.8
2.0,Samferdsel_96,63,1048,866,318.0,0.9547,3513.9
2.0,Samferdsel_96,64,2132,978,323.2,0.9065,1728.6
2.0,Samferdsel_96,65,1005,924,321.0,0.9562,3664.3
2.0,Samferdsel_96,66,773,770,294.6,0.99,14730.2
2.0,Samferdsel_96,67,1929,851,281.9,0.9262,1910.5
2.0,Samferdsel_96,68,1035,1020,301.4,0.9603,3792.6
2.0,Samferdsel_96,69,833,831,279.9,0.9872,10973.5
2.0,Samferdsel_96,70,913,913,293.5,0.99,14677.0
2.0,Samferdsel_96,71,1081,878,294.0,0.9569,3412.4
2.0,Samferdsel_96,72,847,847,300.0,0.99,15000.7
2.0,Samferdsel_96,73,1672,815,285.7,0.9351,2202.2
2.0,Samferdsel_96,74,987,878,320.1,0.9571,3729.0
2.0,Samferdsel_96,75,1844,882,287.6,0.928,1998.2
2.0,Samferdsel_96,76,1386,789,294.5,0.9446,2656.7
2.0,Samferdsel_96,77,873,872,296.4,0.99,14821.3
2.0,Samferdsel_96,78,1587,801,317.1,0.9317,2321.9
2.0,Samferdsel_96,79,2482,830,310.4,0.8955,1484.5
2.0,Samferdsel_96,80,1162,1027,305.5,0.9518,3168.1
2.0,Samferdsel_96,81,780,773,277.9,0.975,5555.8
2.0,Samferdsel_96,82,857,854,311.1,0.9814,8376.5
2.0,Samferdsel_96,83,1508,738,287.5,0.9412,2443.8
2.0,Samferdsel_96,84,1271,934,302.3,0.9478,2897.6
2.0,Samferdsel_96,85,1025,976,296.3,0.9588,3599.1
2.0,Samferdsel_96,86,964,880,316.4,0.9586,3820.5
2.0,Samferdsel_96,87,944,944,316.2,0.99,15810.5
2.0,Samferdsel_96,88,825,822,292.4,0.9824,8294.7
2.0,Samferdsel_96,89,913,910,288.2,0.9835,8725.0
2.0,Samferdsel_96,90,915,906,281.3,0.971,4847.4
2.0,Samferdsel_96,91,868,866,280.4,0.9855,9655.5
2.0,Samferdsel_96,92,921,913,292.2,0.9713,5084.8
2.0,Samferdsel_96,93,944,931,294.3,0.9681,4619.5
2.0,Samferdsel_96,94,802,801,293.6,0.99,14679.3
2.0,Samferdsel_96,95,992,990,300.3,0.9853,10215.9
2.0,Samferdsel_96,96,923,923,314.3,0.99,15714.5
2.0,Samferdsel_96,97,901,892,315.1,0.9731,5846.6
2.0,Samferdsel_96,98,1077,963,313.6,0.9542,3420.7
2.0,Samferdsel_96,99,881,881,300.5,0.99,15027.4
2.0,Samferdsel_96,100,2117,922,279.0,0.9199,1740.5
2.0,Samferdsel_96,101,991,980,315.2,0.9668,4753.7
2.0,Samferdsel_96,102,1923,857,286.6,0.9252,1916.2
2.0,Samferdsel_96,103,1396,787,302.2,0.9427,2639.5
2.0,Samferdsel_96,104,1398,917,308.8,0.9414,2633.9
2.0,Samferdsel_96,105,815,803,287.5,0.9726,5247.9
2.0,Samferdsel_96,106,1103,858,282.7,0.9577,3339.5
2.0,Samferdsel_96,107,1201,787,299.8,0.9511,3067.8
2.0,Samferdsel_96,108,1033,1033,305.6,0.99,15282.1
2.0,Samferdsel_96,109,948,875,310.9,0.96,3890.5
2.0,Samferdsel_96,110,1181,776,293.0,0.953,3119.8
2.0,Samferdsel_96,111,824,824,311.1,0.99,15554.2
2.0,Samferdsel_96,112,983,972,281.1,0.9711,4865.0
2.0,Samferdsel_96,113,1049,887,279.3,0.9602,3510.5
2.0,Samferdsel_96,114,2992,972,279.4,0.8865,1231.4
2.0,Samferdsel_96,115,769,769,288.1,0.99,14404.2
2.0,Samferdsel_96,116,1246,913,275.6,0.9534,2955.6
2.0,Samferdsel_96,117,902,888,278.7,0.9683,4391.2
2.0,Samferdsel_96,118,887,874,313.9,0.9635,4297.0
2.0,Samferdsel_96,119,1333,892,323.5,0.9415,2765.5
2.0,Samferdsel_96,120,1126,853,302.5,0.9537,3270.5
2.0,Samferdsel_96,121,952,951,321.0,0.9871,12426.9
2.0,Samferdsel_96,122,1567,847,301.1,0.936,2351.1
2.0,Samferdsel_96,123,2035,903,311.0,0.9141,1809.9
2.0,Samferdsel_96,124,1320,770,305.8,0.9452,2791.0
2.0,Samferdsel_96,125,801,790,321.2,0.9676,4953.9
2.0,Samferdsel_96,126,1558,865,293.3,0.938,2364.6
2.0,Samferdsel_96,127,1105,906,300.6,0.9549,3331.8
2.0,Samferdsel_96,128,1292,776,277.2,0.9514,2852.7
2.0,Samferdsel_96,129,787,787,298.1,0.99,14906.0
2.0,Samferdsel_96,130,1439,826,323.9,0.9367,2560.1
2.0,Samferdsel_96,131,789,789,297.0,0.99,14851.3
2.0,Samferdsel_96,132,1286,885,289.1,0.9495,2864.7
2.0,Samferdsel_96,133,927,915,321.4,0.9631,4355.8
2.0,Samferdsel_96,134,1218,888,306.7,0.9492,3021.7
2.0,Samferdsel_96,135,773,767,320.4,0.9689,5158.3
2.0,Samferdsel_96,136,880,875,317.3,0.9808,8274.3
2.0,Samferdsel_96,137,824,823,302.1,0.9851,10117.0
2.0,Samferdsel_96,138,1390,777,275.3,0.9481,2650.0
2.0,Samferdsel_96,139,948,936,290.0,0.9687,4637.9
2.0,Samferdsel_96,140,1377,714,297.6,0.9443,2673.9
2.0,Samferdsel_96,141,1601,903,294.5,0.936,2300.5
2.0,Samferdsel_96,142,902,900,314.7,0.9829,9188.4
2.0,Samferdsel_96,143,872,860,318.9,0.9668,4799.4
2.0,Samferdsel_96,144,924,924,310.5,0.99,15523.5
2.0,Samferdsel_96,145,2132,843,293.1,0.9152,1727.9
2.0,Samferdsel_96,146,1274,801,275.6,0.9523,2888.9
2.0,Samferdsel_96,147,775,769,286.4,0.9801,7199.0
2.0,Samferdsel_96,148,928,914,313.4,0.9635,4297.9
2.0,Samferdsel_96,149,1055,817,323.4,0.9537,3492.3
2.0,Samferdsel_96,150,797,796,293.8,0.99,14689.9
2.0,Samferdsel_96,151,1181,837,296.7,0.9524,3119.4
2.0,Samferdsel_96,152,837,837,277.0,0.99,13851.6
2.0,Samferdsel_96,153,857,850,304.4,0.9711,5266.5
2.0,Samferdsel_96,154,759,755,321.3,0.9808,8376.8
2.0,Samferdsel_96,155,2357,900,282.8,0.9095,1562.8
2.0,Samferdsel_96,156,1069,1054,308.9,0.9597,3832.6
2.0,Samferdsel_96,157,1404,853,324.7,0.9381,2623.3
2.0,Samferdsel_96,158,1201,859,313.2,0.949,3069.4
2.0,Samferdsel_96,159,1531,808,311.0,0.9354,2405.3
2.0,Samferdsel_96,160,901,900,278.4,0.99,13920.3
2.0,Samferdsel_96,161,2358,790,275.5,0.9118,1561.9
2.0,Samferdsel_96,162,1137,859,315.2,0.9514,3243.1
2.0,Samferdsel_96,163,2085,847,304.3,0.9139,1766.8
2.0,Samferdsel_96,164,866,866,314.1,0.99,15705.6
2.0,Samferdsel_96,165,812,805,294.5,0.9766,6297.9
2.0,Samferdsel_96,166,853,843,319.5,0.9654,4614.9
2.0,Samferdsel_96,167,1713,752,288.2,0.933,2149.7
2.0,Samferdsel_96,168,1628,837,286.0,0.9368,2264.0
2.0,Samferdsel_96,169,1063,871,280.7,0.9595,3462.3
2.0,Samferdsel_96,170,1468,878,299.0,0.9404,2508.7
2.0,Samferdsel_96,171,938,937,299.0,0.99,14948.4
2.0,Samferdsel_96,172,2202,927,280.3,0.9162,1672.9
2.0,Samferdsel_96,173,823,817,314.9,0.9763,6652.3
2.0,Samferdsel_96,174,885,882,289.7,0.99,14485.6
2.0,Samferdsel_96,175,1511,895,296.6,0.9391,2436.3
2.0,Samferdsel_96,176,1882,801,283.6,0.9275,1956.5
2.0,Samferdsel_96,177,1952,773,282.7,0.9251,1886.4
2.0,Samferdsel_96,178,917,809,318.5,0.9603,4015.6
2.0,Samferdsel_96,179,976,964,279.9,0.972,4988.7
2.0,Samferdsel_96,180,1019,1004,280.0,0.9625,3731.9
2.0,Samferdsel_96,181,1784,789,305.6,0.926,2063.6
2.0,Samferdsel_96,182,2292,826,316.2,0.9017,1607.3
2.0,Samferdsel_96,183,2492,816,295.4,0.9001,1477.9
2.0,Samferdsel_96,184,992,991,277.4,0.99,13869.4
2.0,Samferdsel_96,185,2140,921,300.3,0.9128,1721.4
2.0,Samferdsel_96,186,1088,1074,312.6,0.962,4110.3
2.0,Samferdsel_96,187,781,780,278.7,0.99,13934.4
2.0,Samferdsel_96,188,1174,817,285.6,0.9545,3139.4
2.0,Samferdsel_96,189,1624,866,293.7,0.9352,2267.3
2.0,Samferdsel_96,190,923,923,315.0,0.99,15751.9
2.0,Samferdsel_96,191,958,958,320.3,0.99,16014.6
2.0,Samferdsel_96,192,840,839,277.8,0.99,13888.7
2.0,Samferdsel_96,193,2327,752,313.6,0.901,1583.8
2.0,Samferdsel_96,194,776,773,312.5,0.9779,7059.3
2.0,Samferdsel_96,195,1539,802,276.1,0.9423,2391.8
2.0,Samferdsel_96,196,931,833,302.5,0.9618,3954.1
2.0,Samferdsel_96,197,923,837,301.7,0.9622,3991.4
2.0,Samferdsel_96,198,1687,798,280.9,0.9356,2182.1
2.0,Samferdsel_96,199,860,766,294.9,0.9655,4278.4
2.0,Samferdsel_96,200,1397,909,278.5,0.9472,2638.7
2.0,Samferdsel_96,201,830,829,280.0,0.99,14001.9
2.0,Samferdsel_96,202,910,830,313.3,0.9613,4046.3
2.0,Samferdsel_96,203,1043,830,287.8,0.9593,3531.5
2.0,Samferdsel_96,204,773,773,278.1,0.99,13905.1
2.0,Samferdsel_96,205,964,957,287.3,0.9752,5786.2
2.0,Samferdsel_96,206,1350,930,311.3,0.9429,2727.0
2.0,Samferdsel_96,207,875,874,318.4,0.99,15918.8
2.0,Samferdsel_96,208,1188,986,280.2,0.9548,3102.4
2.0,Samferdsel_96,209,1595,875,295.6,0.936,2308.3
2.0,Samferdsel_96,210,804,803,292.4,0.99,14622.1
2.0,Samferdsel_96,211,1533,894,284.2,0.9408,2402.1
2.0,Samferdsel_96,212,910,754,289.8,0.9642,4047.6
2.0,Samferdsel_96,213,1557,851,284.2,0.94,2367.3
2.0,Samferdsel_96,214,875,875,317.6,0.99,15881.1
2.0,Samferdsel_96,215,847,838,283.6,0.9757,5827.7
2.0,Samferdsel_96,216,1312,839,320.7,0.9429,2810.7
2.0,Samferdsel_96,217,1172,787,292.7,0.9535,3143.9
2.0,Samferdsel_96,218,840,831,302.0,0.9736,5718.5
2.0,Samferdsel_96,219,846,839,309.2,0.9736,5846.1
2.0,Samferdsel_96,220,913,896,275.7,0.9674,4231.6
2.0,Samferdsel_96,221,1249,755,322.0,0.9455,2951.9
2.0,Samferdsel_96,222,833,833,318.5,0.99,15923.4
2.0,Samferdsel_96,223,1747,763,289.6,0.9313,2108.9
2.0,Samferdsel_96,224,1489,784,324.6,0.9344,2473.0
2.0,Samferdsel_96,225,788,787,319.4,0.99,15968.5
2.0,Samferdsel_96,226,1720,780,315.5,0.9263,2141.6
2.0,Samferdsel_96,227,809,809,281.3,0.9899,13892.1
2.0,Samferdsel_96,228,942,777,303.5,0.9612,3909.4
2.0,Samferdsel_96,229,913,861,290.2,0.9641,4040.1
2.0,Samferdsel_96,230,768,761,322.3,0.9765,6872.0
2.0,Samferdsel_96,231,819,819,305.0,0.99,15252.4
2.0,Samferdsel_96,232,1671,902,285.1,0.9353,2204.6
2.0,Samferdsel_96,233,1007,999,300.9,0.9684,4764.0
2.0,Samferdsel_96,234,1599,809,291.7,0.9367,2305.6
2.0,Samferdsel_96,235,2268,867,294.9,0.9092,1623.7
2.0,Samferdsel_96,236,880,868,320.0,0.9635,4386.4
2.0,Samferdsel_96,237,964,964,317.0,0.99,15849.6
2.0,Samferdsel_96,238,1749,889,319.2,0.9242,2106.4
2.0,Samferdsel_96,239,1432,906,310.2,0.9397,2572.1
2.0,Samferdsel_96,240,857,854,310.3,0.9861,11193.2
2.0,Samferdsel_96,241,774,774,291.3,0.99,14564.2
2.0,Samferdsel_96,242,1111,893,289.3,0.9564,3316.2
2.0,Samferdsel_96,243,1413,893,289.0,0.9445,2605.5
2.0,Samferdsel_96,244,1148,958,288.1,0.9551,3205.2
2.0,Samferdsel_96,245,829,826,279.6,0.99,13977.7
2.0,Samferdsel_96,246,774,768,285.7,0.9824,8095.6
2.0,Samferdsel_96,247,1530,924,306.2,0.9364,2407.6
2.0,Samferdsel_96,248,892,816,295.0,0.9643,4132.5
2.0,Samferdsel_96,249,859,851,301.6,0.9711,5220.5
2.0,Samferdsel_96,250,798,798,305.4,0.99,15271.1
2.0,Samferdsel_96,251,798,798,288.9,0.99,14445.5
2.0,Samferdsel_96,252,867,866,289.8,0.988,12102.7
2.0,Samferdsel_96,253,1610,951,300.0,0.9344,2286.1
2.0,Samferdsel_96,254,1077,787,300.6,0.9561,3420.3
2.0,Samferdsel_96,255,1284,861,312.3,0.9456,2871.5
2.0,Samferdsel_96,256,885,774,296.5,0.9644,4165.4
2.0,Samferdsel_96,257,1725,892,316.0,0.926,2136.3
2.0,Samferdsel_96,258,1701,858,284.3,0.9344,2165.3
2.0,Samferdsel_96,259,762,759,296.5,0.9782,6814.3
2.0,Samferdsel_96,260,1116,963,293.4,0.9556,3304.7
2.0,Samferdsel_96,261,1532,861,275.6,0.9427,2403.3
2.0,Samferdsel_96,262,2476,837,293.5,0.9014,1488.1
2.0,Samferdsel_96,263,787,776,303.0,0.9704,5110.7
2.0,Samferdsel_96,264,895,894,301.2,0.99,15058.0
2.0,Samferdsel_96,265,1229,934,315.1,0.9474,2997.0
2.0,Samferdsel_96,266,1118,809,276.3,0.958,3293.1
2.0,Samferdsel_96,267,2225,927,308.4,0.9069,1655.7
2.0,Samferdsel_96,268,2078,927,295.7,0.9166,1771.9
2.0,Samferdsel_96,269,704,700,291.0,0.9828,8455.2
2.0,Samferdsel_96,270,826,825,295.0,0.99,14749.8
2.0,Samferdsel_96,271,1119,910,275.9,0.9581,3290.1
2.0,Samferdsel_96,272,1020,817,299.8,0.9585,3613.9
2.0,Samferdsel_96,273,985,985,282.5,0.99,14123.0
2.0,Samferdsel_96,274,937,927,301.8,0.9654,4355.0
2.0,Samferdsel_96,275,1144,887,305.1,0.9527,3222.2
2.0,Samferdsel_96,276,1515,879,319.1,0.9344,2432.2
2.0,Samferdsel_96,277,1476,858,280.9,0.9437,2495.9
2.0,Samferdsel_96,278,902,892,301.2,0.9659,4417.7
2.0,Samferdsel_96,279,882,880,298.6,0.9841,9373.2
2.0,Samferdsel_96,280,1701,973,311.1,0.9281,2164.1
2.0,Samferdsel_96,281,1323,892,323.2,0.9419,2783.9
2.0,Samferdsel_96,282,910,909,276.7,0.99,13834.5
2.0,Samferdsel_96,283,2097,815,322.2,0.9083,1757.4
2.0,Samferdsel_96,284,985,972,298.6,0.9675,4592.3
2.0,Samferdsel_96,285,908,896,302.0,0.9654,4364.3
2.0,Samferdsel_96,286,1384,845,323.8,0.9392,2662.2
2.0,Samferdsel_96,287,1322,958,309.3,0.9445,2786.8
2.0,Samferdsel_96,288,944,931,292.8,0.9661,4313.3
2.0,Samferdsel_96,289,2189,851,321.3,0.9045,1683.0
2.0,Samferdsel_96,290,2217,910,299.5,0.9099,1662.0
2.0,Samferdsel_96,291,1634,899,277.5,0.9385,2255.5
2.0,Samferdsel_96,292,1004,992,306.5,0.9677,4745.6
2.0,Samferdsel_96,293,1351,790,305.0,0.944,2724.4
2.0,Samferdsel_96,294,859,791,295.7,0.9655,4288.3
2.0,Samferdsel_96,295,1804,983,311.5,0.9237,2041.6
2.0,Samferdsel_96,296,1028,749,315.7,0.9559,3579.7
2.0,Samferdsel_96,297,952,937,314.1,0.96,3930.1
2.0,Samferdsel_96,298,815,812,283.1,0.9823,8015.6
2.0,Samferdsel_96,299,868,860,293.3,0.9741,5667.9
2.0,Samferdsel_96,300,1482,739,300.1,0.9396,2485.8
2.0,Samferdsel_96,301,915,907,321.3,0.9725,5840.0
2.0,Samferdsel_96,302,915,907,286.0,0.974,5498.8
2.0,Samferdsel_96,303,1274,1018,292.3,0.9494,2889.0
2.0,Samferdsel_96,304,1799,727,275.2,0.9328,2046.7
2.0,Samferdsel_96,305,1251,979,294.2,0.95,2944.3
2.0,Samferdsel_96,306,831,826,303.5,0.983,8925.3
2.0,Samferdsel_96,307,2071,818,292.4,0.9178,1778.8
2.0,Samferdsel_96,308,1335,819,280.9,0.9491,2760.5
2.0,Samferdsel_96,309,1824,923,295.1,0.927,2020.4
2.0,Samferdsel_96,310,733,732,317.0,0.99,15850.8
2.0,Samferdsel_96,311,1020,865,313.7,0.9566,3610.5
2.0,Samferdsel_96,312,943,942,296.9,0.99,14846.6
2.0,Samferdsel_96,313,893,885,296.9,0.9736,5630.6
2.0,Samferdsel_96,314,2462,795,277.9,0.9071,1496.1
2.0,Samferdsel_96,315,873,864,297.3,0.9687,4747.7
2.0,Samferdsel_96,316,878,874,296.4,0.9836,9019.9
2.0,Samferdsel_96,317,1152,775,306.8,0.9521,3199.7
2.0,Samferdsel_96,318,951,937,319.7,0.9608,4077.9
2.0,Samferdsel_96,319,811,811,301.8,0.99,15092.4
2.0,Samferdsel_96,320,1623,909,314.5,0.9307,2268.2
2.0,Samferdsel_96,321,1529,755,303.1,0.9371,2409.4
2.0,Samferdsel_96,322,1524,859,319.6,0.9339,2417.8
2.0,Samferdsel_96,323,861,859,303.4,0.9845,9771.8
2.0,Samferdsel_96,324,2518,826,277.0,0.9053,1462.6
2.0,Samferdsel_96,325,861,859,318.0,0.9839,9852.9
2.0,Samferdsel_96,326,871,867,299.5,0.9844,9622.0
2.0,Samferdsel_96,327,1581,853,301.5,0.9353,2329.1
2.0,Samferdsel_96,328,880,878,289.7,0.9813,7749.9
2.0,Samferdsel_96,329,970,970,279.5,0.99,13976.5
2.0,Samferdsel_96,330,1694,839,299.6,0.9311,2173.9
2.0,Samferdsel_96,331,1536,755,293.8,0.9388,2398.5
2.0,Samferdsel_96,332,2177,838,293.1,0.9134,1691.9
2.0,Samferdsel_96,333,790,777,323.2,0.9677,4997.1
2.0,Samferdsel_96,334,824,823,278.6,0.99,13929.2
2.0,Samferdsel_96,335,1028,838,314.5,0.9561,3581.3
2.0,Samferdsel_96,336,868,860,281.8,0.9721,5047.0
2.0,Samferdsel_96,337,1691,839,281.3,0.9354,2178.5
2.0,Samferdsel_96,338,880,879,311.2,0.9877,12663.5
2.0,Samferdsel_96,339,803,803,304.1,0.99,15203.2
2.0,Samferdsel_96,340,1363,942,321.8,0.9404,2701.9
2.0,Samferdsel_96,341,859,802,317.0,0.963,4285.7
2.0,Samferdsel_96,342,1890,829,290.3,0.9255,1948.7
2.0,Samferdsel_96,343,825,825,322.4,0.99,16120.2
2.0,Samferdsel_96,344,937,929,301.4,0.9709,5184.0
2.0,Samferdsel_96,345,906,899,306.8,0.979,7309.9
2.0,Samferdsel_96,346,2000,829,319.7,0.9132,1842.2
2.0,Samferdsel_96,347,1687,899,289.7,0.9337,2183.2
2.0,Samferdsel_96,348,1181,829,298.6,0.9521,3117.3
2.0,Samferdsel_96,349,824,824,321.0,0.99,16052.0
2.0,Samferdsel_96,350,915,915,319.9,0.99,15997.0
2.0,Samferdsel_96,351,1167,829,296.0,0.9531,3155.7
2.0,Samferdsel_96,352,930,930,292.0,0.99,14600.9
2.0,Samferdsel_96,353,1398,861,278.9,0.9471,2633.7
2.0,Samferdsel_96,354,973,973,307.4,0.99,15369.2
2.0,Samferdsel_96,355,1879,971,291.7,0.9256,1961.7
2.0,Samferdsel_96,356,894,893,295.8,0.99,14788.5
2.0,Samferdsel_96,357,966,964,291.2,0.9825,8332.6
2.0,Samferdsel_96,358,2132,875,307.8,0.9109,1727.7
2.0,Samferdsel_96,359,850,850,305.6,0.99,15280.2
2.0,Samferdsel_96,360,864,864,323.9,0.99,16194.1
2.0,Samferdsel_96,361,1487,900,313.6,0.9367,2478.8
2.0,Samferdsel_96,362,878,878,319.5,0.99,15972.6
2.0,Samferdsel_96,363,868,865,324.6,0.9784,7500.0
2.0,Samferdsel_96,364,994,994,283.6,0.99,14181.0
2.0,Samferdsel_96,365,817,816,294.0,0.986,10535.6
2.0,Samferdsel_96,366,767,767,279.2,0.99,13957.8
2.0,Samferdsel_96,367,1582,896,313.2,0.9327,2326.4
2.0,Samferdsel_96,368,906,850,324.9,0.9601,4070.8
2.0,Samferdsel_96,369,1067,844,291.0,0.9579,3452.8
2.0,Samferdsel_96,370,1531,767,275.2,0.9428,2406.5
2.0,Samferdsel_96,371,1127,896,324.5,0.9503,3268.1
2.0,Samferdsel_96,372,850,840,296.7,0.9757,6107.9
2.0,Samferdsel_96,373,804,803,293.4,0.99,14671.6
2.0,Samferdsel_96,374,1021,985,281.1,0.961,3607.3
2.0,Samferdsel_96,375,854,801,307.8,0.9643,4311.9
2.0,Samferdsel_96,376,1635,794,303.4,0.9327,2253.4
2.0,Samferdsel_96,377,942,789,313.2,0.96,3915.1
2.0,Samferdsel_96,378,909,907,303.4,0.9844,9699.2
2.0,Samferdsel_96,379,987,710,320.6,0.957,3729.3
2.0,Samferdsel_96,380,942,754,322.2,0.9588,3914.2
2.0,Samferdsel_96,381,881,868,321.6,0.9624,4282.0
2.0,Samferdsel_96,382,1165,908,289.3,0.9543,3164.6
2.0,Samferdsel_96,383,1258,931,278.9,0.9524,2928.0
2.0,Samferdsel_96,384,921,914,315.8,0.98,7890.7
2.0,Samferdsel_96,385,976,969,275.4,0.9791,6590.9
2.0,Samferdsel_96,386,2552,1011,279.6,0.9032,1443.8
2.0,Samferdsel_96,387,819,812,314.8,0.9759,6540.6
2.0,Samferdsel_96,388,951,896,292.0,0.9623,3871.4
2.0,Samferdsel_96,389,774,762,307.3,0.969,4957.5
2.0,Samferdsel_96,390,1278,797,281.2,0.9512,2883.7
2.0,Samferdsel_96,391,924,917,305.0,0.9751,6112.2
2.0,Samferdsel_96,392,831,829,311.9,0.9805,8002.2
2.0,Samferdsel_96,393,888,888,282.9,0.99,14147.2
2.0,Samferdsel_96,394,1021,836,279.0,0.9613,3605.4
2.0,Samferdsel_96,395,998,942,299.2,0.9595,3690.3
2.0,Samferdsel_96,396,1070,896,320.2,0.9535,3439.5
2.0,Samferdsel_96,397,761,761,317.2,0.99,15862.4
2.0,Samferdsel_96,398,1483,907,323.8,0.9348,2483.7
2.0,Samferdsel_96,399,1117,796,299.2,0.9546,3298.1
2.0,Samferdsel_96,400,1837,858,315.4,0.9214,2006.1
2.0,Samferdsel_96,401,1195,767,292.3,0.9526,3083.5
2.0,Samferdsel_96,402,1084,846,297.0,0.9563,3396.2
2.0,Samferdsel_96,403,1260,766,283.5,0.9515,2920.8
2.0,Samferdsel_96,404,853,840,292.3,0.9661,4313.2
2.0,Samferdsel_96,405,742,740,285.2,0.99,14261.3
2.0,Samferdsel_96,406,1707,795,287.5,0.9334,2158.2
2.0,Samferdsel_96,407,852,843,290.9,0.9712,5055.5
2.0,Samferdsel_96,408,851,847,304.4,0.9806,7852.8
2.0,Samferdsel_96,409,1708,868,322.1,0.9253,2155.8
2.0,Samferdsel_96,410,1435,851,323.8,0.9369,2566.7
2.0,Samferdsel_96,411,937,923,323.0,0.9592,3955.0
2.0,Samferdsel_96,412,1942,895,313.6,0.9174,1897.8
2.0,Samferdsel_96,413,801,788,324.1,0.9649,4616.6
2.0,Samferdsel_96,414,917,908,315.6,0.9648,4482.2
2.0,Samferdsel_96,415,908,893,295.7,0.9641,4118.6
2.0,Samferdsel_96,416,1540,808,323.8,0.9323,2390.5
2.0,Samferdsel_96,417,1866,788,301.3,0.9237,1974.4
2.0,Samferdsel_96,418,1189,829,276.7,0.9554,3098.5
2.0,Samferdsel_96,419,1320,937,296.4,0.9469,2792.7
2.0,Samferdsel_96,420,1396,845,317.9,0.9398,2639.5
2.0,Samferdsel_96,421,950,950,322.4,0.99,16121.1
2.0,Samferdsel_96,422,1232,760,294.2,0.9508,2988.9
2.0,Samferdsel_96,423,2168,805,303.3,0.9107,1698.7
2.0,Samferdsel_96,424,1207,894,311.8,0.9489,3053.2
2.0,Samferdsel_96,425,843,843,312.7,0.99,15634.0
2.0,Samferdsel_96,426,837,833,281.0,0.983,8269.8
2.0,Samferdsel_96,427,970,957,278.3,0.9667,4175.7
2.0,Samferdsel_96,428,881,810,288.2,0.9655,4178.7
2.0,Samferdsel_96,429,2260,805,297.4,0.9087,1629.4
2.0,Samferdsel_96,430,1762,901,315.4,0.9246,2090.4
2.0,Samferdsel_96,431,843,831,305.8,0.9695,5017.8
2.0,Samferdsel_96,432,2818,826,277.6,0.8938,1307.2
2.0,Samferdsel_96,433,1844,753,312.2,0.9219,1998.4
2.0,Samferdsel_96,434,2023,920,306.6,0.9158,1820.0
2.0,Samferdsel_96,435,756,755,306.1,0.9852,10326.8
2.0,Samferdsel_96,436,859,850,298.5,0.9679,4645.2
2.0,Samferdsel_96,437,1062,874,275.3,0.9603,3467.7
2.0,Samferdsel_96,438,1127,825,315.9,0.9516,3265.7
2.0,Samferdsel_96,439,1855,882,316.7,0.9202,1985.0
2.0,Samferdsel_96,440,844,836,301.7,0.9756,6193.3
2.0,Samferdsel_96,441,1041,1033,319.5,0.9715,5607.8
2.0,Samferdsel_96,442,1960,958,276.0,0.9266,1878.7
2.0,Samferdsel_96,443,938,937,284.5,0.986,10146.9
2.0,Samferdsel_96,444,1238,776,306.9,0.9484,2976.0
2.0,Samferdsel_96,445,2848,984,298.8,0.8844,1293.0
2.0,Samferdsel_96,446,2364,888,316.8,0.8983,1557.8
2.0,Samferdsel_96,447,1305,896,309.8,0.9452,2824.5
2.0,Samferdsel_96,448,1062,875,301.7,0.9565,3468.5
2.0,Samferdsel_96,449,1687,880,297.9,0.9317,2181.8
2.0,Samferdsel_96,450,1468,845,286.4,0.9429,2508.9
2.0,Samferdsel_96,451,1027,864,285.3,0.9602,3587.8
2.0,Samferdsel_96,452,829,829,321.5,0.99,16073.8
2.0,Samferdsel_96,453,784,783,309.3,0.99,15466.6
2.0,Samferdsel_96,454,1061,801,296.7,0.9573,3473.4
2.0,Samferdsel_96,455,808,803,284.4,0.9835,8643.3
2.0,Samferdsel_96,456,1746,857,292.2,0.9308,2110.5
2.0,Samferdsel_96,457,973,969,312.7,0.9724,5660.2
2.0,Samferdsel_96,458,927,924,295.3,0.99,14766.0
2.0,Samferdsel_96,459,770,766,281.4,0.9773,6188.3
2.0,Samferdsel_96,460,1067,899,318.7,0.9538,3453.0
2.0,Samferdsel_96,461,824,816,291.8,0.9775,6498.3
2.0,Samferdsel_96,462,761,760,276.0,0.99,13798.0
2.0,Samferdsel_96,463,1368,894,304.4,0.9435,2694.9
2.0,Samferdsel_96,464,903,893,301.9,0.9694,4933.1
2.0,Samferdsel_96,465,1158,824,281.8,0.9557,3182.9
2.0,Samferdsel_96,466,2399,923,275.3,0.9103,1535.2
2.0,Samferdsel_96,467,1991,854,305.0,0.9176,1850.7
2.0,Samferdsel_96,468,1209,847,281.1,0.9538,3045.7
2.0,Samferdsel_96,469,930,928,293.8,0.9794,7147.7
2.0,Samferdsel_96,470,859,847,286.4,0.9676,4417.9
2.0,Samferdsel_96,471,1440,917,324.4,0.9366,2558.8
2.0,Samferdsel_96,472,864,864,302.6,0.99,15128.4
2.0,Samferdsel_96,473,1370,847,301.5,0.9439,2689.0
2.0,Samferdsel_96,474,830,787,301.6,0.966,4438.6
2.0,Samferdsel_96,475,1677,790,297.8,0.9322,2196.7
2.0,Samferdsel_96,476,857,854,281.2,0.99,14059.2
2.0,Samferdsel_96,477,1321,783,313.3,0.9438,2787.3
2.0,Samferdsel_96,478,913,913,319.8,0.99,15990.9
2.0,Samferdsel_96,479,1511,950,302.2,0.938,2436.6
2.0,Samferdsel_96,480,801,789,305.2,0.9694,4986.5
2.0,Samferdsel_96,481,903,903,309.5,0.99,15475.8
2.0,Samferdsel_96,482,927,921,290.3,0.9777,6506.6
2.0,Samferdsel_96,483,896,728,292.6,0.9644,4108.3
2.0,Samferdsel_96,484,1099,815,276.9,0.9587,3349.6
2.0,Samferdsel_96,485,979,979,311.0,0.99,15549.9
2.0,Samferdsel_96,486,909,908,314.9,0.987,12129.3
2.0,Samferdsel_96,487,769,762,316.8,0.9745,6209.6
2.0,Samferdsel_96,488,969,885,311.0,0.9591,3802.8
2.0,Samferdsel_96,489,950,937,316.8,0.9642,4423.4
2.0,Samferdsel_96,490,1952,739,301.3,0.9201,1886.1
2.0,Samferdsel_96,491,795,790,281.5,0.9846,9143.1
2.0,Samferdsel_96,492,1809,1007,310.2,0.9238,2036.6
2.0,Samferdsel_96,493,1662,924,289.1,0.9348,2217.7
2.0,Samferdsel_96,494,816,805,306.7,0.9686,4879.5
2.0,Samferdsel_96,495,1351,710,318.4,0.9416,2726.2
2.0,Samferdsel_96,496,1519,1029,288.0,0.9406,2424.1
2.0,Samferdsel_96,497,1624,936,282.9,0.9376,2266.9
2.0,Samferdsel_96,498,1411,811,284.3,0.9456,2611.0
2.0,Samferdsel_96,499,2001,830,297.3,0.9192,1840.7
