Std,Scenario,iter,Varighet_Dager,Sampled_Automasjon,Sampled_Throughput
0.01,Basis_85,0,3499,0.8516,1052.7
0.01,Basis_85,1,3765,0.8441,978.1
0.01,Basis_85,2,3625,0.8403,1015.8
0.01,Basis_85,3,3736,0.8475,986.0
0.01,Basis_85,4,3765,0.8528,978.1
0.01,Basis_85,5,3322,0.8554,1108.9
0.01,Basis_85,6,3940,0.8442,934.7
0.01,Basis_85,7,4037,0.8451,912.4
0.01,Basis_85,8,3986,0.8488,924.2
0.01,Basis_85,9,3752,0.8422,981.4
0.01,Basis_85,10,3919,0.8373,939.9
0.01,Basis_85,11,3440,0.8511,1070.9
0.01,Basis_85,12,3289,0.8757,1119.8
0.01,Basis_85,13,3826,0.8533,962.9
0.01,Basis_85,14,3079,0.8664,1196.2
0.01,Basis_85,15,3820,0.8568,964.2
0.01,Basis_85,16,3286,0.8733,1121.2
0.01,Basis_85,17,3498,0.8504,1053.1
0.01,Basis_85,18,3251,0.8583,1133.1
0.01,Basis_85,19,3472,0.8657,1060.7
0.01,Basis_85,20,3751,0.8422,981.9
0.01,Basis_85,21,4256,0.837,865.4
0.01,Basis_85,22,3944,0.8461,934.2
0.01,Basis_85,23,3759,0.857,979.6
0.01,Basis_85,24,3687,0.8494,998.9
0.01,Basis_85,25,3969,0.8452,927.9
0.01,Basis_85,26,3713,0.8439,992.4
0.01,Basis_85,27,3226,0.8673,1141.5
0.01,Basis_85,28,3801,0.8477,969.0
0.01,Basis_85,29,3645,0.8593,1010.6
0.01,Basis_85,30,3674,0.8486,1002.3
0.01,Basis_85,31,3769,0.8536,977.6
0.01,Basis_85,32,3493,0.8544,1054.3
0.01,Basis_85,33,3609,0.8592,1020.6
0.01,Basis_85,34,3269,0.8661,1126.5
0.01,Basis_85,35,4162,0.8322,885.1
0.01,Basis_85,36,3609,0.8435,1020.9
0.01,Basis_85,37,3414,0.8649,1078.7
0.01,Basis_85,38,3527,0.8471,1044.4
0.01,Basis_85,39,3533,0.8615,1042.5
0.01,Basis_85,40,3372,0.8565,1092.3
0.01,Basis_85,41,3763,0.8501,978.8
0.01,Basis_85,42,3434,0.8499,1072.7
0.01,Basis_85,43,3442,0.863,1070.1
0.01,Basis_85,44,3147,0.8674,1170.6
0.01,Basis_85,45,3520,0.8634,1046.5
0.01,Basis_85,46,3706,0.8479,994.2
0.01,Basis_85,47,3696,0.8388,996.5
0.01,Basis_85,48,3694,0.8426,997.3
0.01,Basis_85,49,3658,0.8455,1007.0
0.01,Basis_85,50,3483,0.8501,1057.7
0.01,Basis_85,51,3624,0.852,1016.2
0.01,Basis_85,52,3741,0.8542,984.9
0.01,Basis_85,53,3640,0.8477,1011.9
0.01,Basis_85,54,3738,0.8596,985.1
0.01,Basis_85,55,3839,0.8321,959.8
0.01,Basis_85,56,3687,0.8499,999.1
0.01,Basis_85,57,3696,0.8503,996.4
0.01,Basis_85,58,3960,0.8459,930.0
0.01,Basis_85,59,3764,0.8484,978.7
0.01,Basis_85,60,3240,0.8666,1136.8
0.01,Basis_85,61,3559,0.8573,1035.4
0.01,Basis_85,62,3731,0.8497,986.9
0.01,Basis_85,63,3514,0.8482,1047.8
0.01,Basis_85,64,3826,0.8322,962.9
0.01,Basis_85,65,3471,0.8487,1061.0
0.01,Basis_85,66,3043,0.8783,1210.3
0.01,Basis_85,67,4214,0.8387,874.1
0.01,Basis_85,68,3665,0.8501,1005.3
0.01,Basis_85,69,3709,0.8591,993.0
0.01,Basis_85,70,3363,0.866,1095.6
0.01,Basis_85,71,3785,0.849,973.3
0.01,Basis_85,72,3218,0.8689,1144.4
0.01,Basis_85,73,4081,0.8417,902.3
0.01,Basis_85,74,3475,0.849,1060.2
0.01,Basis_85,75,4115,0.8393,895.2
0.01,Basis_85,76,3881,0.8449,949.2
0.01,Basis_85,77,3420,0.8624,1077.2
0.01,Basis_85,78,3703,0.8406,994.5
0.01,Basis_85,79,4071,0.8285,904.8
0.01,Basis_85,80,3682,0.8473,1000.2
0.01,Basis_85,81,3843,0.855,958.3
0.01,Basis_85,82,3384,0.8571,1089.0
0.01,Basis_85,83,4004,0.8437,919.8
0.01,Basis_85,84,3755,0.8459,981.2
0.01,Basis_85,85,3738,0.8496,985.1
0.01,Basis_85,86,3504,0.8495,1051.3
0.01,Basis_85,87,3248,0.8606,1133.9
0.01,Basis_85,88,3591,0.8575,1025.6
0.01,Basis_85,89,3633,0.8578,1013.7
0.01,Basis_85,90,3833,0.8537,961.3
0.01,Basis_85,91,3717,0.8585,990.9
0.01,Basis_85,92,3687,0.8538,998.9
0.01,Basis_85,93,3687,0.8527,999.0
0.01,Basis_85,94,3454,0.8624,1066.5
0.01,Basis_85,95,3472,0.8584,1060.7
0.01,Basis_85,96,3238,0.8619,1137.6
0.01,Basis_85,97,3406,0.8544,1081.6
0.01,Basis_85,98,3569,0.8481,1031.8
0.01,Basis_85,99,3428,0.8602,1074.6
0.01,Basis_85,100,4315,0.8366,853.7
0.01,Basis_85,101,3454,0.8523,1066.8
0.01,Basis_85,102,4154,0.8384,886.9
0.01,Basis_85,103,3797,0.8442,970.3
0.01,Basis_85,104,3727,0.8438,988.5
0.01,Basis_85,105,3736,0.8542,985.8
0.01,Basis_85,106,3930,0.8492,937.4
0.01,Basis_85,107,3758,0.847,980.1
0.01,Basis_85,108,3324,0.8621,1108.0
0.01,Basis_85,109,3554,0.85,1036.3
0.01,Basis_85,110,3829,0.8477,961.7
0.01,Basis_85,111,3202,0.8648,1150.8
0.01,Basis_85,112,3834,0.8537,960.8
0.01,Basis_85,113,3954,0.8501,931.5
0.01,Basis_85,114,4599,0.8255,800.7
0.01,Basis_85,115,3486,0.8637,1056.5
0.01,Basis_85,116,4070,0.8478,905.3
0.01,Basis_85,117,3892,0.8528,946.4
0.01,Basis_85,118,3493,0.8512,1054.3
0.01,Basis_85,119,3555,0.8438,1035.9
0.01,Basis_85,120,3703,0.8479,994.6
0.01,Basis_85,121,3237,0.859,1138.4
0.01,Basis_85,122,3867,0.842,952.8
0.01,Basis_85,123,3916,0.8347,940.7
0.01,Basis_85,124,3734,0.8451,986.8
0.01,Basis_85,125,3381,0.8525,1089.1
0.01,Basis_85,126,3952,0.8427,932.0
0.01,Basis_85,127,3717,0.8483,990.8
0.01,Basis_85,128,4063,0.8471,906.6
0.01,Basis_85,129,3308,0.8661,1113.6
0.01,Basis_85,130,3588,0.8422,1026.6
0.01,Basis_85,131,3262,0.8684,1128.8
0.01,Basis_85,132,3911,0.8465,941.9
0.01,Basis_85,133,3414,0.851,1078.9
0.01,Basis_85,134,3688,0.8464,998.5
0.01,Basis_85,135,3380,0.853,1089.6
0.01,Basis_85,136,3322,0.8569,1109.0
0.01,Basis_85,137,3455,0.8584,1066.5
0.01,Basis_85,138,4121,0.846,893.8
0.01,Basis_85,139,3736,0.8529,985.8
0.01,Basis_85,140,3842,0.8448,958.7
0.01,Basis_85,141,3952,0.842,932.0
0.01,Basis_85,142,3332,0.8576,1105.3
0.01,Basis_85,143,3413,0.8523,1079.3
0.01,Basis_85,144,3167,0.8665,1163.2
0.01,Basis_85,145,4147,0.8351,888.5
0.01,Basis_85,146,4078,0.8474,903.2
0.01,Basis_85,147,3687,0.8567,999.2
0.01,Basis_85,148,3498,0.8512,1053.1
0.01,Basis_85,149,3464,0.8479,1063.2
0.01,Basis_85,150,3468,0.8617,1062.3
0.01,Basis_85,151,3786,0.8475,972.7
0.01,Basis_85,152,3700,0.8609,995.8
0.01,Basis_85,153,3540,0.8537,1040.4
0.01,Basis_85,154,3280,0.8569,1123.1
0.01,Basis_85,155,4345,0.8332,847.7
0.01,Basis_85,156,3580,0.8499,1029.1
0.01,Basis_85,157,3569,0.8427,1032.0
0.01,Basis_85,158,3615,0.8463,1019.0
0.01,Basis_85,159,3749,0.8418,982.7
0.01,Basis_85,160,3667,0.8614,1004.3
0.01,Basis_85,161,4441,0.8339,829.5
0.01,Basis_85,162,3573,0.8471,1031.1
0.01,Basis_85,163,4003,0.8346,920.0
0.01,Basis_85,164,3276,0.8603,1124.2
0.01,Basis_85,165,3615,0.8555,1019.2
0.01,Basis_85,166,3416,0.8518,1078.0
0.01,Basis_85,167,4064,0.841,906.3
0.01,Basis_85,168,4063,0.8423,906.6
0.01,Basis_85,169,3941,0.8498,934.5
0.01,Basis_85,170,3856,0.8435,955.2
0.01,Basis_85,171,3444,0.8602,1069.1
0.01,Basis_85,172,4326,0.8354,851.4
0.01,Basis_85,173,3381,0.8554,1089.1
0.01,Basis_85,174,3204,0.874,1149.7
0.01,Basis_85,175,3898,0.843,944.9
0.01,Basis_85,176,4177,0.8392,881.8
0.01,Basis_85,177,4212,0.8384,874.6
0.01,Basis_85,178,3465,0.8501,1062.6
0.01,Basis_85,179,3843,0.854,958.3
0.01,Basis_85,180,3925,0.8508,938.4
0.01,Basis_85,181,3890,0.8387,947.0
0.01,Basis_85,182,3948,0.8306,932.9
0.01,Basis_85,183,4239,0.83,868.9
0.01,Basis_85,184,3619,0.8637,1017.4
0.01,Basis_85,185,4065,0.8343,906.0
0.01,Basis_85,186,3519,0.8507,1046.7
0.01,Basis_85,187,3524,0.8667,1045.7
0.01,Basis_85,188,3917,0.8482,940.6
0.01,Basis_85,189,3969,0.8417,928.0
0.01,Basis_85,190,3189,0.8637,1155.3
0.01,Basis_85,191,3146,0.8632,1170.9
0.01,Basis_85,192,3636,0.8629,1013.2
0.01,Basis_85,193,3986,0.8303,924.2
0.01,Basis_85,194,3395,0.856,1084.7
0.01,Basis_85,195,4161,0.8441,885.4
0.01,Basis_85,196,3639,0.8506,1012.2
0.01,Basis_85,197,3645,0.8507,1010.6
0.01,Basis_85,198,4148,0.8419,888.2
0.01,Basis_85,199,3701,0.8518,995.3
0.01,Basis_85,200,4080,0.8457,902.6
0.01,Basis_85,201,3667,0.8606,1004.2
0.01,Basis_85,202,3517,0.8504,1047.4
0.01,Basis_85,203,3847,0.8498,957.7
0.01,Basis_85,204,3339,0.8739,1103.1
0.01,Basis_85,205,3716,0.8551,991.2
0.01,Basis_85,206,3685,0.8443,999.7
0.01,Basis_85,207,3044,0.8684,1209.7
0.01,Basis_85,208,3989,0.8483,923.4
0.01,Basis_85,209,3938,0.842,935.5
0.01,Basis_85,210,3525,0.8601,1045.3
0.01,Basis_85,211,4053,0.8436,908.6
0.01,Basis_85,212,3778,0.8514,975.1
0.01,Basis_85,213,4063,0.8433,906.9
0.01,Basis_85,214,3157,0.8639,1166.5
0.01,Basis_85,215,3762,0.8552,979.4
0.01,Basis_85,216,3576,0.8443,1030.1
0.01,Basis_85,217,3829,0.8478,961.7
0.01,Basis_85,218,3548,0.8545,1038.0
0.01,Basis_85,219,3468,0.8545,1062.6
0.01,Basis_85,220,3941,0.8525,934.4
0.01,Basis_85,221,3542,0.8452,1039.6
0.01,Basis_85,222,3239,0.86,1137.4
0.01,Basis_85,223,4058,0.8404,907.6
0.01,Basis_85,224,3598,0.8415,1023.6
0.01,Basis_85,225,3041,0.8682,1211.7
0.01,Basis_85,226,3764,0.8388,978.5
0.01,Basis_85,227,3667,0.86,1004.4
0.01,Basis_85,228,3632,0.8504,1014.2
0.01,Basis_85,229,3773,0.8514,976.1
0.01,Basis_85,230,3302,0.8555,1115.4
0.01,Basis_85,231,3358,0.8609,1096.8
0.01,Basis_85,232,4088,0.8418,900.9
0.01,Basis_85,233,3603,0.8528,1022.3
0.01,Basis_85,234,3983,0.8422,924.5
0.01,Basis_85,235,4170,0.8331,883.2
0.01,Basis_85,236,3427,0.8512,1075.0
0.01,Basis_85,237,3017,0.8701,1220.3
0.01,Basis_85,238,3737,0.8381,985.7
0.01,Basis_85,239,3723,0.8432,989.3
0.01,Basis_85,240,3356,0.8587,1098.0
0.01,Basis_85,241,3450,0.8636,1067.6
0.01,Basis_85,242,3849,0.8488,956.7
0.01,Basis_85,243,3954,0.8448,931.4
0.01,Basis_85,244,3878,0.8484,949.8
0.01,Basis_85,245,3675,0.8605,1002.2
0.01,Basis_85,246,3675,0.8575,1002.1
0.01,Basis_85,247,3798,0.8421,969.8
0.01,Basis_85,248,3710,0.8514,992.8
0.01,Basis_85,249,3574,0.8537,1030.8
0.01,Basis_85,250,3100,0.8714,1187.9
0.01,Basis_85,251,3198,0.8746,1151.7
0.01,Basis_85,252,3575,0.8593,1030.2
0.01,Basis_85,253,3892,0.8415,946.2
0.01,Basis_85,254,3708,0.8487,993.3
0.01,Basis_85,255,3652,0.8452,1008.8
0.01,Basis_85,256,3689,0.8515,998.1
0.01,Basis_85,257,3762,0.8387,979.4
0.01,Basis_85,258,4108,0.8415,896.4
0.01,Basis_85,259,3576,0.8561,1029.9
0.01,Basis_85,260,3804,0.8485,968.7
0.01,Basis_85,261,4163,0.8442,884.7
0.01,Basis_85,262,4255,0.8305,865.6
0.01,Basis_85,263,3563,0.8535,1033.7
0.01,Basis_85,264,3402,0.8609,1082.3
0.01,Basis_85,265,3604,0.8458,1021.9
0.01,Basis_85,266,4017,0.8493,917.0
0.01,Basis_85,267,4007,0.8323,919.6
0.01,Basis_85,268,4099,0.8355,898.8
0.01,Basis_85,269,3605,0.8576,1021.6
0.01,Basis_85,270,3286,0.8685,1121.4
0.01,Basis_85,271,4023,0.8494,915.6
0.01,Basis_85,272,3699,0.8495,996.1
0.01,Basis_85,273,3559,0.8635,1035.0
0.01,Basis_85,274,3618,0.8518,1018.1
0.01,Basis_85,275,3680,0.8476,1000.8
0.01,Basis_85,276,3660,0.8415,1006.4
0.01,Basis_85,277,4077,0.8446,903.6
0.01,Basis_85,278,3622,0.852,1017.3
0.01,Basis_85,279,3504,0.858,1051.5
0.01,Basis_85,280,3804,0.8394,968.4
0.01,Basis_85,281,3555,0.844,1035.9
0.01,Basis_85,282,3619,0.864,1017.4
0.01,Basis_85,283,3822,0.8328,963.4
0.01,Basis_85,284,3639,0.8525,1012.1
0.01,Basis_85,285,3616,0.8518,1018.9
0.01,Basis_85,286,3570,0.8431,1031.5
0.01,Basis_85,287,3695,0.8448,996.7
0.01,Basis_85,288,3723,0.852,989.3
0.01,Basis_85,289,3863,0.8315,953.6
0.01,Basis_85,290,4100,0.8333,898.3
0.01,Basis_85,291,4171,0.8428,882.9
0.01,Basis_85,292,3545,0.8526,1039.4
0.01,Basis_85,293,3751,0.8447,981.9
0.01,Basis_85,294,3692,0.8518,997.8
0.01,Basis_85,295,3834,0.8379,960.8
0.01,Basis_85,296,3533,0.8486,1042.8
0.01,Basis_85,297,3518,0.85,1047.2
0.01,Basis_85,298,3709,0.8574,992.9
0.01,Basis_85,299,3650,0.8547,1009.4
0.01,Basis_85,300,3849,0.8432,957.0
0.01,Basis_85,301,3344,0.8542,1101.4
0.01,Basis_85,302,3744,0.8547,983.8
0.01,Basis_85,303,3869,0.8465,952.0
0.01,Basis_85,304,4259,0.8409,864.9
0.01,Basis_85,305,3840,0.8467,959.3
0.01,Basis_85,306,3456,0.8577,1066.0
0.01,Basis_85,307,4134,0.8359,891.0
0.01,Basis_85,308,4029,0.8464,914.3
0.01,Basis_85,309,4018,0.839,916.4
0.01,Basis_85,310,3107,0.8663,1185.6
0.01,Basis_85,311,3549,0.8489,1037.7
0.01,Basis_85,312,3280,0.8678,1123.4
0.01,Basis_85,313,3609,0.8545,1020.5
0.01,Basis_85,314,4443,0.8324,829.0
0.01,Basis_85,315,3645,0.8529,1010.6
0.01,Basis_85,316,3533,0.8579,1042.6
0.01,Basis_85,317,3666,0.8474,1004.9
0.01,Basis_85,318,3450,0.8503,1067.5
0.01,Basis_85,319,3318,0.864,1109.9
0.01,Basis_85,320,3743,0.8402,984.1
0.01,Basis_85,321,3832,0.8424,961.4
0.01,Basis_85,322,3658,0.8413,1007.0
0.01,Basis_85,323,3443,0.8582,1069.6
0.01,Basis_85,324,4473,0.8318,823.3
0.01,Basis_85,325,3290,0.858,1119.2
0.01,Basis_85,326,3490,0.8581,1055.5
0.01,Basis_85,327,3867,0.8418,952.6
0.01,Basis_85,328,3633,0.8571,1013.5
0.01,Basis_85,329,3580,0.8642,1029.1
0.01,Basis_85,330,3926,0.8404,938.3
0.01,Basis_85,331,3939,0.8429,935.1
0.01,Basis_85,332,4161,0.8345,885.4
0.01,Basis_85,333,3360,0.8526,1096.0
0.01,Basis_85,334,3587,0.8644,1027.2
0.01,Basis_85,335,3545,0.8487,1039.2
0.01,Basis_85,336,3815,0.854,965.2
0.01,Basis_85,337,4143,0.8418,889.1
0.01,Basis_85,338,3332,0.8592,1105.3
0.01,Basis_85,339,3279,0.8647,1123.8
0.01,Basis_85,340,3583,0.8435,1028.0
0.01,Basis_85,341,3462,0.851,1063.9
0.01,Basis_85,342,4099,0.8385,898.7
0.01,Basis_85,343,3036,0.8671,1213.1
0.01,Basis_85,344,3577,0.8536,1029.6
0.01,Basis_85,345,3449,0.8563,1067.8
0.01,Basis_85,346,3815,0.8344,965.4
0.01,Basis_85,347,4038,0.8412,912.3
0.01,Basis_85,348,3765,0.8474,978.2
0.01,Basis_85,349,3015,0.8686,1221.7
0.01,Basis_85,350,2891,0.8744,1274.0
0.01,Basis_85,351,3791,0.8477,971.8
0.01,Basis_85,352,3449,0.8633,1067.8
0.01,Basis_85,353,4077,0.8457,903.6
0.01,Basis_85,354,3148,0.8686,1170.0
0.01,Basis_85,355,4078,0.8385,903.4
0.01,Basis_85,356,2875,0.8846,1281.1
0.01,Basis_85,357,3604,0.8575,1021.9
0.01,Basis_85,358,3981,0.8336,925.1
0.01,Basis_85,359,3203,0.8672,1150.3
0.01,Basis_85,360,3136,0.8621,1174.4
0.01,Basis_85,361,3707,0.8422,993.9
0.01,Basis_85,362,2926,0.8731,1258.4
0.01,Basis_85,363,3266,0.8561,1128.0
0.01,Basis_85,364,3590,0.8618,1025.9
0.01,Basis_85,365,3541,0.8587,1040.2
0.01,Basis_85,366,3555,0.8653,1036.1
0.01,Basis_85,367,3743,0.8409,984.2
0.01,Basis_85,368,3401,0.85,1083.1
0.01,Basis_85,369,3815,0.8493,965.5
0.01,Basis_85,370,4169,0.8443,883.5
0.01,Basis_85,371,3478,0.8468,1059.0
0.01,Basis_85,372,3594,0.8552,1024.9
0.01,Basis_85,373,3346,0.8667,1100.5
0.01,Basis_85,374,3923,0.8503,939.3
0.01,Basis_85,375,3555,0.8514,1035.9
0.01,Basis_85,376,3863,0.8409,953.4
0.01,Basis_85,377,3528,0.85,1043.9
0.01,Basis_85,378,3444,0.8581,1069.1
0.01,Basis_85,379,3470,0.849,1061.5
0.01,Basis_85,380,3440,0.8496,1071.2
0.01,Basis_85,381,3416,0.8508,1077.9
0.01,Basis_85,382,3869,0.8481,952.2
0.01,Basis_85,383,4030,0.8475,914.1
0.01,Basis_85,384,3344,0.8567,1101.4
0.01,Basis_85,385,3842,0.8564,958.7
0.01,Basis_85,386,4450,0.8311,827.6
0.01,Basis_85,387,3386,0.8553,1087.9
0.01,Basis_85,388,3764,0.8508,978.4
0.01,Basis_85,389,3525,0.853,1045.2
0.01,Basis_85,390,4007,0.8471,919.5
0.01,Basis_85,391,3503,0.855,1051.8
0.01,Basis_85,392,3381,0.8568,1089.3
0.01,Basis_85,393,3436,0.868,1071.9
0.01,Basis_85,394,3948,0.8504,932.8
0.01,Basis_85,395,3699,0.8498,996.1
0.01,Basis_85,396,3503,0.8478,1051.9
0.01,Basis_85,397,3245,0.8603,1135.5
0.01,Basis_85,398,3604,0.8416,1022.0
0.01,Basis_85,399,3737,0.8482,985.5
0.01,Basis_85,400,3805,0.8371,968.3
0.01,Basis_85,401,3842,0.8475,958.6
0.01,Basis_85,402,3751,0.8488,981.8
0.01,Basis_85,403,3973,0.8472,927.4
0.01,Basis_85,404,3729,0.852,987.7
0.01,Basis_85,405,3595,0.8608,1024.8
0.01,Basis_85,406,4072,0.8411,904.7
0.01,Basis_85,407,3703,0.8537,994.5
0.01,Basis_85,408,3464,0.8569,1063.4
0.01,Basis_85,409,3695,0.8384,996.7
0.01,Basis_85,410,3588,0.8423,1026.7
0.01,Basis_85,411,3427,0.8497,1074.8
0.01,Basis_85,412,3857,0.8358,954.8
0.01,Basis_85,413,3372,0.8516,1092.2
0.01,Basis_85,414,3464,0.8516,1063.4
0.01,Basis_85,415,3702,0.8514,994.8
0.01,Basis_85,416,3623,0.8408,1016.8
0.01,Basis_85,417,3965,0.8379,929.2
0.01,Basis_85,418,4036,0.8485,912.8
0.01,Basis_85,419,3835,0.8456,960.3
0.01,Basis_85,420,3632,0.8433,1014.0
0.01,Basis_85,421,3132,0.8629,1176.2
0.01,Basis_85,422,3833,0.8469,961.0
0.01,Basis_85,423,4043,0.8336,911.2
0.01,Basis_85,424,3631,0.8463,1014.5
0.01,Basis_85,425,2861,0.8786,1287.3
0.01,Basis_85,426,3730,0.8577,987.3
0.01,Basis_85,427,3911,0.8522,941.7
0.01,Basis_85,428,3786,0.8518,972.7
0.01,Basis_85,429,4140,0.8329,890.0
0.01,Basis_85,430,3779,0.8382,974.5
0.01,Basis_85,431,3538,0.8532,1041.5
0.01,Basis_85,432,4567,0.8279,806.6
0.01,Basis_85,433,3840,0.8373,959.5
0.01,Basis_85,434,3959,0.8353,930.6
0.01,Basis_85,435,3408,0.8584,1080.9
0.01,Basis_85,436,3637,0.8526,1012.7
0.01,Basis_85,437,4010,0.8501,918.3
0.01,Basis_85,438,3562,0.8472,1033.9
0.01,Basis_85,439,3798,0.8367,970.0
0.01,Basis_85,440,3535,0.8552,1041.9
0.01,Basis_85,441,3371,0.8538,1093.0
0.01,Basis_85,442,4302,0.8389,856.3
0.01,Basis_85,443,3660,0.8587,1006.3
0.01,Basis_85,444,3693,0.8461,997.4
0.01,Basis_85,445,4318,0.8248,852.9
0.01,Basis_85,446,3966,0.8294,928.8
0.01,Basis_85,447,3686,0.8451,999.6
0.01,Basis_85,448,3692,0.8488,997.9
0.01,Basis_85,449,3941,0.8406,934.4
0.01,Basis_85,450,4004,0.8443,919.7
0.01,Basis_85,451,3870,0.8501,951.6
0.01,Basis_85,452,3036,0.8675,1213.4
0.01,Basis_85,453,3164,0.8671,1163.8
0.01,Basis_85,454,3745,0.8491,983.2
0.01,Basis_85,455,3682,0.8578,1000.2
0.01,Basis_85,456,4028,0.8403,914.6
0.01,Basis_85,457,3436,0.8541,1071.8
0.01,Basis_85,458,3399,0.8637,1083.6
0.01,Basis_85,459,3777,0.8558,975.3
0.01,Basis_85,460,3514,0.8479,1048.1
0.01,Basis_85,461,3639,0.8558,1012.3
0.01,Basis_85,462,3590,0.8655,1025.8
0.01,Basis_85,463,3763,0.8445,978.8
0.01,Basis_85,464,3583,0.8531,1027.7
0.01,Basis_85,465,3959,0.8486,930.6
0.01,Basis_85,466,4457,0.8334,826.4
0.01,Basis_85,467,3965,0.8359,929.2
0.01,Basis_85,468,3986,0.8479,924.4
0.01,Basis_85,469,3598,0.8565,1023.5
0.01,Basis_85,470,3793,0.8525,971.2
0.01,Basis_85,471,3583,0.8422,1027.9
0.01,Basis_85,472,3191,0.8689,1154.3
0.01,Basis_85,473,3797,0.8446,970.4
0.01,Basis_85,474,3616,0.852,1019.0
0.01,Basis_85,475,3939,0.8407,935.0
0.01,Basis_85,476,3560,0.8641,1034.6
0.01,Basis_85,477,3653,0.8446,1008.1
0.01,Basis_85,478,3090,0.8659,1192.1
0.01,Basis_85,479,3835,0.8427,960.3
0.01,Basis_85,480,3545,0.8531,1039.2
0.01,Basis_85,481,3225,0.8645,1141.9
0.01,Basis_85,482,3657,0.8559,1007.4
0.01,Basis_85,483,3741,0.8515,984.9
0.01,Basis_85,484,4002,0.8496,920.4
0.01,Basis_85,485,3252,0.8628,1133.0
0.01,Basis_85,486,3300,0.859,1116.7
0.01,Basis_85,487,3377,0.8548,1091.0
0.01,Basis_85,488,3561,0.8497,1034.5
0.01,Basis_85,489,3456,0.8514,1065.9
0.01,Basis_85,490,3993,0.8367,922.7
0.01,Basis_85,491,3710,0.8582,992.5
0.01,Basis_85,492,3848,0.8379,957.1
0.01,Basis_85,493,4036,0.8416,912.6
0.01,Basis_85,494,3534,0.8529,1042.3
0.01,Basis_85,495,3612,0.8439,1019.5
0.01,Basis_85,496,4002,0.8435,920.4
0.01,Basis_85,497,4100,0.8425,898.3
0.01,Basis_85,498,4011,0.8452,918.2
0.01,Basis_85,499,4052,0.8364,908.8
0.01,Middels_90,0,2321,0.9016,1587.6
0.01,Middels_90,1,2559,0.8941,1439.8
0.01,Middels_90,2,2491,0.8903,1478.8
0.01,Middels_90,3,2511,0.8975,1467.1
0.01,Middels_90,4,2488,0.9028,1481.2
0.01,Middels_90,5,2174,0.9054,1695.1
0.01,Middels_90,6,2677,0.8942,1376.6
0.01,Middels_90,7,2734,0.8951,1347.2
0.01,Middels_90,8,2667,0.8988,1380.8
0.01,Middels_90,9,2565,0.8922,1436.7
0.01,Middels_90,10,2715,0.8873,1356.7
0.01,Middels_90,11,2285,0.9011,1612.2
0.01,Middels_90,12,1966,0.9257,1873.6
0.01,Middels_90,13,2523,0.9033,1460.6
0.01,Middels_90,14,1928,0.9164,1911.7
0.01,Middels_90,15,2488,0.9068,1481.2
0.01,Middels_90,16,1988,0.9233,1852.2
0.01,Middels_90,17,2329,0.9004,1581.7
0.01,Middels_90,18,2104,0.9083,1750.6
0.01,Middels_90,19,2181,0.9157,1689.7
0.01,Middels_90,20,2562,0.8922,1437.3
0.01,Middels_90,21,2951,0.887,1248.3
0.01,Middels_90,22,2663,0.8961,1383.9
0.01,Middels_90,23,2446,0.907,1506.6
0.01,Middels_90,24,2463,0.8994,1495.6
0.01,Middels_90,25,2687,0.8952,1370.7
0.01,Middels_90,26,2523,0.8939,1460.1
0.01,Middels_90,27,2012,0.9173,1831.8
0.01,Middels_90,28,2554,0.8977,1442.4
0.01,Middels_90,29,2350,0.9093,1567.5
0.01,Middels_90,30,2462,0.8986,1496.5
0.01,Middels_90,31,2481,0.9036,1484.9
0.01,Middels_90,32,2294,0.9044,1605.7
0.01,Middels_90,33,2328,0.9092,1582.7
0.01,Middels_90,34,2049,0.9161,1798.1
0.01,Middels_90,35,2923,0.8822,1260.6
0.01,Middels_90,36,2455,0.8935,1500.1
0.01,Middels_90,37,2152,0.9149,1712.8
0.01,Middels_90,38,2373,0.8971,1551.9
0.01,Middels_90,39,2258,0.9115,1631.4
0.01,Middels_90,40,2197,0.9065,1676.4
0.01,Middels_90,41,2509,0.9001,1468.9
0.01,Middels_90,42,2289,0.8999,1608.2
0.01,Middels_90,43,2187,0.913,1685.2
0.01,Middels_90,44,1960,0.9174,1878.8
0.01,Middels_90,45,2232,0.9134,1650.5
0.01,Middels_90,46,2488,0.8979,1480.9
0.01,Middels_90,47,2551,0.8888,1444.7
0.01,Middels_90,48,2519,0.8926,1461.7
0.01,Middels_90,49,2475,0.8955,1488.8
0.01,Middels_90,50,2321,0.9001,1587.0
0.01,Middels_90,51,2400,0.902,1534.9
0.01,Middels_90,52,2457,0.9042,1498.7
0.01,Middels_90,53,2446,0.8977,1506.4
0.01,Middels_90,54,2407,0.9096,1529.8
0.01,Middels_90,55,2694,0.8821,1366.8
0.01,Middels_90,56,2460,0.8999,1498.1
0.01,Middels_90,57,2462,0.9003,1496.0
0.01,Middels_90,58,2674,0.8959,1376.8
0.01,Middels_90,59,2523,0.8984,1460.5
0.01,Middels_90,60,2026,0.9166,1818.3
0.01,Middels_90,61,2310,0.9073,1594.1
0.01,Middels_90,62,2491,0.8997,1478.8
0.01,Middels_90,63,2357,0.8982,1562.7
0.01,Middels_90,64,2686,0.8822,1371.5
0.01,Middels_90,65,2323,0.8987,1584.9
0.01,Middels_90,66,1792,0.9283,2054.2
0.01,Middels_90,67,2908,0.8887,1266.9
0.01,Middels_90,68,2442,0.9001,1508.4
0.01,Middels_90,69,2393,0.9091,1539.1
0.01,Middels_90,70,2107,0.916,1748.1
0.01,Middels_90,71,2532,0.899,1455.0
0.01,Middels_90,72,1992,0.9189,1850.2
0.01,Middels_90,73,2792,0.8917,1319.0
0.01,Middels_90,74,2323,0.899,1585.2
0.01,Middels_90,75,2834,0.8893,1299.6
0.01,Middels_90,76,2630,0.8949,1400.6
0.01,Middels_90,77,2176,0.9124,1692.1
0.01,Middels_90,78,2541,0.8906,1448.9
0.01,Middels_90,79,2884,0.8785,1277.2
0.01,Middels_90,80,2477,0.8973,1487.0
0.01,Middels_90,81,2518,0.905,1462.6
0.01,Middels_90,82,2198,0.9071,1675.3
0.01,Middels_90,83,2723,0.8937,1352.6
0.01,Middels_90,84,2537,0.8959,1452.7
0.01,Middels_90,85,2496,0.8996,1475.7
0.01,Middels_90,86,2338,0.8995,1574.5
0.01,Middels_90,87,2084,0.9106,1767.8
0.01,Middels_90,88,2331,0.9075,1579.7
0.01,Middels_90,89,2356,0.9078,1563.6
0.01,Middels_90,90,2523,0.9037,1460.1
0.01,Middels_90,91,2404,0.9085,1532.3
0.01,Middels_90,92,2427,0.9038,1517.9
0.01,Middels_90,93,2435,0.9027,1512.4
0.01,Middels_90,94,2198,0.9124,1675.0
0.01,Middels_90,95,2246,0.9084,1639.9
0.01,Middels_90,96,2065,0.9119,1782.9
0.01,Middels_90,97,2237,0.9044,1647.0
0.01,Middels_90,98,2394,0.8981,1537.9
0.01,Middels_90,99,2202,0.9102,1672.7
0.01,Middels_90,100,2994,0.8866,1230.2
0.01,Middels_90,101,2285,0.9023,1612.7
0.01,Middels_90,102,2868,0.8884,1284.3
0.01,Middels_90,103,2579,0.8942,1429.0
0.01,Middels_90,104,2533,0.8938,1453.9
0.01,Middels_90,105,2455,0.9042,1500.3
0.01,Middels_90,106,2625,0.8992,1402.5
0.01,Middels_90,107,2530,0.897,1456.1
0.01,Middels_90,108,2119,0.9121,1738.2
0.01,Middels_90,109,2370,0.9,1554.6
0.01,Middels_90,110,2573,0.8977,1431.7
0.01,Middels_90,111,2016,0.9148,1826.5
0.01,Middels_90,112,2524,0.9037,1459.6
0.01,Middels_90,113,2636,0.9001,1397.5
0.01,Middels_90,114,3282,0.8755,1122.3
0.01,Middels_90,115,2209,0.9137,1668.3
0.01,Middels_90,116,2733,0.8978,1348.2
0.01,Middels_90,117,2569,0.9028,1433.0
0.01,Middels_90,118,2321,0.9012,1587.7
0.01,Middels_90,119,2418,0.8938,1523.7
0.01,Middels_90,120,2485,0.8979,1481.8
0.01,Middels_90,121,2089,0.909,1764.2
0.01,Middels_90,122,2643,0.892,1393.9
0.01,Middels_90,123,2730,0.8847,1348.7
0.01,Middels_90,124,2527,0.8951,1457.0
0.01,Middels_90,125,2236,0.9025,1647.8
0.01,Middels_90,126,2695,0.8927,1366.2
0.01,Middels_90,127,2492,0.8983,1477.9
0.01,Middels_90,128,2734,0.8971,1347.4
0.01,Middels_90,129,2072,0.9161,1777.5
0.01,Middels_90,130,2450,0.8922,1502.9
0.01,Middels_90,131,2022,0.9184,1820.9
0.01,Middels_90,132,2637,0.8965,1396.9
0.01,Middels_90,133,2268,0.901,1624.0
0.01,Middels_90,134,2489,0.8964,1480.5
0.01,Middels_90,135,2231,0.903,1651.2
0.01,Middels_90,136,2161,0.9069,1704.8
0.01,Middels_90,137,2236,0.9084,1648.3
0.01,Middels_90,138,2783,0.896,1323.6
0.01,Middels_90,139,2467,0.9029,1493.4
0.01,Middels_90,140,2604,0.8948,1414.3
0.01,Middels_90,141,2701,0.892,1363.5
0.01,Middels_90,142,2162,0.9076,1703.5
0.01,Middels_90,143,2258,0.9023,1631.5
0.01,Middels_90,144,1980,0.9165,1860.0
0.01,Middels_90,145,2889,0.8851,1275.0
0.01,Middels_90,146,2742,0.8974,1343.5
0.01,Middels_90,147,2400,0.9067,1534.7
0.01,Middels_90,148,2322,0.9012,1585.9
0.01,Middels_90,149,2327,0.8979,1583.8
0.01,Middels_90,150,2215,0.9117,1663.9
0.01,Middels_90,151,2546,0.8975,1447.1
0.01,Middels_90,152,2370,0.9109,1554.6
0.01,Middels_90,153,2330,0.9037,1580.6
0.01,Middels_90,154,2133,0.9069,1726.5
0.01,Middels_90,155,3043,0.8832,1210.4
0.01,Middels_90,156,2386,0.8999,1543.1
0.01,Middels_90,157,2434,0.8927,1513.0
0.01,Middels_90,158,2439,0.8963,1510.4
0.01,Middels_90,159,2565,0.8918,1436.8
0.01,Middels_90,160,2344,0.9114,1571.0
0.01,Middels_90,161,3104,0.8839,1186.9
0.01,Middels_90,162,2405,0.8971,1532.3
0.01,Middels_90,163,2793,0.8846,1318.7
0.01,Middels_90,164,2104,0.9103,1750.7
0.01,Middels_90,165,2363,0.9055,1558.8
0.01,Middels_90,166,2265,0.9018,1626.9
0.01,Middels_90,167,2786,0.891,1322.0
0.01,Middels_90,168,2775,0.8923,1327.5
0.01,Middels_90,169,2630,0.8998,1400.9
0.01,Middels_90,170,2624,0.8935,1403.5
0.01,Middels_90,171,2212,0.9102,1664.3
0.01,Middels_90,172,3013,0.8854,1223.0
0.01,Middels_90,173,2212,0.9054,1665.1
0.01,Middels_90,174,1932,0.924,1906.1
0.01,Middels_90,175,2657,0.893,1386.6
0.01,Middels_90,176,2880,0.8892,1279.6
0.01,Middels_90,177,2909,0.8884,1266.2
0.01,Middels_90,178,2310,0.9001,1594.5
0.01,Middels_90,179,2527,0.904,1457.4
0.01,Middels_90,180,2609,0.9008,1411.5
0.01,Middels_90,181,2685,0.8887,1372.2
0.01,Middels_90,182,2784,0.8806,1323.4
0.01,Middels_90,183,2993,0.88,1231.0
0.01,Middels_90,184,2293,0.9137,1606.8
0.01,Middels_90,185,2839,0.8843,1297.4
0.01,Middels_90,186,2342,0.9007,1573.5
0.01,Middels_90,187,2202,0.9167,1673.6
0.01,Middels_90,188,2628,0.8982,1402.4
0.01,Middels_90,189,2715,0.8917,1356.6
0.01,Middels_90,190,2020,0.9137,1824.3
0.01,Middels_90,191,1995,0.9132,1845.6
0.01,Middels_90,192,2309,0.9129,1595.0
0.01,Middels_90,193,2811,0.8803,1310.4
0.01,Middels_90,194,2217,0.906,1661.4
0.01,Middels_90,195,2826,0.8941,1303.4
0.01,Middels_90,196,2421,0.9006,1521.2
0.01,Middels_90,197,2425,0.9007,1519.7
0.01,Middels_90,198,2835,0.8919,1299.0
0.01,Middels_90,199,2453,0.9018,1502.4
0.01,Middels_90,200,2758,0.8957,1335.5
0.01,Middels_90,201,2352,0.9106,1565.6
0.01,Middels_90,202,2342,0.9004,1573.4
0.01,Middels_90,203,2566,0.8998,1435.4
0.01,Middels_90,204,2015,0.9239,1828.2
0.01,Middels_90,205,2434,0.9051,1513.2
0.01,Middels_90,206,2502,0.8943,1472.6
0.01,Middels_90,207,1888,0.9184,1951.0
0.01,Middels_90,208,2674,0.8983,1377.3
0.01,Middels_90,209,2692,0.892,1368.5
0.01,Middels_90,210,2265,0.9101,1626.7
0.01,Middels_90,211,2757,0.8936,1335.6
0.01,Middels_90,212,2506,0.9014,1469.6
0.01,Middels_90,213,2765,0.8933,1331.9
0.01,Middels_90,214,1999,0.9139,1843.5
0.01,Middels_90,215,2462,0.9052,1496.0
0.01,Middels_90,216,2427,0.8943,1517.4
0.01,Middels_90,217,2573,0.8978,1432.2
0.01,Middels_90,218,2329,0.9045,1581.6
0.01,Middels_90,219,2275,0.9045,1619.0
0.01,Middels_90,220,2607,0.9025,1413.5
0.01,Middels_90,221,2399,0.8952,1535.4
0.01,Middels_90,222,2083,0.91,1769.3
0.01,Middels_90,223,2786,0.8904,1321.8
0.01,Middels_90,224,2463,0.8915,1495.2
0.01,Middels_90,225,1887,0.9182,1952.5
0.01,Middels_90,226,2596,0.8888,1418.4
0.01,Middels_90,227,2358,0.91,1562.2
0.01,Middels_90,228,2419,0.9004,1523.3
0.01,Middels_90,229,2504,0.9014,1470.9
0.01,Middels_90,230,2160,0.9055,1705.6
0.01,Middels_90,231,2152,0.9109,1712.5
0.01,Middels_90,232,2797,0.8918,1317.2
0.01,Middels_90,233,2379,0.9028,1548.1
0.01,Middels_90,234,2721,0.8922,1353.5
0.01,Middels_90,235,2922,0.8831,1260.9
0.01,Middels_90,236,2275,0.9012,1618.8
0.01,Middels_90,237,1855,0.9201,1984.2
0.01,Middels_90,238,2582,0.8881,1426.0
0.01,Middels_90,239,2537,0.8932,1452.6
0.01,Middels_90,240,2168,0.9087,1699.5
0.01,Middels_90,241,2187,0.9136,1685.4
0.01,Middels_90,242,2576,0.8988,1429.4
0.01,Middels_90,243,2680,0.8948,1374.3
0.01,Middels_90,244,2600,0.8984,1416.9
0.01,Middels_90,245,2357,0.9105,1562.4
0.01,Middels_90,246,2386,0.9075,1543.4
0.01,Middels_90,247,2595,0.8921,1419.4
0.01,Middels_90,248,2462,0.9014,1496.4
0.01,Middels_90,249,2351,0.9037,1566.1
0.01,Middels_90,250,1895,0.9214,1943.9
0.01,Middels_90,251,1923,0.9246,1915.1
0.01,Middels_90,252,2306,0.9093,1598.4
0.01,Middels_90,253,2665,0.8915,1382.1
0.01,Middels_90,254,2483,0.8987,1483.5
0.01,Middels_90,255,2471,0.8952,1490.1
0.01,Middels_90,256,2448,0.9015,1504.6
0.01,Middels_90,257,2595,0.8887,1419.3
0.01,Middels_90,258,2813,0.8915,1309.4
0.01,Middels_90,259,2335,0.9061,1578.3
0.01,Middels_90,260,2547,0.8985,1446.0
0.01,Middels_90,261,2827,0.8942,1302.9
0.01,Middels_90,262,3001,0.8805,1227.6
0.01,Middels_90,263,2348,0.9035,1569.0
0.01,Middels_90,264,2181,0.9109,1689.4
0.01,Middels_90,265,2435,0.8958,1512.3
0.01,Middels_90,266,2684,0.8993,1372.6
0.01,Middels_90,267,2812,0.8823,1310.1
0.01,Middels_90,268,2853,0.8855,1291.4
0.01,Middels_90,269,2341,0.9076,1574.4
0.01,Middels_90,270,2036,0.9185,1809.1
0.01,Middels_90,271,2687,0.8994,1370.5
0.01,Middels_90,272,2469,0.8995,1491.7
0.01,Middels_90,273,2254,0.9135,1633.6
0.01,Middels_90,274,2398,0.9018,1536.3
0.01,Middels_90,275,2474,0.8976,1489.2
0.01,Middels_90,276,2505,0.8915,1470.1
0.01,Middels_90,277,2765,0.8946,1332.1
0.01,Middels_90,278,2398,0.902,1536.2
0.01,Middels_90,279,2268,0.908,1623.1
0.01,Middels_90,280,2621,0.8894,1406.1
0.01,Middels_90,281,2415,0.894,1524.4
0.01,Middels_90,282,2288,0.914,1609.2
0.01,Middels_90,283,2680,0.8828,1374.3
0.01,Middels_90,284,2406,0.9025,1531.2
0.01,Middels_90,285,2394,0.9018,1537.7
0.01,Middels_90,286,2433,0.8931,1513.8
0.01,Middels_90,287,2505,0.8948,1470.6
0.01,Middels_90,288,2464,0.902,1494.1
0.01,Middels_90,289,2716,0.8815,1355.9
0.01,Middels_90,290,2870,0.8833,1283.2
0.01,Middels_90,291,2845,0.8928,1294.8
0.01,Middels_90,292,2342,0.9026,1572.8
0.01,Middels_90,293,2545,0.8947,1448.0
0.01,Middels_90,294,2446,0.9018,1506.1
0.01,Middels_90,295,2651,0.8879,1389.4
0.01,Middels_90,296,2365,0.8986,1557.1
0.01,Middels_90,297,2344,0.9,1570.8
0.01,Middels_90,298,2408,0.9074,1529.3
0.01,Middels_90,299,2393,0.9047,1539.0
0.01,Middels_90,300,2622,0.8932,1405.1
0.01,Middels_90,301,2197,0.9042,1676.1
0.01,Middels_90,302,2456,0.9047,1499.8
0.01,Middels_90,303,2609,0.8965,1411.8
0.01,Middels_90,304,2919,0.8909,1261.4
0.01,Middels_90,305,2588,0.8967,1423.6
0.01,Middels_90,306,2243,0.9077,1643.2
0.01,Middels_90,307,2874,0.8859,1281.6
0.01,Middels_90,308,2719,0.8964,1355.4
0.01,Middels_90,309,2771,0.889,1329.2
0.01,Middels_90,310,1945,0.9163,1893.9
0.01,Middels_90,311,2376,0.8989,1550.7
0.01,Middels_90,312,2037,0.9178,1807.0
0.01,Middels_90,313,2369,0.9045,1555.1
0.01,Middels_90,314,3119,0.8824,1181.3
0.01,Middels_90,315,2406,0.9029,1531.0
0.01,Middels_90,316,2289,0.9079,1608.3
0.01,Middels_90,317,2464,0.8974,1494.5
0.01,Middels_90,318,2299,0.9003,1602.7
0.01,Middels_90,319,2098,0.914,1755.2
0.01,Middels_90,320,2572,0.8902,1432.4
0.01,Middels_90,321,2616,0.8924,1408.0
0.01,Middels_90,322,2505,0.8913,1470.1
0.01,Middels_90,323,2230,0.9082,1652.0
0.01,Middels_90,324,3143,0.8818,1171.5
0.01,Middels_90,325,2133,0.908,1727.2
0.01,Middels_90,326,2259,0.9081,1630.1
0.01,Middels_90,327,2645,0.8918,1392.7
0.01,Middels_90,328,2363,0.9071,1559.1
0.01,Middels_90,329,2261,0.9142,1628.7
0.01,Middels_90,330,2695,0.8904,1366.2
0.01,Middels_90,331,2685,0.8929,1371.8
0.01,Middels_90,332,2904,0.8845,1268.5
0.01,Middels_90,333,2222,0.9026,1658.4
0.01,Middels_90,334,2264,0.9144,1627.2
0.01,Middels_90,335,2373,0.8987,1552.2
0.01,Middels_90,336,2510,0.904,1468.0
0.01,Middels_90,337,2833,0.8918,1300.0
0.01,Middels_90,338,2148,0.9092,1714.2
0.01,Middels_90,339,2065,0.9147,1782.8
0.01,Middels_90,340,2439,0.8935,1510.6
0.01,Middels_90,341,2301,0.901,1601.3
0.01,Middels_90,342,2831,0.8885,1301.7
0.01,Middels_90,343,1894,0.9171,1944.8
0.01,Middels_90,344,2356,0.9036,1563.8
0.01,Middels_90,345,2250,0.9063,1637.8
0.01,Middels_90,346,2664,0.8844,1382.9
0.01,Middels_90,347,2765,0.8912,1331.6
0.01,Middels_90,348,2532,0.8974,1454.8
0.01,Middels_90,349,1868,0.9186,1972.2
0.01,Middels_90,350,1740,0.9244,2117.0
0.01,Middels_90,351,2546,0.8977,1446.8
0.01,Middels_90,352,2188,0.9133,1683.3
0.01,Middels_90,353,2756,0.8957,1336.7
0.01,Middels_90,354,1950,0.9186,1889.0
0.01,Middels_90,355,2814,0.8885,1308.7
0.01,Middels_90,356,1630,0.9346,2260.1
0.01,Middels_90,357,2341,0.9075,1574.3
0.01,Middels_90,358,2785,0.8836,1322.7
0.01,Middels_90,359,1998,0.9172,1844.7
0.01,Middels_90,360,1999,0.9121,1842.5
0.01,Middels_90,361,2532,0.8922,1455.1
0.01,Middels_90,362,1775,0.9231,2076.4
0.01,Middels_90,363,2131,0.9061,1728.7
0.01,Middels_90,364,2292,0.9118,1607.2
0.01,Middels_90,365,2288,0.9087,1609.8
0.01,Middels_90,366,2236,0.9153,1647.5
0.01,Middels_90,367,2567,0.8909,1435.3
0.01,Middels_90,368,2267,0.9,1624.8
0.01,Middels_90,369,2551,0.8993,1444.8
0.01,Middels_90,370,2831,0.8943,1301.3
0.01,Middels_90,371,2343,0.8968,1572.1
0.01,Middels_90,372,2352,0.9052,1565.7
0.01,Middels_90,373,2092,0.9167,1760.9
0.01,Middels_90,374,2611,0.9003,1410.5
0.01,Middels_90,375,2359,0.9014,1561.3
0.01,Middels_90,376,2650,0.8909,1390.4
0.01,Middels_90,377,2352,0.9,1565.8
0.01,Middels_90,378,2231,0.9081,1650.9
0.01,Middels_90,379,2321,0.899,1587.1
0.01,Middels_90,380,2295,0.8996,1604.7
0.01,Middels_90,381,2272,0.9008,1621.3
0.01,Middels_90,382,2595,0.8981,1419.4
0.01,Middels_90,383,2708,0.8975,1359.9
0.01,Middels_90,384,2177,0.9067,1691.5
0.01,Middels_90,385,2504,0.9064,1470.7
0.01,Middels_90,386,3134,0.8811,1175.5
0.01,Middels_90,387,2216,0.9053,1662.4
0.01,Middels_90,388,2504,0.9008,1471.4
0.01,Middels_90,389,2327,0.903,1584.0
0.01,Middels_90,390,2695,0.8971,1366.2
0.01,Middels_90,391,2294,0.905,1605.5
0.01,Middels_90,392,2201,0.9068,1673.9
0.01,Middels_90,393,2134,0.918,1725.7
0.01,Middels_90,394,2629,0.9004,1401.2
0.01,Middels_90,395,2467,0.8998,1493.3
0.01,Middels_90,396,2351,0.8978,1566.6
0.01,Middels_90,397,2083,0.9103,1768.4
0.01,Middels_90,398,2467,0.8916,1493.5
0.01,Middels_90,399,2506,0.8982,1469.6
0.01,Middels_90,400,2636,0.8871,1397.2
0.01,Middels_90,401,2582,0.8975,1426.4
0.01,Middels_90,402,2511,0.8988,1466.7
0.01,Middels_90,403,2672,0.8972,1378.2
0.01,Middels_90,404,2469,0.902,1491.9
0.01,Middels_90,405,2302,0.9108,1599.4
0.01,Middels_90,406,2790,0.8911,1320.3
0.01,Middels_90,407,2439,0.9037,1511.1
0.01,Middels_90,408,2253,0.9069,1634.3
0.01,Middels_90,409,2552,0.8884,1443.4
0.01,Middels_90,410,2449,0.8923,1503.4
0.01,Middels_90,411,2287,0.8997,1610.7
0.01,Middels_90,412,2684,0.8858,1372.9
0.01,Middels_90,413,2237,0.9016,1647.4
0.01,Middels_90,414,2296,0.9016,1603.7
0.01,Middels_90,415,2456,0.9014,1499.1
0.01,Middels_90,416,2485,0.8908,1482.1
0.01,Middels_90,417,2741,0.8879,1343.7
0.01,Middels_90,418,2705,0.8985,1362.2
0.01,Middels_90,419,2594,0.8956,1420.3
0.01,Middels_90,420,2474,0.8933,1489.0
0.01,Middels_90,421,1988,0.9129,1851.6
0.01,Middels_90,422,2581,0.8969,1427.2
0.01,Middels_90,423,2827,0.8836,1302.6
0.01,Middels_90,424,2449,0.8963,1503.7
0.01,Middels_90,425,1684,0.9286,2188.3
0.01,Middels_90,426,2420,0.9077,1521.9
0.01,Middels_90,427,2588,0.9022,1423.2
0.01,Middels_90,428,2509,0.9018,1468.2
0.01,Middels_90,429,2901,0.8829,1270.1
0.01,Middels_90,430,2611,0.8882,1410.3
0.01,Middels_90,431,2331,0.9032,1579.3
0.01,Middels_90,432,3239,0.8779,1137.1
0.01,Middels_90,433,2659,0.8873,1385.1
0.01,Middels_90,434,2757,0.8853,1336.1
0.01,Middels_90,435,2204,0.9084,1670.8
0.01,Middels_90,436,2404,0.9026,1532.7
0.01,Middels_90,437,2673,0.9001,1377.9
0.01,Middels_90,438,2397,0.8972,1536.8
0.01,Middels_90,439,2635,0.8867,1398.2
0.01,Middels_90,440,2315,0.9052,1591.5
0.01,Middels_90,441,2217,0.9038,1661.2
0.01,Middels_90,442,2967,0.8889,1241.5
0.01,Middels_90,443,2365,0.9087,1557.2
0.01,Middels_90,444,2492,0.8961,1477.6
0.01,Middels_90,445,3086,0.8748,1193.6
0.01,Middels_90,446,2804,0.8794,1314.0
0.01,Middels_90,447,2496,0.8951,1475.8
0.01,Middels_90,448,2470,0.8988,1491.1
0.01,Middels_90,449,2706,0.8906,1361.4
0.01,Middels_90,450,2719,0.8943,1354.8
0.01,Middels_90,451,2580,0.9001,1427.7
0.01,Middels_90,452,1889,0.9175,1949.1
0.01,Middels_90,453,1974,0.9171,1865.8
0.01,Middels_90,454,2505,0.8991,1470.4
0.01,Middels_90,455,2387,0.9078,1543.0
0.01,Middels_90,456,2768,0.8903,1331.3
0.01,Middels_90,457,2259,0.9041,1630.7
0.01,Middels_90,458,2153,0.9137,1711.6
0.01,Middels_90,459,2468,0.9058,1492.8
0.01,Middels_90,460,2358,0.8979,1561.6
0.01,Middels_90,461,2377,0.9058,1549.8
0.01,Middels_90,462,2257,0.9155,1632.8
0.01,Middels_90,463,2553,0.8945,1442.8
0.01,Middels_90,464,2364,0.9031,1558.2
0.01,Middels_90,465,2651,0.8986,1389.4
0.01,Middels_90,466,3119,0.8834,1180.9
0.01,Middels_90,467,2756,0.8859,1336.2
0.01,Middels_90,468,2674,0.8979,1377.3
0.01,Middels_90,469,2344,0.9065,1570.7
0.01,Middels_90,470,2506,0.9025,1469.4
0.01,Middels_90,471,2448,0.8922,1504.6
0.01,Middels_90,472,1973,0.9189,1866.3
0.01,Middels_90,473,2574,0.8946,1431.0
0.01,Middels_90,474,2393,0.902,1538.9
0.01,Middels_90,475,2702,0.8907,1362.9
0.01,Middels_90,476,2251,0.9141,1636.9
0.01,Middels_90,477,2478,0.8946,1486.3
0.01,Middels_90,478,1938,0.9159,1900.5
0.01,Middels_90,479,2617,0.8927,1407.6
0.01,Middels_90,480,2337,0.9031,1575.5
0.01,Middels_90,481,2035,0.9145,1809.6
0.01,Middels_90,482,2387,0.9059,1542.7
0.01,Middels_90,483,2482,0.9015,1484.7
0.01,Middels_90,484,2672,0.8996,1378.5
0.01,Middels_90,485,2068,0.9128,1782.3
0.01,Middels_90,486,2128,0.909,1730.3
0.01,Middels_90,487,2212,0.9048,1664.2
0.01,Middels_90,488,2377,0.8997,1550.3
0.01,Middels_90,489,2293,0.9014,1606.4
0.01,Middels_90,490,2770,0.8867,1329.9
0.01,Middels_90,491,2404,0.9082,1533.0
0.01,Middels_90,492,2660,0.8879,1384.2
0.01,Middels_90,493,2762,0.8916,1333.6
0.01,Middels_90,494,2334,0.9029,1578.7
0.01,Middels_90,495,2456,0.8939,1499.9
0.01,Middels_90,496,2723,0.8935,1352.6
0.01,Middels_90,497,2798,0.8925,1316.3
0.01,Middels_90,498,2715,0.8952,1356.2
0.01,Middels_90,499,2814,0.8864,1308.8
0.01,Samferdsel_96,0,906,0.9616,4068.1
0.01,Samferdsel_96,1,1110,0.9541,3321.4
0.01,Samferdsel_96,2,1130,0.9503,3264.1
0.01,Samferdsel_96,3,1041,0.9575,3540.4
0.01,Samferdsel_96,4,951,0.9628,3869.4
0.01,Samferdsel_96,5,795,0.9654,4636.9
0.01,Samferdsel_96,6,1159,0.9542,3181.3
0.01,Samferdsel_96,7,1172,0.9551,3146.7
0.01,Samferdsel_96,8,1085,0.9588,3391.9
0.01,Samferdsel_96,9,1137,0.9522,3240.9
0.01,Samferdsel_96,10,1271,0.9473,2900.0
0.01,Samferdsel_96,11,900,0.9611,4097.3
0.01,Samferdsel_96,12,507,0.9857,9748.6
0.01,Samferdsel_96,13,957,0.9633,3847.1
0.01,Samferdsel_96,14,544,0.9764,6772.7
0.01,Samferdsel_96,15,887,0.9668,4154.8
0.01,Samferdsel_96,16,515,0.9833,8511.1
0.01,Samferdsel_96,17,927,0.9604,3977.8
0.01,Samferdsel_96,18,727,0.9683,5059.6
0.01,Samferdsel_96,19,629,0.9757,5858.8
0.01,Samferdsel_96,20,1137,0.9522,3240.9
0.01,Samferdsel_96,21,1384,0.947,2661.0
0.01,Samferdsel_96,22,1124,0.9561,3276.4
0.01,Samferdsel_96,23,867,0.967,4249.7
0.01,Samferdsel_96,24,993,0.9594,3708.4
0.01,Samferdsel_96,25,1148,0.9552,3207.7
0.01,Samferdsel_96,26,1096,0.9539,3360.9
0.01,Samferdsel_96,27,552,0.9773,6676.6
0.01,Samferdsel_96,28,1056,0.9577,3485.9
0.01,Samferdsel_96,29,796,0.9693,4628.4
0.01,Samferdsel_96,30,1005,0.9586,3665.3
0.01,Samferdsel_96,31,936,0.9636,3935.1
0.01,Samferdsel_96,32,854,0.9644,4310.7
0.01,Samferdsel_96,33,789,0.9692,4668.1
0.01,Samferdsel_96,34,584,0.9761,6320.3
0.01,Samferdsel_96,35,1434,0.9422,2568.4
0.01,Samferdsel_96,36,1071,0.9535,3435.0
0.01,Samferdsel_96,37,634,0.9749,5812.5
0.01,Samferdsel_96,38,990,0.9571,3722.8
0.01,Samferdsel_96,39,727,0.9715,5066.3
0.01,Samferdsel_96,40,788,0.9665,4679.6
0.01,Samferdsel_96,41,1000,0.9601,3680.4
0.01,Samferdsel_96,42,917,0.9599,4012.1
0.01,Samferdsel_96,43,678,0.973,5434.1
0.01,Samferdsel_96,44,537,0.9774,6858.0
0.01,Samferdsel_96,45,685,0.9734,5369.8
0.01,Samferdsel_96,46,1026,0.9579,3589.3
0.01,Samferdsel_96,47,1174,0.9488,3138.9
0.01,Samferdsel_96,48,1112,0.9526,3312.2
0.01,Samferdsel_96,49,1054,0.9555,3496.7
0.01,Samferdsel_96,50,928,0.9601,3971.7
0.01,Samferdsel_96,51,930,0.962,3960.7
0.01,Samferdsel_96,52,920,0.9642,4007.1
0.01,Samferdsel_96,53,1012,0.9577,3642.6
0.01,Samferdsel_96,54,810,0.9696,4545.8
0.01,Samferdsel_96,55,1323,0.9421,2782.5
0.01,Samferdsel_96,56,985,0.9599,3739.3
0.01,Samferdsel_96,57,980,0.9603,3755.2
0.01,Samferdsel_96,58,1133,0.9559,3251.4
0.01,Samferdsel_96,59,1033,0.9584,3568.5
0.01,Samferdsel_96,60,567,0.9766,6481.4
0.01,Samferdsel_96,61,815,0.9673,4522.9
0.01,Samferdsel_96,62,1001,0.9597,3679.4
0.01,Samferdsel_96,63,966,0.9582,3808.4
0.01,Samferdsel_96,64,1319,0.9422,2794.5
0.01,Samferdsel_96,65,948,0.9587,3889.3
0.01,Samferdsel_96,66,543,0.9883,12581.5
0.01,Samferdsel_96,67,1340,0.9487,2749.8
0.01,Samferdsel_96,68,976,0.9601,3775.9
0.01,Samferdsel_96,69,815,0.9691,4526.0
0.01,Samferdsel_96,70,601,0.976,6126.1
0.01,Samferdsel_96,71,1028,0.959,3582.9
0.01,Samferdsel_96,72,517,0.9789,7116.7
0.01,Samferdsel_96,73,1245,0.9517,2957.9
0.01,Samferdsel_96,74,943,0.959,3906.4
0.01,Samferdsel_96,75,1298,0.9493,2839.0
0.01,Samferdsel_96,76,1130,0.9549,3262.2
0.01,Samferdsel_96,77,685,0.9724,5371.4
0.01,Samferdsel_96,78,1148,0.9506,3207.6
0.01,Samferdsel_96,79,1460,0.9385,2522.9
0.01,Samferdsel_96,80,1032,0.9573,3574.4
0.01,Samferdsel_96,81,928,0.965,3969.6
0.01,Samferdsel_96,82,777,0.9671,4734.6
0.01,Samferdsel_96,83,1186,0.9537,3106.4
0.01,Samferdsel_96,84,1074,0.9559,3431.1
0.01,Samferdsel_96,85,1005,0.9596,3668.1
0.01,Samferdsel_96,86,943,0.9595,3909.0
0.01,Samferdsel_96,87,685,0.9706,5371.2
0.01,Samferdsel_96,88,819,0.9675,4492.3
0.01,Samferdsel_96,89,823,0.9678,4479.6
0.01,Samferdsel_96,90,951,0.9637,3870.9
0.01,Samferdsel_96,91,829,0.9685,4450.4
0.01,Samferdsel_96,92,914,0.9638,4030.7
0.01,Samferdsel_96,93,934,0.9627,3946.4
0.01,Samferdsel_96,94,693,0.9724,5311.6
0.01,Samferdsel_96,95,775,0.9684,4757.1
0.01,Samferdsel_96,96,661,0.9719,5584.7
0.01,Samferdsel_96,97,833,0.9644,4419.2
0.01,Samferdsel_96,98,985,0.9581,3737.8
0.01,Samferdsel_96,99,732,0.9702,5035.8
0.01,Samferdsel_96,100,1410,0.9466,2613.0
0.01,Samferdsel_96,101,881,0.9623,4178.2
0.01,Samferdsel_96,102,1327,0.9484,2777.6
0.01,Samferdsel_96,103,1116,0.9542,3303.1
0.01,Samferdsel_96,104,1103,0.9538,3341.7
0.01,Samferdsel_96,105,917,0.9642,4015.2
0.01,Samferdsel_96,106,1062,0.9592,3466.4
0.01,Samferdsel_96,107,1055,0.957,3490.0
0.01,Samferdsel_96,108,672,0.9721,5473.7
0.01,Samferdsel_96,109,948,0.96,3887.4
0.01,Samferdsel_96,110,1064,0.9577,3461.6
0.01,Samferdsel_96,111,595,0.9748,6182.6
0.01,Samferdsel_96,112,951,0.9637,3872.4
0.01,Samferdsel_96,113,1054,0.9601,3497.6
0.01,Samferdsel_96,114,1700,0.9355,2166.6
0.01,Samferdsel_96,115,675,0.9737,5468.5
0.01,Samferdsel_96,116,1127,0.9578,3264.8
0.01,Samferdsel_96,117,985,0.9628,3741.5
0.01,Samferdsel_96,118,913,0.9612,4040.3
0.01,Samferdsel_96,119,1050,0.9538,3504.1
0.01,Samferdsel_96,120,1025,0.9579,3594.4
0.01,Samferdsel_96,121,711,0.969,5181.8
0.01,Samferdsel_96,122,1175,0.952,3135.8
0.01,Samferdsel_96,123,1309,0.9447,2811.7
0.01,Samferdsel_96,124,1083,0.9551,3403.0
0.01,Samferdsel_96,125,859,0.9625,4286.1
0.01,Samferdsel_96,126,1189,0.9527,3097.7
0.01,Samferdsel_96,127,1021,0.9583,3604.2
0.01,Samferdsel_96,128,1139,0.9571,3233.5
0.01,Samferdsel_96,129,591,0.9761,6247.6
0.01,Samferdsel_96,130,1085,0.9522,3391.3
0.01,Samferdsel_96,131,535,0.9784,6887.7
0.01,Samferdsel_96,132,1109,0.9565,3324.2
0.01,Samferdsel_96,133,893,0.961,4124.7
0.01,Samferdsel_96,134,1047,0.9564,3518.6
0.01,Samferdsel_96,135,851,0.963,4327.4
0.01,Samferdsel_96,136,768,0.9669,4799.0
0.01,Samferdsel_96,137,773,0.9684,4773.7
0.01,Samferdsel_96,138,1176,0.956,3129.5
0.01,Samferdsel_96,139,942,0.9629,3909.5
0.01,Samferdsel_96,140,1119,0.9548,3290.9
0.01,Samferdsel_96,141,1201,0.952,3067.8
0.01,Samferdsel_96,142,759,0.9676,4860.5
0.01,Samferdsel_96,143,872,0.9623,4225.1
0.01,Samferdsel_96,144,557,0.9765,6617.5
0.01,Samferdsel_96,145,1382,0.9451,2667.5
0.01,Samferdsel_96,146,1138,0.9574,3237.2
0.01,Samferdsel_96,147,857,0.9667,4300.3
0.01,Samferdsel_96,148,913,0.9612,4037.0
0.01,Samferdsel_96,149,958,0.9579,3841.0
0.01,Samferdsel_96,150,710,0.9717,5193.1
0.01,Samferdsel_96,151,1056,0.9575,3489.1
0.01,Samferdsel_96,152,774,0.9709,4759.5
0.01,Samferdsel_96,153,879,0.9637,4193.0
0.01,Samferdsel_96,154,759,0.9669,4860.0
0.01,Samferdsel_96,155,1481,0.9432,2488.4
0.01,Samferdsel_96,156,957,0.9599,3851.9
0.01,Samferdsel_96,157,1074,0.9527,3432.4
0.01,Samferdsel_96,158,1027,0.9563,3585.6
0.01,Samferdsel_96,159,1141,0.9518,3224.8
0.01,Samferdsel_96,160,756,0.9714,4865.9
0.01,Samferdsel_96,161,1498,0.9439,2457.0
0.01,Samferdsel_96,162,1001,0.9571,3677.0
0.01,Samferdsel_96,163,1341,0.9446,2747.6
0.01,Samferdsel_96,164,697,0.9703,5286.5
0.01,Samferdsel_96,165,861,0.9655,4272.8
0.01,Samferdsel_96,166,881,0.9618,4181.8
0.01,Samferdsel_96,167,1252,0.951,2940.3
0.01,Samferdsel_96,168,1230,0.9523,2996.5
0.01,Samferdsel_96,169,1055,0.9598,3493.0
0.01,Samferdsel_96,170,1146,0.9535,3213.1
0.01,Samferdsel_96,171,734,0.9702,5012.9
0.01,Samferdsel_96,172,1434,0.9454,2567.1
0.01,Samferdsel_96,173,809,0.9654,4556.2
0.01,Samferdsel_96,174,503,0.984,9055.4
0.01,Samferdsel_96,175,1167,0.953,3158.3
0.01,Samferdsel_96,176,1320,0.9492,2790.1
0.01,Samferdsel_96,177,1347,0.9484,2737.3
0.01,Samferdsel_96,178,922,0.9601,3993.0
0.01,Samferdsel_96,179,949,0.964,3885.2
0.01,Samferdsel_96,180,1032,0.9608,3573.7
0.01,Samferdsel_96,181,1238,0.9487,2975.7
0.01,Samferdsel_96,182,1385,0.9406,2659.0
0.01,Samferdsel_96,183,1496,0.94,2462.5
0.01,Samferdsel_96,184,699,0.9737,5269.6
0.01,Samferdsel_96,185,1368,0.9443,2693.8
0.01,Samferdsel_96,186,928,0.9607,3973.1
0.01,Samferdsel_96,187,615,0.9767,5991.0
0.01,Samferdsel_96,188,1078,0.9582,3414.0
0.01,Samferdsel_96,189,1210,0.9517,3043.2
0.01,Samferdsel_96,190,616,0.9737,5978.9
0.01,Samferdsel_96,191,615,0.9732,5982.3
0.01,Samferdsel_96,192,718,0.9729,5129.2
0.01,Samferdsel_96,193,1403,0.9403,2628.0
0.01,Samferdsel_96,194,803,0.966,4589.4
0.01,Samferdsel_96,195,1224,0.9541,3007.0
0.01,Samferdsel_96,196,959,0.9606,3836.9
0.01,Samferdsel_96,197,958,0.9607,3841.8
0.01,Samferdsel_96,198,1263,0.9519,2918.6
0.01,Samferdsel_96,199,952,0.9618,3864.8
0.01,Samferdsel_96,200,1172,0.9557,3146.1
0.01,Samferdsel_96,201,775,0.9706,4757.2
0.01,Samferdsel_96,202,930,0.9604,3958.9
0.01,Samferdsel_96,203,1029,0.9598,3575.2
0.01,Samferdsel_96,204,521,0.9839,8658.5
0.01,Samferdsel_96,205,895,0.9651,4111.5
0.01,Samferdsel_96,206,1082,0.9543,3406.4
0.01,Samferdsel_96,207,500,0.9784,7372.5
0.01,Samferdsel_96,208,1097,0.9583,3358.1
0.01,Samferdsel_96,209,1196,0.952,3078.7
0.01,Samferdsel_96,210,753,0.9701,4892.2
0.01,Samferdsel_96,211,1202,0.9536,3063.2
0.01,Samferdsel_96,212,980,0.9614,3753.9
0.01,Samferdsel_96,213,1210,0.9533,3044.2
0.01,Samferdsel_96,214,607,0.9739,6073.9
0.01,Samferdsel_96,215,903,0.9652,4077.1
0.01,Samferdsel_96,216,1049,0.9543,3510.2
0.01,Samferdsel_96,217,1062,0.9578,3469.3
0.01,Samferdsel_96,218,866,0.9645,4257.2
0.01,Samferdsel_96,219,845,0.9645,4356.8
0.01,Samferdsel_96,220,1004,0.9625,3673.6
0.01,Samferdsel_96,221,1026,0.9552,3589.8
0.01,Samferdsel_96,222,693,0.97,5308.0
0.01,Samferdsel_96,223,1260,0.9504,2922.1
0.01,Samferdsel_96,224,1102,0.9515,3343.3
0.01,Samferdsel_96,225,502,0.9782,7329.8
0.01,Samferdsel_96,226,1196,0.9488,3079.9
0.01,Samferdsel_96,227,787,0.97,4682.2
0.01,Samferdsel_96,228,962,0.9604,3831.2
0.01,Samferdsel_96,229,980,0.9614,3755.0
0.01,Samferdsel_96,230,788,0.9655,4673.3
0.01,Samferdsel_96,231,703,0.9709,5247.9
0.01,Samferdsel_96,232,1246,0.9518,2956.1
0.01,Samferdsel_96,233,910,0.9628,4045.5
0.01,Samferdsel_96,234,1207,0.9522,3054.2
0.01,Samferdsel_96,235,1421,0.9431,2589.6
0.01,Samferdsel_96,236,894,0.9612,4120.6
0.01,Samferdsel_96,237,500,0.9801,7973.4
0.01,Samferdsel_96,238,1197,0.9481,3073.8
0.01,Samferdsel_96,239,1111,0.9532,3316.3
0.01,Samferdsel_96,240,742,0.9687,4958.6
0.01,Samferdsel_96,241,669,0.9736,5514.0
0.01,Samferdsel_96,242,1049,0.9588,3510.6
0.01,Samferdsel_96,243,1152,0.9548,3200.4
0.01,Samferdsel_96,244,1064,0.9584,3458.4
0.01,Samferdsel_96,245,776,0.9705,4744.1
0.01,Samferdsel_96,246,839,0.9675,4388.7
0.01,Samferdsel_96,247,1152,0.9521,3198.6
0.01,Samferdsel_96,248,963,0.9614,3824.7
0.01,Samferdsel_96,249,887,0.9637,4155.0
0.01,Samferdsel_96,250,501,0.9814,8228.8
0.01,Samferdsel_96,251,517,0.9846,9361.7
0.01,Samferdsel_96,252,780,0.9693,4726.6
0.01,Samferdsel_96,253,1193,0.9515,3090.5
0.01,Samferdsel_96,254,1013,0.9587,3638.0
0.01,Samferdsel_96,255,1056,0.9552,3486.0
0.01,Samferdsel_96,256,957,0.9615,3847.7
0.01,Samferdsel_96,257,1196,0.9487,3078.7
0.01,Samferdsel_96,258,1258,0.9515,2927.7
0.01,Samferdsel_96,259,844,0.9661,4370.2
0.01,Samferdsel_96,260,1041,0.9585,3538.4
0.01,Samferdsel_96,261,1223,0.9542,3010.3
0.01,Samferdsel_96,262,1495,0.9405,2464.7
0.01,Samferdsel_96,263,888,0.9635,4144.9
0.01,Samferdsel_96,264,713,0.9709,5168.8
0.01,Samferdsel_96,265,1033,0.9558,3565.7
0.01,Samferdsel_96,266,1084,0.9593,3398.5
0.01,Samferdsel_96,267,1378,0.9423,2672.1
0.01,Samferdsel_96,268,1357,0.9455,2713.7
0.01,Samferdsel_96,269,819,0.9676,4489.7
0.01,Samferdsel_96,270,538,0.9785,6850.9
0.01,Samferdsel_96,271,1085,0.9594,3393.9
0.01,Samferdsel_96,272,994,0.9595,3702.0
0.01,Samferdsel_96,273,690,0.9735,5338.9
0.01,Samferdsel_96,274,934,0.9618,3948.4
0.01,Samferdsel_96,275,1026,0.9576,3594.1
0.01,Samferdsel_96,276,1120,0.9515,3287.5
0.01,Samferdsel_96,277,1190,0.9546,3091.7
0.01,Samferdsel_96,278,930,0.962,3959.8
0.01,Samferdsel_96,279,789,0.968,4668.8
0.01,Samferdsel_96,280,1200,0.9494,3072.6
0.01,Samferdsel_96,281,1049,0.954,3511.9
0.01,Samferdsel_96,282,691,0.974,5326.5
0.01,Samferdsel_96,283,1308,0.9428,2815.3
0.01,Samferdsel_96,284,924,0.9625,3980.8
0.01,Samferdsel_96,285,931,0.9618,3952.9
0.01,Samferdsel_96,286,1068,0.9531,3449.0
0.01,Samferdsel_96,287,1076,0.9548,3424.2
0.01,Samferdsel_96,288,956,0.962,3854.4
0.01,Samferdsel_96,289,1341,0.9415,2746.9
0.01,Samferdsel_96,290,1396,0.9433,2641.0
0.01,Samferdsel_96,291,1252,0.9528,2941.6
0.01,Samferdsel_96,292,900,0.9626,4094.0
0.01,Samferdsel_96,293,1095,0.9547,3364.7
0.01,Samferdsel_96,294,951,0.9618,3874.3
0.01,Samferdsel_96,295,1232,0.9479,2989.6
0.01,Samferdsel_96,296,965,0.9586,3815.8
0.01,Samferdsel_96,297,937,0.96,3927.7
0.01,Samferdsel_96,298,847,0.9674,4348.1
0.01,Samferdsel_96,299,887,0.9647,4155.6
0.01,Samferdsel_96,300,1148,0.9532,3207.0
0.01,Samferdsel_96,301,822,0.9642,4482.5
0.01,Samferdsel_96,302,910,0.9647,4046.6
0.01,Samferdsel_96,303,1097,0.9565,3357.7
0.01,Samferdsel_96,304,1314,0.9509,2803.6
0.01,Samferdsel_96,305,1084,0.9567,3395.4
0.01,Samferdsel_96,306,784,0.9677,4692.6
0.01,Samferdsel_96,307,1362,0.9459,2704.1
0.01,Samferdsel_96,308,1145,0.9564,3219.5
0.01,Samferdsel_96,309,1273,0.949,2892.6
0.01,Samferdsel_96,310,551,0.9763,6690.0
0.01,Samferdsel_96,311,966,0.9589,3811.9
0.01,Samferdsel_96,312,550,0.9778,6699.2
0.01,Samferdsel_96,313,880,0.9645,4186.9
0.01,Samferdsel_96,314,1529,0.9424,2411.3
0.01,Samferdsel_96,315,920,0.9629,4006.6
0.01,Samferdsel_96,316,798,0.9679,4610.4
0.01,Samferdsel_96,317,1025,0.9574,3597.0
0.01,Samferdsel_96,318,915,0.9603,4022.9
0.01,Samferdsel_96,319,634,0.974,5808.1
0.01,Samferdsel_96,320,1166,0.9502,3159.0
0.01,Samferdsel_96,321,1158,0.9524,3181.6
0.01,Samferdsel_96,322,1123,0.9513,3281.5
0.01,Samferdsel_96,323,774,0.9682,4764.7
0.01,Samferdsel_96,324,1550,0.9418,2378.6
0.01,Samferdsel_96,325,742,0.968,4961.0
0.01,Samferdsel_96,326,783,0.9681,4700.6
0.01,Samferdsel_96,327,1179,0.9518,3124.8
0.01,Samferdsel_96,328,837,0.9671,4402.7
0.01,Samferdsel_96,329,679,0.9742,5414.9
0.01,Samferdsel_96,330,1221,0.9504,3017.8
0.01,Samferdsel_96,331,1181,0.9529,3120.0
0.01,Samferdsel_96,332,1397,0.9445,2638.8
0.01,Samferdsel_96,333,853,0.9626,4315.6
0.01,Samferdsel_96,334,677,0.9744,5440.2
0.01,Samferdsel_96,335,969,0.9587,3807.0
0.01,Samferdsel_96,336,941,0.964,3916.6
0.01,Samferdsel_96,337,1263,0.9518,2918.7
0.01,Samferdsel_96,338,728,0.9692,5057.5
0.01,Samferdsel_96,339,613,0.9747,6014.1
0.01,Samferdsel_96,340,1064,0.9535,3459.0
0.01,Samferdsel_96,341,907,0.961,4065.0
0.01,Samferdsel_96,342,1307,0.9485,2818.5
0.01,Samferdsel_96,343,523,0.9771,7043.4
0.01,Samferdsel_96,344,888,0.9636,4144.8
0.01,Samferdsel_96,345,809,0.9663,4557.2
0.01,Samferdsel_96,346,1280,0.9444,2875.6
0.01,Samferdsel_96,347,1242,0.9512,2969.3
0.01,Samferdsel_96,348,1053,0.9574,3502.2
0.01,Samferdsel_96,349,524,0.9786,7504.5
0.01,Samferdsel_96,350,510,0.9844,10278.2
0.01,Samferdsel_96,351,1053,0.9577,3498.9
0.01,Samferdsel_96,352,675,0.9733,5460.4
0.01,Samferdsel_96,353,1172,0.9557,3146.5
0.01,Samferdsel_96,354,518,0.9786,7194.5
0.01,Samferdsel_96,355,1300,0.9485,2834.8
0.01,Samferdsel_96,356,521,0.99,14788.5
0.01,Samferdsel_96,357,823,0.9675,4481.4
0.01,Samferdsel_96,358,1349,0.9436,2730.7
0.01,Samferdsel_96,359,551,0.9772,6692.2
0.01,Samferdsel_96,360,635,0.9721,5805.5
0.01,Samferdsel_96,361,1123,0.9522,3283.5
0.01,Samferdsel_96,362,501,0.9831,9438.4
0.01,Samferdsel_96,363,769,0.9661,4790.3
0.01,Samferdsel_96,364,733,0.9718,5022.9
0.01,Samferdsel_96,365,784,0.9687,4693.9
0.01,Samferdsel_96,366,651,0.9753,5646.1
0.01,Samferdsel_96,367,1154,0.9509,3189.1
0.01,Samferdsel_96,368,907,0.96,4064.1
0.01,Samferdsel_96,369,1032,0.9593,3573.9
0.01,Samferdsel_96,370,1224,0.9543,3008.9
0.01,Samferdsel_96,371,980,0.9568,3754.6
0.01,Samferdsel_96,372,864,0.9652,4268.0
0.01,Samferdsel_96,373,586,0.9767,6291.7
0.01,Samferdsel_96,374,1040,0.9603,3544.7
0.01,Samferdsel_96,375,923,0.9614,3990.6
0.01,Samferdsel_96,376,1193,0.9509,3089.2
0.01,Samferdsel_96,377,942,0.96,3914.7
0.01,Samferdsel_96,378,774,0.9681,4757.9
0.01,Samferdsel_96,379,942,0.959,3910.0
0.01,Samferdsel_96,380,923,0.9596,3988.8
0.01,Samferdsel_96,381,899,0.9608,4103.8
0.01,Samferdsel_96,382,1068,0.9581,3451.8
0.01,Samferdsel_96,383,1124,0.9575,3277.8
0.01,Samferdsel_96,384,777,0.9667,4735.9
0.01,Samferdsel_96,385,900,0.9664,4094.5
0.01,Samferdsel_96,386,1553,0.9411,2372.0
0.01,Samferdsel_96,387,811,0.9653,4537.8
0.01,Samferdsel_96,388,991,0.9608,3721.3
0.01,Samferdsel_96,389,887,0.963,4152.7
0.01,Samferdsel_96,390,1125,0.9571,3276.0
0.01,Samferdsel_96,391,845,0.965,4359.1
0.01,Samferdsel_96,392,783,0.9668,4702.4
0.01,Samferdsel_96,393,572,0.978,6436.9
0.01,Samferdsel_96,394,1046,0.9604,3526.1
0.01,Samferdsel_96,395,990,0.9598,3723.2
0.01,Samferdsel_96,396,971,0.9578,3795.1
0.01,Samferdsel_96,397,690,0.9703,5341.0
0.01,Samferdsel_96,398,1102,0.9516,3345.1
0.01,Samferdsel_96,399,1028,0.9582,3579.9
0.01,Samferdsel_96,400,1236,0.9471,2982.8
0.01,Samferdsel_96,401,1070,0.9575,3441.7
0.01,Samferdsel_96,402,1022,0.9588,3600.5
0.01,Samferdsel_96,403,1113,0.9572,3308.4
0.01,Samferdsel_96,404,957,0.962,3849.8
0.01,Samferdsel_96,405,754,0.9708,4889.6
0.01,Samferdsel_96,406,1252,0.9511,2941.3
0.01,Samferdsel_96,407,917,0.9637,4011.8
0.01,Samferdsel_96,408,802,0.9669,4594.4
0.01,Samferdsel_96,409,1180,0.9484,3122.9
0.01,Samferdsel_96,410,1085,0.9523,3394.8
0.01,Samferdsel_96,411,920,0.9597,4010.0
0.01,Samferdsel_96,412,1273,0.9458,2892.5
0.01,Samferdsel_96,413,872,0.9616,4223.7
0.01,Samferdsel_96,414,896,0.9616,4109.3
0.01,Samferdsel_96,415,963,0.9614,3827.4
0.01,Samferdsel_96,416,1120,0.9508,3288.0
0.01,Samferdsel_96,417,1273,0.9479,2891.3
0.01,Samferdsel_96,418,1106,0.9585,3329.3
0.01,Samferdsel_96,419,1103,0.9556,3341.5
0.01,Samferdsel_96,420,1083,0.9533,3400.6
0.01,Samferdsel_96,421,619,0.9729,5956.8
0.01,Samferdsel_96,422,1078,0.9569,3415.3
0.01,Samferdsel_96,423,1370,0.9436,2687.6
0.01,Samferdsel_96,424,1033,0.9563,3568.7
0.01,Samferdsel_96,425,511,0.9886,13660.0
0.01,Samferdsel_96,426,847,0.9677,4346.4
0.01,Samferdsel_96,427,1000,0.9622,3683.8
0.01,Samferdsel_96,428,976,0.9618,3776.5
0.01,Samferdsel_96,429,1414,0.9429,2604.9
0.01,Samferdsel_96,430,1210,0.9482,3043.5
0.01,Samferdsel_96,431,887,0.9632,4152.4
0.01,Samferdsel_96,432,1648,0.9379,2236.4
0.01,Samferdsel_96,433,1244,0.9473,2961.9
0.01,Samferdsel_96,434,1315,0.9453,2800.4
0.01,Samferdsel_96,435,761,0.9684,4842.5
0.01,Samferdsel_96,436,922,0.9626,3993.1
0.01,Samferdsel_96,437,1068,0.9601,3450.1
0.01,Samferdsel_96,438,998,0.9572,3691.7
0.01,Samferdsel_96,439,1238,0.9467,2973.4
0.01,Samferdsel_96,440,850,0.9652,4336.7
0.01,Samferdsel_96,441,833,0.9638,4417.6
0.01,Samferdsel_96,442,1365,0.9489,2697.8
0.01,Samferdsel_96,443,811,0.9687,4538.5
0.01,Samferdsel_96,444,1053,0.9561,3499.2
0.01,Samferdsel_96,445,1607,0.9348,2292.2
0.01,Samferdsel_96,446,1407,0.9394,2615.7
0.01,Samferdsel_96,447,1069,0.9551,3445.9
0.01,Samferdsel_96,448,1005,0.9588,3664.5
0.01,Samferdsel_96,449,1222,0.9506,3014.0
0.01,Samferdsel_96,450,1175,0.9543,3133.9
0.01,Samferdsel_96,451,1032,0.9601,3573.6
0.01,Samferdsel_96,452,515,0.9775,7154.3
0.01,Samferdsel_96,453,545,0.9771,6755.9
0.01,Samferdsel_96,454,1015,0.9591,3627.2
0.01,Samferdsel_96,455,832,0.9678,4422.5
0.01,Samferdsel_96,456,1253,0.9503,2937.2
0.01,Samferdsel_96,457,845,0.9641,4358.1
0.01,Samferdsel_96,458,656,0.9737,5621.2
0.01,Samferdsel_96,459,896,0.9658,4108.2
0.01,Samferdsel_96,460,972,0.9579,3789.7
0.01,Samferdsel_96,461,861,0.9658,4272.7
0.01,Samferdsel_96,462,655,0.9755,5630.7
0.01,Samferdsel_96,463,1102,0.9545,3345.6
0.01,Samferdsel_96,464,900,0.9631,4094.3
0.01,Samferdsel_96,465,1083,0.9586,3401.8
0.01,Samferdsel_96,466,1512,0.9434,2433.9
0.01,Samferdsel_96,467,1307,0.9459,2817.2
0.01,Samferdsel_96,468,1103,0.9579,3342.7
0.01,Samferdsel_96,469,840,0.9665,4382.6
0.01,Samferdsel_96,470,964,0.9625,3822.0
0.01,Samferdsel_96,471,1085,0.9522,3393.5
0.01,Samferdsel_96,472,514,0.9789,7183.5
0.01,Samferdsel_96,473,1109,0.9546,3324.0
0.01,Samferdsel_96,474,928,0.962,3969.3
0.01,Samferdsel_96,475,1218,0.9507,3022.9
0.01,Samferdsel_96,476,678,0.9741,5430.3
0.01,Samferdsel_96,477,1068,0.9546,3450.5
0.01,Samferdsel_96,478,557,0.9759,6624.3
0.01,Samferdsel_96,479,1154,0.9527,3191.8
0.01,Samferdsel_96,480,889,0.9631,4139.5
0.01,Samferdsel_96,481,607,0.9745,6063.5
0.01,Samferdsel_96,482,866,0.9659,4256.7
0.01,Samferdsel_96,483,971,0.9615,3796.3
0.01,Samferdsel_96,484,1076,0.9596,3423.5
0.01,Samferdsel_96,485,647,0.9728,5707.1
0.01,Samferdsel_96,486,725,0.969,5080.0
0.01,Samferdsel_96,487,818,0.9648,4503.4
0.01,Samferdsel_96,488,955,0.9597,3858.6
0.01,Samferdsel_96,489,899,0.9614,4103.3
0.01,Samferdsel_96,490,1302,0.9467,2827.1
0.01,Samferdsel_96,491,832,0.9682,4425.8
0.01,Samferdsel_96,492,1236,0.9479,2979.7
0.01,Samferdsel_96,493,1232,0.9516,2987.0
0.01,Samferdsel_96,494,893,0.9629,4128.9
0.01,Samferdsel_96,495,1068,0.9539,3450.7
0.01,Samferdsel_96,496,1188,0.9535,3099.1
0.01,Samferdsel_96,497,1236,0.9525,2980.1
0.01,Samferdsel_96,498,1161,0.9552,3172.0
0.01,Samferdsel_96,499,1328,0.9464,2774.3
0.02,Basis_85,0,3462,0.8532,1064.1
0.02,Basis_85,1,3909,0.8382,942.3
0.02,Basis_85,2,3847,0.8306,957.6
0.02,Basis_85,3,3797,0.8451,970.3
0.02,Basis_85,4,3694,0.8556,997.0
0.02,Basis_85,5,3197,0.8609,1152.1
0.02,Basis_85,6,4086,0.8385,901.4
0.02,Basis_85,7,4165,0.8402,884.3
0.02,Basis_85,8,4017,0.8476,916.9
0.02,Basis_85,9,3939,0.8344,935.3
0.02,Basis_85,10,4226,0.8245,871.6
0.02,Basis_85,11,3415,0.8522,1078.7
0.02,Basis_85,12,2609,0.9015,1412.1
0.02,Basis_85,13,3741,0.8566,984.9
0.02,Basis_85,14,2701,0.8828,1363.7
0.02,Basis_85,15,3640,0.8635,1011.9
0.02,Basis_85,16,2680,0.8966,1374.0
0.02,Basis_85,17,3489,0.8508,1055.9
0.02,Basis_85,18,3062,0.8665,1203.2
0.02,Basis_85,19,3066,0.8814,1200.9
0.02,Basis_85,20,3938,0.8344,935.6
0.02,Basis_85,21,4596,0.824,801.4
0.02,Basis_85,22,4043,0.8423,911.3
0.02,Basis_85,23,3575,0.8641,1030.4
0.02,Basis_85,24,3701,0.8489,995.3
0.02,Basis_85,25,4092,0.8405,900.2
0.02,Basis_85,26,3856,0.8378,955.1
0.02,Basis_85,27,2806,0.8846,1312.8
0.02,Basis_85,28,3861,0.8453,954.3
0.02,Basis_85,29,3405,0.8685,1081.9
0.02,Basis_85,30,3709,0.8472,993.1
0.02,Basis_85,31,3674,0.8573,1002.5
0.02,Basis_85,32,3388,0.8588,1087.1
0.02,Basis_85,33,3373,0.8684,1092.1
0.02,Basis_85,34,2875,0.8823,1281.0
0.02,Basis_85,35,4604,0.8143,800.1
0.02,Basis_85,36,3758,0.837,980.1
0.02,Basis_85,37,3037,0.8799,1212.8
0.02,Basis_85,38,3594,0.8442,1025.0
0.02,Basis_85,39,3240,0.873,1136.9
0.02,Basis_85,40,3219,0.863,1144.2
0.02,Basis_85,41,3759,0.8503,979.7
0.02,Basis_85,42,3437,0.8497,1071.7
0.02,Basis_85,43,3114,0.8761,1182.5
0.02,Basis_85,44,2735,0.8847,1346.8
0.02,Basis_85,45,3175,0.8767,1160.1
0.02,Basis_85,46,3757,0.8457,980.4
0.02,Basis_85,47,3953,0.8277,931.9
0.02,Basis_85,48,3867,0.8352,952.6
0.02,Basis_85,49,3764,0.841,978.5
0.02,Basis_85,50,3482,0.8501,1058.2
0.02,Basis_85,51,3575,0.8541,1030.4
0.02,Basis_85,52,3633,0.8583,1013.8
0.02,Basis_85,53,3695,0.8454,996.8
0.02,Basis_85,54,3484,0.8691,1057.1
0.02,Basis_85,55,4247,0.8141,867.2
0.02,Basis_85,56,3689,0.8498,998.4
0.02,Basis_85,57,3689,0.8505,998.2
0.02,Basis_85,58,4065,0.8419,906.1
0.02,Basis_85,59,3804,0.8469,968.7
0.02,Basis_85,60,2838,0.8832,1298.4
0.02,Basis_85,61,3374,0.8647,1091.6
0.02,Basis_85,62,3741,0.8494,984.8
0.02,Basis_85,63,3555,0.8465,1035.8
0.02,Basis_85,64,4232,0.8143,870.4
0.02,Basis_85,65,3500,0.8475,1052.2
0.02,Basis_85,66,2336,0.9066,1576.8
0.02,Basis_85,67,4508,0.8275,817.0
0.02,Basis_85,68,3661,0.8502,1005.9
0.02,Basis_85,69,3470,0.8682,1061.4
0.02,Basis_85,70,2959,0.8821,1244.7
0.02,Basis_85,71,3811,0.8479,966.7
0.02,Basis_85,72,2755,0.8878,1337.5
0.02,Basis_85,73,4296,0.8334,857.4
0.02,Basis_85,74,3497,0.8481,1053.4
0.02,Basis_85,75,4388,0.8287,839.5
0.02,Basis_85,76,4009,0.8397,918.8
0.02,Basis_85,77,3112,0.8748,1183.9
0.02,Basis_85,78,3924,0.8311,938.9
0.02,Basis_85,79,4582,0.807,804.0
0.02,Basis_85,80,3749,0.8445,982.6
0.02,Basis_85,81,3710,0.86,992.5
0.02,Basis_85,82,3213,0.8643,1146.3
0.02,Basis_85,83,4165,0.8375,884.3
0.02,Basis_85,84,3853,0.8419,956.0
0.02,Basis_85,85,3749,0.8492,982.5
0.02,Basis_85,86,3514,0.8491,1048.1
0.02,Basis_85,87,3002,0.8711,1226.8
0.02,Basis_85,88,3405,0.8649,1082.2
0.02,Basis_85,89,3434,0.8657,1072.8
0.02,Basis_85,90,3736,0.8573,985.9
0.02,Basis_85,91,3493,0.867,1054.2
0.02,Basis_85,92,3594,0.8575,1025.2
0.02,Basis_85,93,3619,0.8554,1017.8
0.02,Basis_85,94,3143,0.8747,1171.8
0.02,Basis_85,95,3266,0.8669,1127.9
0.02,Basis_85,96,2960,0.8737,1244.4
0.02,Basis_85,97,3303,0.8587,1114.9
0.02,Basis_85,98,3616,0.8461,1018.8
0.02,Basis_85,99,3178,0.8703,1158.8
0.02,Basis_85,100,4668,0.8232,789.1
0.02,Basis_85,101,3400,0.8546,1083.6
0.02,Basis_85,102,4451,0.8268,827.5
0.02,Basis_85,103,3937,0.8385,935.7
0.02,Basis_85,104,3875,0.8376,950.7
0.02,Basis_85,105,3629,0.8584,1015.1
0.02,Basis_85,106,3948,0.8485,932.6
0.02,Basis_85,107,3832,0.8441,961.5
0.02,Basis_85,108,3034,0.8742,1214.4
0.02,Basis_85,109,3554,0.85,1036.4
0.02,Basis_85,110,3889,0.8454,947.3
0.02,Basis_85,111,2849,0.8797,1292.8
0.02,Basis_85,112,3737,0.8574,985.7
0.02,Basis_85,113,3953,0.8501,931.9
0.02,Basis_85,114,5246,0.801,702.2
0.02,Basis_85,115,3136,0.8773,1174.1
0.02,Basis_85,116,4128,0.8456,892.4
0.02,Basis_85,117,3819,0.8555,964.4
0.02,Basis_85,118,3465,0.8523,1062.6
0.02,Basis_85,119,3696,0.8377,996.5
0.02,Basis_85,120,3755,0.8458,981.2
0.02,Basis_85,121,3029,0.8681,1216.3
0.02,Basis_85,122,4063,0.834,906.8
0.02,Basis_85,123,4277,0.8194,861.0
0.02,Basis_85,124,3850,0.8401,956.4
0.02,Basis_85,125,3324,0.8551,1108.1
0.02,Basis_85,126,4136,0.8353,890.5
0.02,Basis_85,127,3759,0.8466,979.8
0.02,Basis_85,128,4140,0.8443,890.0
0.02,Basis_85,129,2909,0.8823,1266.2
0.02,Basis_85,130,3764,0.8345,978.5
0.02,Basis_85,131,2806,0.8869,1312.8
0.02,Basis_85,132,4000,0.843,920.9
0.02,Basis_85,133,3391,0.8521,1086.5
0.02,Basis_85,134,3776,0.8428,975.7
0.02,Basis_85,135,3311,0.856,1112.2
0.02,Basis_85,136,3161,0.8639,1165.5
0.02,Basis_85,137,3251,0.8667,1133.3
0.02,Basis_85,138,4227,0.842,871.3
0.02,Basis_85,139,3664,0.8558,1005.7
0.02,Basis_85,140,3972,0.8396,927.5
0.02,Basis_85,141,4151,0.834,887.1
0.02,Basis_85,142,3154,0.8652,1167.8
0.02,Basis_85,143,3360,0.8545,1096.1
0.02,Basis_85,144,2775,0.8831,1327.7
0.02,Basis_85,145,4521,0.8201,814.7
0.02,Basis_85,146,4147,0.8449,888.2
0.02,Basis_85,147,3513,0.8634,1048.2
0.02,Basis_85,148,3470,0.8524,1061.5
0.02,Basis_85,149,3512,0.8458,1048.7
0.02,Basis_85,150,3174,0.8734,1160.6
0.02,Basis_85,151,3849,0.845,956.9
0.02,Basis_85,152,3409,0.8718,1080.4
0.02,Basis_85,153,3450,0.8574,1067.4
0.02,Basis_85,154,3120,0.8639,1180.4
0.02,Basis_85,155,4784,0.8163,770.0
0.02,Basis_85,156,3582,0.8498,1028.4
0.02,Basis_85,157,3735,0.8354,986.3
0.02,Basis_85,158,3701,0.8427,995.2
0.02,Basis_85,159,3944,0.8336,934.2
0.02,Basis_85,160,3366,0.8728,1094.2
0.02,Basis_85,161,4870,0.8179,756.4
0.02,Basis_85,162,3639,0.8443,1012.1
0.02,Basis_85,163,4375,0.8193,841.7
0.02,Basis_85,164,3035,0.8706,1213.6
0.02,Basis_85,165,3476,0.8611,1059.9
0.02,Basis_85,166,3374,0.8536,1091.2
0.02,Basis_85,167,4295,0.832,857.7
0.02,Basis_85,168,4261,0.8346,864.3
0.02,Basis_85,169,3946,0.8496,933.4
0.02,Basis_85,170,4017,0.8369,916.9
0.02,Basis_85,171,3195,0.8704,1153.1
0.02,Basis_85,172,4709,0.8208,782.1
0.02,Basis_85,173,3254,0.8609,1131.8
0.02,Basis_85,174,2594,0.898,1420.3
0.02,Basis_85,175,4071,0.8361,904.8
0.02,Basis_85,176,4458,0.8283,826.2
0.02,Basis_85,177,4515,0.8267,815.8
0.02,Basis_85,178,3464,0.8502,1063.4
0.02,Basis_85,179,3738,0.858,985.2
0.02,Basis_85,180,3904,0.8517,943.6
0.02,Basis_85,181,4163,0.8273,884.8
0.02,Basis_85,182,4401,0.8111,836.8
0.02,Basis_85,183,4737,0.81,777.5
0.02,Basis_85,184,3258,0.8774,1130.9
0.02,Basis_85,185,4451,0.8185,827.4
0.02,Basis_85,186,3504,0.8513,1051.3
0.02,Basis_85,187,3079,0.8835,1195.9
0.02,Basis_85,188,3962,0.8463,929.4
0.02,Basis_85,189,4177,0.8335,881.9
0.02,Basis_85,190,2869,0.8773,1283.9
0.02,Basis_85,191,2841,0.8765,1296.3
0.02,Basis_85,192,3293,0.8758,1118.7
0.02,Basis_85,193,4448,0.8107,828.2
0.02,Basis_85,194,3255,0.8619,1131.5
0.02,Basis_85,195,4318,0.8382,853.1
0.02,Basis_85,196,3625,0.8512,1016.1
0.02,Basis_85,197,3626,0.8515,1015.6
0.02,Basis_85,198,4360,0.8338,844.8
0.02,Basis_85,199,3654,0.8537,1007.9
0.02,Basis_85,200,4193,0.8415,878.4
0.02,Basis_85,201,3391,0.8711,1086.5
0.02,Basis_85,202,3506,0.8509,1050.4
0.02,Basis_85,203,3853,0.8495,956.1
0.02,Basis_85,204,2706,0.8979,1361.7
0.02,Basis_85,205,3587,0.8601,1027.0
0.02,Basis_85,206,3819,0.8386,964.5
0.02,Basis_85,207,2618,0.8868,1406.5
0.02,Basis_85,208,4035,0.8466,913.0
0.02,Basis_85,209,4137,0.834,890.3
0.02,Basis_85,210,3269,0.8702,1126.7
0.02,Basis_85,211,4219,0.8372,872.9
0.02,Basis_85,212,3742,0.8528,984.4
0.02,Basis_85,213,4234,0.8367,869.8
0.02,Basis_85,214,2835,0.8777,1298.6
0.02,Basis_85,215,3625,0.8604,1016.0
0.02,Basis_85,216,3707,0.8386,993.8
0.02,Basis_85,217,3885,0.8456,948.1
0.02,Basis_85,218,3437,0.8591,1071.4
0.02,Basis_85,219,3359,0.859,1096.6
0.02,Basis_85,220,3876,0.8549,950.4
0.02,Basis_85,221,3653,0.8403,1008.1
0.02,Basis_85,222,3007,0.87,1224.9
0.02,Basis_85,223,4302,0.8309,856.3
0.02,Basis_85,224,3792,0.8329,971.3
0.02,Basis_85,225,2621,0.8864,1406.0
0.02,Basis_85,226,4025,0.8276,914.8
0.02,Basis_85,227,3407,0.8699,1081.3
0.02,Basis_85,228,3623,0.8508,1016.9
0.02,Basis_85,229,3738,0.8527,985.1
0.02,Basis_85,230,3176,0.861,1159.6
0.02,Basis_85,231,3094,0.8719,1190.4
0.02,Basis_85,232,4302,0.8336,856.4
0.02,Basis_85,233,3534,0.8556,1042.1
0.02,Basis_85,234,4179,0.8345,881.2
0.02,Basis_85,235,4595,0.8161,801.9
0.02,Basis_85,236,3400,0.8524,1083.5
0.02,Basis_85,237,2551,0.8902,1444.1
0.02,Basis_85,238,4011,0.8262,918.1
0.02,Basis_85,239,3884,0.8365,948.4
0.02,Basis_85,240,3148,0.8674,1170.2
0.02,Basis_85,241,3106,0.8772,1185.8
0.02,Basis_85,242,3881,0.8476,949.1
0.02,Basis_85,243,4086,0.8397,901.5
0.02,Basis_85,244,3920,0.8467,939.6
0.02,Basis_85,245,3398,0.8711,1084.2
0.02,Basis_85,246,3484,0.8649,1057.3
0.02,Basis_85,247,3987,0.8343,923.8
0.02,Basis_85,248,3674,0.8529,1002.5
0.02,Basis_85,249,3483,0.8574,1057.6
0.02,Basis_85,250,2583,0.8929,1425.7
0.02,Basis_85,251,2572,0.8991,1432.2
0.02,Basis_85,252,3338,0.8687,1103.5
0.02,Basis_85,253,4102,0.8329,897.8
0.02,Basis_85,254,3741,0.8474,984.7
0.02,Basis_85,255,3764,0.8404,978.5
0.02,Basis_85,256,3653,0.8529,1008.1
0.02,Basis_85,257,4024,0.8274,915.2
0.02,Basis_85,258,4331,0.8329,850.6
0.02,Basis_85,259,3426,0.8622,1075.4
0.02,Basis_85,260,3840,0.8471,959.4
0.02,Basis_85,261,4318,0.8384,853.0
0.02,Basis_85,262,4745,0.8109,776.1
0.02,Basis_85,263,3479,0.8569,1058.6
0.02,Basis_85,264,3139,0.8717,1174.0
0.02,Basis_85,265,3702,0.8416,994.9
0.02,Basis_85,266,4035,0.8487,913.1
0.02,Basis_85,267,4429,0.8146,831.7
0.02,Basis_85,268,4458,0.821,826.1
0.02,Basis_85,269,3413,0.8652,1079.2
0.02,Basis_85,270,2824,0.8869,1304.6
0.02,Basis_85,271,4039,0.8487,911.8
0.02,Basis_85,272,3709,0.849,992.9
0.02,Basis_85,273,3205,0.8771,1149.1
0.02,Basis_85,274,3575,0.8536,1030.5
0.02,Basis_85,275,3741,0.8451,985.0
0.02,Basis_85,276,3856,0.8329,955.0
0.02,Basis_85,277,4219,0.8392,873.1
0.02,Basis_85,278,3573,0.8539,1031.0
0.02,Basis_85,279,3304,0.866,1114.5
0.02,Basis_85,280,4056,0.8287,908.3
0.02,Basis_85,281,3693,0.838,997.4
0.02,Basis_85,282,3247,0.8781,1134.5
0.02,Basis_85,283,4218,0.8156,873.4
0.02,Basis_85,284,3577,0.855,1029.6
0.02,Basis_85,285,3570,0.8536,1031.4
0.02,Basis_85,286,3729,0.8361,987.8
0.02,Basis_85,287,3819,0.8397,964.6
0.02,Basis_85,288,3673,0.854,1002.9
0.02,Basis_85,289,4287,0.813,859.3
0.02,Basis_85,290,4512,0.8166,816.5
0.02,Basis_85,291,4361,0.8356,844.4
0.02,Basis_85,292,3483,0.8551,1057.8
0.02,Basis_85,293,3881,0.8393,949.3
0.02,Basis_85,294,3645,0.8537,1010.4
0.02,Basis_85,295,4120,0.8258,894.1
0.02,Basis_85,296,3563,0.8473,1033.4
0.02,Basis_85,297,3518,0.85,1047.3
0.02,Basis_85,298,3517,0.8649,1047.7
0.02,Basis_85,299,3531,0.8594,1043.2
0.02,Basis_85,300,4016,0.8364,917.3
0.02,Basis_85,301,3248,0.8583,1133.8
0.02,Basis_85,302,3624,0.8593,1016.5
0.02,Basis_85,303,3959,0.8429,930.6
0.02,Basis_85,304,4501,0.8319,818.2
0.02,Basis_85,305,3923,0.8434,939.0
0.02,Basis_85,306,3269,0.8653,1126.7
0.02,Basis_85,307,4487,0.8219,820.7
0.02,Basis_85,308,4123,0.8427,893.2
0.02,Basis_85,309,4295,0.828,857.8
0.02,Basis_85,310,2728,0.8826,1350.3
0.02,Basis_85,311,3576,0.8477,1029.9
0.02,Basis_85,312,2835,0.8857,1298.6
0.02,Basis_85,313,3497,0.8591,1053.5
0.02,Basis_85,314,4911,0.8147,750.1
0.02,Basis_85,315,3574,0.8558,1030.9
0.02,Basis_85,316,3338,0.8657,1103.6
0.02,Basis_85,317,3729,0.8447,987.8
0.02,Basis_85,318,3444,0.8505,1069.4
0.02,Basis_85,319,2978,0.878,1237.4
0.02,Basis_85,320,3972,0.8305,927.4
0.02,Basis_85,321,4017,0.8347,917.0
0.02,Basis_85,322,3857,0.8326,954.6
0.02,Basis_85,323,3246,0.8663,1134.9
0.02,Basis_85,324,4959,0.8135,742.8
0.02,Basis_85,325,3107,0.8659,1185.6
0.02,Basis_85,326,3289,0.8663,1119.8
0.02,Basis_85,327,4067,0.8335,905.5
0.02,Basis_85,328,3454,0.8642,1066.6
0.02,Basis_85,329,3205,0.8784,1149.2
0.02,Basis_85,330,4163,0.8307,884.9
0.02,Basis_85,331,4116,0.8358,894.8
0.02,Basis_85,332,4550,0.8189,809.4
0.02,Basis_85,333,3302,0.8551,1115.3
0.02,Basis_85,334,3205,0.8788,1149.2
0.02,Basis_85,335,3575,0.8474,1030.4
0.02,Basis_85,336,3710,0.8581,992.5
0.02,Basis_85,337,4358,0.8336,845.3
0.02,Basis_85,338,3114,0.8685,1182.9
0.02,Basis_85,339,2922,0.8794,1261.1
0.02,Basis_85,340,3731,0.837,986.9
0.02,Basis_85,341,3440,0.852,1071.1
0.02,Basis_85,342,4389,0.827,839.0
0.02,Basis_85,343,2645,0.8842,1392.4
0.02,Basis_85,344,3489,0.8573,1055.9
0.02,Basis_85,345,3297,0.8627,1117.1
0.02,Basis_85,346,4175,0.8188,882.3
0.02,Basis_85,347,4261,0.8324,864.4
0.02,Basis_85,348,3829,0.8447,961.6
0.02,Basis_85,349,2588,0.8872,1423.3
0.02,Basis_85,350,2329,0.8989,1581.9
0.02,Basis_85,351,3848,0.8454,957.3
0.02,Basis_85,352,3115,0.8765,1182.5
0.02,Basis_85,353,4191,0.8414,879.0
0.02,Basis_85,354,2701,0.8873,1363.4
0.02,Basis_85,355,4366,0.8271,843.6
0.02,Basis_85,356,2014,0.9191,1828.8
0.02,Basis_85,357,3414,0.865,1078.7
0.02,Basis_85,358,4373,0.8173,842.3
0.02,Basis_85,359,2789,0.8843,1321.1
0.02,Basis_85,360,2861,0.8742,1287.4
0.02,Basis_85,361,3889,0.8345,947.4
0.02,Basis_85,362,2394,0.8962,1538.1
0.02,Basis_85,363,3127,0.8622,1178.1
0.02,Basis_85,364,3286,0.8735,1121.3
0.02,Basis_85,365,3323,0.8674,1108.3
0.02,Basis_85,366,3153,0.8806,1168.6
0.02,Basis_85,367,3958,0.8318,931.0
0.02,Basis_85,368,3400,0.8501,1083.3
0.02,Basis_85,369,3833,0.8486,960.9
0.02,Basis_85,370,4323,0.8386,852.2
0.02,Basis_85,371,3552,0.8436,1037.3
0.02,Basis_85,372,3464,0.8605,1063.4
0.02,Basis_85,373,2929,0.8834,1257.9
0.02,Basis_85,374,3912,0.8507,941.4
0.02,Basis_85,375,3521,0.8529,1046.0
0.02,Basis_85,376,4085,0.8318,901.8
0.02,Basis_85,377,3528,0.85,1043.9
0.02,Basis_85,378,3248,0.8662,1134.0
0.02,Basis_85,379,3492,0.848,1054.6
0.02,Basis_85,380,3448,0.8492,1068.4
0.02,Basis_85,381,3399,0.8516,1083.8
0.02,Basis_85,382,3917,0.8462,940.4
0.02,Basis_85,383,4098,0.8449,899.1
0.02,Basis_85,384,3189,0.8633,1155.1
0.02,Basis_85,385,3672,0.8627,1003.2
0.02,Basis_85,386,4949,0.8121,744.2
0.02,Basis_85,387,3261,0.8606,1129.4
0.02,Basis_85,388,3745,0.8515,983.4
0.02,Basis_85,389,3451,0.856,1067.0
0.02,Basis_85,390,4084,0.8442,902.2
0.02,Basis_85,391,3380,0.86,1089.5
0.02,Basis_85,392,3219,0.8637,1143.9
0.02,Basis_85,393,2967,0.886,1241.5
0.02,Basis_85,394,3938,0.8509,935.5
0.02,Basis_85,395,3702,0.8496,994.9
0.02,Basis_85,396,3552,0.8456,1037.0
0.02,Basis_85,397,3006,0.8706,1225.9
0.02,Basis_85,398,3794,0.8332,970.6
0.02,Basis_85,399,3783,0.8464,974.1
0.02,Basis_85,400,4105,0.8243,897.4
0.02,Basis_85,401,3904,0.8451,943.3
0.02,Basis_85,402,3783,0.8475,973.8
0.02,Basis_85,403,4045,0.8443,910.4
0.02,Basis_85,404,3678,0.8541,1001.5
0.02,Basis_85,405,3315,0.8717,1111.3
0.02,Basis_85,406,4298,0.8323,856.9
0.02,Basis_85,407,3609,0.8575,1020.6
0.02,Basis_85,408,3297,0.8637,1117.0
0.02,Basis_85,409,3960,0.8269,930.1
0.02,Basis_85,410,3763,0.8346,979.0
0.02,Basis_85,411,3434,0.8494,1072.8
0.02,Basis_85,412,4191,0.8216,878.8
0.02,Basis_85,413,3336,0.8533,1104.4
0.02,Basis_85,414,3427,0.8532,1074.9
0.02,Basis_85,415,3668,0.8527,1004.1
0.02,Basis_85,416,3833,0.8315,961.0
0.02,Basis_85,417,4260,0.8258,864.7
0.02,Basis_85,418,4077,0.8469,903.5
0.02,Basis_85,419,3945,0.8413,933.9
0.02,Basis_85,420,3790,0.8365,972.2
0.02,Basis_85,421,2835,0.8759,1298.8
0.02,Basis_85,422,3910,0.8439,942.1
0.02,Basis_85,423,4442,0.8171,829.4
0.02,Basis_85,424,3717,0.8426,990.7
0.02,Basis_85,425,2189,0.9071,1683.1
0.02,Basis_85,426,3531,0.8653,1043.5
0.02,Basis_85,427,3853,0.8544,956.1
0.02,Basis_85,428,3741,0.8537,984.9
0.02,Basis_85,429,4562,0.8158,807.4
0.02,Basis_85,430,4056,0.8264,908.2
0.02,Basis_85,431,3461,0.8564,1064.5
0.02,Basis_85,432,5151,0.8059,715.0
0.02,Basis_85,433,4140,0.8246,890.0
0.02,Basis_85,434,4312,0.8205,854.1
0.02,Basis_85,435,3205,0.8668,1149.0
0.02,Basis_85,436,3573,0.8552,1031.1
0.02,Basis_85,437,4009,0.8502,918.9
0.02,Basis_85,438,3629,0.8444,1015.4
0.02,Basis_85,439,4106,0.8235,897.1
0.02,Basis_85,440,3408,0.8604,1080.9
0.02,Basis_85,441,3281,0.8577,1122.4
0.02,Basis_85,442,4599,0.8277,800.9
0.02,Basis_85,443,3436,0.8673,1072.0
0.02,Basis_85,444,3785,0.8423,973.0
0.02,Basis_85,445,4940,0.7996,745.7
0.02,Basis_85,446,4444,0.8089,828.9
0.02,Basis_85,447,3804,0.8401,968.6
0.02,Basis_85,448,3720,0.8477,990.2
0.02,Basis_85,449,4176,0.8311,882.3
0.02,Basis_85,450,4151,0.8386,887.3
0.02,Basis_85,451,3869,0.8502,952.1
0.02,Basis_85,452,2635,0.8851,1398.5
0.02,Basis_85,453,2757,0.8842,1335.8
0.02,Basis_85,454,3769,0.8482,977.4
0.02,Basis_85,455,3479,0.8657,1058.7
0.02,Basis_85,456,4274,0.8305,862.0
0.02,Basis_85,457,3339,0.8583,1103.0
0.02,Basis_85,458,3057,0.8775,1205.0
0.02,Basis_85,459,3625,0.8615,1015.9
0.02,Basis_85,460,3562,0.8459,1034.1
0.02,Basis_85,461,3491,0.8617,1055.1
0.02,Basis_85,462,3177,0.881,1159.4
0.02,Basis_85,463,3896,0.839,945.4
0.02,Basis_85,464,3507,0.8563,1050.2
0.02,Basis_85,465,3995,0.8472,921.9
0.02,Basis_85,466,4899,0.8169,751.7
0.02,Basis_85,467,4305,0.8217,855.5
0.02,Basis_85,468,4038,0.8459,912.1
0.02,Basis_85,469,3436,0.863,1071.9
0.02,Basis_85,470,3728,0.8551,988.1
0.02,Basis_85,471,3762,0.8344,979.5
0.02,Basis_85,472,2729,0.8879,1349.3
0.02,Basis_85,473,3926,0.8393,938.1
0.02,Basis_85,474,3566,0.854,1033.0
0.02,Basis_85,475,4169,0.8315,883.6
0.02,Basis_85,476,3190,0.8782,1154.5
0.02,Basis_85,477,3780,0.8392,974.2
0.02,Basis_85,478,2726,0.8817,1352.0
0.02,Basis_85,479,4015,0.8353,917.5
0.02,Basis_85,480,3469,0.8563,1061.8
0.02,Basis_85,481,2881,0.879,1278.5
0.02,Basis_85,482,3506,0.8618,1050.4
0.02,Basis_85,483,3702,0.8529,994.7
0.02,Basis_85,484,4015,0.8491,917.7
0.02,Basis_85,485,2950,0.8755,1249.1
0.02,Basis_85,486,3087,0.868,1192.9
0.02,Basis_85,487,3265,0.8597,1128.6
0.02,Basis_85,488,3568,0.8494,1032.5
0.02,Basis_85,489,3423,0.8528,1076.0
0.02,Basis_85,490,4317,0.8234,853.2
0.02,Basis_85,491,3497,0.8664,1053.4
0.02,Basis_85,492,4135,0.8259,890.8
0.02,Basis_85,493,4249,0.8332,866.7
0.02,Basis_85,494,3465,0.8557,1062.9
0.02,Basis_85,495,3755,0.8377,981.0
0.02,Basis_85,496,4168,0.8371,883.8
0.02,Basis_85,497,4295,0.8351,857.7
0.02,Basis_85,498,4136,0.8404,890.5
0.02,Basis_85,499,4389,0.8228,839.1
0.02,Middels_90,0,2282,0.9032,1613.8
0.02,Middels_90,1,2701,0.8882,1363.7
0.02,Middels_90,2,2712,0.8806,1358.7
0.02,Middels_90,3,2572,0.8951,1432.8
0.02,Middels_90,4,2415,0.9056,1524.9
0.02,Middels_90,5,2049,0.9109,1798.3
0.02,Middels_90,6,2821,0.8885,1305.4
0.02,Middels_90,7,2862,0.8902,1286.9
0.02,Middels_90,8,2699,0.8976,1364.7
0.02,Middels_90,9,2749,0.8844,1340.0
0.02,Middels_90,10,3022,0.8745,1218.9
0.02,Middels_90,11,2260,0.9022,1629.9
0.02,Middels_90,12,1285,0.9515,2866.3
0.02,Middels_90,13,2436,0.9066,1511.8
0.02,Middels_90,14,1550,0.9328,2378.4
0.02,Middels_90,15,2307,0.9135,1597.0
0.02,Middels_90,16,1384,0.9466,2661.1
0.02,Middels_90,17,2320,0.9008,1588.0
0.02,Middels_90,18,1915,0.9165,1923.7
0.02,Middels_90,19,1775,0.9314,2075.8
0.02,Middels_90,20,2749,0.8844,1340.2
0.02,Middels_90,21,3290,0.874,1119.4
0.02,Middels_90,22,2762,0.8923,1334.1
0.02,Middels_90,23,2259,0.9141,1630.2
0.02,Middels_90,24,2476,0.8989,1487.4
0.02,Middels_90,25,2810,0.8905,1311.0
0.02,Middels_90,26,2667,0.8878,1380.8
0.02,Middels_90,27,1589,0.9346,2317.0
0.02,Middels_90,28,2611,0.8953,1410.0
0.02,Middels_90,29,2110,0.9185,1746.0
0.02,Middels_90,30,2496,0.8972,1476.1
0.02,Middels_90,31,2386,0.9073,1543.2
0.02,Middels_90,32,2189,0.9088,1682.8
0.02,Middels_90,33,2091,0.9184,1761.7
0.02,Middels_90,34,1655,0.9323,2226.8
0.02,Middels_90,35,3364,0.8643,1094.9
0.02,Middels_90,36,2607,0.887,1413.6
0.02,Middels_90,37,1774,0.9299,2077.5
0.02,Middels_90,38,2440,0.8942,1509.5
0.02,Middels_90,39,1965,0.923,1875.2
0.02,Middels_90,40,2044,0.913,1801.8
0.02,Middels_90,41,2504,0.9003,1471.1
0.02,Middels_90,42,2294,0.8997,1606.0
0.02,Middels_90,43,1859,0.9261,1982.1
0.02,Middels_90,44,1550,0.9347,2378.4
0.02,Middels_90,45,1887,0.9267,1951.9
0.02,Middels_90,46,2539,0.8957,1450.5
0.02,Middels_90,47,2805,0.8777,1312.9
0.02,Middels_90,48,2693,0.8852,1367.5
0.02,Middels_90,49,2581,0.891,1427.5
0.02,Middels_90,50,2320,0.9001,1588.1
0.02,Middels_90,51,2350,0.9041,1567.5
0.02,Middels_90,52,2351,0.9083,1566.5
0.02,Middels_90,53,2499,0.8954,1473.1
0.02,Middels_90,54,2153,0.9191,1710.8
0.02,Middels_90,55,3105,0.8641,1186.4
0.02,Middels_90,56,2462,0.8998,1496.5
0.02,Middels_90,57,2455,0.9005,1500.1
0.02,Middels_90,58,2779,0.8919,1325.0
0.02,Middels_90,59,2561,0.8969,1438.3
0.02,Middels_90,60,1622,0.9332,2270.3
0.02,Middels_90,61,2127,0.9147,1731.3
0.02,Middels_90,62,2498,0.8994,1474.1
0.02,Middels_90,63,2398,0.8965,1536.3
0.02,Middels_90,64,3092,0.8643,1191.3
0.02,Middels_90,65,2352,0.8975,1565.3
0.02,Middels_90,66,1085,0.9566,3392.8
0.02,Middels_90,67,3202,0.8775,1150.5
0.02,Middels_90,68,2440,0.9002,1509.7
0.02,Middels_90,69,2154,0.9182,1709.9
0.02,Middels_90,70,1705,0.9321,2161.0
0.02,Middels_90,71,2558,0.8979,1440.4
0.02,Middels_90,72,1526,0.9378,2413.4
0.02,Middels_90,73,3007,0.8834,1225.2
0.02,Middels_90,74,2345,0.8981,1570.0
0.02,Middels_90,75,3107,0.8787,1185.5
0.02,Middels_90,76,2758,0.8897,1335.3
0.02,Middels_90,77,1868,0.9248,1971.3
0.02,Middels_90,78,2762,0.8811,1333.9
0.02,Middels_90,79,3394,0.857,1085.0
0.02,Middels_90,80,2544,0.8945,1448.3
0.02,Middels_90,81,2386,0.91,1543.8
0.02,Middels_90,82,2029,0.9143,1814.9
0.02,Middels_90,83,2883,0.8875,1277.2
0.02,Middels_90,84,2635,0.8919,1398.2
0.02,Middels_90,85,2505,0.8992,1470.0
0.02,Middels_90,86,2350,0.8991,1567.2
0.02,Middels_90,87,1838,0.9211,2004.6
0.02,Middels_90,88,2145,0.9149,1718.2
0.02,Middels_90,89,2155,0.9157,1708.7
0.02,Middels_90,90,2427,0.9073,1517.8
0.02,Middels_90,91,2181,0.917,1689.1
0.02,Middels_90,92,2331,0.9075,1579.5
0.02,Middels_90,93,2366,0.9054,1555.9
0.02,Middels_90,94,1889,0.9247,1950.1
0.02,Middels_90,95,2040,0.9169,1806.3
0.02,Middels_90,96,1789,0.9237,2060.2
0.02,Middels_90,97,2134,0.9087,1725.5
0.02,Middels_90,98,2441,0.8961,1509.1
0.02,Middels_90,99,1953,0.9203,1885.9
0.02,Middels_90,100,3346,0.8732,1100.4
0.02,Middels_90,101,2231,0.9046,1651.3
0.02,Middels_90,102,3167,0.8768,1163.4
0.02,Middels_90,103,2719,0.8885,1355.3
0.02,Middels_90,104,2681,0.8876,1373.6
0.02,Middels_90,105,2348,0.9084,1569.2
0.02,Middels_90,106,2646,0.8985,1391.8
0.02,Middels_90,107,2602,0.8941,1415.5
0.02,Middels_90,108,1827,0.9242,2015.1
0.02,Middels_90,109,2370,0.9,1554.8
0.02,Middels_90,110,2631,0.8954,1400.0
0.02,Middels_90,111,1665,0.9297,2212.0
0.02,Middels_90,112,2427,0.9074,1518.0
0.02,Middels_90,113,2635,0.9001,1398.5
0.02,Middels_90,114,3927,0.851,937.8
0.02,Middels_90,115,1859,0.9273,1981.9
0.02,Middels_90,116,2791,0.8956,1319.7
0.02,Middels_90,117,2497,0.9055,1474.8
0.02,Middels_90,118,2293,0.9023,1606.5
0.02,Middels_90,119,2558,0.8877,1440.1
0.02,Middels_90,120,2537,0.8958,1452.2
0.02,Middels_90,121,1881,0.9181,1958.5
0.02,Middels_90,122,2839,0.884,1297.6
0.02,Middels_90,123,3093,0.8694,1190.6
0.02,Middels_90,124,2646,0.8901,1391.7
0.02,Middels_90,125,2177,0.9051,1691.6
0.02,Middels_90,126,2881,0.8853,1278.7
0.02,Middels_90,127,2533,0.8966,1453.6
0.02,Middels_90,128,2810,0.8943,1310.9
0.02,Middels_90,129,1673,0.9323,2201.2
0.02,Middels_90,130,2628,0.8845,1402.1
0.02,Middels_90,131,1566,0.9369,2352.7
0.02,Middels_90,132,2726,0.893,1351.4
0.02,Middels_90,133,2245,0.9021,1641.2
0.02,Middels_90,134,2574,0.8928,1431.0
0.02,Middels_90,135,2162,0.906,1703.5
0.02,Middels_90,136,2000,0.9139,1842.2
0.02,Middels_90,137,2030,0.9167,1813.7
0.02,Middels_90,138,2889,0.892,1274.9
0.02,Middels_90,139,2392,0.9058,1539.6
0.02,Middels_90,140,2734,0.8896,1347.5
0.02,Middels_90,141,2902,0.884,1269.4
0.02,Middels_90,142,1984,0.9152,1856.8
0.02,Middels_90,143,2205,0.9045,1670.1
0.02,Middels_90,144,1588,0.9331,2319.8
0.02,Middels_90,145,3265,0.8701,1128.4
0.02,Middels_90,146,2811,0.8949,1310.7
0.02,Middels_90,147,2229,0.9134,1653.5
0.02,Middels_90,148,2295,0.9024,1605.1
0.02,Middels_90,149,2373,0.8958,1551.9
0.02,Middels_90,150,1921,0.9234,1918.4
0.02,Middels_90,151,2608,0.895,1412.4
0.02,Middels_90,152,2079,0.9218,1771.2
0.02,Middels_90,153,2240,0.9074,1643.7
0.02,Middels_90,154,1974,0.9139,1865.7
0.02,Middels_90,155,3482,0.8663,1058.0
0.02,Middels_90,156,2390,0.8998,1541.6
0.02,Middels_90,157,2601,0.8854,1416.7
0.02,Middels_90,158,2525,0.8927,1458.8
0.02,Middels_90,159,2758,0.8836,1335.4
0.02,Middels_90,160,2043,0.9228,1802.8
0.02,Middels_90,161,3533,0.8679,1042.6
0.02,Middels_90,162,2470,0.8943,1490.7
0.02,Middels_90,163,3164,0.8693,1163.6
0.02,Middels_90,164,1862,0.9206,1977.6
0.02,Middels_90,165,2224,0.9111,1655.9
0.02,Middels_90,166,2223,0.9036,1657.2
0.02,Middels_90,167,3016,0.882,1221.0
0.02,Middels_90,168,2973,0.8846,1238.7
0.02,Middels_90,169,2635,0.8996,1398.4
0.02,Middels_90,170,2785,0.8869,1322.4
0.02,Middels_90,171,1963,0.9204,1877.0
0.02,Middels_90,172,3395,0.8708,1084.8
0.02,Middels_90,173,2085,0.9109,1766.8
0.02,Middels_90,174,1322,0.948,2786.1
0.02,Middels_90,175,2828,0.8861,1301.9
0.02,Middels_90,176,3160,0.8783,1165.7
0.02,Middels_90,177,3212,0.8767,1146.6
0.02,Middels_90,178,2308,0.9002,1596.3
0.02,Middels_90,179,2422,0.908,1520.4
0.02,Middels_90,180,2588,0.9017,1423.4
0.02,Middels_90,181,2958,0.8773,1245.3
0.02,Middels_90,182,3237,0.8611,1138.1
0.02,Middels_90,183,3491,0.86,1055.3
0.02,Middels_90,184,1929,0.9274,1909.4
0.02,Middels_90,185,3225,0.8685,1142.0
0.02,Middels_90,186,2327,0.9013,1583.9
0.02,Middels_90,187,1757,0.9335,2094.8
0.02,Middels_90,188,2673,0.8963,1377.7
0.02,Middels_90,189,2923,0.8835,1260.4
0.02,Middels_90,190,1700,0.9273,2167.0
0.02,Middels_90,191,1692,0.9265,2177.7
0.02,Middels_90,192,1966,0.9258,1872.9
0.02,Middels_90,193,3273,0.8607,1125.4
0.02,Middels_90,194,2077,0.9119,1773.7
0.02,Middels_90,195,2985,0.8882,1234.6
0.02,Middels_90,196,2407,0.9012,1530.2
0.02,Middels_90,197,2406,0.9015,1531.0
0.02,Middels_90,198,3049,0.8838,1208.2
0.02,Middels_90,199,2406,0.9037,1531.1
0.02,Middels_90,200,2870,0.8915,1283.1
0.02,Middels_90,201,2075,0.9211,1775.4
0.02,Middels_90,202,2331,0.9009,1580.2
0.02,Middels_90,203,2573,0.8995,1431.9
0.02,Middels_90,204,1382,0.9479,2667.9
0.02,Middels_90,205,2306,0.9101,1598.3
0.02,Middels_90,206,2636,0.8886,1397.4
0.02,Middels_90,207,1462,0.9368,2519.4
0.02,Middels_90,208,2720,0.8966,1354.4
0.02,Middels_90,209,2891,0.884,1274.0
0.02,Middels_90,210,2009,0.9202,1832.9
0.02,Middels_90,211,2924,0.8872,1260.0
0.02,Middels_90,212,2470,0.9028,1490.7
0.02,Middels_90,213,2938,0.8867,1253.5
0.02,Middels_90,214,1677,0.9277,2196.8
0.02,Middels_90,215,2327,0.9104,1583.3
0.02,Middels_90,216,2559,0.8886,1439.9
0.02,Middels_90,217,2628,0.8956,1402.2
0.02,Middels_90,218,2218,0.9091,1660.5
0.02,Middels_90,219,2168,0.909,1699.4
0.02,Middels_90,220,2540,0.9049,1450.3
0.02,Middels_90,221,2510,0.8903,1467.6
0.02,Middels_90,222,1851,0.92,1990.5
0.02,Middels_90,223,3030,0.8809,1215.7
0.02,Middels_90,224,2658,0.8829,1386.1
0.02,Middels_90,225,1467,0.9364,2511.9
0.02,Middels_90,226,2860,0.8776,1288.4
0.02,Middels_90,227,2097,0.9199,1756.4
0.02,Middels_90,228,2408,0.9008,1529.4
0.02,Middels_90,229,2469,0.9027,1491.5
0.02,Middels_90,230,2034,0.911,1811.4
0.02,Middels_90,231,1887,0.9219,1952.2
0.02,Middels_90,232,3009,0.8836,1224.2
0.02,Middels_90,233,2310,0.9056,1594.1
0.02,Middels_90,234,2917,0.8845,1262.7
0.02,Middels_90,235,3344,0.8661,1101.4
0.02,Middels_90,236,2247,0.9024,1638.3
0.02,Middels_90,237,1389,0.9402,2652.4
0.02,Middels_90,238,2859,0.8762,1288.7
0.02,Middels_90,239,2695,0.8865,1366.0
0.02,Middels_90,240,1960,0.9174,1878.8
0.02,Middels_90,241,1841,0.9272,1999.8
0.02,Middels_90,242,2608,0.8976,1412.5
0.02,Middels_90,243,2812,0.8897,1310.1
0.02,Middels_90,244,2642,0.8967,1394.4
0.02,Middels_90,245,2079,0.9211,1771.0
0.02,Middels_90,246,2195,0.9149,1678.6
0.02,Middels_90,247,2784,0.8843,1322.9
0.02,Middels_90,248,2426,0.9029,1518.6
0.02,Middels_90,249,2261,0.9074,1628.7
0.02,Middels_90,250,1378,0.9429,2673.7
0.02,Middels_90,251,1298,0.9491,2840.2
0.02,Middels_90,252,2068,0.9187,1782.0
0.02,Middels_90,253,2875,0.8829,1281.3
0.02,Middels_90,254,2516,0.8974,1464.5
0.02,Middels_90,255,2586,0.8904,1424.9
0.02,Middels_90,256,2412,0.9029,1527.4
0.02,Middels_90,257,2860,0.8774,1288.3
0.02,Middels_90,258,3035,0.8829,1213.8
0.02,Middels_90,259,2183,0.9122,1687.6
0.02,Middels_90,260,2583,0.8971,1425.4
0.02,Middels_90,261,2981,0.8884,1235.3
0.02,Middels_90,262,3491,0.8609,1055.2
0.02,Middels_90,263,2264,0.9069,1627.2
0.02,Middels_90,264,1915,0.9217,1924.0
0.02,Middels_90,265,2533,0.8916,1453.8
0.02,Middels_90,266,2701,0.8987,1363.8
0.02,Middels_90,267,3234,0.8646,1138.8
0.02,Middels_90,268,3212,0.871,1146.4
0.02,Middels_90,269,2147,0.9152,1715.4
0.02,Middels_90,270,1574,0.9369,2339.0
0.02,Middels_90,271,2705,0.8987,1361.9
0.02,Middels_90,272,2482,0.899,1484.4
0.02,Middels_90,273,1902,0.9271,1937.1
0.02,Middels_90,274,2355,0.9036,1564.7
0.02,Middels_90,275,2532,0.8951,1454.4
0.02,Middels_90,276,2702,0.8829,1362.9
0.02,Middels_90,277,2908,0.8892,1266.9
0.02,Middels_90,278,2350,0.9039,1567.7
0.02,Middels_90,279,2071,0.916,1778.3
0.02,Middels_90,280,2870,0.8787,1282.9
0.02,Middels_90,281,2553,0.888,1442.5
0.02,Middels_90,282,1916,0.9281,1922.9
0.02,Middels_90,283,3073,0.8656,1198.2
0.02,Middels_90,284,2344,0.905,1571.4
0.02,Middels_90,285,2351,0.9036,1566.4
0.02,Middels_90,286,2590,0.8861,1421.6
0.02,Middels_90,287,2628,0.8897,1401.7
0.02,Middels_90,288,2414,0.904,1525.5
0.02,Middels_90,289,3141,0.863,1172.9
0.02,Middels_90,290,3281,0.8666,1122.5
0.02,Middels_90,291,3035,0.8856,1213.6
0.02,Middels_90,292,2280,0.9051,1615.4
0.02,Middels_90,293,2672,0.8893,1378.3
0.02,Middels_90,294,2400,0.9037,1534.9
0.02,Middels_90,295,2937,0.8758,1254.1
0.02,Middels_90,296,2398,0.8973,1536.4
0.02,Middels_90,297,2344,0.9,1571.0
0.02,Middels_90,298,2215,0.9149,1663.2
0.02,Middels_90,299,2275,0.9094,1619.0
0.02,Middels_90,300,2789,0.8864,1321.1
0.02,Middels_90,301,2103,0.9083,1752.2
0.02,Middels_90,302,2336,0.9093,1577.0
0.02,Middels_90,303,2699,0.8929,1365.2
0.02,Middels_90,304,3163,0.8819,1164.5
0.02,Middels_90,305,2671,0.8934,1379.3
0.02,Middels_90,306,2056,0.9153,1792.0
0.02,Middels_90,307,3227,0.8719,1141.0
0.02,Middels_90,308,2813,0.8927,1309.6
0.02,Middels_90,309,3045,0.878,1209.3
0.02,Middels_90,310,1566,0.9326,2352.2
0.02,Middels_90,311,2401,0.8977,1533.3
0.02,Middels_90,312,1595,0.9357,2308.1
0.02,Middels_90,313,2257,0.9091,1632.9
0.02,Middels_90,314,3584,0.8647,1027.4
0.02,Middels_90,315,2335,0.9058,1578.0
0.02,Middels_90,316,2096,0.9157,1758.2
0.02,Middels_90,317,2527,0.8947,1456.9
0.02,Middels_90,318,2293,0.9005,1607.0
0.02,Middels_90,319,1756,0.928,2097.0
0.02,Middels_90,320,2800,0.8805,1315.3
0.02,Middels_90,321,2803,0.8847,1314.8
0.02,Middels_90,322,2706,0.8826,1361.2
0.02,Middels_90,323,2033,0.9163,1813.0
0.02,Middels_90,324,3630,0.8635,1015.0
0.02,Middels_90,325,1949,0.9159,1890.6
0.02,Middels_90,326,2058,0.9163,1788.7
0.02,Middels_90,327,2846,0.8835,1294.1
0.02,Middels_90,328,2182,0.9142,1688.1
0.02,Middels_90,329,1888,0.9284,1951.4
0.02,Middels_90,330,2932,0.8807,1255.8
0.02,Middels_90,331,2862,0.8858,1286.7
0.02,Middels_90,332,3295,0.8689,1118.1
0.02,Middels_90,333,2162,0.9051,1703.0
0.02,Middels_90,334,1882,0.9288,1956.1
0.02,Middels_90,335,2404,0.8974,1532.5
0.02,Middels_90,336,2404,0.9081,1532.3
0.02,Middels_90,337,3049,0.8836,1208.5
0.02,Middels_90,338,1930,0.9185,1908.4
0.02,Middels_90,339,1711,0.9294,2154.7
0.02,Middels_90,340,2588,0.887,1423.5
0.02,Middels_90,341,2278,0.902,1617.7
0.02,Middels_90,342,3121,0.877,1180.1
0.02,Middels_90,343,1503,0.9342,2450.9
0.02,Middels_90,344,2266,0.9073,1625.3
0.02,Middels_90,345,2097,0.9127,1756.7
0.02,Middels_90,346,3023,0.8688,1218.6
0.02,Middels_90,347,2989,0.8824,1232.1
0.02,Middels_90,348,2596,0.8947,1418.4
0.02,Middels_90,349,1440,0.9372,2556.9
0.02,Middels_90,350,1176,0.9489,3128.8
0.02,Middels_90,351,2603,0.8954,1414.9
0.02,Middels_90,352,1854,0.9265,1987.1
0.02,Middels_90,353,2869,0.8914,1283.6
0.02,Middels_90,354,1503,0.9373,2450.3
0.02,Middels_90,355,3104,0.8771,1186.7
0.02,Middels_90,356,769,0.9691,4791.3
0.02,Middels_90,357,2149,0.915,1713.4
0.02,Middels_90,358,3176,0.8673,1159.6
0.02,Middels_90,359,1582,0.9343,2327.0
0.02,Middels_90,360,1725,0.9242,2136.7
0.02,Middels_90,361,2714,0.8845,1357.5
0.02,Middels_90,362,1242,0.9462,2966.3
0.02,Middels_90,363,1992,0.9122,1849.3
0.02,Middels_90,364,1986,0.9235,1854.6
0.02,Middels_90,365,2070,0.9174,1778.9
0.02,Middels_90,366,1832,0.9306,2010.0
0.02,Middels_90,367,2779,0.8818,1324.8
0.02,Middels_90,368,2266,0.9001,1625.4
0.02,Middels_90,369,2567,0.8986,1434.6
0.02,Middels_90,370,2985,0.8886,1234.5
0.02,Middels_90,371,2415,0.8936,1524.5
0.02,Middels_90,372,2223,0.9105,1657.3
0.02,Middels_90,373,1672,0.9334,2201.7
0.02,Middels_90,374,2602,0.9007,1415.4
0.02,Middels_90,375,2324,0.9029,1584.4
0.02,Middels_90,376,2870,0.8818,1283.3
0.02,Middels_90,377,2352,0.9,1565.9
0.02,Middels_90,378,2034,0.9162,1810.9
0.02,Middels_90,379,2344,0.898,1571.6
0.02,Middels_90,380,2303,0.8992,1598.6
0.02,Middels_90,381,2253,0.9016,1634.7
0.02,Middels_90,382,2644,0.8962,1393.4
0.02,Middels_90,383,2776,0.8949,1327.0
0.02,Middels_90,384,2022,0.9133,1821.5
0.02,Middels_90,385,2335,0.9127,1578.0
0.02,Middels_90,386,3632,0.8621,1014.0
0.02,Middels_90,387,2091,0.9106,1761.2
0.02,Middels_90,388,2484,0.9015,1482.8
0.02,Middels_90,389,2253,0.906,1634.6
0.02,Middels_90,390,2772,0.8942,1328.5
0.02,Middels_90,391,2174,0.91,1695.0
0.02,Middels_90,392,2040,0.9137,1806.5
0.02,Middels_90,393,1665,0.936,2212.0
0.02,Middels_90,394,2617,0.9009,1407.3
0.02,Middels_90,395,2471,0.8996,1490.6
0.02,Middels_90,396,2401,0.8956,1533.9
0.02,Middels_90,397,1844,0.9206,1997.8
0.02,Middels_90,398,2658,0.8832,1386.1
0.02,Middels_90,399,2551,0.8964,1444.3
0.02,Middels_90,400,2937,0.8743,1254.2
0.02,Middels_90,401,2644,0.8951,1392.8
0.02,Middels_90,402,2541,0.8975,1448.9
0.02,Middels_90,403,2747,0.8943,1341.1
0.02,Middels_90,404,2418,0.9041,1523.6
0.02,Middels_90,405,2023,0.9217,1820.6
0.02,Middels_90,406,3017,0.8823,1220.8
0.02,Middels_90,407,2343,0.9075,1572.2
0.02,Middels_90,408,2089,0.9137,1764.5
0.02,Middels_90,409,2817,0.8769,1307.8
0.02,Middels_90,410,2625,0.8846,1403.2
0.02,Middels_90,411,2293,0.8994,1606.2
0.02,Middels_90,412,3016,0.8716,1221.0
0.02,Middels_90,413,2198,0.9033,1675.2
0.02,Middels_90,414,2259,0.9032,1630.1
0.02,Middels_90,415,2422,0.9027,1520.2
0.02,Middels_90,416,2695,0.8815,1366.5
0.02,Middels_90,417,3037,0.8758,1212.8
0.02,Middels_90,418,2744,0.8969,1341.7
0.02,Middels_90,419,2701,0.8913,1363.4
0.02,Middels_90,420,2630,0.8865,1400.6
0.02,Middels_90,421,1693,0.9259,2174.8
0.02,Middels_90,422,2658,0.8939,1385.9
0.02,Middels_90,423,3226,0.8671,1141.5
0.02,Middels_90,424,2537,0.8926,1452.0
0.02,Middels_90,425,1011,0.9571,3645.1
0.02,Middels_90,426,2219,0.9153,1659.8
0.02,Middels_90,427,2530,0.9044,1456.4
0.02,Middels_90,428,2462,0.9037,1496.2
0.02,Middels_90,429,3323,0.8658,1108.3
0.02,Middels_90,430,2888,0.8764,1275.6
0.02,Middels_90,431,2257,0.9064,1632.8
0.02,Middels_90,432,3825,0.8559,963.0
0.02,Middels_90,433,2959,0.8746,1244.8
0.02,Middels_90,434,3112,0.8705,1183.9
0.02,Middels_90,435,2002,0.9168,1839.3
0.02,Middels_90,436,2338,0.9052,1575.1
0.02,Middels_90,437,2671,0.9002,1379.3
0.02,Middels_90,438,2462,0.8944,1496.2
0.02,Middels_90,439,2943,0.8735,1251.7
0.02,Middels_90,440,2188,0.9104,1684.2
0.02,Middels_90,441,2128,0.9077,1730.3
0.02,Middels_90,442,3265,0.8777,1128.3
0.02,Middels_90,443,2141,0.9173,1720.3
0.02,Middels_90,444,2586,0.8923,1424.7
0.02,Middels_90,445,3707,0.8496,993.7
0.02,Middels_90,446,3281,0.8589,1122.5
0.02,Middels_90,447,2614,0.8901,1409.4
0.02,Middels_90,448,2498,0.8977,1474.1
0.02,Middels_90,449,2939,0.8811,1253.4
0.02,Middels_90,450,2866,0.8886,1285.6
0.02,Middels_90,451,2579,0.9002,1428.9
0.02,Middels_90,452,1488,0.9351,2475.4
0.02,Middels_90,453,1567,0.9342,2351.0
0.02,Middels_90,454,2527,0.8982,1457.3
0.02,Middels_90,455,2183,0.9157,1686.6
0.02,Middels_90,456,3013,0.8805,1222.8
0.02,Middels_90,457,2161,0.9083,1704.0
0.02,Middels_90,458,1810,0.9275,2035.7
0.02,Middels_90,459,2316,0.9115,1589.9
0.02,Middels_90,460,2406,0.8959,1530.8
0.02,Middels_90,461,2230,0.9117,1652.5
0.02,Middels_90,462,1841,0.931,1999.4
0.02,Middels_90,463,2686,0.889,1371.4
0.02,Middels_90,464,2287,0.9063,1610.4
0.02,Middels_90,465,2688,0.8972,1370.1
0.02,Middels_90,466,3562,0.8669,1034.1
0.02,Middels_90,467,3098,0.8717,1189.0
0.02,Middels_90,468,2728,0.8959,1350.2
0.02,Middels_90,469,2182,0.913,1687.7
0.02,Middels_90,470,2442,0.9051,1508.5
0.02,Middels_90,471,2625,0.8844,1403.2
0.02,Middels_90,472,1512,0.9379,2435.3
0.02,Middels_90,473,2706,0.8893,1361.8
0.02,Middels_90,474,2344,0.904,1571.1
0.02,Middels_90,475,2932,0.8815,1256.4
0.02,Middels_90,476,1881,0.9282,1958.6
0.02,Middels_90,477,2604,0.8892,1413.8
0.02,Middels_90,478,1573,0.9317,2342.0
0.02,Middels_90,479,2796,0.8853,1317.6
0.02,Middels_90,480,2261,0.9063,1628.2
0.02,Middels_90,481,1691,0.929,2178.3
0.02,Middels_90,482,2238,0.9118,1645.8
0.02,Middels_90,483,2443,0.9029,1507.1
0.02,Middels_90,484,2685,0.8991,1372.4
0.02,Middels_90,485,1764,0.9255,2087.4
0.02,Middels_90,486,1918,0.918,1920.4
0.02,Middels_90,487,2100,0.9097,1753.2
0.02,Middels_90,488,2384,0.8994,1545.7
0.02,Middels_90,489,2260,0.9028,1629.5
0.02,Middels_90,490,3094,0.8734,1190.2
0.02,Middels_90,491,2188,0.9164,1683.5
0.02,Middels_90,492,2947,0.8759,1249.7
0.02,Middels_90,493,2975,0.8832,1237.7
0.02,Middels_90,494,2265,0.9057,1626.6
0.02,Middels_90,495,2597,0.8877,1418.0
0.02,Middels_90,496,2889,0.8871,1275.1
0.02,Middels_90,497,2993,0.8851,1230.8
0.02,Middels_90,498,2841,0.8904,1296.6
0.02,Middels_90,499,3150,0.8728,1169.0
0.02,Samferdsel_96,0,867,0.9632,4245.0
0.02,Samferdsel_96,1,1252,0.9482,2942.6
0.02,Samferdsel_96,2,1349,0.9406,2731.0
0.02,Samferdsel_96,3,1102,0.9551,3346.7
0.02,Samferdsel_96,4,880,0.9656,4182.9
0.02,Samferdsel_96,5,670,0.9709,5500.1
0.02,Samferdsel_96,6,1305,0.9485,2825.3
0.02,Samferdsel_96,7,1299,0.9502,2836.3
0.02,Samferdsel_96,8,1118,0.9576,3296.4
0.02,Samferdsel_96,9,1321,0.9444,2787.3
0.02,Samferdsel_96,10,1578,0.9345,2335.6
0.02,Samferdsel_96,11,874,0.9622,4213.7
0.02,Samferdsel_96,12,507,0.99,13916.0
0.02,Samferdsel_96,13,872,0.9666,4224.1
0.02,Samferdsel_96,14,515,0.99,15981.2
0.02,Samferdsel_96,15,706,0.9735,5215.4
0.02,Samferdsel_96,16,515,0.99,14204.9
0.02,Samferdsel_96,17,916,0.9608,4017.7
0.02,Samferdsel_96,18,538,0.9765,6838.3
0.02,Samferdsel_96,19,521,0.99,14247.4
0.02,Samferdsel_96,20,1322,0.9444,2785.7
0.02,Samferdsel_96,21,1725,0.934,2136.4
0.02,Samferdsel_96,22,1223,0.9523,3010.6
0.02,Samferdsel_96,23,682,0.9741,5405.6
0.02,Samferdsel_96,24,1007,0.9589,3658.4
0.02,Samferdsel_96,25,1271,0.9505,2898.8
0.02,Samferdsel_96,26,1242,0.9478,2968.7
0.02,Samferdsel_96,27,495,0.99,15146.4
0.02,Samferdsel_96,28,1116,0.9553,3302.6
0.02,Samferdsel_96,29,556,0.9785,6628.7
0.02,Samferdsel_96,30,1040,0.9572,3545.3
0.02,Samferdsel_96,31,843,0.9673,4372.7
0.02,Samferdsel_96,32,749,0.9688,4915.9
0.02,Samferdsel_96,33,552,0.9784,6665.4
0.02,Samferdsel_96,34,503,0.99,15078.7
0.02,Samferdsel_96,35,1876,0.9243,1963.0
0.02,Samferdsel_96,36,1223,0.947,3012.8
0.02,Samferdsel_96,37,515,0.9899,14377.6
0.02,Samferdsel_96,38,1056,0.9542,3487.6
0.02,Samferdsel_96,39,517,0.983,8495.1
0.02,Samferdsel_96,40,634,0.973,5808.1
0.02,Samferdsel_96,41,998,0.9603,3694.0
0.02,Samferdsel_96,42,922,0.9597,3998.0
0.02,Samferdsel_96,43,517,0.9861,10511.2
0.02,Samferdsel_96,44,515,0.99,15526.2
0.02,Samferdsel_96,45,518,0.9867,10788.7
0.02,Samferdsel_96,46,1078,0.9557,3415.6
0.02,Samferdsel_96,47,1431,0.9377,2576.8
0.02,Samferdsel_96,48,1286,0.9452,2865.3
0.02,Samferdsel_96,49,1160,0.951,3176.1
0.02,Samferdsel_96,50,927,0.9601,3978.9
0.02,Samferdsel_96,51,880,0.9641,4185.0
0.02,Samferdsel_96,52,812,0.9683,4532.0
0.02,Samferdsel_96,53,1067,0.9554,3454.0
0.02,Samferdsel_96,54,556,0.9791,6630.5
0.02,Samferdsel_96,55,1734,0.9241,2124.9
0.02,Samferdsel_96,56,987,0.9598,3729.2
0.02,Samferdsel_96,57,973,0.9605,3780.8
0.02,Samferdsel_96,58,1237,0.9519,2976.6
0.02,Samferdsel_96,59,1071,0.9569,3438.9
0.02,Samferdsel_96,60,500,0.99,15163.9
0.02,Samferdsel_96,61,630,0.9747,5835.0
0.02,Samferdsel_96,62,1008,0.9594,3650.4
0.02,Samferdsel_96,63,1007,0.9565,3655.2
0.02,Samferdsel_96,64,1725,0.9243,2135.9
0.02,Samferdsel_96,65,977,0.9575,3773.5
0.02,Samferdsel_96,66,543,0.99,14730.2
0.02,Samferdsel_96,67,1634,0.9375,2254.5
0.02,Samferdsel_96,68,973,0.9602,3784.2
0.02,Samferdsel_96,69,574,0.9782,6408.8
0.02,Samferdsel_96,70,509,0.99,14677.0
0.02,Samferdsel_96,71,1054,0.9579,3495.5
0.02,Samferdsel_96,72,503,0.99,15000.7
0.02,Samferdsel_96,73,1460,0.9434,2524.7
0.02,Samferdsel_96,74,965,0.9581,3815.6
0.02,Samferdsel_96,75,1571,0.9387,2345.5
0.02,Samferdsel_96,76,1258,0.9497,2928.5
0.02,Samferdsel_96,77,503,0.9848,9760.0
0.02,Samferdsel_96,78,1368,0.9411,2693.8
0.02,Samferdsel_96,79,1971,0.917,1869.1
0.02,Samferdsel_96,80,1097,0.9545,3359.0
0.02,Samferdsel_96,81,796,0.97,4630.6
0.02,Samferdsel_96,82,608,0.9743,6049.7
0.02,Samferdsel_96,83,1347,0.9475,2735.6
0.02,Samferdsel_96,84,1173,0.9519,3141.9
0.02,Samferdsel_96,85,1014,0.9592,3633.3
0.02,Samferdsel_96,86,952,0.9591,3864.2
0.02,Samferdsel_96,87,507,0.9811,8377.9
0.02,Samferdsel_96,88,633,0.9749,5828.2
0.02,Samferdsel_96,89,622,0.9757,5919.8
0.02,Samferdsel_96,90,857,0.9673,4304.5
0.02,Samferdsel_96,91,605,0.977,6092.6
0.02,Samferdsel_96,92,819,0.9675,4496.8
0.02,Samferdsel_96,93,866,0.9654,4256.5
0.02,Samferdsel_96,94,502,0.9847,9611.4
0.02,Samferdsel_96,95,567,0.9769,6491.4
0.02,Samferdsel_96,96,535,0.9837,9654.3
0.02,Samferdsel_96,97,732,0.9687,5033.6
0.02,Samferdsel_96,98,1032,0.9561,3572.2
0.02,Samferdsel_96,99,509,0.9803,7635.1
0.02,Samferdsel_96,100,1763,0.9332,2089.3
0.02,Samferdsel_96,101,829,0.9646,4447.4
0.02,Samferdsel_96,102,1624,0.9368,2267.8
0.02,Samferdsel_96,103,1256,0.9485,2934.3
0.02,Samferdsel_96,104,1251,0.9476,2945.8
0.02,Samferdsel_96,105,810,0.9684,4549.5
0.02,Samferdsel_96,106,1083,0.9585,3401.8
0.02,Samferdsel_96,107,1127,0.9541,3265.3
0.02,Samferdsel_96,108,521,0.9842,9648.5
0.02,Samferdsel_96,109,948,0.96,3889.0
0.02,Samferdsel_96,110,1123,0.9554,3281.9
0.02,Samferdsel_96,111,504,0.9897,15077.8
0.02,Samferdsel_96,112,854,0.9674,4312.3
0.02,Samferdsel_96,113,1050,0.9601,3504.0
0.02,Samferdsel_96,114,2345,0.911,1570.3
0.02,Samferdsel_96,115,517,0.9873,11359.5
0.02,Samferdsel_96,116,1188,0.9556,3102.5
0.02,Samferdsel_96,117,913,0.9655,4040.4
0.02,Samferdsel_96,118,885,0.9623,4164.7
0.02,Samferdsel_96,119,1193,0.9477,3091.3
0.02,Samferdsel_96,120,1076,0.9558,3424.8
0.02,Samferdsel_96,121,518,0.9781,7313.8
0.02,Samferdsel_96,122,1371,0.944,2687.3
0.02,Samferdsel_96,123,1672,0.9294,2202.2
0.02,Samferdsel_96,124,1201,0.9501,3066.8
0.02,Samferdsel_96,125,802,0.9651,4595.9
0.02,Samferdsel_96,126,1372,0.9453,2682.0
0.02,Samferdsel_96,127,1063,0.9566,3462.6
0.02,Samferdsel_96,128,1215,0.9543,3031.2
0.02,Samferdsel_96,129,503,0.99,14906.0
0.02,Samferdsel_96,130,1263,0.9445,2917.7
0.02,Samferdsel_96,131,523,0.99,14851.3
0.02,Samferdsel_96,132,1196,0.953,3077.4
0.02,Samferdsel_96,133,868,0.9621,4237.1
0.02,Samferdsel_96,134,1133,0.9528,3251.3
0.02,Samferdsel_96,135,783,0.966,4706.5
0.02,Samferdsel_96,136,607,0.9739,6074.8
0.02,Samferdsel_96,137,567,0.9767,6486.7
0.02,Samferdsel_96,138,1284,0.952,2869.8
0.02,Samferdsel_96,139,868,0.9658,4242.7
0.02,Samferdsel_96,140,1249,0.9496,2950.5
0.02,Samferdsel_96,141,1400,0.944,2629.3
0.02,Samferdsel_96,142,579,0.9752,6357.8
0.02,Samferdsel_96,143,819,0.9645,4494.0
0.02,Samferdsel_96,144,511,0.99,15523.5
0.02,Samferdsel_96,145,1756,0.9301,2097.3
0.02,Samferdsel_96,146,1207,0.9549,3053.2
0.02,Samferdsel_96,147,684,0.9734,5384.3
0.02,Samferdsel_96,148,885,0.9624,4163.4
0.02,Samferdsel_96,149,1007,0.9558,3658.4
0.02,Samferdsel_96,150,503,0.9834,8862.8
0.02,Samferdsel_96,151,1118,0.955,3293.9
0.02,Samferdsel_96,152,508,0.9818,7608.4
0.02,Samferdsel_96,153,789,0.9674,4668.8
0.02,Samferdsel_96,154,599,0.9739,6151.2
0.02,Samferdsel_96,155,1918,0.9263,1919.8
0.02,Samferdsel_96,156,958,0.9598,3842.3
0.02,Samferdsel_96,157,1238,0.9454,2973.8
0.02,Samferdsel_96,158,1113,0.9527,3307.4
0.02,Samferdsel_96,159,1336,0.9436,2755.4
0.02,Samferdsel_96,160,511,0.9828,8086.0
0.02,Samferdsel_96,161,1929,0.9279,1909.8
0.02,Samferdsel_96,162,1069,0.9543,3446.4
0.02,Samferdsel_96,163,1713,0.9293,2150.6
0.02,Samferdsel_96,164,501,0.9806,8088.2
0.02,Samferdsel_96,165,724,0.9711,5091.4
0.02,Samferdsel_96,166,839,0.9636,4387.7
0.02,Samferdsel_96,167,1483,0.942,2483.6
0.02,Samferdsel_96,168,1428,0.9446,2579.2
0.02,Samferdsel_96,169,1060,0.9596,3477.6
0.02,Samferdsel_96,170,1307,0.9469,2817.5
0.02,Samferdsel_96,171,532,0.9804,7611.1
0.02,Samferdsel_96,172,1818,0.9308,2025.7
0.02,Samferdsel_96,173,682,0.9709,5408.3
0.02,Samferdsel_96,174,503,0.99,14485.6
0.02,Samferdsel_96,175,1340,0.9461,2750.7
0.02,Samferdsel_96,176,1601,0.9383,2300.1
0.02,Samferdsel_96,177,1649,0.9367,2233.6
0.02,Samferdsel_96,178,921,0.9602,4004.3
0.02,Samferdsel_96,179,844,0.968,4368.3
0.02,Samferdsel_96,180,1008,0.9617,3651.1
0.02,Samferdsel_96,181,1511,0.9373,2437.1
0.02,Samferdsel_96,182,1839,0.9211,2003.5
0.02,Samferdsel_96,183,1994,0.92,1847.2
0.02,Samferdsel_96,184,503,0.9874,10973.4
0.02,Samferdsel_96,185,1754,0.9285,2100.5
0.02,Samferdsel_96,186,913,0.9613,4040.5
0.02,Samferdsel_96,187,501,0.99,13934.4
0.02,Samferdsel_96,188,1126,0.9563,3271.0
0.02,Samferdsel_96,189,1418,0.9435,2598.6
0.02,Samferdsel_96,190,507,0.9873,12411.3
0.02,Samferdsel_96,191,515,0.9865,11827.9
0.02,Samferdsel_96,192,515,0.9858,9811.8
0.02,Samferdsel_96,193,1865,0.9207,1976.5
0.02,Samferdsel_96,194,662,0.9719,5562.5
0.02,Samferdsel_96,195,1383,0.9482,2664.4
0.02,Samferdsel_96,196,945,0.9612,3894.6
0.02,Samferdsel_96,197,941,0.9615,3915.2
0.02,Samferdsel_96,198,1475,0.9438,2497.2
0.02,Samferdsel_96,199,907,0.9637,4061.1
0.02,Samferdsel_96,200,1284,0.9515,2870.2
0.02,Samferdsel_96,201,524,0.9811,7421.5
0.02,Samferdsel_96,202,921,0.9609,4002.1
0.02,Samferdsel_96,203,1036,0.9595,3553.2
0.02,Samferdsel_96,204,521,0.99,13905.1
0.02,Samferdsel_96,205,767,0.9701,4807.2
0.02,Samferdsel_96,206,1216,0.9486,3029.1
0.02,Samferdsel_96,207,497,0.99,15918.8
0.02,Samferdsel_96,208,1141,0.9566,3225.2
0.02,Samferdsel_96,209,1397,0.944,2638.4
0.02,Samferdsel_96,210,525,0.9802,7393.4
0.02,Samferdsel_96,211,1369,0.9472,2692.7
0.02,Samferdsel_96,212,945,0.9628,3895.2
0.02,Samferdsel_96,213,1383,0.9467,2663.5
0.02,Samferdsel_96,214,507,0.9877,12918.6
0.02,Samferdsel_96,215,768,0.9704,4797.7
0.02,Samferdsel_96,216,1180,0.9486,3121.7
0.02,Samferdsel_96,217,1117,0.9556,3298.6
0.02,Samferdsel_96,218,755,0.9691,4880.8
0.02,Samferdsel_96,219,738,0.969,4992.7
0.02,Samferdsel_96,220,936,0.9649,3932.9
0.02,Samferdsel_96,221,1138,0.9503,3239.7
0.02,Samferdsel_96,222,494,0.98,7962.7
0.02,Samferdsel_96,223,1503,0.9409,2449.8
0.02,Samferdsel_96,224,1295,0.9429,2843.0
0.02,Samferdsel_96,225,501,0.99,15968.5
0.02,Samferdsel_96,226,1459,0.9376,2526.4
0.02,Samferdsel_96,227,525,0.9799,7003.8
0.02,Samferdsel_96,228,951,0.9608,3869.9
0.02,Samferdsel_96,229,945,0.9627,3892.4
0.02,Samferdsel_96,230,662,0.971,5563.3
0.02,Samferdsel_96,231,504,0.9819,8414.0
0.02,Samferdsel_96,232,1459,0.9436,2525.6
0.02,Samferdsel_96,233,843,0.9656,4375.5
0.02,Samferdsel_96,234,1403,0.9445,2627.6
0.02,Samferdsel_96,235,1846,0.9261,1995.9
0.02,Samferdsel_96,236,867,0.9624,4249.3
0.02,Samferdsel_96,237,500,0.99,15849.6
0.02,Samferdsel_96,238,1474,0.9362,2499.8
0.02,Samferdsel_96,239,1272,0.9465,2897.2
0.02,Samferdsel_96,240,536,0.9774,6872.7
0.02,Samferdsel_96,241,511,0.9872,11354.7
0.02,Samferdsel_96,242,1081,0.9576,3410.6
0.02,Samferdsel_96,243,1281,0.9497,2872.4
0.02,Samferdsel_96,244,1106,0.9567,3327.0
0.02,Samferdsel_96,245,507,0.9811,7385.0
0.02,Samferdsel_96,246,648,0.9749,5691.8
0.02,Samferdsel_96,247,1341,0.9443,2747.3
0.02,Samferdsel_96,248,928,0.9629,3972.6
0.02,Samferdsel_96,249,796,0.9674,4627.2
0.02,Samferdsel_96,250,501,0.99,15271.1
0.02,Samferdsel_96,251,517,0.99,14445.5
0.02,Samferdsel_96,252,543,0.9787,6798.2
0.02,Samferdsel_96,253,1403,0.9429,2628.1
0.02,Samferdsel_96,254,1046,0.9574,3525.8
0.02,Samferdsel_96,255,1169,0.9504,3149.1
0.02,Samferdsel_96,256,921,0.9629,4000.2
0.02,Samferdsel_96,257,1461,0.9374,2522.4
0.02,Samferdsel_96,258,1480,0.9429,2489.4
0.02,Samferdsel_96,259,692,0.9722,5325.2
0.02,Samferdsel_96,260,1077,0.9571,3417.6
0.02,Samferdsel_96,261,1378,0.9484,2672.8
0.02,Samferdsel_96,262,1985,0.9209,1855.7
0.02,Samferdsel_96,263,804,0.9669,4577.4
0.02,Samferdsel_96,264,511,0.9817,8244.2
0.02,Samferdsel_96,265,1131,0.9516,3256.7
0.02,Samferdsel_96,266,1102,0.9587,3345.0
0.02,Samferdsel_96,267,1802,0.9246,2044.6
0.02,Samferdsel_96,268,1719,0.931,2143.9
0.02,Samferdsel_96,269,628,0.9752,5865.1
0.02,Samferdsel_96,270,514,0.99,14749.8
0.02,Samferdsel_96,271,1103,0.9587,3341.2
0.02,Samferdsel_96,272,1007,0.959,3657.4
0.02,Samferdsel_96,273,507,0.9871,10942.8
0.02,Samferdsel_96,274,889,0.9636,4141.7
0.02,Samferdsel_96,275,1084,0.9551,3398.0
0.02,Samferdsel_96,276,1319,0.9429,2795.9
0.02,Samferdsel_96,277,1334,0.9492,2762.0
0.02,Samferdsel_96,278,881,0.9639,4176.2
0.02,Samferdsel_96,279,592,0.976,6233.0
0.02,Samferdsel_96,280,1452,0.9387,2539.5
0.02,Samferdsel_96,281,1187,0.948,3105.8
0.02,Samferdsel_96,282,530,0.9881,11581.3
0.02,Samferdsel_96,283,1701,0.9256,2164.0
0.02,Samferdsel_96,284,864,0.965,4264.7
0.02,Samferdsel_96,285,888,0.9636,4148.4
0.02,Samferdsel_96,286,1225,0.9461,3004.9
0.02,Samferdsel_96,287,1200,0.9497,3072.8
0.02,Samferdsel_96,288,906,0.964,4071.0
0.02,Samferdsel_96,289,1764,0.923,2087.2
0.02,Samferdsel_96,290,1805,0.9266,2040.1
0.02,Samferdsel_96,291,1442,0.9456,2553.3
0.02,Samferdsel_96,292,838,0.9651,4395.8
0.02,Samferdsel_96,293,1223,0.9493,3010.9
0.02,Samferdsel_96,294,906,0.9637,4070.8
0.02,Samferdsel_96,295,1518,0.9358,2426.3
0.02,Samferdsel_96,296,998,0.9573,3694.0
0.02,Samferdsel_96,297,937,0.96,3928.9
0.02,Samferdsel_96,298,654,0.9749,5637.9
0.02,Samferdsel_96,299,768,0.9694,4795.3
0.02,Samferdsel_96,300,1315,0.9464,2800.7
0.02,Samferdsel_96,301,726,0.9683,5072.0
0.02,Samferdsel_96,302,790,0.9693,4662.2
0.02,Samferdsel_96,303,1187,0.9529,3105.8
0.02,Samferdsel_96,304,1557,0.9419,2366.1
0.02,Samferdsel_96,305,1168,0.9534,3153.8
0.02,Samferdsel_96,306,599,0.9753,6151.1
0.02,Samferdsel_96,307,1718,0.9319,2146.0
0.02,Samferdsel_96,308,1239,0.9527,2972.4
0.02,Samferdsel_96,309,1547,0.938,2379.1
0.02,Samferdsel_96,310,482,0.99,15850.8
0.02,Samferdsel_96,311,993,0.9577,3708.5
0.02,Samferdsel_96,312,504,0.99,14846.6
0.02,Samferdsel_96,313,767,0.9691,4802.6
0.02,Samferdsel_96,314,1994,0.9247,1846.5
0.02,Samferdsel_96,315,847,0.9658,4345.8
0.02,Samferdsel_96,316,605,0.9757,6101.9
0.02,Samferdsel_96,317,1088,0.9547,3386.7
0.02,Samferdsel_96,318,909,0.9605,4050.2
0.02,Samferdsel_96,319,529,0.988,12608.0
0.02,Samferdsel_96,320,1396,0.9405,2640.5
0.02,Samferdsel_96,321,1343,0.9447,2742.2
0.02,Samferdsel_96,322,1322,0.9426,2784.2
0.02,Samferdsel_96,323,574,0.9763,6405.9
0.02,Samferdsel_96,324,2034,0.9235,1811.4
0.02,Samferdsel_96,325,558,0.9759,6599.3
0.02,Samferdsel_96,326,584,0.9763,6315.7
0.02,Samferdsel_96,327,1379,0.9435,2668.9
0.02,Samferdsel_96,328,656,0.9742,5615.3
0.02,Samferdsel_96,329,504,0.9884,12025.3
0.02,Samferdsel_96,330,1459,0.9407,2527.3
0.02,Samferdsel_96,331,1358,0.9458,2712.0
0.02,Samferdsel_96,332,1788,0.9289,2061.8
0.02,Samferdsel_96,333,796,0.9651,4631.4
0.02,Samferdsel_96,334,523,0.9888,12427.1
0.02,Samferdsel_96,335,998,0.9574,3690.7
0.02,Samferdsel_96,336,836,0.9681,4410.5
0.02,Samferdsel_96,337,1476,0.9436,2494.9
0.02,Samferdsel_96,338,511,0.9785,7228.3
0.02,Samferdsel_96,339,524,0.9894,14399.0
0.02,Samferdsel_96,340,1215,0.947,3033.9
0.02,Samferdsel_96,341,882,0.962,4172.4
0.02,Samferdsel_96,342,1599,0.937,2304.2
0.02,Samferdsel_96,343,515,0.99,16120.2
0.02,Samferdsel_96,344,801,0.9673,4606.5
0.02,Samferdsel_96,345,656,0.9727,5614.3
0.02,Samferdsel_96,346,1641,0.9288,2245.7
0.02,Samferdsel_96,347,1463,0.9424,2516.3
0.02,Samferdsel_96,348,1117,0.9547,3298.6
0.02,Samferdsel_96,349,524,0.99,16052.0
0.02,Samferdsel_96,350,510,0.99,15997.0
0.02,Samferdsel_96,351,1110,0.9554,3318.4
0.02,Samferdsel_96,352,523,0.9865,10831.9
0.02,Samferdsel_96,353,1285,0.9514,2867.4
0.02,Samferdsel_96,354,518,0.99,15369.2
0.02,Samferdsel_96,355,1588,0.9371,2318.8
0.02,Samferdsel_96,356,521,0.99,14788.5
0.02,Samferdsel_96,357,633,0.975,5828.3
0.02,Samferdsel_96,358,1741,0.9273,2116.4
0.02,Samferdsel_96,359,511,0.99,15280.2
0.02,Samferdsel_96,360,508,0.9842,10256.7
0.02,Samferdsel_96,361,1305,0.9445,2825.0
0.02,Samferdsel_96,362,501,0.99,15972.6
0.02,Samferdsel_96,363,630,0.9722,5846.4
0.02,Samferdsel_96,364,503,0.9835,8612.6
0.02,Samferdsel_96,365,567,0.9774,6494.4
0.02,Samferdsel_96,366,504,0.99,13957.8
0.02,Samferdsel_96,367,1369,0.9418,2690.3
0.02,Samferdsel_96,368,906,0.9601,4067.4
0.02,Samferdsel_96,369,1049,0.9586,3512.3
0.02,Samferdsel_96,370,1377,0.9486,2674.2
0.02,Samferdsel_96,371,1054,0.9536,3494.5
0.02,Samferdsel_96,372,733,0.9705,5024.8
0.02,Samferdsel_96,373,515,0.99,14671.6
0.02,Samferdsel_96,374,1029,0.9607,3575.7
0.02,Samferdsel_96,375,888,0.9629,4145.0
0.02,Samferdsel_96,376,1413,0.9418,2605.9
0.02,Samferdsel_96,377,942,0.96,3914.9
0.02,Samferdsel_96,378,578,0.9762,6384.1
0.02,Samferdsel_96,379,965,0.958,3817.5
0.02,Samferdsel_96,380,931,0.9592,3951.1
0.02,Samferdsel_96,381,879,0.9616,4191.0
0.02,Samferdsel_96,382,1116,0.9562,3302.0
0.02,Samferdsel_96,383,1190,0.9549,3093.1
0.02,Samferdsel_96,384,622,0.9733,5919.2
0.02,Samferdsel_96,385,728,0.9727,5051.1
0.02,Samferdsel_96,386,2051,0.9221,1795.0
0.02,Samferdsel_96,387,689,0.9706,5358.1
0.02,Samferdsel_96,388,971,0.9615,3794.9
0.02,Samferdsel_96,389,816,0.966,4519.6
0.02,Samferdsel_96,390,1201,0.9542,3067.4
0.02,Samferdsel_96,391,724,0.97,5088.9
0.02,Samferdsel_96,392,622,0.9737,5923.8
0.02,Samferdsel_96,393,496,0.99,14147.2
0.02,Samferdsel_96,394,1033,0.9609,3565.3
0.02,Samferdsel_96,395,993,0.9596,3706.7
0.02,Samferdsel_96,396,1021,0.9556,3608.6
0.02,Samferdsel_96,397,507,0.9806,8177.1
0.02,Samferdsel_96,398,1292,0.9432,2850.8
0.02,Samferdsel_96,399,1074,0.9564,3433.2
0.02,Samferdsel_96,400,1536,0.9343,2398.9
0.02,Samferdsel_96,401,1132,0.9551,3252.8
0.02,Samferdsel_96,402,1054,0.9575,3495.3
0.02,Samferdsel_96,403,1188,0.9543,3102.5
0.02,Samferdsel_96,404,906,0.9641,4068.4
0.02,Samferdsel_96,405,524,0.9817,7778.7
0.02,Samferdsel_96,406,1480,0.9423,2489.6
0.02,Samferdsel_96,407,824,0.9675,4473.6
0.02,Samferdsel_96,408,635,0.9737,5797.1
0.02,Samferdsel_96,409,1445,0.9369,2550.7
0.02,Samferdsel_96,410,1260,0.9446,2923.2
0.02,Samferdsel_96,411,924,0.9594,3982.3
0.02,Samferdsel_96,412,1607,0.9316,2291.9
0.02,Samferdsel_96,413,836,0.9633,4411.4
0.02,Samferdsel_96,414,859,0.9632,4287.6
0.02,Samferdsel_96,415,929,0.9627,3967.7
0.02,Samferdsel_96,416,1330,0.9415,2768.3
0.02,Samferdsel_96,417,1571,0.9358,2346.5
0.02,Samferdsel_96,418,1147,0.9569,3209.7
0.02,Samferdsel_96,419,1210,0.9513,3042.6
0.02,Samferdsel_96,420,1239,0.9465,2972.1
0.02,Samferdsel_96,421,504,0.9859,11412.0
0.02,Samferdsel_96,422,1155,0.9539,3187.9
0.02,Samferdsel_96,423,1769,0.9271,2081.7
0.02,Samferdsel_96,424,1119,0.9526,3290.9
0.02,Samferdsel_96,425,511,0.99,15634.0
0.02,Samferdsel_96,426,647,0.9753,5698.0
0.02,Samferdsel_96,427,942,0.9644,3914.4
0.02,Samferdsel_96,428,929,0.9637,3967.4
0.02,Samferdsel_96,429,1838,0.9258,2004.8
0.02,Samferdsel_96,430,1487,0.9364,2478.5
0.02,Samferdsel_96,431,810,0.9664,4544.3
0.02,Samferdsel_96,432,2232,0.9159,1649.9
0.02,Samferdsel_96,433,1544,0.9346,2386.5
0.02,Samferdsel_96,434,1670,0.9305,2206.2
0.02,Samferdsel_96,435,559,0.9768,6593.3
0.02,Samferdsel_96,436,858,0.9652,4294.6
0.02,Samferdsel_96,437,1064,0.9602,3458.9
0.02,Samferdsel_96,438,1063,0.9544,3465.7
0.02,Samferdsel_96,439,1547,0.9335,2380.7
0.02,Samferdsel_96,440,721,0.9704,5101.3
0.02,Samferdsel_96,441,746,0.9677,4942.0
0.02,Samferdsel_96,442,1663,0.9377,2215.0
0.02,Samferdsel_96,443,587,0.9773,6271.8
0.02,Samferdsel_96,444,1145,0.9523,3216.5
0.02,Samferdsel_96,445,2229,0.9096,1653.4
0.02,Samferdsel_96,446,1887,0.9189,1952.7
0.02,Samferdsel_96,447,1187,0.9501,3104.4
0.02,Samferdsel_96,448,1034,0.9577,3563.8
0.02,Samferdsel_96,449,1455,0.9411,2531.2
0.02,Samferdsel_96,450,1322,0.9486,2786.8
0.02,Samferdsel_96,451,1028,0.9602,3580.7
0.02,Samferdsel_96,452,515,0.99,16073.8
0.02,Samferdsel_96,453,528,0.99,15466.6
0.02,Samferdsel_96,454,1039,0.9582,3548.7
0.02,Samferdsel_96,455,629,0.9757,5851.2
0.02,Samferdsel_96,456,1501,0.9405,2456.1
0.02,Samferdsel_96,457,748,0.9683,4924.6
0.02,Samferdsel_96,458,524,0.9875,11778.3
0.02,Samferdsel_96,459,746,0.9715,4938.1
0.02,Samferdsel_96,460,1020,0.9559,3613.5
0.02,Samferdsel_96,461,714,0.9717,5155.6
0.02,Samferdsel_96,462,518,0.99,13798.0
0.02,Samferdsel_96,463,1235,0.949,2985.2
0.02,Samferdsel_96,464,823,0.9663,4474.7
0.02,Samferdsel_96,465,1120,0.9572,3288.7
0.02,Samferdsel_96,466,1957,0.9269,1882.8
0.02,Samferdsel_96,467,1649,0.9317,2233.9
0.02,Samferdsel_96,468,1155,0.9559,3187.3
0.02,Samferdsel_96,469,678,0.973,5433.6
0.02,Samferdsel_96,470,899,0.9651,4098.4
0.02,Samferdsel_96,471,1263,0.9444,2917.6
0.02,Samferdsel_96,472,511,0.99,15128.4
0.02,Samferdsel_96,473,1238,0.9493,2973.0
0.02,Samferdsel_96,474,879,0.964,4190.8
0.02,Samferdsel_96,475,1448,0.9415,2544.4
0.02,Samferdsel_96,476,516,0.9882,11934.0
0.02,Samferdsel_96,477,1195,0.9492,3083.7
0.02,Samferdsel_96,478,511,0.99,15990.9
0.02,Samferdsel_96,479,1334,0.9453,2763.6
0.02,Samferdsel_96,480,815,0.9663,4523.7
0.02,Samferdsel_96,481,523,0.989,14011.0
0.02,Samferdsel_96,482,717,0.9718,5146.5
0.02,Samferdsel_96,483,934,0.9629,3946.1
0.02,Samferdsel_96,484,1088,0.9591,3386.1
0.02,Samferdsel_96,485,503,0.9855,10729.0
0.02,Samferdsel_96,486,523,0.978,7160.9
0.02,Samferdsel_96,487,705,0.9697,5220.7
0.02,Samferdsel_96,488,962,0.9594,3830.5
0.02,Samferdsel_96,489,865,0.9628,4257.3
0.02,Samferdsel_96,490,1628,0.9334,2262.7
0.02,Samferdsel_96,491,619,0.9764,5964.5
0.02,Samferdsel_96,492,1523,0.9359,2419.5
0.02,Samferdsel_96,493,1447,0.9432,2545.5
0.02,Samferdsel_96,494,824,0.9657,4472.9
0.02,Samferdsel_96,495,1209,0.9477,3046.0
0.02,Samferdsel_96,496,1355,0.9471,2720.4
0.02,Samferdsel_96,497,1431,0.9451,2575.0
0.02,Samferdsel_96,498,1286,0.9504,2864.3
0.02,Samferdsel_96,499,1664,0.9328,2213.1
0.03,Basis_85,0,3423,0.8548,1075.9
0.03,Basis_85,1,4051,0.8323,909.1
0.03,Basis_85,2,4066,0.8209,905.8
0.03,Basis_85,3,3856,0.8426,955.2
0.03,Basis_85,4,3623,0.8584,1016.6
0.03,Basis_85,5,3072,0.8663,1198.9
0.03,Basis_85,6,4233,0.8327,870.3
0.03,Basis_85,7,4294,0.8353,857.9
0.03,Basis_85,8,4049,0.8464,909.8
0.03,Basis_85,9,4123,0.8267,893.3
0.03,Basis_85,10,4533,0.8118,812.6
0.03,Basis_85,11,3391,0.8532,1086.6
0.03,Basis_85,12,1928,0.9272,1910.9
0.03,Basis_85,13,3654,0.8598,1007.9
0.03,Basis_85,14,2323,0.8992,1585.6
0.03,Basis_85,15,3461,0.8703,1064.6
0.03,Basis_85,16,2077,0.9199,1774.1
0.03,Basis_85,17,3479,0.8512,1058.6
0.03,Basis_85,18,2873,0.8748,1282.5
0.03,Basis_85,19,2663,0.897,1383.9
0.03,Basis_85,20,4122,0.8266,893.4
0.03,Basis_85,21,4935,0.8109,746.3
0.03,Basis_85,22,4142,0.8384,889.4
0.03,Basis_85,23,3388,0.8711,1086.8
0.03,Basis_85,24,3715,0.8483,991.6
0.03,Basis_85,25,4214,0.8357,874.0
0.03,Basis_85,26,4002,0.8317,920.6
0.03,Basis_85,27,2385,0.9019,1544.7
0.03,Basis_85,28,3918,0.843,940.0
0.03,Basis_85,29,3164,0.8778,1164.0
0.03,Basis_85,30,3743,0.8458,984.1
0.03,Basis_85,31,3581,0.8609,1028.8
0.03,Basis_85,32,3283,0.8632,1121.9
0.03,Basis_85,33,3136,0.8777,1174.4
0.03,Basis_85,34,2482,0.8984,1484.5
0.03,Basis_85,35,5046,0.7965,729.9
0.03,Basis_85,36,3909,0.8304,942.4
0.03,Basis_85,37,2659,0.8948,1385.0
0.03,Basis_85,38,3660,0.8413,1006.3
0.03,Basis_85,39,2946,0.8845,1250.1
0.03,Basis_85,40,3066,0.8695,1201.2
0.03,Basis_85,41,3756,0.8504,980.7
0.03,Basis_85,42,3441,0.8496,1070.7
0.03,Basis_85,43,2786,0.8891,1321.4
0.03,Basis_85,44,2323,0.9021,1585.6
0.03,Basis_85,45,2831,0.8901,1301.2
0.03,Basis_85,46,3808,0.8436,967.0
0.03,Basis_85,47,4207,0.8165,875.2
0.03,Basis_85,48,4039,0.8278,911.7
0.03,Basis_85,49,3870,0.8365,951.7
0.03,Basis_85,50,3479,0.8502,1058.7
0.03,Basis_85,51,3525,0.8561,1045.0
0.03,Basis_85,52,3527,0.8625,1044.4
0.03,Basis_85,53,3750,0.8431,982.1
0.03,Basis_85,54,3230,0.8787,1140.5
0.03,Basis_85,55,4658,0.7962,790.9
0.03,Basis_85,56,3693,0.8497,997.7
0.03,Basis_85,57,3682,0.8508,1000.0
0.03,Basis_85,58,4170,0.8378,883.4
0.03,Basis_85,59,3841,0.8453,958.8
0.03,Basis_85,60,2434,0.8998,1513.5
0.03,Basis_85,61,3191,0.872,1154.2
0.03,Basis_85,62,3749,0.849,982.7
0.03,Basis_85,63,3596,0.8447,1024.2
0.03,Basis_85,64,4638,0.7965,794.2
0.03,Basis_85,65,3531,0.8462,1043.6
0.03,Basis_85,66,1629,0.9349,2261.9
0.03,Basis_85,67,4802,0.8162,767.0
0.03,Basis_85,68,3660,0.8503,1006.5
0.03,Basis_85,69,3231,0.8772,1140.0
0.03,Basis_85,70,2558,0.8981,1440.7
0.03,Basis_85,71,3835,0.8469,960.2
0.03,Basis_85,72,2289,0.9068,1608.9
0.03,Basis_85,73,4511,0.8251,816.8
0.03,Basis_85,74,3519,0.8471,1046.7
0.03,Basis_85,75,4661,0.818,790.3
0.03,Basis_85,76,4137,0.8346,890.2
0.03,Basis_85,77,2803,0.8872,1314.2
0.03,Basis_85,78,4142,0.8217,889.3
0.03,Basis_85,79,5093,0.7855,723.4
0.03,Basis_85,80,3814,0.8418,965.6
0.03,Basis_85,81,3580,0.865,1029.2
0.03,Basis_85,82,3044,0.8714,1209.9
0.03,Basis_85,83,4325,0.8312,851.5
0.03,Basis_85,84,3952,0.8378,932.1
0.03,Basis_85,85,3758,0.8488,980.0
0.03,Basis_85,86,3526,0.8486,1044.8
0.03,Basis_85,87,2756,0.8817,1336.4
0.03,Basis_85,88,3216,0.8724,1145.4
0.03,Basis_85,89,3233,0.8735,1139.1
0.03,Basis_85,90,3640,0.861,1011.9
0.03,Basis_85,91,3272,0.8755,1126.1
0.03,Basis_85,92,3498,0.8613,1053.0
0.03,Basis_85,93,3552,0.8581,1037.3
0.03,Basis_85,94,2833,0.8871,1300.1
0.03,Basis_85,95,3058,0.8753,1204.2
0.03,Basis_85,96,2681,0.8856,1373.5
0.03,Basis_85,97,3203,0.8631,1150.4
0.03,Basis_85,98,3661,0.8442,1006.1
0.03,Basis_85,99,2930,0.8805,1257.3
0.03,Basis_85,100,5022,0.8099,733.6
0.03,Basis_85,101,3345,0.8568,1100.8
0.03,Basis_85,102,4750,0.8152,775.6
0.03,Basis_85,103,4077,0.8327,903.5
0.03,Basis_85,104,4023,0.8314,915.7
0.03,Basis_85,105,3520,0.8626,1046.1
0.03,Basis_85,106,3969,0.8477,927.9
0.03,Basis_85,107,3904,0.8411,943.7
0.03,Basis_85,108,2742,0.8862,1343.4
0.03,Basis_85,109,3554,0.85,1036.6
0.03,Basis_85,110,3946,0.843,933.3
0.03,Basis_85,111,2498,0.8945,1474.7
0.03,Basis_85,112,3639,0.8611,1012.0
0.03,Basis_85,113,3951,0.8502,932.4
0.03,Basis_85,114,5892,0.7765,625.2
0.03,Basis_85,115,2789,0.891,1321.2
0.03,Basis_85,116,4186,0.8434,879.8
0.03,Basis_85,117,3745,0.8583,983.2
0.03,Basis_85,118,3440,0.8535,1071.0
0.03,Basis_85,119,3836,0.8315,960.1
0.03,Basis_85,120,3805,0.8437,968.1
0.03,Basis_85,121,2821,0.8771,1305.7
0.03,Basis_85,122,4259,0.826,865.1
0.03,Basis_85,123,4640,0.8041,793.7
0.03,Basis_85,124,3969,0.8352,927.8
0.03,Basis_85,125,3266,0.8576,1127.8
0.03,Basis_85,126,4322,0.828,852.5
0.03,Basis_85,127,3800,0.8449,969.0
0.03,Basis_85,128,4214,0.8414,873.9
0.03,Basis_85,129,2510,0.8984,1467.5
0.03,Basis_85,130,3940,0.8267,934.7
0.03,Basis_85,131,2349,0.9053,1568.5
0.03,Basis_85,132,4088,0.8395,900.9
0.03,Basis_85,133,3366,0.8531,1094.1
0.03,Basis_85,134,3861,0.8392,954.0
0.03,Basis_85,135,3244,0.8589,1135.7
0.03,Basis_85,136,3000,0.8708,1228.2
0.03,Basis_85,137,3045,0.8751,1209.1
0.03,Basis_85,138,4333,0.8381,849.9
0.03,Basis_85,139,3589,0.8587,1026.4
0.03,Basis_85,140,4100,0.8343,898.3
0.03,Basis_85,141,4352,0.826,846.3
0.03,Basis_85,142,2975,0.8729,1237.8
0.03,Basis_85,143,3309,0.8568,1113.4
0.03,Basis_85,144,2383,0.8996,1546.6
0.03,Basis_85,145,4897,0.8052,752.3
0.03,Basis_85,146,4214,0.8423,873.8
0.03,Basis_85,147,3342,0.8701,1102.3
0.03,Basis_85,148,3442,0.8535,1070.0
0.03,Basis_85,149,3561,0.8437,1034.6
0.03,Basis_85,150,2881,0.8851,1278.9
0.03,Basis_85,151,3912,0.8424,941.6
0.03,Basis_85,152,3120,0.8827,1180.8
0.03,Basis_85,153,3360,0.8611,1095.8
0.03,Basis_85,154,2961,0.8708,1243.8
0.03,Basis_85,155,5222,0.7995,705.3
0.03,Basis_85,156,3584,0.8497,1027.7
0.03,Basis_85,157,3899,0.8281,944.4
0.03,Basis_85,158,3787,0.839,972.5
0.03,Basis_85,159,4137,0.8254,890.3
0.03,Basis_85,160,3065,0.8842,1201.9
0.03,Basis_85,161,5299,0.8018,695.0
0.03,Basis_85,162,3707,0.8414,993.8
0.03,Basis_85,163,4749,0.8039,775.8
0.03,Basis_85,164,2793,0.8809,1318.4
0.03,Basis_85,165,3337,0.8666,1103.9
0.03,Basis_85,166,3335,0.8554,1104.8
0.03,Basis_85,167,4526,0.823,814.0
0.03,Basis_85,168,4459,0.8268,825.8
0.03,Basis_85,169,3952,0.8495,932.3
0.03,Basis_85,170,4178,0.8304,881.6
0.03,Basis_85,171,2944,0.8805,1251.3
0.03,Basis_85,172,5093,0.8062,723.2
0.03,Basis_85,173,3127,0.8663,1177.9
0.03,Basis_85,174,1984,0.922,1857.4
0.03,Basis_85,175,4245,0.8291,867.9
0.03,Basis_85,176,4739,0.8175,777.1
0.03,Basis_85,177,4819,0.8151,764.4
0.03,Basis_85,178,3462,0.8503,1064.2
0.03,Basis_85,179,3633,0.862,1013.6
0.03,Basis_85,180,3882,0.8525,949.0
0.03,Basis_85,181,4437,0.816,830.2
0.03,Basis_85,182,4855,0.7917,758.7
0.03,Basis_85,183,5235,0.7901,703.5
0.03,Basis_85,184,2894,0.891,1272.9
0.03,Basis_85,185,4837,0.8028,761.3
0.03,Basis_85,186,3489,0.852,1056.0
0.03,Basis_85,187,2637,0.9002,1396.6
0.03,Basis_85,188,4010,0.8445,918.4
0.03,Basis_85,189,4385,0.8252,840.3
0.03,Basis_85,190,2551,0.891,1444.6
0.03,Basis_85,191,2538,0.8897,1451.8
0.03,Basis_85,192,2951,0.8888,1248.6
0.03,Basis_85,193,4910,0.791,750.3
0.03,Basis_85,194,3114,0.8679,1182.5
0.03,Basis_85,195,4476,0.8323,823.0
0.03,Basis_85,196,3611,0.8518,1020.1
0.03,Basis_85,197,3609,0.8522,1020.7
0.03,Basis_85,198,4574,0.8256,805.5
0.03,Basis_85,199,3609,0.8555,1020.8
0.03,Basis_85,200,4305,0.8372,855.4
0.03,Basis_85,201,3112,0.8817,1183.6
0.03,Basis_85,202,3497,0.8513,1053.4
0.03,Basis_85,203,3860,0.8493,954.6
0.03,Basis_85,204,2071,0.9218,1778.6
0.03,Basis_85,205,3457,0.8652,1065.6
0.03,Basis_85,206,3954,0.8329,931.6
0.03,Basis_85,207,2194,0.9052,1679.6
0.03,Basis_85,208,4079,0.8448,902.9
0.03,Basis_85,209,4337,0.826,849.3
0.03,Basis_85,210,3015,0.8803,1221.9
0.03,Basis_85,211,4386,0.8308,840.0
0.03,Basis_85,212,3707,0.8542,993.8
0.03,Basis_85,213,4408,0.83,835.7
0.03,Basis_85,214,2516,0.8916,1464.5
0.03,Basis_85,215,3490,0.8657,1055.5
0.03,Basis_85,216,3836,0.8329,959.9
0.03,Basis_85,217,3940,0.8435,934.8
0.03,Basis_85,218,3328,0.8636,1107.0
0.03,Basis_85,219,3252,0.8636,1132.9
0.03,Basis_85,220,3811,0.8574,966.9
0.03,Basis_85,221,3765,0.8355,978.4
0.03,Basis_85,222,2776,0.88,1327.0
0.03,Basis_85,223,4546,0.8213,810.5
0.03,Basis_85,224,3987,0.8244,924.1
0.03,Basis_85,225,2201,0.9046,1674.6
0.03,Basis_85,226,4289,0.8163,858.9
0.03,Basis_85,227,3146,0.8799,1170.9
0.03,Basis_85,228,3612,0.8512,1019.6
0.03,Basis_85,229,3703,0.8541,994.3
0.03,Basis_85,230,3050,0.8665,1207.6
0.03,Basis_85,231,2831,0.8828,1301.5
0.03,Basis_85,232,4513,0.8253,816.1
0.03,Basis_85,233,3465,0.8584,1062.8
0.03,Basis_85,234,4375,0.8267,841.8
0.03,Basis_85,235,5017,0.7992,734.2
0.03,Basis_85,236,3372,0.8535,1092.2
0.03,Basis_85,237,2083,0.9104,1768.2
0.03,Basis_85,238,4288,0.8142,859.2
0.03,Basis_85,239,4044,0.8297,910.7
0.03,Basis_85,240,2940,0.8761,1252.5
0.03,Basis_85,241,2763,0.8908,1333.2
0.03,Basis_85,242,3911,0.8464,941.7
0.03,Basis_85,243,4218,0.8345,873.4
0.03,Basis_85,244,3962,0.8451,929.6
0.03,Basis_85,245,3120,0.8816,1180.6
0.03,Basis_85,246,3293,0.8724,1119.1
0.03,Basis_85,247,4177,0.8264,881.9
0.03,Basis_85,248,3638,0.8543,1012.4
0.03,Basis_85,249,3392,0.8611,1085.8
0.03,Basis_85,250,2068,0.9143,1782.5
0.03,Basis_85,251,1945,0.9237,1893.5
0.03,Basis_85,252,3100,0.878,1188.0
0.03,Basis_85,253,4312,0.8244,854.2
0.03,Basis_85,254,3772,0.8461,976.3
0.03,Basis_85,255,3877,0.8356,949.9
0.03,Basis_85,256,3617,0.8544,1018.3
0.03,Basis_85,257,4289,0.816,858.9
0.03,Basis_85,258,4553,0.8244,809.2
0.03,Basis_85,259,3274,0.8682,1125.0
0.03,Basis_85,260,3876,0.8456,950.3
0.03,Basis_85,261,4472,0.8327,823.6
0.03,Basis_85,262,5236,0.7914,703.4
0.03,Basis_85,263,3395,0.8604,1084.8
0.03,Basis_85,264,2873,0.8826,1282.7
0.03,Basis_85,265,3800,0.8374,969.2
0.03,Basis_85,266,4051,0.848,909.2
0.03,Basis_85,267,4851,0.7969,759.2
0.03,Basis_85,268,4820,0.8066,764.3
0.03,Basis_85,269,3220,0.8728,1143.6
0.03,Basis_85,270,2363,0.9054,1559.4
0.03,Basis_85,271,4057,0.8481,907.9
0.03,Basis_85,272,3722,0.8485,989.6
0.03,Basis_85,273,2853,0.8906,1291.4
0.03,Basis_85,274,3532,0.8554,1043.2
0.03,Basis_85,275,3799,0.8427,969.6
0.03,Basis_85,276,4053,0.8244,908.6
0.03,Basis_85,277,4360,0.8337,844.6
0.03,Basis_85,278,3525,0.8559,1045.1
0.03,Basis_85,279,3107,0.8741,1185.5
0.03,Basis_85,280,4308,0.8181,855.3
0.03,Basis_85,281,3829,0.8319,961.7
0.03,Basis_85,282,2874,0.8921,1281.9
0.03,Basis_85,283,4611,0.7983,798.8
0.03,Basis_85,284,3517,0.8575,1047.6
0.03,Basis_85,285,3527,0.8554,1044.3
0.03,Basis_85,286,3888,0.8292,947.7
0.03,Basis_85,287,3941,0.8345,934.5
0.03,Basis_85,288,3622,0.8561,1017.0
0.03,Basis_85,289,4710,0.7945,782.0
0.03,Basis_85,290,4921,0.7999,748.4
0.03,Basis_85,291,4553,0.8285,809.1
0.03,Basis_85,292,3420,0.8577,1076.9
0.03,Basis_85,293,4009,0.834,918.8
0.03,Basis_85,294,3601,0.8555,1023.3
0.03,Basis_85,295,4406,0.8137,836.0
0.03,Basis_85,296,3596,0.8459,1024.3
0.03,Basis_85,297,3518,0.85,1047.3
0.03,Basis_85,298,3322,0.8723,1108.8
0.03,Basis_85,299,3413,0.8641,1079.4
0.03,Basis_85,300,4183,0.8296,880.7
0.03,Basis_85,301,3154,0.8625,1168.2
0.03,Basis_85,302,3504,0.864,1051.3
0.03,Basis_85,303,4046,0.8394,910.1
0.03,Basis_85,304,4744,0.8228,776.3
0.03,Basis_85,305,4007,0.84,919.5
0.03,Basis_85,306,3084,0.873,1194.7
0.03,Basis_85,307,4842,0.8078,760.7
0.03,Basis_85,308,4219,0.8391,873.0
0.03,Basis_85,309,4569,0.817,806.2
0.03,Basis_85,310,2349,0.8989,1568.2
0.03,Basis_85,311,3603,0.8466,1022.2
0.03,Basis_85,312,2393,0.9035,1538.7
0.03,Basis_85,313,3384,0.8636,1088.6
0.03,Basis_85,314,5379,0.7971,684.9
0.03,Basis_85,315,3500,0.8587,1052.0
0.03,Basis_85,316,3142,0.8736,1172.1
0.03,Basis_85,317,3792,0.8421,971.3
0.03,Basis_85,318,3437,0.8508,1071.3
0.03,Basis_85,319,2635,0.892,1398.0
0.03,Basis_85,320,4200,0.8207,876.8
0.03,Basis_85,321,4203,0.8271,876.5
0.03,Basis_85,322,4059,0.8239,907.5
0.03,Basis_85,323,3048,0.8745,1208.7
0.03,Basis_85,324,5444,0.7953,676.7
0.03,Basis_85,325,2923,0.8739,1260.4
0.03,Basis_85,326,3090,0.8744,1192.5
0.03,Basis_85,327,4269,0.8253,862.8
0.03,Basis_85,328,3273,0.8713,1125.4
0.03,Basis_85,329,2832,0.8926,1300.9
0.03,Basis_85,330,4400,0.8211,837.2
0.03,Basis_85,331,4295,0.8288,857.8
0.03,Basis_85,332,4941,0.8034,745.4
0.03,Basis_85,333,3245,0.8577,1135.3
0.03,Basis_85,334,2825,0.8932,1304.1
0.03,Basis_85,335,3605,0.8461,1021.7
0.03,Basis_85,336,3605,0.8621,1021.5
0.03,Basis_85,337,4571,0.8254,805.7
0.03,Basis_85,338,2895,0.8777,1272.3
0.03,Basis_85,339,2565,0.8942,1436.5
0.03,Basis_85,340,3882,0.8304,949.0
0.03,Basis_85,341,3415,0.853,1078.5
0.03,Basis_85,342,4682,0.8155,786.7
0.03,Basis_85,343,2254,0.9013,1633.9
0.03,Basis_85,344,3400,0.8609,1083.5
0.03,Basis_85,345,3146,0.869,1171.1
0.03,Basis_85,346,4534,0.8032,812.4
0.03,Basis_85,347,4485,0.8237,821.4
0.03,Basis_85,348,3896,0.8421,945.6
0.03,Basis_85,349,2161,0.9058,1704.6
0.03,Basis_85,350,1767,0.9233,2085.9
0.03,Basis_85,351,3905,0.8431,943.3
0.03,Basis_85,352,2782,0.8898,1324.7
0.03,Basis_85,353,4304,0.8371,855.7
0.03,Basis_85,354,2254,0.9059,1633.5
0.03,Basis_85,355,4655,0.8156,791.2
0.03,Basis_85,356,1153,0.9537,3194.2
0.03,Basis_85,357,3225,0.8725,1142.3
0.03,Basis_85,358,4765,0.8009,773.1
0.03,Basis_85,359,2373,0.9015,1551.3
0.03,Basis_85,360,2586,0.8863,1424.5
0.03,Basis_85,361,4071,0.8267,905.0
0.03,Basis_85,362,1862,0.9192,1977.6
0.03,Basis_85,363,2988,0.8684,1232.9
0.03,Basis_85,364,2979,0.8853,1236.4
0.03,Basis_85,365,3106,0.876,1186.0
0.03,Basis_85,366,2749,0.8958,1340.0
0.03,Basis_85,367,4170,0.8227,883.2
0.03,Basis_85,368,3400,0.8501,1083.6
0.03,Basis_85,369,3850,0.8479,956.4
0.03,Basis_85,370,4476,0.8328,823.0
0.03,Basis_85,371,3624,0.8403,1016.4
0.03,Basis_85,372,3335,0.8657,1104.9
0.03,Basis_85,373,2510,0.9,1467.8
0.03,Basis_85,374,3904,0.851,943.6
0.03,Basis_85,375,3486,0.8543,1056.3
0.03,Basis_85,376,4305,0.8227,855.5
0.03,Basis_85,377,3528,0.85,1043.9
0.03,Basis_85,378,3051,0.8744,1207.3
0.03,Basis_85,379,3517,0.847,1047.7
0.03,Basis_85,380,3456,0.8488,1065.7
0.03,Basis_85,381,3380,0.8524,1089.8
0.03,Basis_85,382,3966,0.8443,928.9
0.03,Basis_85,383,4164,0.8424,884.7
0.03,Basis_85,384,3034,0.87,1214.4
0.03,Basis_85,385,3500,0.8691,1052.0
0.03,Basis_85,386,5450,0.7932,676.0
0.03,Basis_85,387,3136,0.8659,1174.1
0.03,Basis_85,388,3727,0.8523,988.5
0.03,Basis_85,389,3380,0.859,1089.7
0.03,Basis_85,390,4158,0.8412,885.6
0.03,Basis_85,391,3260,0.8651,1130.0
0.03,Basis_85,392,3058,0.8705,1204.3
0.03,Basis_85,393,2498,0.9041,1474.7
0.03,Basis_85,394,3926,0.8513,938.2
0.03,Basis_85,395,3707,0.8495,993.8
0.03,Basis_85,396,3602,0.8435,1022.6
0.03,Basis_85,397,2765,0.8809,1331.9
0.03,Basis_85,398,3987,0.8248,924.1
0.03,Basis_85,399,3826,0.8446,962.9
0.03,Basis_85,400,4406,0.8114,836.1
0.03,Basis_85,401,3967,0.8426,928.6
0.03,Basis_85,402,3813,0.8463,965.9
0.03,Basis_85,403,4120,0.8415,894.1
0.03,Basis_85,404,3626,0.8561,1015.7
0.03,Basis_85,405,3035,0.8825,1213.7
0.03,Basis_85,406,4526,0.8234,813.9
0.03,Basis_85,407,3514,0.8612,1048.2
0.03,Basis_85,408,3132,0.8706,1176.4
0.03,Basis_85,409,4225,0.8153,871.9
0.03,Basis_85,410,3938,0.8269,935.4
0.03,Basis_85,411,3440,0.8492,1070.8
0.03,Basis_85,412,4526,0.8074,814.0
0.03,Basis_85,413,3297,0.8549,1116.8
0.03,Basis_85,414,3388,0.8548,1086.8
0.03,Basis_85,415,3636,0.8541,1013.5
0.03,Basis_85,416,4044,0.8223,911.0
0.03,Basis_85,417,4555,0.8137,808.6
0.03,Basis_85,418,4119,0.8454,894.5
0.03,Basis_85,419,4052,0.8369,908.9
0.03,Basis_85,420,3945,0.8298,933.8
0.03,Basis_85,421,2540,0.8888,1449.9
0.03,Basis_85,422,3987,0.8408,923.9
0.03,Basis_85,423,4841,0.8007,761.0
0.03,Basis_85,424,3805,0.8389,968.0
0.03,Basis_85,425,1516,0.9357,2430.1
0.03,Basis_85,426,3329,0.873,1106.5
0.03,Basis_85,427,3793,0.8567,970.9
0.03,Basis_85,428,3693,0.8555,997.5
0.03,Basis_85,429,4984,0.7987,738.9
0.03,Basis_85,430,4331,0.8146,850.4
0.03,Basis_85,431,3384,0.8595,1088.5
0.03,Basis_85,432,5737,0.7838,642.0
0.03,Basis_85,433,4438,0.8119,829.9
0.03,Basis_85,434,4667,0.8058,789.3
0.03,Basis_85,435,3003,0.8752,1226.2
0.03,Basis_85,436,3507,0.8579,1050.1
0.03,Basis_85,437,4007,0.8503,919.6
0.03,Basis_85,438,3693,0.8416,997.5
0.03,Basis_85,439,4414,0.8102,834.5
0.03,Basis_85,440,3281,0.8656,1122.8
0.03,Basis_85,441,3192,0.8615,1153.5
0.03,Basis_85,442,4897,0.8166,752.2
0.03,Basis_85,443,3212,0.876,1146.9
0.03,Basis_85,444,3877,0.8384,949.8
0.03,Basis_85,445,5561,0.7744,662.4
0.03,Basis_85,446,4921,0.7883,748.3
0.03,Basis_85,447,3920,0.8352,939.6
0.03,Basis_85,448,3749,0.8465,982.7
0.03,Basis_85,449,4408,0.8217,835.6
0.03,Basis_85,450,4297,0.8329,857.1
0.03,Basis_85,451,3867,0.8502,952.6
0.03,Basis_85,452,2232,0.9026,1650.3
0.03,Basis_85,453,2350,0.9013,1567.3
0.03,Basis_85,454,3791,0.8473,971.6
0.03,Basis_85,455,3275,0.8735,1124.4
0.03,Basis_85,456,4519,0.8208,815.2
0.03,Basis_85,457,3241,0.8624,1136.0
0.03,Basis_85,458,2714,0.8912,1357.1
0.03,Basis_85,459,3476,0.8673,1059.9
0.03,Basis_85,460,3610,0.8438,1020.5
0.03,Basis_85,461,3344,0.8675,1101.7
0.03,Basis_85,462,2763,0.8965,1332.9
0.03,Basis_85,463,4029,0.8335,914.2
0.03,Basis_85,464,3430,0.8594,1073.6
0.03,Basis_85,465,4032,0.8457,913.4
0.03,Basis_85,466,5344,0.8003,689.4
0.03,Basis_85,467,4647,0.8076,792.6
0.03,Basis_85,468,4092,0.8438,900.2
0.03,Basis_85,469,3274,0.8694,1125.2
0.03,Basis_85,470,3664,0.8576,1005.6
0.03,Basis_85,471,3938,0.8266,935.4
0.03,Basis_85,472,2268,0.9068,1623.6
0.03,Basis_85,473,4058,0.8339,907.8
0.03,Basis_85,474,3517,0.856,1047.4
0.03,Basis_85,475,4399,0.8222,837.6
0.03,Basis_85,476,2820,0.8923,1305.8
0.03,Basis_85,477,3909,0.8338,942.6
0.03,Basis_85,478,2359,0.8976,1561.3
0.03,Basis_85,479,4193,0.828,878.4
0.03,Basis_85,480,3393,0.8594,1085.4
0.03,Basis_85,481,2537,0.8934,1452.2
0.03,Basis_85,482,3357,0.8677,1097.2
0.03,Basis_85,483,3666,0.8544,1004.7
0.03,Basis_85,484,4025,0.8487,914.9
0.03,Basis_85,485,2646,0.8883,1391.6
0.03,Basis_85,486,2877,0.877,1280.3
0.03,Basis_85,487,3150,0.8645,1168.8
0.03,Basis_85,488,3575,0.8491,1030.5
0.03,Basis_85,489,3391,0.8542,1086.3
0.03,Basis_85,490,4641,0.8101,793.5
0.03,Basis_85,491,3282,0.8746,1122.3
0.03,Basis_85,492,4421,0.8138,833.2
0.03,Basis_85,493,4464,0.8248,825.2
0.03,Basis_85,494,3398,0.8586,1084.4
0.03,Basis_85,495,3897,0.8316,945.3
0.03,Basis_85,496,4332,0.8306,850.1
0.03,Basis_85,497,4490,0.8276,820.5
0.03,Basis_85,498,4261,0.8356,864.4
0.03,Basis_85,499,4725,0.8092,779.3
0.03,Middels_90,0,2245,0.9048,1640.9
0.03,Middels_90,1,2845,0.8823,1295.2
0.03,Middels_90,2,2931,0.8709,1256.6
0.03,Middels_90,3,2631,0.8926,1400.0
0.03,Middels_90,4,2344,0.9084,1571.3
0.03,Middels_90,5,1923,0.9163,1914.9
0.03,Middels_90,6,2967,0.8827,1241.3
0.03,Middels_90,7,2989,0.8853,1231.7
0.03,Middels_90,8,2730,0.8964,1349.0
0.03,Middels_90,9,2933,0.8767,1255.5
0.03,Middels_90,10,3329,0.8618,1106.5
0.03,Middels_90,11,2236,0.9032,1648.0
0.03,Middels_90,12,605,0.9772,6097.0
0.03,Middels_90,13,2351,0.9098,1566.8
0.03,Middels_90,14,1172,0.9492,3146.6
0.03,Middels_90,15,2126,0.9203,1732.4
0.03,Middels_90,16,780,0.9699,4724.0
0.03,Middels_90,17,2310,0.9012,1594.3
0.03,Middels_90,18,1726,0.9248,2134.9
0.03,Middels_90,19,1369,0.947,2690.5
0.03,Middels_90,20,2933,0.8766,1255.3
0.03,Middels_90,21,3631,0.8609,1014.6
0.03,Middels_90,22,2860,0.8884,1287.8
0.03,Middels_90,23,2075,0.9211,1775.8
0.03,Middels_90,24,2490,0.8983,1479.3
0.03,Middels_90,25,2932,0.8857,1256.3
0.03,Middels_90,26,2812,0.8817,1309.7
0.03,Middels_90,27,1168,0.9519,3151.8
0.03,Middels_90,28,2671,0.893,1379.0
0.03,Middels_90,29,1869,0.9278,1970.3
0.03,Middels_90,30,2530,0.8958,1456.3
0.03,Middels_90,31,2294,0.9109,1606.2
0.03,Middels_90,32,2084,0.9132,1767.8
0.03,Middels_90,33,1854,0.9277,1986.3
0.03,Middels_90,34,1259,0.9484,2923.8
0.03,Middels_90,35,3806,0.8465,967.7
0.03,Middels_90,36,2756,0.8804,1336.5
0.03,Middels_90,37,1396,0.9448,2639.5
0.03,Middels_90,38,2506,0.8913,1469.3
0.03,Middels_90,39,1671,0.9345,2204.5
0.03,Middels_90,40,1890,0.9195,1947.5
0.03,Middels_90,41,2499,0.9004,1473.2
0.03,Middels_90,42,2296,0.8996,1603.7
0.03,Middels_90,43,1531,0.9391,2406.1
0.03,Middels_90,44,1138,0.9521,3240.1
0.03,Middels_90,45,1543,0.9401,2387.8
0.03,Middels_90,46,2593,0.8936,1421.3
0.03,Middels_90,47,3062,0.8665,1203.1
0.03,Middels_90,48,2867,0.8778,1284.8
0.03,Middels_90,49,2687,0.8865,1371.0
0.03,Middels_90,50,2317,0.9002,1589.3
0.03,Middels_90,51,2300,0.9061,1601.4
0.03,Middels_90,52,2245,0.9125,1640.8
0.03,Middels_90,53,2555,0.8931,1441.3
0.03,Middels_90,54,1897,0.9287,1940.4
0.03,Middels_90,55,3514,0.8462,1048.1
0.03,Middels_90,56,2463,0.8997,1494.9
0.03,Middels_90,57,2449,0.9008,1504.1
0.03,Middels_90,58,2884,0.8878,1277.0
0.03,Middels_90,59,2601,0.8953,1416.7
0.03,Middels_90,60,1218,0.9498,3021.4
0.03,Middels_90,61,1944,0.922,1894.4
0.03,Middels_90,62,2506,0.899,1469.4
0.03,Middels_90,63,2439,0.8947,1510.7
0.03,Middels_90,64,3498,0.8465,1052.9
0.03,Middels_90,65,2383,0.8962,1546.2
0.03,Middels_90,66,543,0.9849,9740.0
0.03,Middels_90,67,3497,0.8662,1053.6
0.03,Middels_90,68,2439,0.9003,1511.0
0.03,Middels_90,69,1915,0.9272,1923.4
0.03,Middels_90,70,1301,0.9481,2829.3
0.03,Middels_90,71,2582,0.8969,1426.0
0.03,Middels_90,72,1062,0.9568,3469.6
0.03,Middels_90,73,3219,0.8751,1143.9
0.03,Middels_90,74,2369,0.8971,1555.2
0.03,Middels_90,75,3380,0.868,1089.7
0.03,Middels_90,76,2888,0.8846,1275.8
0.03,Middels_90,77,1560,0.9372,2360.9
0.03,Middels_90,78,2980,0.8717,1235.9
0.03,Middels_90,79,3905,0.8355,943.2
0.03,Middels_90,80,2609,0.8918,1411.7
0.03,Middels_90,81,2253,0.915,1634.5
0.03,Middels_90,82,1860,0.9214,1979.9
0.03,Middels_90,83,3044,0.8812,1209.8
0.03,Middels_90,84,2734,0.8878,1347.6
0.03,Middels_90,85,2516,0.8988,1464.4
0.03,Middels_90,86,2362,0.8986,1560.0
0.03,Middels_90,87,1592,0.9317,2314.6
0.03,Middels_90,88,1957,0.9224,1883.3
0.03,Middels_90,89,1956,0.9235,1883.5
0.03,Middels_90,90,2330,0.911,1580.2
0.03,Middels_90,91,1958,0.9255,1881.6
0.03,Middels_90,92,2238,0.9113,1646.4
0.03,Middels_90,93,2300,0.9081,1601.9
0.03,Middels_90,94,1579,0.9371,2333.4
0.03,Middels_90,95,1832,0.9253,2010.2
0.03,Middels_90,96,1510,0.9356,2439.5
0.03,Middels_90,97,2034,0.9131,1811.9
0.03,Middels_90,98,2488,0.8942,1481.4
0.03,Middels_90,99,1705,0.9305,2161.5
0.03,Middels_90,100,3701,0.8599,995.3
0.03,Middels_90,101,2177,0.9068,1691.7
0.03,Middels_90,102,3464,0.8652,1063.3
0.03,Middels_90,103,2859,0.8827,1288.8
0.03,Middels_90,104,2831,0.8814,1301.7
0.03,Middels_90,105,2239,0.9126,1644.7
0.03,Middels_90,106,2666,0.8977,1381.3
0.03,Middels_90,107,2674,0.8911,1377.1
0.03,Middels_90,108,1537,0.9362,2396.9
0.03,Middels_90,109,2369,0.9,1555.1
0.03,Middels_90,110,2688,0.893,1369.6
0.03,Middels_90,111,1314,0.9445,2803.9
0.03,Middels_90,112,2329,0.9111,1581.2
0.03,Middels_90,113,2631,0.9002,1399.6
0.03,Middels_90,114,4574,0.8265,805.5
0.03,Middels_90,115,1510,0.941,2440.5
0.03,Middels_90,116,2849,0.8934,1292.4
0.03,Middels_90,117,2425,0.9083,1519.1
0.03,Middels_90,118,2266,0.9035,1625.8
0.03,Middels_90,119,2699,0.8815,1365.2
0.03,Middels_90,120,2588,0.8937,1423.7
0.03,Middels_90,121,1673,0.9271,2201.0
0.03,Middels_90,122,3035,0.876,1213.8
0.03,Middels_90,123,3456,0.8541,1065.7
0.03,Middels_90,124,2765,0.8852,1332.0
0.03,Middels_90,125,2119,0.9076,1737.9
0.03,Middels_90,126,3065,0.878,1201.8
0.03,Middels_90,127,2575,0.8949,1430.0
0.03,Middels_90,128,2887,0.8914,1276.4
0.03,Middels_90,129,1274,0.9484,2890.1
0.03,Middels_90,130,2804,0.8767,1313.9
0.03,Middels_90,131,1109,0.9553,3323.5
0.03,Middels_90,132,2814,0.8895,1308.7
0.03,Middels_90,133,2222,0.9031,1658.7
0.03,Middels_90,134,2660,0.8892,1384.7
0.03,Middels_90,135,2093,0.9089,1759.3
0.03,Middels_90,136,1839,0.9208,2003.8
0.03,Middels_90,137,1827,0.9251,2015.9
0.03,Middels_90,138,2995,0.8881,1229.5
0.03,Middels_90,139,2317,0.9087,1588.8
0.03,Middels_90,140,2862,0.8843,1286.7
0.03,Middels_90,141,3101,0.876,1187.5
0.03,Middels_90,142,1805,0.9229,2040.3
0.03,Middels_90,143,2154,0.9068,1710.5
0.03,Middels_90,144,1195,0.9496,3081.6
0.03,Middels_90,145,3639,0.8552,1012.0
0.03,Middels_90,146,2880,0.8923,1279.5
0.03,Middels_90,147,2055,0.9201,1792.3
0.03,Middels_90,148,2267,0.9035,1624.7
0.03,Middels_90,149,2421,0.8937,1521.2
0.03,Middels_90,150,1627,0.9351,2264.8
0.03,Middels_90,151,2671,0.8924,1379.3
0.03,Middels_90,152,1790,0.9327,2057.9
0.03,Middels_90,153,2152,0.9111,1712.1
0.03,Middels_90,154,1816,0.9208,2029.2
0.03,Middels_90,155,3919,0.8495,939.7
0.03,Middels_90,156,2392,0.8997,1540.0
0.03,Middels_90,157,2765,0.8781,1331.9
0.03,Middels_90,158,2611,0.889,1410.5
0.03,Middels_90,159,2953,0.8754,1247.4
0.03,Middels_90,160,1742,0.9342,2114.8
0.03,Middels_90,161,3962,0.8518,929.5
0.03,Middels_90,162,2538,0.8914,1451.4
0.03,Middels_90,163,3538,0.8539,1041.2
0.03,Middels_90,164,1621,0.9309,2272.0
0.03,Middels_90,165,2085,0.9166,1765.9
0.03,Middels_90,166,2182,0.9054,1688.6
0.03,Middels_90,167,3247,0.873,1134.4
0.03,Middels_90,168,3174,0.8768,1161.0
0.03,Middels_90,169,2638,0.8995,1396.0
0.03,Middels_90,170,2946,0.8804,1250.1
0.03,Middels_90,171,1712,0.9305,2152.1
0.03,Middels_90,172,3779,0.8562,974.7
0.03,Middels_90,173,1958,0.9163,1881.8
0.03,Middels_90,174,712,0.972,5175.3
0.03,Middels_90,175,3002,0.8791,1227.0
0.03,Middels_90,176,3441,0.8675,1070.4
0.03,Middels_90,177,3517,0.8651,1047.7
0.03,Middels_90,178,2306,0.9003,1598.1
0.03,Middels_90,179,2317,0.912,1589.2
0.03,Middels_90,180,2566,0.9025,1435.6
0.03,Middels_90,181,3232,0.866,1139.9
0.03,Middels_90,182,3689,0.8417,998.3
0.03,Middels_90,183,3988,0.8401,923.5
0.03,Middels_90,184,1566,0.941,2352.4
0.03,Middels_90,185,3611,0.8528,1019.9
0.03,Middels_90,186,2309,0.902,1594.6
0.03,Middels_90,187,1315,0.9502,2799.4
0.03,Middels_90,188,2721,0.8945,1353.8
0.03,Middels_90,189,3129,0.8752,1177.0
0.03,Middels_90,190,1382,0.941,2668.1
0.03,Middels_90,191,1386,0.9397,2655.4
0.03,Middels_90,192,1623,0.9388,2268.2
0.03,Middels_90,193,3735,0.841,986.2
0.03,Middels_90,194,1937,0.9179,1902.3
0.03,Middels_90,195,3141,0.8823,1172.6
0.03,Middels_90,196,2393,0.9018,1539.3
0.03,Middels_90,197,2387,0.9022,1542.5
0.03,Middels_90,198,3261,0.8756,1129.3
0.03,Middels_90,199,2359,0.9055,1561.0
0.03,Middels_90,200,2982,0.8872,1234.7
0.03,Middels_90,201,1797,0.9317,2050.1
0.03,Middels_90,202,2321,0.9013,1587.0
0.03,Middels_90,203,2580,0.8993,1428.3
0.03,Middels_90,204,747,0.9718,4934.7
0.03,Middels_90,205,2175,0.9152,1693.6
0.03,Middels_90,206,2770,0.8829,1329.5
0.03,Middels_90,207,1036,0.9552,3555.2
0.03,Middels_90,208,2764,0.8948,1332.3
0.03,Middels_90,209,3091,0.876,1191.7
0.03,Middels_90,210,1755,0.9303,2098.9
0.03,Middels_90,211,3090,0.8808,1192.5
0.03,Middels_90,212,2435,0.9042,1512.5
0.03,Middels_90,213,3112,0.88,1183.8
0.03,Middels_90,214,1356,0.9416,2717.5
0.03,Middels_90,215,2190,0.9157,1681.4
0.03,Middels_90,216,2688,0.8829,1370.0
0.03,Middels_90,217,2681,0.8935,1373.5
0.03,Middels_90,218,2107,0.9136,1747.5
0.03,Middels_90,219,2061,0.9136,1788.3
0.03,Middels_90,220,2474,0.9074,1489.1
0.03,Middels_90,221,2621,0.8855,1405.5
0.03,Middels_90,222,1620,0.93,2274.9
0.03,Middels_90,223,3273,0.8713,1125.4
0.03,Middels_90,224,2852,0.8744,1291.8
0.03,Middels_90,225,1047,0.9546,3520.6
0.03,Middels_90,226,3121,0.8663,1180.2
0.03,Middels_90,227,1837,0.9299,2005.8
0.03,Middels_90,228,2399,0.9012,1535.5
0.03,Middels_90,229,2435,0.9041,1512.7
0.03,Middels_90,230,1908,0.9165,1931.1
0.03,Middels_90,231,1623,0.9328,2270.0
0.03,Middels_90,232,3220,0.8753,1143.5
0.03,Middels_90,233,2243,0.9084,1643.0
0.03,Middels_90,234,3113,0.8767,1183.3
0.03,Middels_90,235,3769,0.8492,977.7
0.03,Middels_90,236,2222,0.9035,1658.3
0.03,Middels_90,237,921,0.9604,3998.9
0.03,Middels_90,238,3134,0.8642,1175.5
0.03,Middels_90,239,2856,0.8797,1289.2
0.03,Middels_90,240,1754,0.9261,2100.5
0.03,Middels_90,241,1498,0.9408,2458.5
0.03,Middels_90,242,2638,0.8964,1396.1
0.03,Middels_90,243,2944,0.8845,1251.6
0.03,Middels_90,244,2684,0.8951,1372.5
0.03,Middels_90,245,1803,0.9316,2043.8
0.03,Middels_90,246,2002,0.9224,1839.7
0.03,Middels_90,247,2973,0.8764,1238.8
0.03,Middels_90,248,2390,0.9043,1541.4
0.03,Middels_90,249,2170,0.9111,1696.6
0.03,Middels_90,250,860,0.9643,4280.7
0.03,Middels_90,251,670,0.9737,5494.4
0.03,Middels_90,252,1830,0.928,2013.3
0.03,Middels_90,253,3085,0.8744,1194.2
0.03,Middels_90,254,2547,0.8961,1446.0
0.03,Middels_90,255,2699,0.8856,1365.2
0.03,Middels_90,256,2376,0.9044,1550.9
0.03,Middels_90,257,3122,0.866,1179.4
0.03,Middels_90,258,3255,0.8744,1131.2
0.03,Middels_90,259,2033,0.9182,1813.1
0.03,Middels_90,260,2622,0.8956,1405.4
0.03,Middels_90,261,3136,0.8827,1174.5
0.03,Middels_90,262,3981,0.8414,925.2
0.03,Middels_90,263,2180,0.9104,1689.9
0.03,Middels_90,264,1649,0.9326,2234.2
0.03,Middels_90,265,2631,0.8874,1399.7
0.03,Middels_90,266,2719,0.898,1355.1
0.03,Middels_90,267,3658,0.8469,1007.0
0.03,Middels_90,268,3574,0.8566,1030.7
0.03,Middels_90,269,1956,0.9228,1884.3
0.03,Middels_90,270,1113,0.9554,3308.0
0.03,Middels_90,271,2722,0.8981,1353.3
0.03,Middels_90,272,2495,0.8985,1477.2
0.03,Middels_90,273,1547,0.9406,2379.2
0.03,Middels_90,274,2310,0.9054,1594.2
0.03,Middels_90,275,2593,0.8927,1421.2
0.03,Middels_90,276,2901,0.8744,1270.3
0.03,Middels_90,277,3050,0.8837,1207.9
0.03,Middels_90,278,2301,0.9059,1600.5
0.03,Middels_90,279,1874,0.9241,1966.2
0.03,Middels_90,280,3122,0.8681,1179.5
0.03,Middels_90,281,2691,0.8819,1369.0
0.03,Middels_90,282,1543,0.9421,2388.6
0.03,Middels_90,283,3468,0.8483,1062.2
0.03,Middels_90,284,2282,0.9075,1613.8
0.03,Middels_90,285,2308,0.9054,1596.2
0.03,Middels_90,286,2749,0.8792,1340.0
0.03,Middels_90,287,2750,0.8845,1339.0
0.03,Middels_90,288,2364,0.9061,1558.3
0.03,Middels_90,289,3563,0.8445,1033.4
0.03,Middels_90,290,3693,0.8499,997.6
0.03,Middels_90,291,3225,0.8785,1141.9
0.03,Middels_90,292,2218,0.9077,1660.4
0.03,Middels_90,293,2800,0.884,1315.0
0.03,Middels_90,294,2355,0.9055,1564.8
0.03,Middels_90,295,3224,0.8637,1142.8
0.03,Middels_90,296,2429,0.8959,1516.3
0.03,Middels_90,297,2344,0.9,1571.2
0.03,Middels_90,298,2021,0.9223,1822.6
0.03,Middels_90,299,2156,0.9141,1707.8
0.03,Middels_90,300,2954,0.8796,1246.6
0.03,Middels_90,301,2007,0.9125,1835.7
0.03,Middels_90,302,2216,0.914,1662.6
0.03,Middels_90,303,2786,0.8894,1321.6
0.03,Middels_90,304,3406,0.8728,1081.4
0.03,Middels_90,305,2754,0.89,1337.7
0.03,Middels_90,306,1869,0.923,1970.5
0.03,Middels_90,307,3582,0.8578,1028.2
0.03,Middels_90,308,2908,0.8891,1266.7
0.03,Middels_90,309,3322,0.867,1109.2
0.03,Middels_90,310,1187,0.9489,3103.2
0.03,Middels_90,311,2429,0.8966,1516.3
0.03,Middels_90,312,1153,0.9535,3193.8
0.03,Middels_90,313,2142,0.9136,1718.8
0.03,Middels_90,314,4052,0.8471,908.9
0.03,Middels_90,315,2264,0.9087,1628.1
0.03,Middels_90,316,1900,0.9236,1939.0
0.03,Middels_90,317,2593,0.8921,1421.1
0.03,Middels_90,318,2286,0.9008,1611.3
0.03,Middels_90,319,1414,0.942,2604.1
0.03,Middels_90,320,3029,0.8707,1215.9
0.03,Middels_90,321,2987,0.8771,1233.1
0.03,Middels_90,322,2908,0.8739,1267.3
0.03,Middels_90,323,1833,0.9245,2008.8
0.03,Middels_90,324,4114,0.8453,895.4
0.03,Middels_90,325,1763,0.9239,2088.1
0.03,Middels_90,326,1859,0.9244,1981.6
0.03,Middels_90,327,3048,0.8753,1208.6
0.03,Middels_90,328,2001,0.9213,1840.6
0.03,Middels_90,329,1515,0.9426,2433.5
0.03,Middels_90,330,3170,0.8711,1162.0
0.03,Middels_90,331,3041,0.8788,1211.5
0.03,Middels_90,332,3686,0.8534,999.6
0.03,Middels_90,333,2105,0.9077,1750.1
0.03,Middels_90,334,1503,0.9432,2451.8
0.03,Middels_90,335,2434,0.8961,1513.3
0.03,Middels_90,336,2299,0.9121,1602.5
0.03,Middels_90,337,3262,0.8754,1129.1
0.03,Middels_90,338,1712,0.9277,2152.3
0.03,Middels_90,339,1354,0.9442,2722.7
0.03,Middels_90,340,2736,0.8804,1345.9
0.03,Middels_90,341,2253,0.903,1634.4
0.03,Middels_90,342,3413,0.8655,1079.2
0.03,Middels_90,343,1112,0.9513,3312.8
0.03,Middels_90,344,2177,0.9109,1691.8
0.03,Middels_90,345,1944,0.919,1894.2
0.03,Middels_90,346,3381,0.8532,1089.1
0.03,Middels_90,347,3212,0.8737,1146.4
0.03,Middels_90,348,2663,0.8921,1383.8
0.03,Middels_90,349,1013,0.9558,3634.1
0.03,Middels_90,350,614,0.9733,5993.2
0.03,Middels_90,351,2660,0.8931,1384.5
0.03,Middels_90,352,1519,0.9398,2424.6
0.03,Middels_90,353,2985,0.8871,1234.6
0.03,Middels_90,354,1056,0.9559,3486.1
0.03,Middels_90,355,3393,0.8656,1085.6
0.03,Middels_90,356,521,0.99,14788.5
0.03,Middels_90,357,1959,0.9225,1879.4
0.03,Middels_90,358,3568,0.8509,1032.4
0.03,Middels_90,359,1169,0.9515,3150.7
0.03,Middels_90,360,1448,0.9363,2542.9
0.03,Middels_90,361,2896,0.8767,1272.1
0.03,Middels_90,362,710,0.9692,5191.1
0.03,Middels_90,363,1853,0.9184,1987.9
0.03,Middels_90,364,1680,0.9353,2191.9
0.03,Middels_90,365,1853,0.926,1987.8
0.03,Middels_90,366,1428,0.9458,2577.0
0.03,Middels_90,367,2994,0.8727,1230.0
0.03,Middels_90,368,2266,0.9001,1625.9
0.03,Middels_90,369,2586,0.8979,1424.6
0.03,Middels_90,370,3136,0.8828,1174.2
0.03,Middels_90,371,2489,0.8903,1479.8
0.03,Middels_90,372,2092,0.9157,1760.2
0.03,Middels_90,373,1253,0.95,2936.9
0.03,Middels_90,374,2594,0.901,1420.3
0.03,Middels_90,375,2289,0.9043,1608.2
0.03,Middels_90,376,3092,0.8727,1191.5
0.03,Middels_90,377,2352,0.9,1565.9
0.03,Middels_90,378,1837,0.9244,2005.3
0.03,Middels_90,379,2366,0.897,1556.5
0.03,Middels_90,380,2314,0.8988,1592.5
0.03,Middels_90,381,2236,0.9024,1648.4
0.03,Middels_90,382,2692,0.8943,1368.3
0.03,Middels_90,383,2842,0.8924,1295.6
0.03,Middels_90,384,1867,0.92,1973.3
0.03,Middels_90,385,2163,0.9191,1702.3
0.03,Middels_90,386,4133,0.8432,891.5
0.03,Middels_90,387,1967,0.9159,1872.4
0.03,Middels_90,388,2464,0.9023,1494.3
0.03,Middels_90,389,2182,0.909,1688.5
0.03,Middels_90,390,2849,0.8912,1292.8
0.03,Middels_90,391,2051,0.9151,1795.1
0.03,Middels_90,392,1879,0.9205,1961.9
0.03,Middels_90,393,1196,0.9541,3079.8
0.03,Middels_90,394,2607,0.9013,1413.5
0.03,Middels_90,395,2476,0.8995,1488.0
0.03,Middels_90,396,2453,0.8935,1502.5
0.03,Middels_90,397,1606,0.9309,2295.6
0.03,Middels_90,398,2848,0.8748,1293.2
0.03,Middels_90,399,2595,0.8946,1419.8
0.03,Middels_90,400,3238,0.8614,1137.7
0.03,Middels_90,401,2707,0.8926,1360.9
0.03,Middels_90,402,2573,0.8963,1431.6
0.03,Middels_90,403,2820,0.8915,1306.0
0.03,Middels_90,404,2366,0.9061,1556.7
0.03,Middels_90,405,1743,0.9325,2112.8
0.03,Middels_90,406,3245,0.8734,1135.3
0.03,Middels_90,407,2247,0.9112,1638.5
0.03,Middels_90,408,1922,0.9206,1917.3
0.03,Middels_90,409,3080,0.8653,1195.5
0.03,Middels_90,410,2800,0.8769,1315.5
0.03,Middels_90,411,2300,0.8992,1601.8
0.03,Middels_90,412,3351,0.8574,1099.4
0.03,Middels_90,413,2162,0.9049,1704.0
0.03,Middels_90,414,2223,0.9048,1657.5
0.03,Middels_90,415,2390,0.9041,1541.9
0.03,Middels_90,416,2905,0.8723,1267.6
0.03,Middels_90,417,3332,0.8637,1105.2
0.03,Middels_90,418,2786,0.8954,1321.9
0.03,Middels_90,419,2811,0.8869,1310.8
0.03,Middels_90,420,2785,0.8798,1322.1
0.03,Middels_90,421,1398,0.9388,2634.6
0.03,Middels_90,422,2735,0.8908,1346.9
0.03,Middels_90,423,3625,0.8507,1015.9
0.03,Middels_90,424,2624,0.8889,1403.8
0.03,Middels_90,425,511,0.9857,10905.9
0.03,Middels_90,426,2019,0.923,1825.1
0.03,Middels_90,427,2470,0.9067,1491.1
0.03,Middels_90,428,2414,0.9055,1525.3
0.03,Middels_90,429,3748,0.8487,983.1
0.03,Middels_90,430,3163,0.8646,1164.3
0.03,Middels_90,431,2180,0.9095,1690.1
0.03,Middels_90,432,4410,0.8338,835.2
0.03,Middels_90,433,3259,0.8619,1130.3
0.03,Middels_90,434,3465,0.8558,1062.9
0.03,Middels_90,435,1802,0.9252,2045.6
0.03,Middels_90,436,2274,0.9079,1620.0
0.03,Middels_90,437,2667,0.9003,1380.7
0.03,Middels_90,438,2526,0.8916,1457.7
0.03,Middels_90,439,3252,0.8602,1132.9
0.03,Middels_90,440,2061,0.9156,1788.3
0.03,Middels_90,441,2041,0.9115,1805.3
0.03,Middels_90,442,3562,0.8666,1034.0
0.03,Middels_90,443,1917,0.926,1921.6
0.03,Middels_90,444,2678,0.8884,1375.5
0.03,Middels_90,445,4329,0.8244,851.1
0.03,Middels_90,446,3759,0.8383,979.8
0.03,Middels_90,447,2730,0.8852,1348.7
0.03,Middels_90,448,2527,0.8965,1457.5
0.03,Middels_90,449,3171,0.8717,1161.3
0.03,Middels_90,450,3013,0.8829,1223.1
0.03,Middels_90,451,2575,0.9002,1430.0
0.03,Middels_90,452,1085,0.9526,3390.9
0.03,Middels_90,453,1160,0.9513,3177.1
0.03,Middels_90,454,2551,0.8973,1444.5
0.03,Middels_90,455,1980,0.9235,1859.8
0.03,Middels_90,456,3259,0.8708,1130.6
0.03,Middels_90,457,2064,0.9124,1784.3
0.03,Middels_90,458,1467,0.9412,2511.0
0.03,Middels_90,459,2167,0.9173,1700.4
0.03,Middels_90,460,2454,0.8938,1501.2
0.03,Middels_90,461,2082,0.9175,1769.7
0.03,Middels_90,462,1428,0.9465,2578.3
0.03,Middels_90,463,2819,0.8835,1306.7
0.03,Middels_90,464,2211,0.9094,1666.1
0.03,Middels_90,465,2726,0.8957,1351.4
0.03,Middels_90,466,4004,0.8503,919.7
0.03,Middels_90,467,3440,0.8576,1070.9
0.03,Middels_90,468,2782,0.8938,1324.1
0.03,Middels_90,469,2020,0.9194,1823.6
0.03,Middels_90,470,2377,0.9076,1549.7
0.03,Middels_90,471,2803,0.8766,1314.5
0.03,Middels_90,472,1050,0.9568,3503.6
0.03,Middels_90,473,2835,0.8839,1298.9
0.03,Middels_90,474,2295,0.906,1604.7
0.03,Middels_90,475,3161,0.8722,1165.3
0.03,Middels_90,476,1511,0.9423,2437.8
0.03,Middels_90,477,2733,0.8838,1348.1
0.03,Middels_90,478,1208,0.9476,3050.6
0.03,Middels_90,479,2974,0.878,1238.3
0.03,Middels_90,480,2187,0.9094,1684.4
0.03,Middels_90,481,1347,0.9434,2735.8
0.03,Middels_90,482,2089,0.9177,1763.7
0.03,Middels_90,483,2407,0.9044,1530.1
0.03,Middels_90,484,2695,0.8987,1366.4
0.03,Middels_90,485,1462,0.9383,2518.6
0.03,Middels_90,486,1707,0.927,2157.4
0.03,Middels_90,487,1988,0.9145,1852.3
0.03,Middels_90,488,2391,0.8991,1541.2
0.03,Middels_90,489,2229,0.9042,1653.3
0.03,Middels_90,490,3420,0.8601,1077.1
0.03,Middels_90,491,1973,0.9246,1866.6
0.03,Middels_90,492,3233,0.8638,1139.1
0.03,Middels_90,493,3190,0.8748,1154.7
0.03,Middels_90,494,2196,0.9086,1677.4
0.03,Middels_90,495,2740,0.8816,1344.6
0.03,Middels_90,496,3055,0.8806,1206.0
0.03,Middels_90,497,3188,0.8776,1155.7
0.03,Middels_90,498,2966,0.8856,1242.1
0.03,Middels_90,499,3489,0.8592,1056.1
0.03,Samferdsel_96,0,830,0.9648,4437.9
0.03,Samferdsel_96,1,1396,0.9423,2641.3
0.03,Samferdsel_96,2,1568,0.9309,2347.6
0.03,Samferdsel_96,3,1161,0.9526,3173.1
0.03,Samferdsel_96,4,810,0.9684,4551.6
0.03,Samferdsel_96,5,545,0.9763,6758.1
0.03,Samferdsel_96,6,1449,0.9427,2541.0
0.03,Samferdsel_96,7,1427,0.9453,2581.6
0.03,Samferdsel_96,8,1148,0.9564,3206.1
0.03,Samferdsel_96,9,1508,0.9367,2445.0
0.03,Samferdsel_96,10,1883,0.9218,1955.1
0.03,Samferdsel_96,11,850,0.9632,4336.9
0.03,Samferdsel_96,12,507,0.99,13916.0
0.03,Samferdsel_96,13,787,0.9698,4683.0
0.03,Samferdsel_96,14,515,0.99,15981.2
0.03,Samferdsel_96,15,525,0.9803,7003.1
0.03,Samferdsel_96,16,515,0.99,14204.9
0.03,Samferdsel_96,17,908,0.9612,4058.4
0.03,Samferdsel_96,18,516,0.9848,10545.5
0.03,Samferdsel_96,19,521,0.99,14247.4
0.03,Samferdsel_96,20,1509,0.9366,2442.7
0.03,Samferdsel_96,21,2064,0.9209,1784.6
0.03,Samferdsel_96,22,1322,0.9484,2784.7
0.03,Samferdsel_96,23,510,0.9811,7425.2
0.03,Samferdsel_96,24,1020,0.9583,3609.6
0.03,Samferdsel_96,25,1393,0.9457,2644.2
0.03,Samferdsel_96,26,1385,0.9417,2658.5
0.03,Samferdsel_96,27,495,0.99,15146.4
0.03,Samferdsel_96,28,1174,0.953,3137.7
0.03,Samferdsel_96,29,508,0.9878,11674.0
0.03,Samferdsel_96,30,1074,0.9558,3433.0
0.03,Samferdsel_96,31,748,0.9709,4919.9
0.03,Samferdsel_96,32,644,0.9732,5718.8
0.03,Samferdsel_96,33,495,0.9877,11649.9
0.03,Samferdsel_96,34,503,0.99,15078.7
0.03,Samferdsel_96,35,2320,0.9065,1588.6
0.03,Samferdsel_96,36,1372,0.9404,2683.0
0.03,Samferdsel_96,37,515,0.99,14570.2
0.03,Samferdsel_96,38,1124,0.9513,3280.4
0.03,Samferdsel_96,39,517,0.99,14437.9
0.03,Samferdsel_96,40,510,0.9795,7653.8
0.03,Samferdsel_96,41,993,0.9604,3707.7
0.03,Samferdsel_96,42,924,0.9596,3984.1
0.03,Samferdsel_96,43,517,0.99,14656.8
0.03,Samferdsel_96,44,515,0.99,15526.2
0.03,Samferdsel_96,45,518,0.99,14297.9
0.03,Samferdsel_96,46,1131,0.9536,3257.9
0.03,Samferdsel_96,47,1685,0.9265,2185.4
0.03,Samferdsel_96,48,1460,0.9378,2524.6
0.03,Samferdsel_96,49,1266,0.9465,2909.4
0.03,Samferdsel_96,50,924,0.9602,3986.1
0.03,Samferdsel_96,51,831,0.9661,4436.3
0.03,Samferdsel_96,52,706,0.9725,5215.3
0.03,Samferdsel_96,53,1123,0.9531,3284.0
0.03,Samferdsel_96,54,525,0.9887,12246.8
0.03,Samferdsel_96,55,2142,0.9062,1718.7
0.03,Samferdsel_96,56,991,0.9597,3719.3
0.03,Samferdsel_96,57,969,0.9608,3806.7
0.03,Samferdsel_96,58,1342,0.9478,2744.6
0.03,Samferdsel_96,59,1110,0.9553,3318.3
0.03,Samferdsel_96,60,500,0.99,15163.9
0.03,Samferdsel_96,61,494,0.982,8219.5
0.03,Samferdsel_96,62,1018,0.959,3621.8
0.03,Samferdsel_96,63,1048,0.9547,3513.9
0.03,Samferdsel_96,64,2132,0.9065,1728.6
0.03,Samferdsel_96,65,1005,0.9562,3664.3
0.03,Samferdsel_96,66,543,0.99,14730.2
0.03,Samferdsel_96,67,1929,0.9262,1910.5
0.03,Samferdsel_96,68,971,0.9603,3792.6
0.03,Samferdsel_96,69,508,0.9872,10973.5
0.03,Samferdsel_96,70,509,0.99,14677.0
0.03,Samferdsel_96,71,1081,0.9569,3412.4
0.03,Samferdsel_96,72,503,0.99,15000.7
0.03,Samferdsel_96,73,1672,0.9351,2202.2
0.03,Samferdsel_96,74,987,0.9571,3729.0
0.03,Samferdsel_96,75,1844,0.928,1998.2
0.03,Samferdsel_96,76,1386,0.9446,2656.7
0.03,Samferdsel_96,77,503,0.99,14821.3
0.03,Samferdsel_96,78,1587,0.9317,2321.9
0.03,Samferdsel_96,79,2482,0.8955,1484.5
0.03,Samferdsel_96,80,1162,0.9518,3168.1
0.03,Samferdsel_96,81,663,0.975,5555.8
0.03,Samferdsel_96,82,510,0.9814,8376.5
0.03,Samferdsel_96,83,1508,0.9412,2443.8
0.03,Samferdsel_96,84,1271,0.9478,2897.6
0.03,Samferdsel_96,85,1025,0.9588,3599.1
0.03,Samferdsel_96,86,964,0.9586,3820.5
0.03,Samferdsel_96,87,507,0.99,15810.5
0.03,Samferdsel_96,88,525,0.9824,8294.7
0.03,Samferdsel_96,89,509,0.9835,8725.0
0.03,Samferdsel_96,90,760,0.971,4847.4
0.03,Samferdsel_96,91,522,0.9855,9655.5
0.03,Samferdsel_96,92,725,0.9713,5084.8
0.03,Samferdsel_96,93,797,0.9681,4619.5
0.03,Samferdsel_96,94,502,0.99,14679.3
0.03,Samferdsel_96,95,502,0.9853,10215.9
0.03,Samferdsel_96,96,535,0.99,15714.5
0.03,Samferdsel_96,97,630,0.9731,5846.6
0.03,Samferdsel_96,98,1077,0.9542,3420.7
0.03,Samferdsel_96,99,509,0.99,15027.4
0.03,Samferdsel_96,100,2117,0.9199,1740.5
0.03,Samferdsel_96,101,775,0.9668,4753.7
0.03,Samferdsel_96,102,1923,0.9252,1916.2
0.03,Samferdsel_96,103,1396,0.9427,2639.5
0.03,Samferdsel_96,104,1398,0.9414,2633.9
0.03,Samferdsel_96,105,703,0.9726,5247.9
0.03,Samferdsel_96,106,1103,0.9577,3339.5
0.03,Samferdsel_96,107,1201,0.9511,3067.8
0.03,Samferdsel_96,108,517,0.99,15282.1
0.03,Samferdsel_96,109,948,0.96,3890.5
0.03,Samferdsel_96,110,1181,0.953,3119.8
0.03,Samferdsel_96,111,504,0.99,15554.2
0.03,Samferdsel_96,112,756,0.9711,4865.0
0.03,Samferdsel_96,113,1049,0.9602,3510.5
0.03,Samferdsel_96,114,2992,0.8865,1231.4
0.03,Samferdsel_96,115,517,0.99,14404.2
0.03,Samferdsel_96,116,1246,0.9534,2955.6
0.03,Samferdsel_96,117,839,0.9683,4391.2
0.03,Samferdsel_96,118,858,0.9635,4297.0
0.03,Samferdsel_96,119,1333,0.9415,2765.5
0.03,Samferdsel_96,120,1126,0.9537,3270.5
0.03,Samferdsel_96,121,518,0.9871,12426.9
0.03,Samferdsel_96,122,1567,0.936,2351.1
0.03,Samferdsel_96,123,2035,0.9141,1809.9
0.03,Samferdsel_96,124,1320,0.9452,2791.0
0.03,Samferdsel_96,125,745,0.9676,4953.9
0.03,Samferdsel_96,126,1558,0.938,2364.6
0.03,Samferdsel_96,127,1105,0.9549,3331.8
0.03,Samferdsel_96,128,1292,0.9514,2852.7
0.03,Samferdsel_96,129,503,0.99,14906.0
0.03,Samferdsel_96,130,1439,0.9367,2560.1
0.03,Samferdsel_96,131,523,0.99,14851.3
0.03,Samferdsel_96,132,1286,0.9495,2864.7
0.03,Samferdsel_96,133,846,0.9631,4355.8
0.03,Samferdsel_96,134,1218,0.9492,3021.7
0.03,Samferdsel_96,135,714,0.9689,5158.3
0.03,Samferdsel_96,136,503,0.9808,8274.3
0.03,Samferdsel_96,137,521,0.9851,10117.0
0.03,Samferdsel_96,138,1390,0.9481,2650.0
0.03,Samferdsel_96,139,795,0.9687,4637.9
0.03,Samferdsel_96,140,1377,0.9443,2673.9
0.03,Samferdsel_96,141,1601,0.936,2300.5
0.03,Samferdsel_96,142,509,0.9829,9188.4
0.03,Samferdsel_96,143,768,0.9668,4799.4
0.03,Samferdsel_96,144,511,0.99,15523.5
0.03,Samferdsel_96,145,2132,0.9152,1727.9
0.03,Samferdsel_96,146,1274,0.9523,2888.9
0.03,Samferdsel_96,147,518,0.9801,7199.0
0.03,Samferdsel_96,148,858,0.9635,4297.9
0.03,Samferdsel_96,149,1055,0.9537,3492.3
0.03,Samferdsel_96,150,503,0.99,14689.9
0.03,Samferdsel_96,151,1181,0.9524,3119.4
0.03,Samferdsel_96,152,508,0.99,13851.6
0.03,Samferdsel_96,153,699,0.9711,5266.5
0.03,Samferdsel_96,154,535,0.9808,8376.8
0.03,Samferdsel_96,155,2357,0.9095,1562.8
0.03,Samferdsel_96,156,962,0.9597,3832.6
0.03,Samferdsel_96,157,1404,0.9381,2623.3
0.03,Samferdsel_96,158,1201,0.949,3069.4
0.03,Samferdsel_96,159,1531,0.9354,2405.3
0.03,Samferdsel_96,160,511,0.99,13920.3
0.03,Samferdsel_96,161,2358,0.9118,1561.9
0.03,Samferdsel_96,162,1137,0.9514,3243.1
0.03,Samferdsel_96,163,2085,0.9139,1766.8
0.03,Samferdsel_96,164,501,0.99,15705.6
0.03,Samferdsel_96,165,585,0.9766,6297.9
0.03,Samferdsel_96,166,798,0.9654,4614.9
0.03,Samferdsel_96,167,1713,0.933,2149.7
0.03,Samferdsel_96,168,1628,0.9368,2264.0
0.03,Samferdsel_96,169,1063,0.9595,3462.3
0.03,Samferdsel_96,170,1468,0.9404,2508.7
0.03,Samferdsel_96,171,532,0.99,14948.4
0.03,Samferdsel_96,172,2202,0.9162,1672.9
0.03,Samferdsel_96,173,553,0.9763,6652.3
0.03,Samferdsel_96,174,503,0.99,14485.6
0.03,Samferdsel_96,175,1511,0.9391,2436.3
0.03,Samferdsel_96,176,1882,0.9275,1956.5
0.03,Samferdsel_96,177,1952,0.9251,1886.4
0.03,Samferdsel_96,178,917,0.9603,4015.6
0.03,Samferdsel_96,179,739,0.972,4988.7
0.03,Samferdsel_96,180,986,0.9625,3731.9
0.03,Samferdsel_96,181,1784,0.926,2063.6
0.03,Samferdsel_96,182,2292,0.9017,1607.3
0.03,Samferdsel_96,183,2492,0.9001,1477.9
0.03,Samferdsel_96,184,503,0.99,13869.4
0.03,Samferdsel_96,185,2140,0.9128,1721.4
0.03,Samferdsel_96,186,896,0.962,4110.3
0.03,Samferdsel_96,187,501,0.99,13934.4
0.03,Samferdsel_96,188,1174,0.9545,3139.4
0.03,Samferdsel_96,189,1624,0.9352,2267.3
0.03,Samferdsel_96,190,507,0.99,15751.9
0.03,Samferdsel_96,191,515,0.99,16014.6
0.03,Samferdsel_96,192,515,0.99,13888.7
0.03,Samferdsel_96,193,2327,0.901,1583.8
0.03,Samferdsel_96,194,522,0.9779,7059.3
0.03,Samferdsel_96,195,1539,0.9423,2391.8
0.03,Samferdsel_96,196,931,0.9618,3954.1
0.03,Samferdsel_96,197,923,0.9622,3991.4
0.03,Samferdsel_96,198,1687,0.9356,2182.1
0.03,Samferdsel_96,199,860,0.9655,4278.4
0.03,Samferdsel_96,200,1397,0.9472,2638.7
0.03,Samferdsel_96,201,524,0.99,14001.9
0.03,Samferdsel_96,202,910,0.9613,4046.3
0.03,Samferdsel_96,203,1043,0.9593,3531.5
0.03,Samferdsel_96,204,521,0.99,13905.1
0.03,Samferdsel_96,205,636,0.9752,5786.2
0.03,Samferdsel_96,206,1350,0.9429,2727.0
0.03,Samferdsel_96,207,497,0.99,15918.8
0.03,Samferdsel_96,208,1188,0.9548,3102.4
0.03,Samferdsel_96,209,1595,0.936,2308.3
0.03,Samferdsel_96,210,525,0.99,14622.1
0.03,Samferdsel_96,211,1533,0.9408,2402.1
0.03,Samferdsel_96,212,910,0.9642,4047.6
0.03,Samferdsel_96,213,1557,0.94,2367.3
0.03,Samferdsel_96,214,507,0.99,15881.1
0.03,Samferdsel_96,215,633,0.9757,5827.7
0.03,Samferdsel_96,216,1312,0.9429,2810.7
0.03,Samferdsel_96,217,1172,0.9535,3143.9
0.03,Samferdsel_96,218,644,0.9736,5718.5
0.03,Samferdsel_96,219,630,0.9736,5846.1
0.03,Samferdsel_96,220,871,0.9674,4231.6
0.03,Samferdsel_96,221,1249,0.9455,2951.9
0.03,Samferdsel_96,222,494,0.99,15923.4
0.03,Samferdsel_96,223,1747,0.9313,2108.9
0.03,Samferdsel_96,224,1489,0.9344,2473.0
0.03,Samferdsel_96,225,501,0.99,15968.5
0.03,Samferdsel_96,226,1720,0.9263,2141.6
0.03,Samferdsel_96,227,525,0.9899,13892.1
0.03,Samferdsel_96,228,942,0.9612,3909.4
0.03,Samferdsel_96,229,913,0.9641,4040.1
0.03,Samferdsel_96,230,536,0.9765,6872.0
0.03,Samferdsel_96,231,504,0.99,15252.4
0.03,Samferdsel_96,232,1671,0.9353,2204.6
0.03,Samferdsel_96,233,774,0.9684,4764.0
0.03,Samferdsel_96,234,1599,0.9367,2305.6
0.03,Samferdsel_96,235,2268,0.9092,1623.7
0.03,Samferdsel_96,236,839,0.9635,4386.4
0.03,Samferdsel_96,237,500,0.99,15849.6
0.03,Samferdsel_96,238,1749,0.9242,2106.4
0.03,Samferdsel_96,239,1432,0.9397,2572.1
0.03,Samferdsel_96,240,536,0.9861,11193.2
0.03,Samferdsel_96,241,511,0.99,14564.2
0.03,Samferdsel_96,242,1111,0.9564,3316.2
0.03,Samferdsel_96,243,1413,0.9445,2605.5
0.03,Samferdsel_96,244,1148,0.9551,3205.2
0.03,Samferdsel_96,245,507,0.99,13977.7
0.03,Samferdsel_96,246,515,0.9824,8095.6
0.03,Samferdsel_96,247,1530,0.9364,2407.6
0.03,Samferdsel_96,248,892,0.9643,4132.5
0.03,Samferdsel_96,249,705,0.9711,5220.5
0.03,Samferdsel_96,250,501,0.99,15271.1
0.03,Samferdsel_96,251,517,0.99,14445.5
0.03,Samferdsel_96,252,514,0.988,12102.7
0.03,Samferdsel_96,253,1610,0.9344,2286.1
0.03,Samferdsel_96,254,1077,0.9561,3420.3
0.03,Samferdsel_96,255,1284,0.9456,2871.5
0.03,Samferdsel_96,256,885,0.9644,4165.4
0.03,Samferdsel_96,257,1725,0.926,2136.3
0.03,Samferdsel_96,258,1701,0.9344,2165.3
0.03,Samferdsel_96,259,542,0.9782,6814.3
0.03,Samferdsel_96,260,1116,0.9556,3304.7
0.03,Samferdsel_96,261,1532,0.9427,2403.3
0.03,Samferdsel_96,262,2476,0.9014,1488.1
0.03,Samferdsel_96,263,720,0.9704,5110.7
0.03,Samferdsel_96,264,511,0.99,15058.0
0.03,Samferdsel_96,265,1229,0.9474,2997.0
0.03,Samferdsel_96,266,1118,0.958,3293.1
0.03,Samferdsel_96,267,2225,0.9069,1655.7
0.03,Samferdsel_96,268,2078,0.9166,1771.9
0.03,Samferdsel_96,269,503,0.9828,8455.2
0.03,Samferdsel_96,270,514,0.99,14749.8
0.03,Samferdsel_96,271,1119,0.9581,3290.1
0.03,Samferdsel_96,272,1020,0.9585,3613.9
0.03,Samferdsel_96,273,507,0.99,14123.0
0.03,Samferdsel_96,274,846,0.9654,4355.0
0.03,Samferdsel_96,275,1144,0.9527,3222.2
0.03,Samferdsel_96,276,1515,0.9344,2432.2
0.03,Samferdsel_96,277,1476,0.9437,2495.9
0.03,Samferdsel_96,278,833,0.9659,4417.7
0.03,Samferdsel_96,279,525,0.9841,9373.2
0.03,Samferdsel_96,280,1701,0.9281,2164.1
0.03,Samferdsel_96,281,1323,0.9419,2783.9
0.03,Samferdsel_96,282,530,0.99,13834.5
0.03,Samferdsel_96,283,2097,0.9083,1757.4
0.03,Samferdsel_96,284,802,0.9675,4592.3
0.03,Samferdsel_96,285,844,0.9654,4364.3
0.03,Samferdsel_96,286,1384,0.9392,2662.2
0.03,Samferdsel_96,287,1322,0.9445,2786.8
0.03,Samferdsel_96,288,853,0.9661,4313.3
0.03,Samferdsel_96,289,2189,0.9045,1683.0
0.03,Samferdsel_96,290,2217,0.9099,1662.0
0.03,Samferdsel_96,291,1634,0.9385,2255.5
0.03,Samferdsel_96,292,776,0.9677,4745.6
0.03,Samferdsel_96,293,1351,0.944,2724.4
0.03,Samferdsel_96,294,859,0.9655,4288.3
0.03,Samferdsel_96,295,1804,0.9237,2041.6
0.03,Samferdsel_96,296,1028,0.9559,3579.7
0.03,Samferdsel_96,297,937,0.96,3930.1
0.03,Samferdsel_96,298,522,0.9823,8015.6
0.03,Samferdsel_96,299,650,0.9741,5667.9
0.03,Samferdsel_96,300,1482,0.9396,2485.8
0.03,Samferdsel_96,301,630,0.9725,5840.0
0.03,Samferdsel_96,302,670,0.974,5498.8
0.03,Samferdsel_96,303,1274,0.9494,2889.0
0.03,Samferdsel_96,304,1799,0.9328,2046.7
0.03,Samferdsel_96,305,1251,0.95,2944.3
0.03,Samferdsel_96,306,511,0.983,8925.3
0.03,Samferdsel_96,307,2071,0.9178,1778.8
0.03,Samferdsel_96,308,1335,0.9491,2760.5
0.03,Samferdsel_96,309,1824,0.927,2020.4
0.03,Samferdsel_96,310,482,0.99,15850.8
0.03,Samferdsel_96,311,1020,0.9566,3610.5
0.03,Samferdsel_96,312,504,0.99,14846.6
0.03,Samferdsel_96,313,655,0.9736,5630.6
0.03,Samferdsel_96,314,2462,0.9071,1496.1
0.03,Samferdsel_96,315,776,0.9687,4747.7
0.03,Samferdsel_96,316,497,0.9836,9019.9
0.03,Samferdsel_96,317,1152,0.9521,3199.7
0.03,Samferdsel_96,318,903,0.9608,4077.9
0.03,Samferdsel_96,319,529,0.99,15092.4
0.03,Samferdsel_96,320,1623,0.9307,2268.2
0.03,Samferdsel_96,321,1529,0.9371,2409.4
0.03,Samferdsel_96,322,1524,0.9339,2417.8
0.03,Samferdsel_96,323,504,0.9845,9771.8
0.03,Samferdsel_96,324,2518,0.9053,1462.6
0.03,Samferdsel_96,325,501,0.9839,9852.9
0.03,Samferdsel_96,326,515,0.9844,9622.0
0.03,Samferdsel_96,327,1581,0.9353,2329.1
0.03,Samferdsel_96,328,538,0.9813,7749.9
0.03,Samferdsel_96,329,504,0.99,13976.5
0.03,Samferdsel_96,330,1694,0.9311,2173.9
0.03,Samferdsel_96,331,1536,0.9388,2398.5
0.03,Samferdsel_96,332,2177,0.9134,1691.9
0.03,Samferdsel_96,333,738,0.9677,4997.1
0.03,Samferdsel_96,334,523,0.99,13929.2
0.03,Samferdsel_96,335,1028,0.9561,3581.3
0.03,Samferdsel_96,336,731,0.9721,5047.0
0.03,Samferdsel_96,337,1691,0.9354,2178.5
0.03,Samferdsel_96,338,511,0.9877,12663.5
0.03,Samferdsel_96,339,524,0.99,15203.2
0.03,Samferdsel_96,340,1363,0.9404,2701.9
0.03,Samferdsel_96,341,859,0.963,4285.7
0.03,Samferdsel_96,342,1890,0.9255,1948.7
0.03,Samferdsel_96,343,515,0.99,16120.2
0.03,Samferdsel_96,344,711,0.9709,5184.0
0.03,Samferdsel_96,345,517,0.979,7309.9
0.03,Samferdsel_96,346,2000,0.9132,1842.2
0.03,Samferdsel_96,347,1687,0.9337,2183.2
0.03,Samferdsel_96,348,1181,0.9521,3117.3
0.03,Samferdsel_96,349,524,0.99,16052.0
0.03,Samferdsel_96,350,510,0.99,15997.0
0.03,Samferdsel_96,351,1167,0.9531,3155.7
0.03,Samferdsel_96,352,523,0.99,14600.9
0.03,Samferdsel_96,353,1398,0.9471,2633.7
0.03,Samferdsel_96,354,518,0.99,15369.2
0.03,Samferdsel_96,355,1879,0.9256,1961.7
0.03,Samferdsel_96,356,521,0.99,14788.5
0.03,Samferdsel_96,357,515,0.9825,8332.6
0.03,Samferdsel_96,358,2132,0.9109,1727.7
0.03,Samferdsel_96,359,511,0.99,15280.2
0.03,Samferdsel_96,360,508,0.99,16194.1
0.03,Samferdsel_96,361,1487,0.9367,2478.8
0.03,Samferdsel_96,362,501,0.99,15972.6
0.03,Samferdsel_96,363,510,0.9784,7500.0
0.03,Samferdsel_96,364,503,0.99,14181.0
0.03,Samferdsel_96,365,503,0.986,10535.6
0.03,Samferdsel_96,366,504,0.99,13957.8
0.03,Samferdsel_96,367,1582,0.9327,2326.4
0.03,Samferdsel_96,368,906,0.9601,4070.8
0.03,Samferdsel_96,369,1067,0.9579,3452.8
0.03,Samferdsel_96,370,1531,0.9428,2406.5
0.03,Samferdsel_96,371,1127,0.9503,3268.1
0.03,Samferdsel_96,372,602,0.9757,6107.9
0.03,Samferdsel_96,373,515,0.99,14671.6
0.03,Samferdsel_96,374,1021,0.961,3607.3
0.03,Samferdsel_96,375,854,0.9643,4311.9
0.03,Samferdsel_96,376,1635,0.9327,2253.4
0.03,Samferdsel_96,377,942,0.96,3915.1
0.03,Samferdsel_96,378,530,0.9844,9699.2
0.03,Samferdsel_96,379,987,0.957,3729.3
0.03,Samferdsel_96,380,942,0.9588,3914.2
0.03,Samferdsel_96,381,860,0.9624,4282.0
0.03,Samferdsel_96,382,1165,0.9543,3164.6
0.03,Samferdsel_96,383,1258,0.9524,2928.0
0.03,Samferdsel_96,384,514,0.98,7890.7
0.03,Samferdsel_96,385,559,0.9791,6590.9
0.03,Samferdsel_96,386,2552,0.9032,1443.8
0.03,Samferdsel_96,387,564,0.9759,6540.6
0.03,Samferdsel_96,388,951,0.9623,3871.4
0.03,Samferdsel_96,389,742,0.969,4957.5
0.03,Samferdsel_96,390,1278,0.9512,2883.7
0.03,Samferdsel_96,391,602,0.9751,6112.2
0.03,Samferdsel_96,392,501,0.9805,8002.2
0.03,Samferdsel_96,393,496,0.99,14147.2
0.03,Samferdsel_96,394,1021,0.9613,3605.4
0.03,Samferdsel_96,395,998,0.9595,3690.3
0.03,Samferdsel_96,396,1070,0.9535,3439.5
0.03,Samferdsel_96,397,507,0.99,15862.4
0.03,Samferdsel_96,398,1483,0.9348,2483.7
0.03,Samferdsel_96,399,1117,0.9546,3298.1
0.03,Samferdsel_96,400,1837,0.9214,2006.1
0.03,Samferdsel_96,401,1195,0.9526,3083.5
0.03,Samferdsel_96,402,1084,0.9563,3396.2
0.03,Samferdsel_96,403,1260,0.9515,2920.8
0.03,Samferdsel_96,404,853,0.9661,4313.2
0.03,Samferdsel_96,405,524,0.99,14261.3
0.03,Samferdsel_96,406,1707,0.9334,2158.2
0.03,Samferdsel_96,407,728,0.9712,5055.5
0.03,Samferdsel_96,408,523,0.9806,7852.8
0.03,Samferdsel_96,409,1708,0.9253,2155.8
0.03,Samferdsel_96,410,1435,0.9369,2566.7
0.03,Samferdsel_96,411,931,0.9592,3955.0
0.03,Samferdsel_96,412,1942,0.9174,1897.8
0.03,Samferdsel_96,413,797,0.9649,4616.6
0.03,Samferdsel_96,414,822,0.9648,4482.2
0.03,Samferdsel_96,415,894,0.9641,4118.6
0.03,Samferdsel_96,416,1540,0.9323,2390.5
0.03,Samferdsel_96,417,1866,0.9237,1974.4
0.03,Samferdsel_96,418,1189,0.9554,3098.5
0.03,Samferdsel_96,419,1320,0.9469,2792.7
0.03,Samferdsel_96,420,1396,0.9398,2639.5
0.03,Samferdsel_96,421,504,0.99,16121.1
0.03,Samferdsel_96,422,1232,0.9508,2988.9
0.03,Samferdsel_96,423,2168,0.9107,1698.7
0.03,Samferdsel_96,424,1207,0.9489,3053.2
0.03,Samferdsel_96,425,511,0.99,15634.0
0.03,Samferdsel_96,426,524,0.983,8269.8
0.03,Samferdsel_96,427,882,0.9667,4175.7
0.03,Samferdsel_96,428,881,0.9655,4178.7
0.03,Samferdsel_96,429,2260,0.9087,1629.4
0.03,Samferdsel_96,430,1762,0.9246,2090.4
0.03,Samferdsel_96,431,734,0.9695,5017.8
0.03,Samferdsel_96,432,2818,0.8938,1307.2
0.03,Samferdsel_96,433,1844,0.9219,1998.4
0.03,Samferdsel_96,434,2023,0.9158,1820.0
0.03,Samferdsel_96,435,543,0.9852,10326.8
0.03,Samferdsel_96,436,794,0.9679,4645.2
0.03,Samferdsel_96,437,1062,0.9603,3467.7
0.03,Samferdsel_96,438,1127,0.9516,3265.7
0.03,Samferdsel_96,439,1855,0.9202,1985.0
0.03,Samferdsel_96,440,594,0.9756,6193.3
0.03,Samferdsel_96,441,657,0.9715,5607.8
0.03,Samferdsel_96,442,1960,0.9266,1878.7
0.03,Samferdsel_96,443,521,0.986,10146.9
0.03,Samferdsel_96,444,1238,0.9484,2976.0
0.03,Samferdsel_96,445,2848,0.8844,1293.0
0.03,Samferdsel_96,446,2364,0.8983,1557.8
0.03,Samferdsel_96,447,1305,0.9452,2824.5
0.03,Samferdsel_96,448,1062,0.9565,3468.5
0.03,Samferdsel_96,449,1687,0.9317,2181.8
0.03,Samferdsel_96,450,1468,0.9429,2508.9
0.03,Samferdsel_96,451,1027,0.9602,3587.8
0.03,Samferdsel_96,452,515,0.99,16073.8
0.03,Samferdsel_96,453,528,0.99,15466.6
0.03,Samferdsel_96,454,1061,0.9573,3473.4
0.03,Samferdsel_96,455,525,0.9835,8643.3
0.03,Samferdsel_96,456,1746,0.9308,2110.5
0.03,Samferdsel_96,457,650,0.9724,5660.2
0.03,Samferdsel_96,458,524,0.99,14766.0
0.03,Samferdsel_96,459,595,0.9773,6188.3
0.03,Samferdsel_96,460,1067,0.9538,3453.0
0.03,Samferdsel_96,461,566,0.9775,6498.3
0.03,Samferdsel_96,462,518,0.99,13798.0
0.03,Samferdsel_96,463,1368,0.9435,2694.9
0.03,Samferdsel_96,464,747,0.9694,4933.1
0.03,Samferdsel_96,465,1158,0.9557,3182.9
0.03,Samferdsel_96,466,2399,0.9103,1535.2
0.03,Samferdsel_96,467,1991,0.9176,1850.7
0.03,Samferdsel_96,468,1209,0.9538,3045.7
0.03,Samferdsel_96,469,516,0.9794,7147.7
0.03,Samferdsel_96,470,833,0.9676,4417.9
0.03,Samferdsel_96,471,1440,0.9366,2558.8
0.03,Samferdsel_96,472,511,0.99,15128.4
0.03,Samferdsel_96,473,1370,0.9439,2689.0
0.03,Samferdsel_96,474,830,0.966,4438.6
0.03,Samferdsel_96,475,1677,0.9322,2196.7
0.03,Samferdsel_96,476,516,0.99,14059.2
0.03,Samferdsel_96,477,1321,0.9438,2787.3
0.03,Samferdsel_96,478,511,0.99,15990.9
0.03,Samferdsel_96,479,1511,0.938,2436.6
0.03,Samferdsel_96,480,739,0.9694,4986.5
0.03,Samferdsel_96,481,523,0.99,15475.8
0.03,Samferdsel_96,482,566,0.9777,6506.6
0.03,Samferdsel_96,483,896,0.9644,4108.3
0.03,Samferdsel_96,484,1099,0.9587,3349.6
0.03,Samferdsel_96,485,503,0.99,15549.9
0.03,Samferdsel_96,486,523,0.987,12129.3
0.03,Samferdsel_96,487,593,0.9745,6209.6
0.03,Samferdsel_96,488,969,0.9591,3802.8
0.03,Samferdsel_96,489,832,0.9642,4423.4
0.03,Samferdsel_96,490,1952,0.9201,1886.1
0.03,Samferdsel_96,491,507,0.9846,9143.1
0.03,Samferdsel_96,492,1809,0.9238,2036.6
0.03,Samferdsel_96,493,1662,0.9348,2217.7
0.03,Samferdsel_96,494,755,0.9686,4879.5
0.03,Samferdsel_96,495,1351,0.9416,2726.2
0.03,Samferdsel_96,496,1519,0.9406,2424.1
0.03,Samferdsel_96,497,1624,0.9376,2266.9
0.03,Samferdsel_96,498,1411,0.9456,2611.0
0.03,Samferdsel_96,499,2001,0.9192,1840.7
0.05,Basis_85,0,3349,0.858,1100.1
0.05,Basis_85,1,4337,0.8204,849.3
0.05,Basis_85,2,4507,0.8015,817.2
0.05,Basis_85,3,3976,0.8377,926.2
0.05,Basis_85,4,3482,0.8639,1058.3
0.05,Basis_85,5,2824,0.8771,1304.8
0.05,Basis_85,6,4525,0.8212,814.2
0.05,Basis_85,7,4549,0.8254,809.6
0.05,Basis_85,8,4112,0.844,895.9
0.05,Basis_85,9,4493,0.8111,819.8
0.05,Basis_85,10,5148,0.7863,715.7
0.05,Basis_85,11,3339,0.8554,1102.8
0.05,Basis_85,12,566,0.9786,6510.7
0.05,Basis_85,13,3484,0.8664,1057.3
0.05,Basis_85,14,1567,0.932,2350.8
0.05,Basis_85,15,3099,0.8838,1188.5
0.05,Basis_85,16,867,0.9666,4246.8
0.05,Basis_85,17,3462,0.852,1064.3
0.05,Basis_85,18,2492,0.8913,1477.3
0.05,Basis_85,19,1851,0.9284,1990.1
0.05,Basis_85,20,4494,0.8109,819.6
0.05,Basis_85,21,5617,0.7849,655.9
0.05,Basis_85,22,4339,0.8306,848.7
0.05,Basis_85,23,3020,0.8852,1220.2
0.05,Basis_85,24,3742,0.8472,984.4
0.05,Basis_85,25,4458,0.8261,826.1
0.05,Basis_85,26,4290,0.8196,858.4
0.05,Basis_85,27,1543,0.9366,2387.9
0.05,Basis_85,28,4036,0.8383,912.7
0.05,Basis_85,29,2685,0.8964,1372.3
0.05,Basis_85,30,3812,0.843,966.5
0.05,Basis_85,31,3393,0.8682,1085.6
0.05,Basis_85,32,3072,0.8719,1198.7
0.05,Basis_85,33,2664,0.8961,1383.0
0.05,Basis_85,34,1692,0.9307,2176.3
0.05,Basis_85,35,5932,0.7608,621.1
0.05,Basis_85,36,4210,0.8174,875.1
0.05,Basis_85,37,1904,0.9247,1934.1
0.05,Basis_85,38,3793,0.8355,970.9
0.05,Basis_85,39,2359,0.9075,1561.0
0.05,Basis_85,40,2761,0.8825,1334.3
0.05,Basis_85,41,3749,0.8507,982.6
0.05,Basis_85,42,3447,0.8493,1068.6
0.05,Basis_85,43,2133,0.9151,1727.2
0.05,Basis_85,44,1498,0.9368,2456.7
0.05,Basis_85,45,2141,0.9169,1719.9
0.05,Basis_85,46,3913,0.8393,941.2
0.05,Basis_85,47,4721,0.7942,780.3
0.05,Basis_85,48,4387,0.813,839.6
0.05,Basis_85,49,4084,0.8275,902.1
0.05,Basis_85,50,3476,0.8504,1059.8
0.05,Basis_85,51,3426,0.8602,1075.4
0.05,Basis_85,52,3315,0.8708,1111.5
0.05,Basis_85,53,3861,0.8384,954.0
0.05,Basis_85,54,2720,0.8978,1354.1
0.05,Basis_85,55,5477,0.7604,672.6
0.05,Basis_85,56,3696,0.8495,996.2
0.05,Basis_85,57,3671,0.8513,1003.7
0.05,Basis_85,58,4379,0.8297,841.2
0.05,Basis_85,59,3919,0.8422,939.8
0.05,Basis_85,60,1628,0.933,2263.9
0.05,Basis_85,61,2825,0.8867,1303.8
0.05,Basis_85,62,3764,0.8484,978.6
0.05,Basis_85,63,3678,0.8412,1001.6
0.05,Basis_85,64,5451,0.7608,675.7
0.05,Basis_85,65,3588,0.8437,1026.6
0.05,Basis_85,66,543,0.99,14730.2
0.05,Basis_85,67,5390,0.7937,683.2
0.05,Basis_85,68,3657,0.8504,1007.6
0.05,Basis_85,69,2754,0.8954,1338.0
0.05,Basis_85,70,1753,0.9302,2103.0
0.05,Basis_85,71,3888,0.8449,947.5
0.05,Basis_85,72,1361,0.9446,2708.2
0.05,Basis_85,73,4938,0.8086,746.1
0.05,Basis_85,74,3563,0.8451,1033.5
0.05,Basis_85,75,5206,0.7967,707.4
0.05,Basis_85,76,4395,0.8243,838.1
0.05,Basis_85,77,2187,0.912,1684.9
0.05,Basis_85,78,4581,0.8029,804.2
0.05,Basis_85,79,6114,0.7424,602.5
0.05,Basis_85,80,3947,0.8363,933.2
0.05,Basis_85,81,3315,0.875,1111.5
0.05,Basis_85,82,2706,0.8857,1361.2
0.05,Basis_85,83,4647,0.8186,792.6
0.05,Basis_85,84,4149,0.8297,887.7
0.05,Basis_85,85,3778,0.8481,975.0
0.05,Basis_85,86,3547,0.8477,1038.4
0.05,Basis_85,87,2265,0.9028,1626.9
0.05,Basis_85,88,2840,0.8873,1297.0
0.05,Basis_85,89,2833,0.8891,1300.0
0.05,Basis_85,90,3449,0.8683,1068.1
0.05,Basis_85,91,2825,0.8925,1303.9
0.05,Basis_85,92,3309,0.8688,1113.3
0.05,Basis_85,93,3415,0.8636,1078.6
0.05,Basis_85,94,2212,0.9118,1664.7
0.05,Basis_85,95,2645,0.8922,1392.6
0.05,Basis_85,96,2126,0.9093,1732.7
0.05,Basis_85,97,2999,0.8718,1228.4
0.05,Basis_85,98,3752,0.8403,981.6
0.05,Basis_85,99,2432,0.9008,1514.8
0.05,Basis_85,100,5729,0.7831,643.1
0.05,Basis_85,101,3239,0.8614,1137.1
0.05,Basis_85,102,5346,0.792,689.1
0.05,Basis_85,103,4358,0.8212,845.4
0.05,Basis_85,104,4318,0.819,852.9
0.05,Basis_85,105,3307,0.871,1114.3
0.05,Basis_85,106,4010,0.8461,918.6
0.05,Basis_85,107,4049,0.8352,909.8
0.05,Basis_85,108,2160,0.9104,1705.7
0.05,Basis_85,109,3553,0.8501,1036.8
0.05,Basis_85,110,4064,0.8384,906.5
0.05,Basis_85,111,1795,0.9242,2052.3
0.05,Basis_85,112,3447,0.8685,1069.0
0.05,Basis_85,113,3947,0.8504,933.3
0.05,Basis_85,114,7182,0.7276,512.8
0.05,Basis_85,115,2090,0.9183,1763.0
0.05,Basis_85,116,4304,0.839,855.7
0.05,Basis_85,117,3601,0.8638,1023.0
0.05,Basis_85,118,3385,0.8558,1088.2
0.05,Basis_85,119,4116,0.8192,894.6
0.05,Basis_85,120,3906,0.8396,942.9
0.05,Basis_85,121,2406,0.8951,1530.5
0.05,Basis_85,122,4651,0.8099,792.1
0.05,Basis_85,123,5366,0.7735,686.5
0.05,Basis_85,124,4207,0.8254,875.5
0.05,Basis_85,125,3150,0.8626,1169.2
0.05,Basis_85,126,4689,0.8133,785.5
0.05,Basis_85,127,3884,0.8415,948.2
0.05,Basis_85,128,4367,0.8357,843.5
0.05,Basis_85,129,1713,0.9307,2151.1
0.05,Basis_85,130,4294,0.8112,857.9
0.05,Basis_85,131,1434,0.9422,2569.0
0.05,Basis_85,132,4267,0.8326,863.4
0.05,Basis_85,133,3318,0.8552,1109.7
0.05,Basis_85,134,4032,0.8321,913.3
0.05,Basis_85,135,3106,0.8649,1185.8
0.05,Basis_85,136,2677,0.8847,1376.1
0.05,Basis_85,137,2638,0.8918,1395.9
0.05,Basis_85,138,4547,0.8301,810.1
0.05,Basis_85,139,3441,0.8646,1070.6
0.05,Basis_85,140,4359,0.8239,845.1
0.05,Basis_85,141,4752,0.81,775.0
0.05,Basis_85,142,2618,0.8881,1406.6
0.05,Basis_85,143,3204,0.8613,1149.6
0.05,Basis_85,144,1596,0.9327,2306.9
0.05,Basis_85,145,5647,0.7753,652.2
0.05,Basis_85,146,4352,0.8372,846.3
0.05,Basis_85,147,2996,0.8835,1229.2
0.05,Basis_85,148,3387,0.8559,1087.5
0.05,Basis_85,149,3657,0.8395,1007.5
0.05,Basis_85,150,2293,0.9086,1606.6
0.05,Basis_85,151,4037,0.8374,912.4
0.05,Basis_85,152,2540,0.9045,1450.2
0.05,Basis_85,153,3183,0.8685,1157.5
0.05,Basis_85,154,2644,0.8847,1393.5
0.05,Basis_85,155,6100,0.7659,604.0
0.05,Basis_85,156,3589,0.8495,1026.3
0.05,Basis_85,157,4232,0.8135,870.6
0.05,Basis_85,158,3960,0.8316,930.1
0.05,Basis_85,159,4527,0.8089,813.7
0.05,Basis_85,160,2462,0.907,1496.2
0.05,Basis_85,161,6159,0.7697,598.1
0.05,Basis_85,162,3841,0.8357,959.1
0.05,Basis_85,163,5493,0.7732,670.6
0.05,Basis_85,164,2310,0.9015,1593.8
0.05,Basis_85,165,3059,0.8777,1203.9
0.05,Basis_85,166,3252,0.859,1132.9
0.05,Basis_85,167,4987,0.8049,738.8
0.05,Basis_85,168,4858,0.8114,758.2
0.05,Basis_85,169,3960,0.8491,930.1
0.05,Basis_85,170,4500,0.8173,818.5
0.05,Basis_85,171,2442,0.9009,1508.4
0.05,Basis_85,172,5859,0.777,628.6
0.05,Basis_85,173,2873,0.8772,1282.3
0.05,Basis_85,174,762,0.97,4831.3
0.05,Basis_85,175,4590,0.8152,802.6
0.05,Basis_85,176,5303,0.7959,694.7
0.05,Basis_85,177,5425,0.7918,678.9
0.05,Basis_85,178,3456,0.8506,1065.8
0.05,Basis_85,179,3423,0.8699,1075.7
0.05,Basis_85,180,3839,0.8542,959.8
0.05,Basis_85,181,4983,0.7933,739.1
0.05,Basis_85,182,5761,0.7528,639.3
0.05,Basis_85,183,6233,0.7501,591.0
0.05,Basis_85,184,2167,0.9184,1699.7
0.05,Basis_85,185,5611,0.7713,656.5
0.05,Basis_85,186,3457,0.8533,1065.4
0.05,Basis_85,187,1753,0.9337,2101.9
0.05,Basis_85,188,4106,0.8409,897.3
0.05,Basis_85,189,4798,0.8087,767.7
0.05,Basis_85,190,1911,0.9183,1927.3
0.05,Basis_85,191,1929,0.9162,1909.9
0.05,Basis_85,192,2265,0.9146,1626.5
0.05,Basis_85,193,5834,0.7517,631.4
0.05,Basis_85,194,2834,0.8798,1299.6
0.05,Basis_85,195,4791,0.8205,768.9
0.05,Basis_85,196,3582,0.8529,1028.2
0.05,Basis_85,197,3574,0.8537,1030.9
0.05,Basis_85,198,4998,0.8094,736.8
0.05,Basis_85,199,3517,0.8592,1047.5
0.05,Basis_85,200,4532,0.8287,812.9
0.05,Basis_85,201,2555,0.9028,1441.0
0.05,Basis_85,202,3477,0.8521,1059.5
0.05,Basis_85,203,3871,0.8488,951.4
0.05,Basis_85,204,803,0.9697,4589.5
0.05,Basis_85,205,3197,0.8753,1152.0
0.05,Basis_85,206,4224,0.8215,872.2
0.05,Basis_85,207,1341,0.942,2746.5
0.05,Basis_85,208,4170,0.8414,883.4
0.05,Basis_85,209,4736,0.8099,777.7
0.05,Basis_85,210,2505,0.9006,1470.4
0.05,Basis_85,211,4716,0.8181,781.0
0.05,Basis_85,212,3636,0.857,1013.3
0.05,Basis_85,213,4753,0.8166,774.9
0.05,Basis_85,214,1873,0.9193,1967.1
0.05,Basis_85,215,3218,0.8761,1144.5
0.05,Basis_85,216,4099,0.8216,898.8
0.05,Basis_85,217,4050,0.8391,909.5
0.05,Basis_85,218,3106,0.8727,1185.8
0.05,Basis_85,219,3036,0.8726,1213.3
0.05,Basis_85,220,3678,0.8624,1001.6
0.05,Basis_85,221,3987,0.8258,924.0
0.05,Basis_85,222,2314,0.9,1592.4
0.05,Basis_85,223,5031,0.8022,732.2
0.05,Basis_85,224,4374,0.8073,842.1
0.05,Basis_85,225,1358,0.9411,2709.8
0.05,Basis_85,226,4813,0.7939,765.4
0.05,Basis_85,227,2624,0.8998,1403.7
0.05,Basis_85,228,3594,0.852,1025.1
0.05,Basis_85,229,3636,0.8568,1013.3
0.05,Basis_85,230,2798,0.8776,1316.4
0.05,Basis_85,231,2302,0.9047,1600.2
0.05,Basis_85,232,4939,0.8089,745.9
0.05,Basis_85,233,3329,0.864,1106.6
0.05,Basis_85,234,4767,0.8112,772.6
0.05,Basis_85,235,5863,0.7653,628.3
0.05,Basis_85,236,3318,0.8559,1110.0
0.05,Basis_85,237,1147,0.9506,3209.0
0.05,Basis_85,238,4837,0.7904,761.4
0.05,Basis_85,239,4366,0.8162,843.7
0.05,Basis_85,240,2526,0.8936,1457.6
0.05,Basis_85,241,2076,0.9179,1774.7
0.05,Basis_85,242,3973,0.844,927.1
0.05,Basis_85,243,4480,0.8242,822.1
0.05,Basis_85,244,4046,0.8418,910.3
0.05,Basis_85,245,2565,0.9027,1436.3
0.05,Basis_85,246,2908,0.8873,1267.0
0.05,Basis_85,247,4555,0.8107,808.7
0.05,Basis_85,248,3567,0.8572,1032.7
0.05,Basis_85,249,3211,0.8685,1147.0
0.05,Basis_85,250,1033,0.9572,3568.8
0.05,Basis_85,251,692,0.9728,5320.2
0.05,Basis_85,252,2625,0.8967,1402.9
0.05,Basis_85,253,4731,0.8073,778.5
0.05,Basis_85,254,3836,0.8434,959.9
0.05,Basis_85,255,4105,0.826,897.6
0.05,Basis_85,256,3545,0.8573,1039.3
0.05,Basis_85,257,4816,0.7934,764.8
0.05,Basis_85,258,4995,0.8073,737.4
0.05,Basis_85,259,2972,0.8804,1239.5
0.05,Basis_85,260,3951,0.8427,932.6
0.05,Basis_85,261,4781,0.8211,770.3
0.05,Basis_85,262,6216,0.7523,592.5
0.05,Basis_85,263,3227,0.8673,1141.2
0.05,Basis_85,264,2341,0.9043,1574.1
0.05,Basis_85,265,3996,0.829,921.7
0.05,Basis_85,266,4086,0.8467,901.5
0.05,Basis_85,267,5697,0.7614,646.4
0.05,Basis_85,268,5541,0.7776,664.8
0.05,Basis_85,269,2835,0.888,1298.8
0.05,Basis_85,270,1440,0.9424,2558.6
0.05,Basis_85,271,4092,0.8468,900.3
0.05,Basis_85,272,3745,0.8475,983.2
0.05,Basis_85,273,2146,0.9177,1716.8
0.05,Basis_85,274,3443,0.8589,1069.5
0.05,Basis_85,275,3917,0.8378,940.3
0.05,Basis_85,276,4448,0.8073,828.1
0.05,Basis_85,277,4646,0.8229,792.9
0.05,Basis_85,278,3428,0.8599,1074.5
0.05,Basis_85,279,2712,0.8901,1358.7
0.05,Basis_85,280,4809,0.7969,765.8
0.05,Basis_85,281,4105,0.8199,897.4
0.05,Basis_85,282,2126,0.9201,1732.3
0.05,Basis_85,283,5400,0.7639,682.3
0.05,Basis_85,284,3393,0.8625,1085.6
0.05,Basis_85,285,3440,0.859,1070.9
0.05,Basis_85,286,4203,0.8153,876.5
0.05,Basis_85,287,4189,0.8242,879.6
0.05,Basis_85,288,3520,0.8601,1046.4
0.05,Basis_85,289,5558,0.7576,662.7
0.05,Basis_85,290,5744,0.7665,641.3
0.05,Basis_85,291,4933,0.8141,746.6
0.05,Basis_85,292,3296,0.8628,1117.3
0.05,Basis_85,293,4267,0.8234,863.4
0.05,Basis_85,294,3507,0.8592,1050.0
0.05,Basis_85,295,4977,0.7895,740.0
0.05,Basis_85,296,3660,0.8432,1006.5
0.05,Basis_85,297,3517,0.8501,1047.5
0.05,Basis_85,298,2936,0.8872,1255.2
0.05,Basis_85,299,3176,0.8735,1159.7
0.05,Basis_85,300,4515,0.8161,815.8
0.05,Basis_85,301,2961,0.8708,1243.5
0.05,Basis_85,302,3262,0.8733,1128.8
0.05,Basis_85,303,4225,0.8323,871.8
0.05,Basis_85,304,5232,0.8046,704.2
0.05,Basis_85,305,4171,0.8334,882.9
0.05,Basis_85,306,2712,0.8883,1358.8
0.05,Basis_85,307,5550,0.7797,663.6
0.05,Basis_85,308,4409,0.8319,835.4
0.05,Basis_85,309,5120,0.7949,719.6
0.05,Basis_85,310,1592,0.9315,2315.1
0.05,Basis_85,311,3658,0.8443,1007.1
0.05,Basis_85,312,1509,0.9392,2441.5
0.05,Basis_85,313,3157,0.8727,1166.3
0.05,Basis_85,314,6312,0.7619,583.5
0.05,Basis_85,315,3358,0.8645,1097.0
0.05,Basis_85,316,2751,0.8893,1338.5
0.05,Basis_85,317,3919,0.8368,939.7
0.05,Basis_85,318,3426,0.8513,1075.2
0.05,Basis_85,319,1951,0.9201,1888.3
0.05,Basis_85,320,4659,0.8011,790.6
0.05,Basis_85,321,4574,0.8118,805.4
0.05,Basis_85,322,4459,0.8065,825.9
0.05,Basis_85,323,2651,0.8908,1389.2
0.05,Basis_85,324,6412,0.7588,574.3
0.05,Basis_85,325,2554,0.8898,1442.3
0.05,Basis_85,326,2687,0.8907,1370.3
0.05,Basis_85,327,4673,0.8088,788.4
0.05,Basis_85,328,2911,0.8855,1265.1
0.05,Basis_85,329,2084,0.9209,1767.9
0.05,Basis_85,330,4872,0.8018,755.8
0.05,Basis_85,331,4648,0.8146,792.3
0.05,Basis_85,332,5723,0.7723,643.6
0.05,Basis_85,333,3128,0.8628,1177.6
0.05,Basis_85,334,2063,0.922,1785.3
0.05,Basis_85,335,3666,0.8435,1004.7
0.05,Basis_85,336,3395,0.8701,1084.9
0.05,Basis_85,337,5001,0.8091,736.6
0.05,Basis_85,338,2457,0.8962,1498.7
0.05,Basis_85,339,1852,0.9236,1990.0
0.05,Basis_85,340,4179,0.8174,881.2
0.05,Basis_85,341,3370,0.855,1093.4
0.05,Basis_85,342,5264,0.7925,699.6
0.05,Basis_85,343,1473,0.9356,2501.8
0.05,Basis_85,344,3220,0.8682,1143.5
0.05,Basis_85,345,2841,0.8817,1296.6
0.05,Basis_85,346,5253,0.772,701.3
0.05,Basis_85,347,4932,0.8061,747.0
0.05,Basis_85,348,4025,0.8368,915.1
0.05,Basis_85,349,1307,0.943,2818.6
0.05,Basis_85,350,641,0.9722,5750.3
0.05,Basis_85,351,4018,0.8385,916.4
0.05,Basis_85,352,2112,0.9163,1744.5
0.05,Basis_85,353,4533,0.8284,812.7
0.05,Basis_85,354,1362,0.9432,2705.3
0.05,Basis_85,355,5234,0.7927,703.7
0.05,Basis_85,356,521,0.99,14788.5
0.05,Basis_85,357,2845,0.8875,1294.8
0.05,Basis_85,358,5548,0.7682,664.0
0.05,Basis_85,359,1546,0.9358,2381.4
0.05,Basis_85,360,2035,0.9105,1810.0
0.05,Basis_85,361,4435,0.8112,830.7
0.05,Basis_85,362,798,0.9654,4614.3
0.05,Basis_85,363,2709,0.8806,1359.3
0.05,Basis_85,364,2369,0.9088,1555.6
0.05,Basis_85,365,2671,0.8934,1379.2
0.05,Basis_85,366,1943,0.9264,1896.3
0.05,Basis_85,367,4598,0.8045,800.9
0.05,Basis_85,368,3398,0.8502,1084.1
0.05,Basis_85,369,3888,0.8464,947.5
0.05,Basis_85,370,4781,0.8214,770.2
0.05,Basis_85,371,3770,0.8339,977.0
0.05,Basis_85,372,3073,0.8762,1198.3
0.05,Basis_85,373,1672,0.9334,2203.1
0.05,Basis_85,374,3885,0.8517,948.0
0.05,Basis_85,375,3419,0.8572,1077.5
0.05,Basis_85,376,4749,0.8045,775.8
0.05,Basis_85,377,3528,0.85,1043.9
0.05,Basis_85,378,2657,0.8906,1386.5
0.05,Basis_85,379,3561,0.845,1034.3
0.05,Basis_85,380,3475,0.8481,1060.3
0.05,Basis_85,381,3343,0.8541,1102.0
0.05,Basis_85,382,4063,0.8405,906.8
0.05,Basis_85,383,4297,0.8373,857.0
0.05,Basis_85,384,2722,0.8833,1353.1
0.05,Basis_85,385,3161,0.8818,1165.4
0.05,Basis_85,386,6447,0.7553,571.3
0.05,Basis_85,387,2889,0.8766,1275.1
0.05,Basis_85,388,3688,0.8538,998.8
0.05,Basis_85,389,3237,0.865,1138.2
0.05,Basis_85,390,4311,0.8354,854.2
0.05,Basis_85,391,3017,0.8751,1220.8
0.05,Basis_85,392,2735,0.8842,1346.5
0.05,Basis_85,393,1559,0.9401,2362.1
0.05,Basis_85,394,3903,0.8522,943.7
0.05,Basis_85,395,3715,0.8491,991.4
0.05,Basis_85,396,3702,0.8391,994.9
0.05,Basis_85,397,2287,0.9015,1610.4
0.05,Basis_85,398,4367,0.808,843.3
0.05,Basis_85,399,3913,0.8411,941.2
0.05,Basis_85,400,5008,0.7856,735.7
0.05,Basis_85,401,4092,0.8377,900.3
0.05,Basis_85,402,3875,0.8438,950.6
0.05,Basis_85,403,4268,0.8358,863.1
0.05,Basis_85,404,3524,0.8602,1045.3
0.05,Basis_85,405,2475,0.9042,1488.1
0.05,Basis_85,406,4981,0.8057,739.6
0.05,Basis_85,407,3324,0.8687,1107.9
0.05,Basis_85,408,2798,0.8844,1316.2
0.05,Basis_85,409,4753,0.7922,774.8
0.05,Basis_85,410,4288,0.8115,859.1
0.05,Basis_85,411,3454,0.8486,1066.9
0.05,Basis_85,412,5192,0.779,709.4
0.05,Basis_85,413,3224,0.8582,1142.5
0.05,Basis_85,414,3315,0.858,1111.2
0.05,Basis_85,415,3567,0.8568,1032.8
0.05,Basis_85,416,4464,0.8038,825.2
0.05,Basis_85,417,5148,0.7895,715.6
0.05,Basis_85,418,4200,0.8423,876.9
0.05,Basis_85,419,4269,0.8282,862.8
0.05,Basis_85,420,4256,0.8163,865.2
0.05,Basis_85,421,1950,0.9147,1889.6
0.05,Basis_85,422,4141,0.8346,889.6
0.05,Basis_85,423,5639,0.7679,653.3
0.05,Basis_85,424,3980,0.8316,925.6
0.05,Basis_85,425,511,0.99,15634.0
0.05,Basis_85,426,2926,0.8883,1258.5
0.05,Basis_85,427,3675,0.8611,1002.0
0.05,Basis_85,428,3598,0.8592,1023.5
0.05,Basis_85,429,5831,0.7645,631.6
0.05,Basis_85,430,4884,0.7909,754.3
0.05,Basis_85,431,3231,0.8659,1140.1
0.05,Basis_85,432,6908,0.7397,533.2
0.05,Basis_85,433,5038,0.7865,731.1
0.05,Basis_85,434,5375,0.7763,685.2
0.05,Basis_85,435,2601,0.892,1416.7
0.05,Basis_85,436,3378,0.8631,1090.3
0.05,Basis_85,437,4001,0.8505,920.8
0.05,Basis_85,438,3822,0.836,963.5
0.05,Basis_85,439,5031,0.7837,732.1
0.05,Basis_85,440,3027,0.8761,1217.3
0.05,Basis_85,441,3016,0.8692,1221.2
0.05,Basis_85,442,5492,0.7943,670.7
0.05,Basis_85,443,2763,0.8933,1333.1
0.05,Basis_85,444,4064,0.8307,906.6
0.05,Basis_85,445,6802,0.7241,541.5
0.05,Basis_85,446,5878,0.7472,626.6
0.05,Basis_85,447,4156,0.8253,886.4
0.05,Basis_85,448,3805,0.8442,968.1
0.05,Basis_85,449,4875,0.8029,755.7
0.05,Basis_85,450,4590,0.8215,802.4
0.05,Basis_85,451,3863,0.8504,953.6
0.05,Basis_85,452,1428,0.9377,2578.5
0.05,Basis_85,453,1536,0.9355,2399.1
0.05,Basis_85,454,3836,0.8455,960.2
0.05,Basis_85,455,2869,0.8892,1283.8
0.05,Basis_85,456,5010,0.8013,735.2
0.05,Basis_85,457,3049,0.8706,1208.5
0.05,Basis_85,458,2029,0.9187,1815.3
0.05,Basis_85,459,3175,0.8788,1160.5
0.05,Basis_85,460,3703,0.8397,994.4
0.05,Basis_85,461,3049,0.8792,1208.4
0.05,Basis_85,462,1936,0.9275,1902.5
0.05,Basis_85,463,4295,0.8225,857.6
0.05,Basis_85,464,3279,0.8657,1123.7
0.05,Basis_85,465,4107,0.8429,896.9
0.05,Basis_85,466,6229,0.7672,591.3
0.05,Basis_85,467,5330,0.7793,691.1
0.05,Basis_85,468,4199,0.8397,877.1
0.05,Basis_85,469,2950,0.8824,1249.2
0.05,Basis_85,470,3533,0.8626,1042.6
0.05,Basis_85,471,4291,0.811,858.3
0.05,Basis_85,472,1347,0.9447,2735.7
0.05,Basis_85,473,4318,0.8232,852.8
0.05,Basis_85,474,3419,0.86,1077.5
0.05,Basis_85,475,4856,0.8037,758.5
0.05,Basis_85,476,2082,0.9205,1769.5
0.05,Basis_85,477,4162,0.823,885.0
0.05,Basis_85,478,1629,0.9293,2261.9
0.05,Basis_85,479,4550,0.8133,809.3
0.05,Basis_85,480,3241,0.8657,1136.0
0.05,Basis_85,481,1847,0.9224,1994.0
0.05,Basis_85,482,3058,0.8795,1204.6
0.05,Basis_85,483,3591,0.8573,1025.3
0.05,Basis_85,484,4050,0.8478,909.6
0.05,Basis_85,485,2043,0.9138,1803.2
0.05,Basis_85,486,2456,0.895,1500.0
0.05,Basis_85,487,2926,0.8742,1258.6
0.05,Basis_85,488,3589,0.8485,1026.5
0.05,Basis_85,489,3325,0.857,1107.6
0.05,Basis_85,490,5291,0.7835,696.0
0.05,Basis_85,491,2853,0.891,1291.3
0.05,Basis_85,492,4994,0.7897,737.6
0.05,Basis_85,493,4892,0.808,753.0
0.05,Basis_85,494,3260,0.8643,1130.0
0.05,Basis_85,495,4179,0.8194,881.2
0.05,Basis_85,496,4665,0.8177,789.8
0.05,Basis_85,497,4878,0.8127,755.1
0.05,Basis_85,498,4511,0.8259,816.6
0.05,Basis_85,499,5400,0.7821,682.1
0.05,Middels_90,0,2169,0.908,1698.0
0.05,Middels_90,1,3129,0.8704,1177.0
0.05,Middels_90,2,3372,0.8515,1092.4
0.05,Middels_90,3,2751,0.8877,1338.7
0.05,Middels_90,4,2202,0.9139,1673.2
0.05,Middels_90,5,1673,0.9271,2200.0
0.05,Middels_90,6,3260,0.8712,1130.1
0.05,Middels_90,7,3247,0.8754,1134.5
0.05,Middels_90,8,2793,0.894,1318.6
0.05,Middels_90,9,3303,0.8611,1114.9
0.05,Middels_90,10,3944,0.8363,934.3
0.05,Middels_90,11,2184,0.9054,1685.5
0.05,Middels_90,12,507,0.99,13916.0
0.05,Middels_90,13,2181,0.9164,1689.6
0.05,Middels_90,14,515,0.982,8887.2
0.05,Middels_90,15,1767,0.9338,2086.2
0.05,Middels_90,16,515,0.99,14204.9
0.05,Middels_90,17,2293,0.902,1607.1
0.05,Middels_90,18,1347,0.9413,2735.3
0.05,Middels_90,19,558,0.9784,6599.2
0.05,Middels_90,20,3307,0.8609,1114.3
0.05,Middels_90,21,4310,0.8349,854.6
0.05,Middels_90,22,3058,0.8806,1204.2
0.05,Middels_90,23,1704,0.9352,2162.3
0.05,Middels_90,24,2517,0.8972,1463.3
0.05,Middels_90,25,3177,0.8761,1159.5
0.05,Middels_90,26,3101,0.8696,1187.5
0.05,Middels_90,27,495,0.9866,11279.2
0.05,Middels_90,28,2789,0.8883,1321.1
0.05,Middels_90,29,1390,0.9464,2651.5
0.05,Middels_90,30,2597,0.893,1418.1
0.05,Middels_90,31,2106,0.9182,1749.1
0.05,Middels_90,32,1873,0.9219,1966.4
0.05,Middels_90,33,1382,0.9461,2666.2
0.05,Middels_90,34,503,0.9807,7817.8
0.05,Middels_90,35,4690,0.8108,785.2
0.05,Middels_90,36,3057,0.8674,1205.1
0.05,Middels_90,37,641,0.9747,5751.0
0.05,Middels_90,38,2639,0.8855,1395.1
0.05,Middels_90,39,1084,0.9575,3398.0
0.05,Middels_90,40,1586,0.9325,2323.3
0.05,Middels_90,41,2492,0.9007,1477.6
0.05,Middels_90,42,2303,0.8993,1599.2
0.05,Middels_90,43,875,0.9651,4204.5
0.05,Middels_90,44,515,0.9868,11763.4
0.05,Middels_90,45,853,0.9669,4315.5
0.05,Middels_90,46,2695,0.8893,1366.2
0.05,Middels_90,47,3574,0.8442,1030.7
0.05,Middels_90,48,3213,0.863,1146.1
0.05,Middels_90,49,2898,0.8775,1270.5
0.05,Middels_90,50,2315,0.9004,1591.6
0.05,Middels_90,51,2201,0.9102,1674.0
0.05,Middels_90,52,2033,0.9208,1812.8
0.05,Middels_90,53,2666,0.8884,1381.6
0.05,Middels_90,54,1389,0.9478,2652.2
0.05,Middels_90,55,4333,0.8104,849.9
0.05,Middels_90,56,2469,0.8995,1491.7
0.05,Middels_90,57,2435,0.9013,1512.3
0.05,Middels_90,58,3093,0.8797,1190.6
0.05,Middels_90,59,2678,0.8922,1375.5
0.05,Middels_90,60,500,0.983,8929.9
0.05,Middels_90,61,1579,0.9367,2334.0
0.05,Middels_90,62,2523,0.8984,1460.1
0.05,Middels_90,63,2519,0.8912,1462.1
0.05,Middels_90,64,4311,0.8108,854.4
0.05,Middels_90,65,2441,0.8937,1509.4
0.05,Middels_90,66,543,0.99,14730.2
0.05,Middels_90,67,4085,0.8437,901.8
0.05,Middels_90,68,2434,0.9004,1513.7
0.05,Middels_90,69,1438,0.9454,2563.5
0.05,Middels_90,70,509,0.9802,7416.0
0.05,Middels_90,71,2635,0.8949,1398.2
0.05,Middels_90,72,503,0.99,15000.7
0.05,Middels_90,73,3647,0.8586,1009.9
0.05,Middels_90,74,2413,0.8951,1526.3
0.05,Middels_90,75,3926,0.8467,938.2
0.05,Middels_90,76,3146,0.8743,1171.4
0.05,Middels_90,77,943,0.962,3904.0
0.05,Middels_90,78,3419,0.8529,1077.5
0.05,Middels_90,79,4927,0.7924,747.6
0.05,Middels_90,80,2742,0.8863,1343.6
0.05,Middels_90,81,1988,0.925,1852.3
0.05,Middels_90,82,1523,0.9357,2419.9
0.05,Middels_90,83,3366,0.8686,1094.2
0.05,Middels_90,84,2931,0.8797,1256.8
0.05,Middels_90,85,2534,0.8981,1453.3
0.05,Middels_90,86,2384,0.8977,1545.7
0.05,Middels_90,87,1099,0.9528,3351.2
0.05,Middels_90,88,1580,0.9373,2331.3
0.05,Middels_90,89,1557,0.9391,2367.9
0.05,Middels_90,90,2140,0.9183,1721.8
0.05,Middels_90,91,1511,0.9425,2437.0
0.05,Middels_90,92,2048,0.9188,1798.7
0.05,Middels_90,93,2163,0.9136,1702.6
0.05,Middels_90,94,958,0.9618,3844.5
0.05,Middels_90,95,1419,0.9422,2596.6
0.05,Middels_90,96,955,0.9593,3861.7
0.05,Middels_90,97,1830,0.9218,2013.5
0.05,Middels_90,98,2579,0.8903,1428.9
0.05,Middels_90,99,1207,0.9508,3054.0
0.05,Middels_90,100,4408,0.8331,835.7
0.05,Middels_90,101,2070,0.9114,1779.0
0.05,Middels_90,102,4060,0.842,907.1
0.05,Middels_90,103,3139,0.8712,1173.7
0.05,Middels_90,104,3126,0.869,1178.3
0.05,Middels_90,105,2023,0.921,1819.8
0.05,Middels_90,106,2707,0.8961,1360.7
0.05,Middels_90,107,2820,0.8852,1306.1
0.05,Middels_90,108,955,0.9604,3859.4
0.05,Middels_90,109,2369,0.9001,1555.6
0.05,Middels_90,110,2806,0.8884,1312.7
0.05,Middels_90,111,612,0.9742,6031.1
0.05,Middels_90,112,2135,0.9185,1724.9
0.05,Middels_90,113,2629,0.9004,1401.6
0.05,Middels_90,114,5864,0.7776,628.1
0.05,Middels_90,115,811,0.9683,4543.8
0.05,Middels_90,116,2968,0.889,1241.0
0.05,Middels_90,117,2279,0.9138,1616.2
0.05,Middels_90,118,2211,0.9058,1665.9
0.05,Middels_90,119,2979,0.8692,1236.5
0.05,Middels_90,120,2688,0.8896,1369.9
0.05,Middels_90,121,1259,0.9451,2925.5
0.05,Middels_90,122,3427,0.8599,1074.9
0.05,Middels_90,123,4182,0.8235,880.9
0.05,Middels_90,124,3002,0.8754,1226.7
0.05,Middels_90,125,2005,0.9126,1838.3
0.05,Middels_90,126,3434,0.8633,1072.8
0.05,Middels_90,127,2659,0.8915,1385.1
0.05,Middels_90,128,3037,0.8857,1212.5
0.05,Middels_90,129,503,0.9807,7725.5
0.05,Middels_90,130,3156,0.8612,1167.1
0.05,Middels_90,131,523,0.99,14851.3
0.05,Middels_90,132,2993,0.8826,1231.0
0.05,Middels_90,133,2174,0.9052,1694.9
0.05,Middels_90,134,2833,0.8821,1300.5
0.05,Middels_90,135,1957,0.9149,1882.6
0.05,Middels_90,136,1516,0.9347,2429.9
0.05,Middels_90,137,1419,0.9418,2594.7
0.05,Middels_90,138,3209,0.8801,1147.9
0.05,Middels_90,139,2170,0.9146,1697.1
0.05,Middels_90,140,3121,0.8739,1180.2
0.05,Middels_90,141,3503,0.86,1051.7
0.05,Middels_90,142,1448,0.9381,2543.1
0.05,Middels_90,143,2049,0.9113,1797.6
0.05,Middels_90,144,511,0.9827,8977.5
0.05,Middels_90,145,4392,0.8253,838.9
0.05,Middels_90,146,3016,0.8872,1221.3
0.05,Middels_90,147,1711,0.9335,2153.7
0.05,Middels_90,148,2211,0.9059,1665.4
0.05,Middels_90,149,2517,0.8895,1463.3
0.05,Middels_90,150,1040,0.9586,3545.1
0.05,Middels_90,151,2796,0.8874,1317.6
0.05,Middels_90,152,1210,0.9545,3043.4
0.05,Middels_90,153,1972,0.9185,1867.5
0.05,Middels_90,154,1497,0.9347,2460.5
0.05,Middels_90,155,4798,0.8159,767.9
0.05,Middels_90,156,2397,0.8995,1536.9
0.05,Middels_90,157,3097,0.8635,1189.5
0.05,Middels_90,158,2784,0.8816,1323.0
0.05,Middels_90,159,3343,0.8589,1102.2
0.05,Middels_90,160,1139,0.957,3234.4
0.05,Middels_90,161,4822,0.8197,763.9
0.05,Middels_90,162,2672,0.8857,1378.6
0.05,Middels_90,163,4282,0.8232,860.2
0.05,Middels_90,164,1139,0.9515,3235.3
0.05,Middels_90,165,1809,0.9277,2036.5
0.05,Middels_90,166,2099,0.909,1755.1
0.05,Middels_90,167,3708,0.8549,993.4
0.05,Middels_90,168,3570,0.8614,1031.7
0.05,Middels_90,169,2649,0.8991,1391.0
0.05,Middels_90,170,3268,0.8673,1127.0
0.05,Middels_90,171,1210,0.9509,3044.4
0.05,Middels_90,172,4547,0.827,810.3
0.05,Middels_90,173,1704,0.9272,2163.3
0.05,Middels_90,174,503,0.99,14485.6
0.05,Middels_90,175,3349,0.8652,1100.3
0.05,Middels_90,176,4003,0.8459,920.1
0.05,Middels_90,177,4122,0.8418,893.4
0.05,Middels_90,178,2300,0.9006,1601.7
0.05,Middels_90,179,2107,0.9199,1747.3
0.05,Middels_90,180,2523,0.9042,1460.4
0.05,Middels_90,181,3778,0.8433,974.8
0.05,Middels_90,182,4596,0.8028,801.4
0.05,Middels_90,183,4984,0.8001,738.9
0.05,Middels_90,184,839,0.9684,4389.4
0.05,Middels_90,185,4385,0.8213,840.2
0.05,Middels_90,186,2279,0.9033,1616.2
0.05,Middels_90,187,501,0.9837,8551.5
0.05,Middels_90,188,2814,0.8909,1308.4
0.05,Middels_90,189,3545,0.8587,1039.4
0.05,Middels_90,190,741,0.9683,4964.5
0.05,Middels_90,191,780,0.9662,4731.2
0.05,Middels_90,192,938,0.9646,3924.7
0.05,Middels_90,193,4659,0.8017,790.6
0.05,Middels_90,194,1656,0.9298,2225.0
0.05,Middels_90,195,3456,0.8705,1065.7
0.05,Middels_90,196,2364,0.9029,1557.8
0.05,Middels_90,197,2351,0.9037,1566.1
0.05,Middels_90,198,3687,0.8594,998.9
0.05,Middels_90,199,2267,0.9092,1624.5
0.05,Middels_90,200,3209,0.8787,1148.1
0.05,Middels_90,201,1242,0.9528,2968.6
0.05,Middels_90,202,2301,0.9021,1600.9
0.05,Middels_90,203,2593,0.8988,1421.3
0.05,Middels_90,204,521,0.99,13905.1
0.05,Middels_90,205,1916,0.9253,1922.9
0.05,Middels_90,206,3041,0.8715,1211.6
0.05,Middels_90,207,497,0.99,15918.8
0.05,Middels_90,208,2855,0.8914,1290.1
0.05,Middels_90,209,3490,0.8599,1055.4
0.05,Middels_90,210,1245,0.9506,2957.4
0.05,Middels_90,211,3420,0.8681,1077.1
0.05,Middels_90,212,2364,0.907,1558.1
0.05,Middels_90,213,3457,0.8666,1065.4
0.05,Middels_90,214,713,0.9693,5167.4
0.05,Middels_90,215,1918,0.9261,1919.1
0.05,Middels_90,216,2950,0.8716,1248.7
0.05,Middels_90,217,2791,0.8891,1319.4
0.05,Middels_90,218,1887,0.9227,1952.3
0.05,Middels_90,219,1845,0.9226,1997.1
0.05,Middels_90,220,2342,0.9124,1573.2
0.05,Middels_90,221,2842,0.8758,1295.9
0.05,Middels_90,222,1158,0.95,3185.1
0.05,Middels_90,223,3758,0.8522,979.9
0.05,Middels_90,224,3239,0.8573,1137.2
0.05,Middels_90,225,501,0.99,15968.5
0.05,Middels_90,226,3645,0.8439,1010.6
0.05,Middels_90,227,1315,0.9498,2801.5
0.05,Middels_90,228,2379,0.902,1548.0
0.05,Middels_90,229,2365,0.9068,1557.0
0.05,Middels_90,230,1656,0.9276,2225.3
0.05,Middels_90,231,1095,0.9547,3365.6
0.05,Middels_90,232,3646,0.8589,1010.3
0.05,Middels_90,233,2105,0.914,1750.2
0.05,Middels_90,234,3505,0.8612,1051.1
0.05,Middels_90,235,4613,0.8153,798.4
0.05,Middels_90,236,2167,0.9059,1699.7
0.05,Middels_90,237,500,0.99,15849.6
0.05,Middels_90,238,3685,0.8404,999.9
0.05,Middels_90,239,3178,0.8662,1158.9
0.05,Middels_90,240,1341,0.9436,2749.1
0.05,Middels_90,241,811,0.9679,4541.9
0.05,Middels_90,242,2700,0.894,1364.3
0.05,Middels_90,243,3205,0.8742,1149.0
0.05,Middels_90,244,2768,0.8918,1330.8
0.05,Middels_90,245,1246,0.9527,2954.0
0.05,Middels_90,246,1617,0.9373,2276.7
0.05,Middels_90,247,3352,0.8607,1098.9
0.05,Middels_90,248,2317,0.9072,1589.1
0.05,Middels_90,249,1991,0.9185,1850.9
0.05,Middels_90,250,501,0.99,15271.1
0.05,Middels_90,251,517,0.99,14445.5
0.05,Middels_90,252,1355,0.9467,2719.3
0.05,Middels_90,253,3504,0.8573,1051.3
0.05,Middels_90,254,2611,0.8934,1410.3
0.05,Middels_90,255,2924,0.876,1259.6
0.05,Middels_90,256,2302,0.9073,1600.1
0.05,Middels_90,257,3651,0.8434,1008.9
0.05,Middels_90,258,3700,0.8573,995.8
0.05,Middels_90,259,1729,0.9304,2130.1
0.05,Middels_90,260,2694,0.8927,1367.0
0.05,Middels_90,261,3444,0.8711,1069.1
0.05,Middels_90,262,4962,0.8023,742.3
0.05,Middels_90,263,2012,0.9173,1831.0
0.05,Middels_90,264,1117,0.9543,3297.7
0.05,Middels_90,265,2827,0.879,1302.7
0.05,Middels_90,266,2754,0.8967,1338.0
0.05,Middels_90,267,4505,0.8114,817.8
0.05,Middels_90,268,4295,0.8276,857.6
0.05,Middels_90,269,1571,0.938,2346.0
0.05,Middels_90,270,514,0.99,14749.8
0.05,Middels_90,271,2756,0.8968,1336.5
0.05,Middels_90,272,2518,0.8975,1463.0
0.05,Middels_90,273,843,0.9677,4377.1
0.05,Middels_90,274,2224,0.9089,1656.7
0.05,Middels_90,275,2709,0.8878,1359.2
0.05,Middels_90,276,3294,0.8573,1118.4
0.05,Middels_90,277,3335,0.8729,1104.8
0.05,Middels_90,278,2204,0.9099,1670.5
0.05,Middels_90,279,1477,0.9401,2493.2
0.05,Middels_90,280,3626,0.8469,1015.8
0.05,Middels_90,281,2965,0.8699,1242.3
0.05,Middels_90,282,795,0.9701,4632.5
0.05,Middels_90,283,4255,0.8139,865.6
0.05,Middels_90,284,2160,0.9125,1705.9
0.05,Middels_90,285,2219,0.909,1659.4
0.05,Middels_90,286,3064,0.8653,1202.0
0.05,Middels_90,287,2996,0.8742,1229.1
0.05,Middels_90,288,2261,0.9101,1628.4
0.05,Middels_90,289,4413,0.8076,834.9
0.05,Middels_90,290,4514,0.8165,816.0
0.05,Middels_90,291,3608,0.8641,1021.3
0.05,Middels_90,292,2096,0.9128,1758.3
0.05,Middels_90,293,3058,0.8734,1204.4
0.05,Middels_90,294,2261,0.9092,1628.3
0.05,Middels_90,295,3794,0.8395,970.5
0.05,Middels_90,296,2492,0.8932,1477.6
0.05,Middels_90,297,2344,0.9001,1571.6
0.05,Middels_90,298,1634,0.9372,2255.2
0.05,Middels_90,299,1921,0.9235,1918.1
0.05,Middels_90,300,3288,0.8661,1120.3
0.05,Middels_90,301,1816,0.9208,2028.8
0.05,Middels_90,302,1974,0.9233,1864.9
0.05,Middels_90,303,2965,0.8823,1242.3
0.05,Middels_90,304,3891,0.8546,946.4
0.05,Middels_90,305,2919,0.8834,1261.5
0.05,Middels_90,306,1497,0.9383,2460.5
0.05,Middels_90,307,4291,0.8297,858.4
0.05,Middels_90,308,3098,0.8819,1188.9
0.05,Middels_90,309,3870,0.8449,951.6
0.05,Middels_90,310,482,0.9815,8583.7
0.05,Middels_90,311,2483,0.8943,1483.4
0.05,Middels_90,312,504,0.9892,13734.7
0.05,Middels_90,313,1917,0.9227,1921.0
0.05,Middels_90,314,4988,0.8119,738.6
0.05,Middels_90,315,2119,0.9145,1738.3
0.05,Middels_90,316,1509,0.9393,2440.8
0.05,Middels_90,317,2720,0.8868,1354.7
0.05,Middels_90,318,2273,0.9013,1620.1
0.05,Middels_90,319,731,0.9701,5043.2
0.05,Middels_90,320,3486,0.8511,1056.2
0.05,Middels_90,321,3358,0.8618,1096.9
0.05,Middels_90,322,3308,0.8565,1113.7
0.05,Middels_90,323,1438,0.9408,2562.4
0.05,Middels_90,324,5085,0.8088,724.6
0.05,Middels_90,325,1396,0.9398,2639.7
0.05,Middels_90,326,1459,0.9407,2526.3
0.05,Middels_90,327,3450,0.8588,1067.6
0.05,Middels_90,328,1641,0.9355,2246.1
0.05,Middels_90,329,766,0.9709,4810.1
0.05,Middels_90,330,3644,0.8518,1010.9
0.05,Middels_90,331,3395,0.8646,1084.8
0.05,Middels_90,332,4466,0.8223,824.7
0.05,Middels_90,333,1988,0.9128,1852.6
0.05,Middels_90,334,741,0.972,4970.9
0.05,Middels_90,335,2496,0.8935,1476.3
0.05,Middels_90,336,2089,0.9201,1764.2
0.05,Middels_90,337,3692,0.8591,997.9
0.05,Middels_90,338,1273,0.9462,2891.3
0.05,Middels_90,339,640,0.9736,5759.6
0.05,Middels_90,340,3035,0.8674,1213.6
0.05,Middels_90,341,2208,0.905,1669.0
0.05,Middels_90,342,3996,0.8425,921.7
0.05,Middels_90,343,515,0.9856,11167.7
0.05,Middels_90,344,1999,0.9182,1842.6
0.05,Middels_90,345,1641,0.9317,2245.7
0.05,Middels_90,346,4100,0.822,898.3
0.05,Middels_90,347,3659,0.8561,1006.5
0.05,Middels_90,348,2792,0.8868,1319.4
0.05,Middels_90,349,524,0.99,16052.0
0.05,Middels_90,350,510,0.99,15997.0
0.05,Middels_90,351,2776,0.8885,1327.4
0.05,Middels_90,352,851,0.9663,4332.8
0.05,Middels_90,353,3211,0.8784,1146.9
0.05,Middels_90,354,518,0.99,15369.2
0.05,Middels_90,355,3972,0.8427,927.5
0.05,Middels_90,356,521,0.99,14788.5
0.05,Middels_90,357,1580,0.9375,2331.3
0.05,Middels_90,358,4351,0.8182,846.6
0.05,Middels_90,359,511,0.9858,10787.9
0.05,Middels_90,360,899,0.9605,4102.7
0.05,Middels_90,361,3260,0.8612,1130.0
0.05,Middels_90,362,501,0.99,15972.6
0.05,Middels_90,363,1575,0.9306,2338.6
0.05,Middels_90,364,1069,0.9588,3445.1
0.05,Middels_90,365,1418,0.9434,2597.8
0.05,Middels_90,366,622,0.9764,5913.1
0.05,Middels_90,367,3422,0.8545,1076.1
0.05,Middels_90,368,2265,0.9002,1627.0
0.05,Middels_90,369,2622,0.8964,1404.9
0.05,Middels_90,370,3443,0.8714,1069.7
0.05,Middels_90,371,2636,0.8839,1397.8
0.05,Middels_90,372,1832,0.9262,2009.9
0.05,Middels_90,373,515,0.9834,8841.2
0.05,Middels_90,374,2575,0.9017,1430.3
0.05,Middels_90,375,2222,0.9072,1658.0
0.05,Middels_90,376,3534,0.8545,1042.4
0.05,Middels_90,377,2352,0.9,1566.0
0.05,Middels_90,378,1442,0.9406,2553.6
0.05,Middels_90,379,2412,0.895,1527.0
0.05,Middels_90,380,2330,0.8981,1580.5
0.05,Middels_90,381,2197,0.9041,1676.4
0.05,Middels_90,382,2789,0.8905,1320.8
0.05,Middels_90,383,2978,0.8873,1237.2
0.05,Middels_90,384,1557,0.9333,2367.7
0.05,Middels_90,385,1824,0.9318,2020.4
0.05,Middels_90,386,5130,0.8053,718.0
0.05,Middels_90,387,1719,0.9266,2143.3
0.05,Middels_90,388,2427,0.9038,1518.0
0.05,Middels_90,389,2037,0.915,1807.8
0.05,Middels_90,390,3002,0.8854,1227.0
0.05,Middels_90,391,1810,0.9251,2035.6
0.05,Middels_90,392,1554,0.9342,2369.5
0.05,Middels_90,393,496,0.99,14147.2
0.05,Middels_90,394,2582,0.9022,1426.1
0.05,Middels_90,395,2484,0.8991,1482.7
0.05,Middels_90,396,2552,0.8891,1443.4
0.05,Middels_90,397,1126,0.9515,3270.8
0.05,Middels_90,398,3231,0.858,1140.3
0.05,Middels_90,399,2681,0.8911,1373.3
0.05,Middels_90,400,3839,0.8356,959.5
0.05,Middels_90,401,2832,0.8877,1301.1
0.05,Middels_90,402,2635,0.8938,1398.1
0.05,Middels_90,403,2968,0.8858,1241.0
0.05,Middels_90,404,2264,0.9102,1627.4
0.05,Middels_90,405,1183,0.9542,3111.5
0.05,Middels_90,406,3699,0.8557,995.9
0.05,Middels_90,407,2058,0.9187,1789.4
0.05,Middels_90,408,1588,0.9344,2318.8
0.05,Middels_90,409,3610,0.8422,1020.3
0.05,Middels_90,410,3150,0.8615,1169.3
0.05,Middels_90,411,2313,0.8986,1592.9
0.05,Middels_90,412,4017,0.829,916.7
0.05,Middels_90,413,2086,0.9082,1764.6
0.05,Middels_90,414,2148,0.908,1715.1
0.05,Middels_90,415,2321,0.9068,1587.1
0.05,Middels_90,416,3325,0.8538,1107.3
0.05,Middels_90,417,3925,0.8395,938.6
0.05,Middels_90,418,2869,0.8923,1283.9
0.05,Middels_90,419,3027,0.8782,1217.0
0.05,Middels_90,420,3099,0.8663,1188.8
0.05,Middels_90,421,808,0.9647,4564.8
0.05,Middels_90,422,2889,0.8846,1275.2
0.05,Middels_90,423,4423,0.8179,832.7
0.05,Middels_90,424,2798,0.8816,1316.3
0.05,Middels_90,425,511,0.99,15634.0
0.05,Middels_90,426,1616,0.9383,2279.2
0.05,Middels_90,427,2352,0.9111,1565.7
0.05,Middels_90,428,2321,0.9092,1587.0
0.05,Middels_90,429,4592,0.8145,801.9
0.05,Middels_90,430,3715,0.8409,991.4
0.05,Middels_90,431,2027,0.9159,1817.7
0.05,Middels_90,432,5582,0.7897,660.0
0.05,Middels_90,433,3860,0.8365,954.6
0.05,Middels_90,434,4175,0.8263,882.5
0.05,Middels_90,435,1397,0.942,2637.3
0.05,Middels_90,436,2145,0.9131,1717.8
0.05,Middels_90,437,2663,0.9005,1383.6
0.05,Middels_90,438,2657,0.886,1386.3
0.05,Middels_90,439,3868,0.8337,952.3
0.05,Middels_90,440,1805,0.9261,2040.5
0.05,Middels_90,441,1862,0.9192,1976.8
0.05,Middels_90,442,4157,0.8443,886.0
0.05,Middels_90,443,1468,0.9433,2508.7
0.05,Middels_90,444,2862,0.8807,1286.6
0.05,Middels_90,445,5570,0.7741,661.4
0.05,Middels_90,446,4716,0.7972,781.1
0.05,Middels_90,447,2966,0.8753,1241.8
0.05,Middels_90,448,2583,0.8942,1425.5
0.05,Middels_90,449,3638,0.8529,1012.5
0.05,Middels_90,450,3304,0.8715,1114.7
0.05,Middels_90,451,2572,0.9004,1432.3
0.05,Middels_90,452,515,0.9877,13028.8
0.05,Middels_90,453,528,0.9855,10690.1
0.05,Middels_90,454,2595,0.8955,1419.5
0.05,Middels_90,455,1574,0.9392,2340.5
0.05,Middels_90,456,3749,0.8513,982.4
0.05,Middels_90,457,1869,0.9206,1969.8
0.05,Middels_90,458,782,0.9687,4711.3
0.05,Middels_90,459,1865,0.9288,1975.3
0.05,Middels_90,460,2548,0.8897,1445.4
0.05,Middels_90,461,1785,0.9292,2062.2
0.05,Middels_90,462,601,0.9775,6125.3
0.05,Middels_90,463,3085,0.8725,1194.1
0.05,Middels_90,464,2057,0.9157,1789.9
0.05,Middels_90,465,2800,0.8929,1315.5
0.05,Middels_90,466,4891,0.8172,753.1
0.05,Middels_90,467,4122,0.8293,893.6
0.05,Middels_90,468,2889,0.8897,1274.9
0.05,Middels_90,469,1694,0.9324,2173.4
0.05,Middels_90,470,2246,0.9126,1639.4
0.05,Middels_90,471,3156,0.861,1167.0
0.05,Middels_90,472,511,0.99,15128.4
0.05,Middels_90,473,3098,0.8732,1189.2
0.05,Middels_90,474,2197,0.91,1676.3
0.05,Middels_90,475,3619,0.8537,1017.8
0.05,Middels_90,476,773,0.9705,4773.6
0.05,Middels_90,477,2986,0.873,1233.5
0.05,Middels_90,478,511,0.9793,7725.8
0.05,Middels_90,479,3332,0.8633,1105.4
0.05,Middels_90,480,2035,0.9157,1809.5
0.05,Middels_90,481,657,0.9724,5604.4
0.05,Middels_90,482,1790,0.9295,2058.6
0.05,Middels_90,483,2334,0.9073,1578.5
0.05,Middels_90,484,2720,0.8978,1354.5
0.05,Middels_90,485,859,0.9638,4291.6
0.05,Middels_90,486,1286,0.945,2864.4
0.05,Middels_90,487,1763,0.9242,2088.3
0.05,Middels_90,488,2405,0.8985,1532.2
0.05,Middels_90,489,2162,0.907,1702.9
0.05,Middels_90,490,4070,0.8335,905.1
0.05,Middels_90,491,1544,0.941,2385.8
0.05,Middels_90,492,3806,0.8397,967.8
0.05,Middels_90,493,3617,0.858,1018.2
0.05,Middels_90,494,2058,0.9143,1789.2
0.05,Middels_90,495,3023,0.8694,1218.4
0.05,Middels_90,496,3385,0.8677,1088.1
0.05,Middels_90,497,3576,0.8627,1030.0
0.05,Middels_90,498,3216,0.8759,1145.7
0.05,Middels_90,499,4162,0.8321,885.2
0.05,Samferdsel_96,0,754,0.968,4881.7
0.05,Samferdsel_96,1,1680,0.9304,2192.4
0.05,Samferdsel_96,2,2009,0.9115,1832.9
0.05,Samferdsel_96,3,1281,0.9477,2874.8
0.05,Samferdsel_96,4,668,0.9739,5525.9
0.05,Samferdsel_96,5,510,0.9871,12456.4
0.05,Samferdsel_96,6,1741,0.9312,2115.3
0.05,Samferdsel_96,7,1684,0.9354,2188.5
0.05,Samferdsel_96,8,1211,0.954,3039.6
0.05,Samferdsel_96,9,1876,0.9211,1963.0
0.05,Samferdsel_96,10,2498,0.8963,1474.6
0.05,Samferdsel_96,11,801,0.9654,4606.3
0.05,Samferdsel_96,12,507,0.99,13916.0
0.05,Samferdsel_96,13,615,0.9764,5983.0
0.05,Samferdsel_96,14,515,0.99,15981.2
0.05,Samferdsel_96,15,516,0.99,13810.6
0.05,Samferdsel_96,16,515,0.99,14204.9
0.05,Samferdsel_96,17,889,0.962,4142.2
0.05,Samferdsel_96,18,516,0.99,16060.7
0.05,Samferdsel_96,19,521,0.99,14247.4
0.05,Samferdsel_96,20,1880,0.9209,1960.0
0.05,Samferdsel_96,21,2743,0.8949,1342.5
0.05,Samferdsel_96,22,1522,0.9406,2421.3
0.05,Samferdsel_96,23,510,0.99,14004.4
0.05,Samferdsel_96,24,1048,0.9572,3516.0
0.05,Samferdsel_96,25,1637,0.9361,2249.0
0.05,Samferdsel_96,26,1676,0.9296,2198.9
0.05,Samferdsel_96,27,495,0.99,15146.4
0.05,Samferdsel_96,28,1292,0.9483,2852.8
0.05,Samferdsel_96,29,508,0.99,14221.8
0.05,Samferdsel_96,30,1140,0.953,3228.4
0.05,Samferdsel_96,31,560,0.9782,6561.9
0.05,Samferdsel_96,32,507,0.9819,8493.0
0.05,Samferdsel_96,33,495,0.99,14367.3
0.05,Samferdsel_96,34,503,0.99,15078.7
0.05,Samferdsel_96,35,3204,0.8708,1149.9
0.05,Samferdsel_96,36,1673,0.9274,2201.1
0.05,Samferdsel_96,37,515,0.99,14570.2
0.05,Samferdsel_96,38,1257,0.9455,2932.1
0.05,Samferdsel_96,39,517,0.99,14437.9
0.05,Samferdsel_96,40,510,0.99,15673.4
0.05,Samferdsel_96,41,986,0.9607,3735.5
0.05,Samferdsel_96,42,930,0.9593,3956.4
0.05,Samferdsel_96,43,517,0.99,14656.8
0.05,Samferdsel_96,44,515,0.99,15526.2
0.05,Samferdsel_96,45,518,0.99,14297.9
0.05,Samferdsel_96,46,1236,0.9493,2982.5
0.05,Samferdsel_96,47,2197,0.9042,1676.2
0.05,Samferdsel_96,48,1805,0.923,2039.6
0.05,Samferdsel_96,49,1480,0.9375,2491.0
0.05,Samferdsel_96,50,921,0.9604,4000.6
0.05,Samferdsel_96,51,731,0.9702,5041.8
0.05,Samferdsel_96,52,497,0.9808,7466.7
0.05,Samferdsel_96,53,1232,0.9484,2989.6
0.05,Samferdsel_96,54,525,0.99,13833.9
0.05,Samferdsel_96,55,2964,0.8704,1243.3
0.05,Samferdsel_96,56,997,0.9595,3699.4
0.05,Samferdsel_96,57,955,0.9613,3859.7
0.05,Samferdsel_96,58,1552,0.9397,2374.5
0.05,Samferdsel_96,59,1188,0.9522,3100.8
0.05,Samferdsel_96,60,500,0.99,15163.9
0.05,Samferdsel_96,61,494,0.99,14770.3
0.05,Samferdsel_96,62,1033,0.9584,3566.1
0.05,Samferdsel_96,63,1130,0.9512,3261.6
0.05,Samferdsel_96,64,2944,0.8708,1251.3
0.05,Samferdsel_96,65,1063,0.9537,3464.0
0.05,Samferdsel_96,66,543,0.99,14730.2
0.05,Samferdsel_96,67,2517,0.9037,1463.7
0.05,Samferdsel_96,68,966,0.9604,3809.5
0.05,Samferdsel_96,69,508,0.99,13993.3
0.05,Samferdsel_96,70,509,0.99,14677.0
0.05,Samferdsel_96,71,1131,0.9549,3257.3
0.05,Samferdsel_96,72,503,0.99,15000.7
0.05,Samferdsel_96,73,2099,0.9186,1754.0
0.05,Samferdsel_96,74,1033,0.9551,3567.0
0.05,Samferdsel_96,75,2390,0.9067,1541.6
0.05,Samferdsel_96,76,1644,0.9343,2240.8
0.05,Samferdsel_96,77,503,0.99,14821.3
0.05,Samferdsel_96,78,2026,0.9129,1819.4
0.05,Samferdsel_96,79,3503,0.8524,1051.6
0.05,Samferdsel_96,80,1294,0.9463,2844.8
0.05,Samferdsel_96,81,517,0.985,9253.0
0.05,Samferdsel_96,82,510,0.99,15556.5
0.05,Samferdsel_96,83,1830,0.9286,2014.2
0.05,Samferdsel_96,84,1469,0.9397,2507.7
0.05,Samferdsel_96,85,1042,0.9581,3532.7
0.05,Samferdsel_96,86,986,0.9577,3735.9
0.05,Samferdsel_96,87,507,0.99,15810.5
0.05,Samferdsel_96,88,525,0.99,14618.6
0.05,Samferdsel_96,89,509,0.99,14412.1
0.05,Samferdsel_96,90,567,0.9783,6482.7
0.05,Samferdsel_96,91,522,0.99,14022.0
0.05,Samferdsel_96,92,536,0.9788,6885.6
0.05,Samferdsel_96,93,662,0.9736,5569.4
0.05,Samferdsel_96,94,502,0.99,14679.3
0.05,Samferdsel_96,95,502,0.99,15016.3
0.05,Samferdsel_96,96,535,0.99,15714.5
0.05,Samferdsel_96,97,514,0.9818,8636.1
0.05,Samferdsel_96,98,1168,0.9503,3153.1
0.05,Samferdsel_96,99,509,0.99,15027.4
0.05,Samferdsel_96,100,2824,0.8931,1304.8
0.05,Samferdsel_96,101,669,0.9714,5513.2
0.05,Samferdsel_96,102,2518,0.902,1462.6
0.05,Samferdsel_96,103,1677,0.9312,2197.9
0.05,Samferdsel_96,104,1694,0.929,2173.5
0.05,Samferdsel_96,105,507,0.981,7572.9
0.05,Samferdsel_96,106,1144,0.9561,3221.5
0.05,Samferdsel_96,107,1347,0.9452,2736.8
0.05,Samferdsel_96,108,517,0.99,15282.1
0.05,Samferdsel_96,109,945,0.9601,3893.6
0.05,Samferdsel_96,110,1298,0.9484,2839.5
0.05,Samferdsel_96,111,504,0.99,15554.2
0.05,Samferdsel_96,112,564,0.9785,6541.9
0.05,Samferdsel_96,113,1046,0.9604,3523.4
0.05,Samferdsel_96,114,4282,0.8376,860.2
0.05,Samferdsel_96,115,517,0.99,14404.2
0.05,Samferdsel_96,116,1364,0.949,2699.9
0.05,Samferdsel_96,117,693,0.9738,5314.1
0.05,Samferdsel_96,118,803,0.9658,4588.4
0.05,Samferdsel_96,119,1613,0.9292,2284.1
0.05,Samferdsel_96,120,1228,0.9496,3000.1
0.05,Samferdsel_96,121,518,0.99,16048.8
0.05,Samferdsel_96,122,1959,0.9199,1880.5
0.05,Samferdsel_96,123,2761,0.8835,1334.4
0.05,Samferdsel_96,124,1558,0.9354,2365.6
0.05,Samferdsel_96,125,628,0.9726,5868.1
0.05,Samferdsel_96,126,1925,0.9233,1912.1
0.05,Samferdsel_96,127,1189,0.9515,3097.6
0.05,Samferdsel_96,128,1442,0.9457,2552.2
0.05,Samferdsel_96,129,503,0.99,14906.0
0.05,Samferdsel_96,130,1791,0.9212,2056.1
0.05,Samferdsel_96,131,523,0.99,14851.3
0.05,Samferdsel_96,132,1463,0.9426,2516.8
0.05,Samferdsel_96,133,798,0.9652,4614.4
0.05,Samferdsel_96,134,1391,0.9421,2647.8
0.05,Samferdsel_96,135,578,0.9749,6384.1
0.05,Samferdsel_96,136,503,0.99,15864.5
0.05,Samferdsel_96,137,521,0.99,15105.7
0.05,Samferdsel_96,138,1602,0.9401,2297.9
0.05,Samferdsel_96,139,647,0.9746,5699.9
0.05,Samferdsel_96,140,1636,0.9339,2251.7
0.05,Samferdsel_96,141,2001,0.92,1840.3
0.05,Samferdsel_96,142,509,0.99,15736.1
0.05,Samferdsel_96,143,663,0.9713,5554.3
0.05,Samferdsel_96,144,511,0.99,15523.5
0.05,Samferdsel_96,145,2883,0.8853,1277.8
0.05,Samferdsel_96,146,1412,0.9472,2608.3
0.05,Samferdsel_96,147,518,0.99,14318.3
0.05,Samferdsel_96,148,802,0.9659,4594.8
0.05,Samferdsel_96,149,1151,0.9495,3201.7
0.05,Samferdsel_96,150,503,0.99,14689.9
0.05,Samferdsel_96,151,1306,0.9474,2820.6
0.05,Samferdsel_96,152,508,0.99,13851.6
0.05,Samferdsel_96,153,521,0.9785,7078.6
0.05,Samferdsel_96,154,535,0.99,16067.3
0.05,Samferdsel_96,155,3233,0.8759,1139.1
0.05,Samferdsel_96,156,965,0.9595,3813.5
0.05,Samferdsel_96,157,1735,0.9235,2122.9
0.05,Samferdsel_96,158,1372,0.9416,2683.1
0.05,Samferdsel_96,159,1921,0.9189,1918.0
0.05,Samferdsel_96,160,511,0.99,13920.3
0.05,Samferdsel_96,161,3218,0.8797,1144.8
0.05,Samferdsel_96,162,1270,0.9457,2900.8
0.05,Samferdsel_96,163,2828,0.8832,1302.0
0.05,Samferdsel_96,164,501,0.99,15705.6
0.05,Samferdsel_96,165,516,0.9877,11972.3
0.05,Samferdsel_96,166,717,0.969,5148.1
0.05,Samferdsel_96,167,2174,0.9149,1694.1
0.05,Samferdsel_96,168,2026,0.9214,1819.2
0.05,Samferdsel_96,169,1074,0.9591,3432.1
0.05,Samferdsel_96,170,1790,0.9273,2057.6
0.05,Samferdsel_96,171,532,0.99,14948.4
0.05,Samferdsel_96,172,2968,0.887,1240.7
0.05,Samferdsel_96,173,507,0.9872,12320.6
0.05,Samferdsel_96,174,503,0.99,14485.6
0.05,Samferdsel_96,175,1858,0.9252,1983.0
0.05,Samferdsel_96,176,2446,0.9059,1506.4
0.05,Samferdsel_96,177,2560,0.9018,1439.1
0.05,Samferdsel_96,178,913,0.9606,4038.6
0.05,Samferdsel_96,179,529,0.9799,6967.9
0.05,Samferdsel_96,180,943,0.9642,3904.9
0.05,Samferdsel_96,181,2331,0.9033,1579.4
0.05,Samferdsel_96,182,3198,0.8628,1151.8
0.05,Samferdsel_96,183,3489,0.8601,1055.8
0.05,Samferdsel_96,184,503,0.99,13869.4
0.05,Samferdsel_96,185,2912,0.8813,1264.8
0.05,Samferdsel_96,186,865,0.9633,4257.3
0.05,Samferdsel_96,187,501,0.99,13934.4
0.05,Samferdsel_96,188,1267,0.9509,2905.7
0.05,Samferdsel_96,189,2040,0.9187,1806.7
0.05,Samferdsel_96,190,507,0.99,15751.9
0.05,Samferdsel_96,191,515,0.99,16014.6
0.05,Samferdsel_96,192,515,0.99,13888.7
0.05,Samferdsel_96,193,3251,0.8617,1133.5
0.05,Samferdsel_96,194,502,0.9898,15285.8
0.05,Samferdsel_96,195,1855,0.9305,1985.6
0.05,Samferdsel_96,196,903,0.9629,4078.8
0.05,Samferdsel_96,197,887,0.9637,4153.0
0.05,Samferdsel_96,198,2113,0.9194,1742.4
0.05,Samferdsel_96,199,769,0.9692,4791.2
0.05,Samferdsel_96,200,1621,0.9387,2272.2
0.05,Samferdsel_96,201,524,0.99,14001.9
0.05,Samferdsel_96,202,889,0.9621,4137.7
0.05,Samferdsel_96,203,1056,0.9588,3488.8
0.05,Samferdsel_96,204,521,0.99,13905.1
0.05,Samferdsel_96,205,528,0.9853,9763.0
0.05,Samferdsel_96,206,1621,0.9315,2273.6
0.05,Samferdsel_96,207,497,0.99,15918.8
0.05,Samferdsel_96,208,1278,0.9514,2882.9
0.05,Samferdsel_96,209,1995,0.9199,1846.3
0.05,Samferdsel_96,210,525,0.99,14622.1
0.05,Samferdsel_96,211,1865,0.9281,1975.6
0.05,Samferdsel_96,212,839,0.967,4391.2
0.05,Samferdsel_96,213,1902,0.9266,1936.7
0.05,Samferdsel_96,214,507,0.99,15881.1
0.05,Samferdsel_96,215,501,0.9861,10212.5
0.05,Samferdsel_96,216,1572,0.9316,2343.6
0.05,Samferdsel_96,217,1281,0.9491,2874.3
0.05,Samferdsel_96,218,515,0.9827,8707.3
0.05,Samferdsel_96,219,522,0.9826,8882.3
0.05,Samferdsel_96,220,739,0.9724,4989.5
0.05,Samferdsel_96,221,1469,0.9358,2506.5
0.05,Samferdsel_96,222,494,0.99,15923.4
0.05,Samferdsel_96,223,2232,0.9122,1649.8
0.05,Samferdsel_96,224,1876,0.9173,1962.2
0.05,Samferdsel_96,225,501,0.99,15968.5
0.05,Samferdsel_96,226,2244,0.9039,1641.5
0.05,Samferdsel_96,227,525,0.99,14066.0
0.05,Samferdsel_96,228,923,0.962,3990.9
0.05,Samferdsel_96,229,843,0.9668,4372.1
0.05,Samferdsel_96,230,509,0.9876,12977.8
0.05,Samferdsel_96,231,504,0.99,15252.4
0.05,Samferdsel_96,232,2096,0.9189,1757.7
0.05,Samferdsel_96,233,636,0.974,5793.0
0.05,Samferdsel_96,234,1988,0.9212,1851.7
0.05,Samferdsel_96,235,3114,0.8753,1182.6
0.05,Samferdsel_96,236,787,0.9659,4688.7
0.05,Samferdsel_96,237,500,0.99,15849.6
0.05,Samferdsel_96,238,2300,0.9004,1602.1
0.05,Samferdsel_96,239,1754,0.9262,2100.7
0.05,Samferdsel_96,240,536,0.99,15514.0
0.05,Samferdsel_96,241,511,0.99,14564.2
0.05,Samferdsel_96,242,1173,0.954,3142.2
0.05,Samferdsel_96,243,1677,0.9342,2197.0
0.05,Samferdsel_96,244,1232,0.9518,2986.5
0.05,Samferdsel_96,245,507,0.99,13977.7
0.05,Samferdsel_96,246,515,0.99,14284.3
0.05,Samferdsel_96,247,1909,0.9207,1930.2
0.05,Samferdsel_96,248,819,0.9672,4494.2
0.05,Samferdsel_96,249,525,0.9785,7020.9
0.05,Samferdsel_96,250,501,0.99,15271.1
0.05,Samferdsel_96,251,517,0.99,14445.5
0.05,Samferdsel_96,252,514,0.99,14490.7
0.05,Samferdsel_96,253,2030,0.9173,1814.0
0.05,Samferdsel_96,254,1141,0.9534,3227.2
0.05,Samferdsel_96,255,1509,0.936,2441.2
0.05,Samferdsel_96,256,811,0.9673,4540.3
0.05,Samferdsel_96,257,2252,0.9034,1635.7
0.05,Samferdsel_96,258,2145,0.9173,1717.9
0.05,Samferdsel_96,259,515,0.99,14822.6
0.05,Samferdsel_96,260,1188,0.9527,3100.1
0.05,Samferdsel_96,261,1841,0.9311,2000.0
0.05,Samferdsel_96,262,3456,0.8623,1065.8
0.05,Samferdsel_96,263,552,0.9773,6663.3
0.05,Samferdsel_96,264,511,0.99,15058.0
0.05,Samferdsel_96,265,1425,0.939,2584.8
0.05,Samferdsel_96,266,1153,0.9567,3194.1
0.05,Samferdsel_96,267,3071,0.8714,1199.5
0.05,Samferdsel_96,268,2800,0.8876,1315.4
0.05,Samferdsel_96,269,503,0.99,14547.5
0.05,Samferdsel_96,270,514,0.99,14749.8
0.05,Samferdsel_96,271,1154,0.9568,3192.5
0.05,Samferdsel_96,272,1043,0.9575,3529.8
0.05,Samferdsel_96,273,507,0.99,14123.0
0.05,Samferdsel_96,274,759,0.9689,4854.9
0.05,Samferdsel_96,275,1260,0.9478,2920.1
0.05,Samferdsel_96,276,1909,0.9173,1930.1
0.05,Samferdsel_96,277,1761,0.9329,2092.6
0.05,Samferdsel_96,278,738,0.9699,4995.2
0.05,Samferdsel_96,279,525,0.99,14928.8
0.05,Samferdsel_96,280,2205,0.9069,1670.2
0.05,Samferdsel_96,281,1599,0.9299,2305.8
0.05,Samferdsel_96,282,530,0.99,13834.5
0.05,Samferdsel_96,283,2883,0.8739,1277.4
0.05,Samferdsel_96,284,678,0.9725,5425.7
0.05,Samferdsel_96,285,756,0.969,4871.2
0.05,Samferdsel_96,286,1699,0.9253,2167.7
0.05,Samferdsel_96,287,1567,0.9342,2349.5
0.05,Samferdsel_96,288,753,0.9701,4896.2
0.05,Samferdsel_96,289,3036,0.8676,1213.1
0.05,Samferdsel_96,290,3037,0.8765,1212.5
0.05,Samferdsel_96,291,2014,0.9241,1828.9
0.05,Samferdsel_96,292,654,0.9728,5643.8
0.05,Samferdsel_96,293,1609,0.9334,2288.9
0.05,Samferdsel_96,294,767,0.9692,4801.2
0.05,Samferdsel_96,295,2377,0.8995,1550.1
0.05,Samferdsel_96,296,1092,0.9532,3371.1
0.05,Samferdsel_96,297,937,0.9601,3932.4
0.05,Samferdsel_96,298,522,0.99,14154.4
0.05,Samferdsel_96,299,488,0.9835,8910.5
0.05,Samferdsel_96,300,1816,0.9261,2029.5
0.05,Samferdsel_96,301,500,0.9808,8377.1
0.05,Samferdsel_96,302,521,0.9833,8576.5
0.05,Samferdsel_96,303,1453,0.9423,2535.2
0.05,Samferdsel_96,304,2286,0.9146,1611.6
0.05,Samferdsel_96,305,1418,0.9434,2599.0
0.05,Samferdsel_96,306,511,0.99,15172.6
0.05,Samferdsel_96,307,2779,0.8897,1325.3
0.05,Samferdsel_96,308,1524,0.9419,2416.0
0.05,Samferdsel_96,309,2372,0.9049,1552.3
0.05,Samferdsel_96,310,482,0.99,15850.8
0.05,Samferdsel_96,311,1075,0.9543,3429.3
0.05,Samferdsel_96,312,504,0.99,14846.6
0.05,Samferdsel_96,313,524,0.9827,8594.1
0.05,Samferdsel_96,314,3398,0.8719,1084.5
0.05,Samferdsel_96,315,633,0.9745,5825.1
0.05,Samferdsel_96,316,497,0.99,14819.3
0.05,Samferdsel_96,317,1279,0.9468,2881.5
0.05,Samferdsel_96,318,892,0.9613,4134.5
0.05,Samferdsel_96,319,529,0.99,15092.4
0.05,Samferdsel_96,320,2083,0.9111,1769.2
0.05,Samferdsel_96,321,1901,0.9218,1938.8
0.05,Samferdsel_96,322,1924,0.9165,1914.0
0.05,Samferdsel_96,323,504,0.99,15171.9
0.05,Samferdsel_96,324,3489,0.8688,1056.0
0.05,Samferdsel_96,325,501,0.99,15897.7
0.05,Samferdsel_96,326,515,0.99,14973.0
0.05,Samferdsel_96,327,1985,0.9188,1856.4
0.05,Samferdsel_96,328,538,0.99,14483.0
0.05,Samferdsel_96,329,504,0.99,13976.5
0.05,Samferdsel_96,330,2168,0.9118,1698.9
0.05,Samferdsel_96,331,1890,0.9246,1948.0
0.05,Samferdsel_96,332,2959,0.8823,1245.1
0.05,Samferdsel_96,333,621,0.9728,5934.3
0.05,Samferdsel_96,334,523,0.99,13929.2
0.05,Samferdsel_96,335,1090,0.9535,3380.9
0.05,Samferdsel_96,336,523,0.9801,7094.5
0.05,Samferdsel_96,337,2119,0.9191,1737.9
0.05,Samferdsel_96,338,511,0.99,15558.0
0.05,Samferdsel_96,339,524,0.99,15203.2
0.05,Samferdsel_96,340,1662,0.9274,2216.7
0.05,Samferdsel_96,341,812,0.965,4531.7
0.05,Samferdsel_96,342,2474,0.9025,1489.1
0.05,Samferdsel_96,343,515,0.99,16120.2
0.05,Samferdsel_96,344,532,0.9782,6918.9
0.05,Samferdsel_96,345,517,0.99,15340.2
0.05,Samferdsel_96,346,2719,0.882,1355.2
0.05,Samferdsel_96,347,2134,0.9161,1726.2
0.05,Samferdsel_96,348,1312,0.9468,2808.7
0.05,Samferdsel_96,349,524,0.99,16052.0
0.05,Samferdsel_96,350,510,0.99,15997.0
0.05,Samferdsel_96,351,1281,0.9485,2873.8
0.05,Samferdsel_96,352,523,0.99,14600.9
0.05,Samferdsel_96,353,1627,0.9384,2264.6
0.05,Samferdsel_96,354,518,0.99,15369.2
0.05,Samferdsel_96,355,2456,0.9027,1499.7
0.05,Samferdsel_96,356,521,0.99,14788.5
0.05,Samferdsel_96,357,515,0.99,14560.8
0.05,Samferdsel_96,358,2916,0.8782,1263.6
0.05,Samferdsel_96,359,511,0.99,15280.2
0.05,Samferdsel_96,360,508,0.99,16194.1
0.05,Samferdsel_96,361,1851,0.9212,1990.9
0.05,Samferdsel_96,362,501,0.99,15972.6
0.05,Samferdsel_96,363,510,0.99,16229.4
0.05,Samferdsel_96,364,503,0.99,14181.0
0.05,Samferdsel_96,365,503,0.99,14700.3
0.05,Samferdsel_96,366,504,0.99,13957.8
0.05,Samferdsel_96,367,2012,0.9145,1831.1
0.05,Samferdsel_96,368,903,0.9602,4077.5
0.05,Samferdsel_96,369,1103,0.9564,3339.5
0.05,Samferdsel_96,370,1838,0.9314,2005.0
0.05,Samferdsel_96,371,1273,0.9439,2893.2
0.05,Samferdsel_96,372,525,0.9862,10735.8
0.05,Samferdsel_96,373,515,0.99,14671.6
0.05,Samferdsel_96,374,1004,0.9617,3672.1
0.05,Samferdsel_96,375,787,0.9672,4689.5
0.05,Samferdsel_96,376,2077,0.9145,1773.6
0.05,Samferdsel_96,377,941,0.96,3915.4
0.05,Samferdsel_96,378,530,0.99,15167.9
0.05,Samferdsel_96,379,1034,0.955,3564.6
0.05,Samferdsel_96,380,958,0.9581,3842.3
0.05,Samferdsel_96,381,823,0.9641,4476.4
0.05,Samferdsel_96,382,1260,0.9505,2921.5
0.05,Samferdsel_96,383,1392,0.9473,2645.7
0.05,Samferdsel_96,384,514,0.99,15787.6
0.05,Samferdsel_96,385,518,0.99,13770.2
0.05,Samferdsel_96,386,3549,0.8653,1037.8
0.05,Samferdsel_96,387,501,0.9866,11708.4
0.05,Samferdsel_96,388,914,0.9638,4034.2
0.05,Samferdsel_96,389,599,0.975,6149.2
0.05,Samferdsel_96,390,1431,0.9454,2575.4
0.05,Samferdsel_96,391,517,0.9851,10223.6
0.05,Samferdsel_96,392,501,0.99,15594.2
0.05,Samferdsel_96,393,496,0.99,14147.2
0.05,Samferdsel_96,394,999,0.9622,3688.3
0.05,Samferdsel_96,395,1007,0.9591,3658.0
0.05,Samferdsel_96,396,1172,0.9491,3144.9
0.05,Samferdsel_96,397,507,0.99,15862.4
0.05,Samferdsel_96,398,1866,0.918,1975.1
0.05,Samferdsel_96,399,1204,0.9511,3057.5
0.05,Samferdsel_96,400,2436,0.8956,1511.2
0.05,Samferdsel_96,401,1320,0.9477,2792.9
0.05,Samferdsel_96,402,1146,0.9538,3213.8
0.05,Samferdsel_96,403,1410,0.9458,2614.5
0.05,Samferdsel_96,404,752,0.9702,4903.4
0.05,Samferdsel_96,405,524,0.99,14261.3
0.05,Samferdsel_96,406,2161,0.9157,1704.4
0.05,Samferdsel_96,407,539,0.9787,6833.3
0.05,Samferdsel_96,408,523,0.99,15219.9
0.05,Samferdsel_96,409,2238,0.9022,1646.0
0.05,Samferdsel_96,410,1785,0.9215,2063.3
0.05,Samferdsel_96,411,944,0.9586,3901.5
0.05,Samferdsel_96,412,2609,0.889,1412.2
0.05,Samferdsel_96,413,724,0.9682,5090.1
0.05,Samferdsel_96,414,747,0.968,4929.5
0.05,Samferdsel_96,415,826,0.9668,4457.8
0.05,Samferdsel_96,416,1960,0.9138,1878.0
0.05,Samferdsel_96,417,2457,0.8995,1499.0
0.05,Samferdsel_96,418,1271,0.9523,2897.5
0.05,Samferdsel_96,419,1536,0.9382,2398.8
0.05,Samferdsel_96,420,1707,0.9263,2156.8
0.05,Samferdsel_96,421,504,0.99,16121.1
0.05,Samferdsel_96,422,1386,0.9446,2657.2
0.05,Samferdsel_96,423,2966,0.8779,1241.7
0.05,Samferdsel_96,424,1382,0.9416,2667.8
0.05,Samferdsel_96,425,511,0.99,15634.0
0.05,Samferdsel_96,426,524,0.99,14052.1
0.05,Samferdsel_96,427,763,0.9711,4819.2
0.05,Samferdsel_96,428,788,0.9692,4676.9
0.05,Samferdsel_96,429,3107,0.8745,1185.4
0.05,Samferdsel_96,430,2314,0.9009,1591.9
0.05,Samferdsel_96,431,581,0.9759,6338.7
0.05,Samferdsel_96,432,3989,0.8497,923.5
0.05,Samferdsel_96,433,2442,0.8965,1507.8
0.05,Samferdsel_96,434,2733,0.8863,1348.0
0.05,Samferdsel_96,435,543,0.99,15305.7
0.05,Samferdsel_96,436,663,0.9731,5551.8
0.05,Samferdsel_96,437,1056,0.9605,3485.5
0.05,Samferdsel_96,438,1258,0.946,2927.9
0.05,Samferdsel_96,439,2471,0.8937,1489.8
0.05,Samferdsel_96,440,510,0.9861,10829.8
0.05,Samferdsel_96,441,529,0.9792,7676.1
0.05,Samferdsel_96,442,2555,0.9043,1441.2
0.05,Samferdsel_96,443,521,0.99,14223.3
0.05,Samferdsel_96,444,1424,0.9407,2588.9
0.05,Samferdsel_96,445,4091,0.8341,900.5
0.05,Samferdsel_96,446,3321,0.8572,1109.2
0.05,Samferdsel_96,447,1539,0.9353,2392.9
0.05,Samferdsel_96,448,1119,0.9542,3292.4
0.05,Samferdsel_96,449,2154,0.9129,1709.7
0.05,Samferdsel_96,450,1761,0.9315,2091.8
0.05,Samferdsel_96,451,1022,0.9604,3602.1
0.05,Samferdsel_96,452,515,0.99,16073.8
0.05,Samferdsel_96,453,528,0.99,15466.6
0.05,Samferdsel_96,454,1105,0.9555,3332.1
0.05,Samferdsel_96,455,525,0.99,14218.4
0.05,Samferdsel_96,456,2237,0.9113,1646.9
0.05,Samferdsel_96,457,504,0.9806,8072.0
0.05,Samferdsel_96,458,524,0.99,14766.0
0.05,Samferdsel_96,459,523,0.9888,12534.6
0.05,Samferdsel_96,460,1161,0.9497,3171.3
0.05,Samferdsel_96,461,516,0.9892,13562.9
0.05,Samferdsel_96,462,518,0.99,13798.0
0.05,Samferdsel_96,463,1634,0.9325,2256.0
0.05,Samferdsel_96,464,594,0.9757,6204.0
0.05,Samferdsel_96,465,1231,0.9529,2990.5
0.05,Samferdsel_96,466,3286,0.8772,1121.2
0.05,Samferdsel_96,467,2673,0.8893,1378.0
0.05,Samferdsel_96,468,1316,0.9497,2797.2
0.05,Samferdsel_96,469,502,0.99,14689.1
0.05,Samferdsel_96,470,704,0.9726,5234.0
0.05,Samferdsel_96,471,1795,0.921,2053.7
0.05,Samferdsel_96,472,511,0.99,15128.4
0.05,Samferdsel_96,473,1631,0.9332,2257.7
0.05,Samferdsel_96,474,732,0.97,5033.8
0.05,Samferdsel_96,475,2135,0.9137,1725.2
0.05,Samferdsel_96,476,516,0.99,14059.2
0.05,Samferdsel_96,477,1575,0.933,2338.0
0.05,Samferdsel_96,478,511,0.99,15990.9
0.05,Samferdsel_96,479,1869,0.9233,1970.4
0.05,Samferdsel_96,480,587,0.9757,6269.2
0.05,Samferdsel_96,481,523,0.99,15475.8
0.05,Samferdsel_96,482,521,0.9895,13801.3
0.05,Samferdsel_96,483,823,0.9673,4476.1
0.05,Samferdsel_96,484,1124,0.9578,3278.8
0.05,Samferdsel_96,485,503,0.99,15549.9
0.05,Samferdsel_96,486,523,0.99,15744.8
0.05,Samferdsel_96,487,504,0.9842,9997.1
0.05,Samferdsel_96,488,983,0.9585,3748.6
0.05,Samferdsel_96,489,768,0.967,4797.7
0.05,Samferdsel_96,490,2603,0.8935,1415.1
0.05,Samferdsel_96,491,507,0.99,14072.9
0.05,Samferdsel_96,492,2380,0.8997,1547.0
0.05,Samferdsel_96,493,2089,0.918,1763.5
0.05,Samferdsel_96,494,619,0.9743,5963.6
0.05,Samferdsel_96,495,1635,0.9294,2253.2
0.05,Samferdsel_96,496,1851,0.9277,1990.6
0.05,Samferdsel_96,497,2014,0.9227,1829.1
0.05,Samferdsel_96,498,1659,0.9359,2218.7
0.05,Samferdsel_96,499,2674,0.8921,1377.3
