Skala,Scenario,iter,Varighet_Dager,Kartkontor_Dager,Sampled_Manuell_Takt,Sampled_Automasjon,Sampled_Throughput
1.5,Basis_85,0,3423,584,312.4,0.8548,1075.9
1.5,Basis_85,1,4051,594,305.0,0.8323,909.1
1.5,Basis_85,2,4066,564,324.5,0.8209,905.8
1.5,Basis_85,3,3856,620,300.6,0.8426,955.2
1.5,Basis_85,4,3623,619,288.0,0.8584,1016.6
1.5,Basis_85,5,3072,668,320.6,0.8663,1198.9
1.5,Basis_85,6,4233,586,291.2,0.8327,870.3
1.5,Basis_85,7,4294,651,282.7,0.8353,857.9
1.5,Basis_85,8,4049,615,279.5,0.8464,909.8
1.5,Basis_85,9,4123,679,309.7,0.8267,893.3
1.5,Basis_85,10,4533,587,305.9,0.8118,812.6
1.5,Basis_85,11,3391,606,319.0,0.8532,1086.6
1.5,Basis_85,12,1928,600,278.3,0.9272,1910.9
1.5,Basis_85,13,3654,593,282.5,0.8598,1007.9
1.5,Basis_85,14,2323,651,319.6,0.8992,1585.6
1.5,Basis_85,15,3461,573,276.2,0.8703,1064.6
1.5,Basis_85,16,2077,650,284.1,0.9199,1774.1
1.5,Basis_85,17,3479,601,315.1,0.8512,1058.6
1.5,Basis_85,18,2873,584,321.2,0.8748,1282.5
1.5,Basis_85,19,2663,595,284.9,0.897,1383.9
1.5,Basis_85,20,4122,595,309.9,0.8266,893.4
1.5,Basis_85,21,4935,572,282.2,0.8109,746.3
1.5,Basis_85,22,4142,665,287.5,0.8384,889.4
1.5,Basis_85,23,3388,574,280.1,0.8711,1086.8
1.5,Basis_85,24,3715,600,300.8,0.8483,991.6
1.5,Basis_85,25,4214,623,287.2,0.8357,874.0
1.5,Basis_85,26,4002,616,309.8,0.8317,920.6
1.5,Basis_85,27,2385,648,302.9,0.9019,1544.7
1.5,Basis_85,28,3918,542,295.3,0.843,940.0
1.5,Basis_85,29,3164,613,284.4,0.8778,1164.0
1.5,Basis_85,30,3743,557,303.5,0.8458,984.1
1.5,Basis_85,31,3581,586,286.2,0.8609,1028.8
1.5,Basis_85,32,3283,591,307.1,0.8632,1121.9
1.5,Basis_85,33,3136,684,287.3,0.8777,1174.4
1.5,Basis_85,34,2482,606,301.6,0.8984,1484.5
1.5,Basis_85,35,5046,675,297.1,0.7965,729.9
1.5,Basis_85,36,3909,573,319.6,0.8304,942.4
1.5,Basis_85,37,2659,595,291.4,0.8948,1385.0
1.5,Basis_85,38,3660,593,319.4,0.8413,1006.3
1.5,Basis_85,39,2946,614,288.8,0.8845,1250.1
1.5,Basis_85,40,3066,630,313.5,0.8695,1201.2
1.5,Basis_85,41,3756,606,293.3,0.8504,980.7
1.5,Basis_85,42,3441,647,322.1,0.8496,1070.7
1.5,Basis_85,43,2786,672,293.1,0.8891,1321.4
1.5,Basis_85,44,2323,621,310.5,0.9021,1585.6
1.5,Basis_85,45,2831,573,286.0,0.8901,1301.2
1.5,Basis_85,46,3808,563,302.5,0.8436,967.0
1.5,Basis_85,47,4207,620,321.2,0.8165,875.2
1.5,Basis_85,48,4039,703,313.9,0.8278,911.7
1.5,Basis_85,49,3870,675,311.1,0.8365,951.7
1.5,Basis_85,50,3479,592,317.2,0.8502,1058.7
1.5,Basis_85,51,3525,668,300.7,0.8561,1045.0
1.5,Basis_85,52,3527,530,287.3,0.8625,1044.4
1.5,Basis_85,53,3750,571,308.2,0.8431,982.1
1.5,Basis_85,54,3230,592,276.7,0.8787,1140.5
1.5,Basis_85,55,4658,630,322.4,0.7962,790.9
1.5,Basis_85,56,3693,593,300.0,0.8497,997.7
1.5,Basis_85,57,3682,664,298.4,0.8508,1000.0
1.5,Basis_85,58,4170,749,286.6,0.8378,883.4
1.5,Basis_85,59,3841,574,296.7,0.8453,958.8
1.5,Basis_85,60,2434,573,303.3,0.8998,1513.5
1.5,Basis_85,61,3191,592,295.4,0.872,1154.2
1.5,Basis_85,62,3749,630,296.7,0.849,982.7
1.5,Basis_85,63,3596,613,318.0,0.8447,1024.2
1.5,Basis_85,64,4638,691,323.2,0.7965,794.2
1.5,Basis_85,65,3531,654,321.0,0.8462,1043.6
1.5,Basis_85,66,1629,592,294.6,0.9349,2261.9
1.5,Basis_85,67,4802,601,281.9,0.8162,767.0
1.5,Basis_85,68,3660,720,301.4,0.8503,1006.5
1.5,Basis_85,69,3231,587,279.9,0.8772,1140.0
1.5,Basis_85,70,2558,644,293.5,0.8981,1440.7
1.5,Basis_85,71,3835,620,294.0,0.8469,960.2
1.5,Basis_85,72,2289,599,300.0,0.9068,1608.9
1.5,Basis_85,73,4511,587,285.7,0.8251,816.8
1.5,Basis_85,74,3519,621,320.1,0.8471,1046.7
1.5,Basis_85,75,4661,623,287.6,0.818,790.3
1.5,Basis_85,76,4137,559,294.5,0.8346,890.2
1.5,Basis_85,77,2803,616,296.4,0.8872,1314.2
1.5,Basis_85,78,4142,622,317.1,0.8217,889.3
1.5,Basis_85,79,5093,587,310.4,0.7855,723.4
1.5,Basis_85,80,3814,726,305.5,0.8418,965.6
1.5,Basis_85,81,3580,558,277.9,0.865,1029.2
1.5,Basis_85,82,3044,605,311.1,0.8714,1209.9
1.5,Basis_85,83,4325,602,287.5,0.8312,851.5
1.5,Basis_85,84,3952,658,302.3,0.8378,932.1
1.5,Basis_85,85,3758,690,296.3,0.8488,980.0
1.5,Basis_85,86,3526,621,316.4,0.8486,1044.8
1.5,Basis_85,87,2756,668,316.2,0.8817,1336.4
1.5,Basis_85,88,3216,581,292.4,0.8724,1145.4
1.5,Basis_85,89,3233,643,288.2,0.8735,1139.1
1.5,Basis_85,90,3640,640,281.3,0.861,1011.9
1.5,Basis_85,91,3272,612,280.4,0.8755,1126.1
1.5,Basis_85,92,3498,644,292.2,0.8613,1053.0
1.5,Basis_85,93,3552,658,294.3,0.8581,1037.3
1.5,Basis_85,94,2833,578,293.6,0.8871,1300.1
1.5,Basis_85,95,3058,698,300.3,0.8753,1204.2
1.5,Basis_85,96,2681,654,314.3,0.8856,1373.5
1.5,Basis_85,97,3203,630,315.1,0.8631,1150.4
1.5,Basis_85,98,3661,679,313.6,0.8442,1006.1
1.5,Basis_85,99,2930,623,300.5,0.8805,1257.3
1.5,Basis_85,100,5022,651,279.0,0.8099,733.6
1.5,Basis_85,101,3345,692,315.2,0.8568,1100.8
1.5,Basis_85,102,4750,606,286.6,0.8152,775.6
1.5,Basis_85,103,4077,605,302.2,0.8327,903.5
1.5,Basis_85,104,4023,649,308.8,0.8314,915.7
1.5,Basis_85,105,3520,571,287.5,0.8626,1046.1
1.5,Basis_85,106,3969,607,282.7,0.8477,927.9
1.5,Basis_85,107,3904,584,299.8,0.8411,943.7
1.5,Basis_85,108,2742,731,305.6,0.8862,1343.4
1.5,Basis_85,109,3554,619,310.9,0.85,1036.6
1.5,Basis_85,110,3946,581,293.0,0.843,933.3
1.5,Basis_85,111,2498,588,311.1,0.8945,1474.7
1.5,Basis_85,112,3639,686,281.1,0.8611,1012.0
1.5,Basis_85,113,3951,627,279.3,0.8502,932.4
1.5,Basis_85,114,5892,686,279.4,0.7765,625.2
1.5,Basis_85,115,2789,593,288.1,0.891,1321.2
1.5,Basis_85,116,4186,644,275.6,0.8434,879.8
1.5,Basis_85,117,3745,628,278.7,0.8583,983.2
1.5,Basis_85,118,3440,619,313.9,0.8535,1071.0
1.5,Basis_85,119,3836,629,323.5,0.8315,960.1
1.5,Basis_85,120,3805,602,302.5,0.8437,968.1
1.5,Basis_85,121,2821,672,321.0,0.8771,1305.7
1.5,Basis_85,122,4259,599,301.1,0.826,865.1
1.5,Basis_85,123,4640,640,311.0,0.8041,793.7
1.5,Basis_85,124,3969,578,305.8,0.8352,927.8
1.5,Basis_85,125,3266,564,321.2,0.8576,1127.8
1.5,Basis_85,126,4322,612,293.3,0.828,852.5
1.5,Basis_85,127,3800,640,300.6,0.8449,969.0
1.5,Basis_85,128,4214,553,277.2,0.8414,873.9
1.5,Basis_85,129,2510,571,298.1,0.8984,1467.5
1.5,Basis_85,130,3940,585,323.9,0.8267,934.7
1.5,Basis_85,131,2349,586,297.0,0.9053,1568.5
1.5,Basis_85,132,4088,626,289.1,0.8395,900.9
1.5,Basis_85,133,3366,647,321.4,0.8531,1094.1
1.5,Basis_85,134,3861,628,306.7,0.8392,954.0
1.5,Basis_85,135,3244,542,320.4,0.8589,1135.7
1.5,Basis_85,136,3000,620,317.3,0.8708,1228.2
1.5,Basis_85,137,3045,581,302.1,0.8751,1209.1
1.5,Basis_85,138,4333,552,275.3,0.8381,849.9
1.5,Basis_85,139,3589,662,290.0,0.8587,1026.4
1.5,Basis_85,140,4100,592,297.6,0.8343,898.3
1.5,Basis_85,141,4352,637,294.5,0.826,846.3
1.5,Basis_85,142,2975,636,314.7,0.8729,1237.8
1.5,Basis_85,143,3309,608,318.9,0.8568,1113.4
1.5,Basis_85,144,2383,654,310.5,0.8996,1546.6
1.5,Basis_85,145,4897,595,293.1,0.8052,752.3
1.5,Basis_85,146,4214,570,275.6,0.8423,873.8
1.5,Basis_85,147,3342,570,286.4,0.8701,1102.3
1.5,Basis_85,148,3442,647,313.4,0.8535,1070.0
1.5,Basis_85,149,3561,578,323.4,0.8437,1034.6
1.5,Basis_85,150,2881,572,293.8,0.8851,1278.9
1.5,Basis_85,151,3912,592,296.7,0.8424,941.6
1.5,Basis_85,152,3120,592,277.0,0.8827,1180.8
1.5,Basis_85,153,3360,600,304.4,0.8611,1095.8
1.5,Basis_85,154,2961,579,321.3,0.8708,1243.8
1.5,Basis_85,155,5222,635,282.8,0.7995,705.3
1.5,Basis_85,156,3584,745,308.9,0.8497,1027.7
1.5,Basis_85,157,3899,602,324.7,0.8281,944.4
1.5,Basis_85,158,3787,607,313.2,0.839,972.5
1.5,Basis_85,159,4137,574,311.0,0.8254,890.3
1.5,Basis_85,160,3065,636,278.4,0.8842,1201.9
1.5,Basis_85,161,5299,558,275.5,0.8018,695.0
1.5,Basis_85,162,3707,607,315.2,0.8414,993.8
1.5,Basis_85,163,4749,599,304.3,0.8039,775.8
1.5,Basis_85,164,2793,612,314.1,0.8809,1318.4
1.5,Basis_85,165,3337,593,294.5,0.8666,1103.9
1.5,Basis_85,166,3335,594,319.5,0.8554,1104.8
1.5,Basis_85,167,4526,580,288.2,0.823,814.0
1.5,Basis_85,168,4459,594,286.0,0.8268,825.8
1.5,Basis_85,169,3952,615,280.7,0.8495,932.3
1.5,Basis_85,170,4178,620,299.0,0.8304,881.6
1.5,Basis_85,171,2944,663,299.0,0.8805,1251.3
1.5,Basis_85,172,5093,655,280.3,0.8062,723.2
1.5,Basis_85,173,3127,580,314.9,0.8663,1177.9
1.5,Basis_85,174,1984,623,289.7,0.922,1857.4
1.5,Basis_85,175,4245,634,296.6,0.8291,867.9
1.5,Basis_85,176,4739,567,283.6,0.8175,777.1
1.5,Basis_85,177,4819,578,282.7,0.8151,764.4
1.5,Basis_85,178,3462,601,318.5,0.8503,1064.2
1.5,Basis_85,179,3633,682,279.9,0.862,1013.6
1.5,Basis_85,180,3882,710,280.0,0.8525,949.0
1.5,Basis_85,181,4437,563,305.6,0.816,830.2
1.5,Basis_85,182,4855,599,316.2,0.7917,758.7
1.5,Basis_85,183,5235,577,295.4,0.7901,703.5
1.5,Basis_85,184,2894,700,277.4,0.891,1272.9
1.5,Basis_85,185,4837,650,300.3,0.8028,761.3
1.5,Basis_85,186,3489,759,312.6,0.852,1056.0
1.5,Basis_85,187,2637,551,278.7,0.9002,1396.6
1.5,Basis_85,188,4010,578,285.6,0.8445,918.4
1.5,Basis_85,189,4385,613,293.7,0.8252,840.3
1.5,Basis_85,190,2551,651,315.0,0.891,1444.6
1.5,Basis_85,191,2538,678,320.3,0.8897,1451.8
1.5,Basis_85,192,2951,594,277.8,0.8888,1248.6
1.5,Basis_85,193,4910,553,313.6,0.791,750.3
1.5,Basis_85,194,3114,563,312.5,0.8679,1182.5
1.5,Basis_85,195,4476,588,276.1,0.8323,823.0
1.5,Basis_85,196,3611,591,302.5,0.8518,1020.1
1.5,Basis_85,197,3609,591,301.7,0.8522,1020.7
1.5,Basis_85,198,4574,584,280.9,0.8256,805.5
1.5,Basis_85,199,3609,570,294.9,0.8555,1020.8
1.5,Basis_85,200,4305,643,278.5,0.8372,855.4
1.5,Basis_85,201,3112,586,280.0,0.8817,1183.6
1.5,Basis_85,202,3497,586,313.3,0.8513,1053.4
1.5,Basis_85,203,3860,586,287.8,0.8493,954.6
1.5,Basis_85,204,2071,580,278.1,0.9218,1778.6
1.5,Basis_85,205,3457,676,287.3,0.8652,1065.6
1.5,Basis_85,206,3954,657,311.3,0.8329,931.6
1.5,Basis_85,207,2194,619,318.4,0.9052,1679.6
1.5,Basis_85,208,4079,697,280.2,0.8448,902.9
1.5,Basis_85,209,4337,619,295.6,0.826,849.3
1.5,Basis_85,210,3015,602,292.4,0.8803,1221.9
1.5,Basis_85,211,4386,633,284.2,0.8308,840.0
1.5,Basis_85,212,3707,578,289.8,0.8542,993.8
1.5,Basis_85,213,4408,601,284.2,0.83,835.7
1.5,Basis_85,214,2516,619,317.6,0.8916,1464.5
1.5,Basis_85,215,3490,593,283.6,0.8657,1055.5
1.5,Basis_85,216,3836,593,320.7,0.8329,959.9
1.5,Basis_85,217,3940,567,292.7,0.8435,934.8
1.5,Basis_85,218,3328,587,302.0,0.8636,1107.0
1.5,Basis_85,219,3252,593,309.2,0.8636,1132.9
1.5,Basis_85,220,3811,634,275.7,0.8574,966.9
1.5,Basis_85,221,3765,577,322.0,0.8355,978.4
1.5,Basis_85,222,2776,588,318.5,0.88,1327.0
1.5,Basis_85,223,4546,557,289.6,0.8213,810.5
1.5,Basis_85,224,3987,556,324.6,0.8244,924.1
1.5,Basis_85,225,2201,557,319.4,0.9046,1674.6
1.5,Basis_85,226,4289,574,315.5,0.8163,858.9
1.5,Basis_85,227,3146,572,281.3,0.8799,1170.9
1.5,Basis_85,228,3612,567,303.5,0.8512,1019.6
1.5,Basis_85,229,3703,608,290.2,0.8541,994.3
1.5,Basis_85,230,3050,566,322.3,0.8665,1207.6
1.5,Basis_85,231,2831,579,305.0,0.8828,1301.5
1.5,Basis_85,232,4513,637,285.1,0.8253,816.1
1.5,Basis_85,233,3465,706,300.9,0.8584,1062.8
1.5,Basis_85,234,4375,572,291.7,0.8267,841.8
1.5,Basis_85,235,5017,614,294.9,0.7992,734.2
1.5,Basis_85,236,3372,614,320.0,0.8535,1092.2
1.5,Basis_85,237,2083,682,317.0,0.9104,1768.2
1.5,Basis_85,238,4288,629,319.2,0.8142,859.2
1.5,Basis_85,239,4044,641,310.2,0.8297,910.7
1.5,Basis_85,240,2940,605,310.3,0.8761,1252.5
1.5,Basis_85,241,2763,570,291.3,0.8908,1333.2
1.5,Basis_85,242,3911,630,289.3,0.8464,941.7
1.5,Basis_85,243,4218,630,289.0,0.8345,873.4
1.5,Basis_85,244,3962,677,288.1,0.8451,929.6
1.5,Basis_85,245,3120,585,279.6,0.8816,1180.6
1.5,Basis_85,246,3293,577,285.7,0.8724,1119.1
1.5,Basis_85,247,4177,655,306.2,0.8264,881.9
1.5,Basis_85,248,3638,577,295.0,0.8543,1012.4
1.5,Basis_85,249,3392,601,301.6,0.8611,1085.8
1.5,Basis_85,250,2068,565,305.4,0.9143,1782.5
1.5,Basis_85,251,1945,580,288.9,0.9237,1893.5
1.5,Basis_85,252,3100,613,289.8,0.878,1188.0
1.5,Basis_85,253,4312,672,300.0,0.8244,854.2
1.5,Basis_85,254,3772,608,300.6,0.8461,976.3
1.5,Basis_85,255,3877,609,312.3,0.8356,949.9
1.5,Basis_85,256,3617,570,296.5,0.8544,1018.3
1.5,Basis_85,257,4289,629,316.0,0.816,858.9
1.5,Basis_85,258,4553,606,284.3,0.8244,809.2
1.5,Basis_85,259,3274,584,296.5,0.8682,1125.0
1.5,Basis_85,260,3876,679,293.4,0.8456,950.3
1.5,Basis_85,261,4472,609,275.6,0.8327,823.6
1.5,Basis_85,262,5236,592,293.5,0.7914,703.4
1.5,Basis_85,263,3395,549,303.0,0.8604,1084.8
1.5,Basis_85,264,2873,633,301.2,0.8826,1282.7
1.5,Basis_85,265,3800,661,315.1,0.8374,969.2
1.5,Basis_85,266,4051,571,276.3,0.848,909.2
1.5,Basis_85,267,4851,655,308.4,0.7969,759.2
1.5,Basis_85,268,4820,655,295.7,0.8066,764.3
1.5,Basis_85,269,3220,550,291.0,0.8728,1143.6
1.5,Basis_85,270,2363,584,295.0,0.9054,1559.4
1.5,Basis_85,271,4057,643,275.9,0.8481,907.9
1.5,Basis_85,272,3722,578,299.8,0.8485,989.6
1.5,Basis_85,273,2853,696,282.5,0.8906,1291.4
1.5,Basis_85,274,3532,655,301.8,0.8554,1043.2
1.5,Basis_85,275,3799,627,305.1,0.8427,969.6
1.5,Basis_85,276,4053,621,319.1,0.8244,908.6
1.5,Basis_85,277,4360,606,280.9,0.8337,844.6
1.5,Basis_85,278,3525,629,301.2,0.8559,1045.1
1.5,Basis_85,279,3107,622,298.6,0.8741,1185.5
1.5,Basis_85,280,4308,689,311.1,0.8181,855.3
1.5,Basis_85,281,3829,629,323.2,0.8319,961.7
1.5,Basis_85,282,2874,643,276.7,0.8921,1281.9
1.5,Basis_85,283,4611,577,322.2,0.7983,798.8
1.5,Basis_85,284,3517,689,298.6,0.8575,1047.6
1.5,Basis_85,285,3527,634,302.0,0.8554,1044.3
1.5,Basis_85,286,3888,598,323.8,0.8292,947.7
1.5,Basis_85,287,3941,677,309.3,0.8345,934.5
1.5,Basis_85,288,3622,658,292.8,0.8561,1017.0
1.5,Basis_85,289,4710,601,321.3,0.7945,782.0
1.5,Basis_85,290,4921,643,299.5,0.7999,748.4
1.5,Basis_85,291,4553,635,277.5,0.8285,809.1
1.5,Basis_85,292,3420,700,306.5,0.8577,1076.9
1.5,Basis_85,293,4009,570,305.0,0.834,918.8
1.5,Basis_85,294,3601,572,295.7,0.8555,1023.3
1.5,Basis_85,295,4406,693,311.5,0.8137,836.0
1.5,Basis_85,296,3596,565,315.7,0.8459,1024.3
1.5,Basis_85,297,3518,663,314.1,0.85,1047.3
1.5,Basis_85,298,3322,587,283.1,0.8723,1108.8
1.5,Basis_85,299,3413,608,293.3,0.8641,1079.4
1.5,Basis_85,300,4183,549,300.1,0.8296,880.7
1.5,Basis_85,301,3154,641,321.3,0.8625,1168.2
1.5,Basis_85,302,3504,641,286.0,0.864,1051.3
1.5,Basis_85,303,4046,719,292.3,0.8394,910.1
1.5,Basis_85,304,4744,574,275.2,0.8228,776.3
1.5,Basis_85,305,4007,692,294.2,0.84,919.5
1.5,Basis_85,306,3084,585,303.5,0.873,1194.7
1.5,Basis_85,307,4842,593,292.4,0.8078,760.7
1.5,Basis_85,308,4219,579,280.9,0.8391,873.0
1.5,Basis_85,309,4569,654,295.1,0.817,806.2
1.5,Basis_85,310,2349,521,317.0,0.8989,1568.2
1.5,Basis_85,311,3603,612,313.7,0.8466,1022.2
1.5,Basis_85,312,2393,665,296.9,0.9035,1538.7
1.5,Basis_85,313,3384,626,296.9,0.8636,1088.6
1.5,Basis_85,314,5379,580,277.9,0.7971,684.9
1.5,Basis_85,315,3500,609,297.3,0.8587,1052.0
1.5,Basis_85,316,3142,619,296.4,0.8736,1172.1
1.5,Basis_85,317,3792,581,306.8,0.8421,971.3
1.5,Basis_85,318,3437,663,319.7,0.8508,1071.3
1.5,Basis_85,319,2635,613,301.8,0.892,1398.0
1.5,Basis_85,320,4200,643,314.5,0.8207,876.8
1.5,Basis_85,321,4203,577,303.1,0.8271,876.5
1.5,Basis_85,322,4059,607,319.6,0.8239,907.5
1.5,Basis_85,323,3048,607,303.4,0.8745,1208.7
1.5,Basis_85,324,5444,585,277.0,0.7953,676.7
1.5,Basis_85,325,2923,607,318.0,0.8739,1260.4
1.5,Basis_85,326,3090,614,299.5,0.8744,1192.5
1.5,Basis_85,327,4269,622,301.5,0.8253,862.8
1.5,Basis_85,328,3273,620,289.7,0.8713,1125.4
1.5,Basis_85,329,2832,685,279.5,0.8926,1300.9
1.5,Basis_85,330,4400,593,299.6,0.8211,837.2
1.5,Basis_85,331,4295,574,293.8,0.8288,857.8
1.5,Basis_85,332,4941,593,293.1,0.8034,745.4
1.5,Basis_85,333,3245,585,323.2,0.8577,1135.3
1.5,Basis_85,334,2825,591,278.6,0.8932,1304.1
1.5,Basis_85,335,3605,592,314.5,0.8461,1021.7
1.5,Basis_85,336,3605,608,281.8,0.8621,1021.5
1.5,Basis_85,337,4571,593,281.3,0.8254,805.7
1.5,Basis_85,338,2895,621,311.2,0.8777,1272.3
1.5,Basis_85,339,2565,584,304.1,0.8942,1436.5
1.5,Basis_85,340,3882,665,321.8,0.8304,949.0
1.5,Basis_85,341,3415,585,317.0,0.853,1078.5
1.5,Basis_85,342,4682,600,290.3,0.8155,786.7
1.5,Basis_85,343,2254,584,322.4,0.9013,1633.9
1.5,Basis_85,344,3400,656,301.4,0.8609,1083.5
1.5,Basis_85,345,3146,635,306.8,0.869,1171.1
1.5,Basis_85,346,4534,585,319.7,0.8032,812.4
1.5,Basis_85,347,4485,635,289.7,0.8237,821.4
1.5,Basis_85,348,3896,586,298.6,0.8421,945.6
1.5,Basis_85,349,2161,588,321.0,0.9058,1704.6
1.5,Basis_85,350,1767,647,319.9,0.9233,2085.9
1.5,Basis_85,351,3905,586,296.0,0.8431,943.3
1.5,Basis_85,352,2782,657,292.0,0.8898,1324.7
1.5,Basis_85,353,4304,608,278.9,0.8371,855.7
1.5,Basis_85,354,2254,689,307.4,0.9059,1633.5
1.5,Basis_85,355,4655,686,291.7,0.8156,791.2
1.5,Basis_85,356,1153,630,295.8,0.9537,3194.2
1.5,Basis_85,357,3225,682,291.2,0.8725,1142.3
1.5,Basis_85,358,4765,619,307.8,0.8009,773.1
1.5,Basis_85,359,2373,600,305.6,0.9015,1551.3
1.5,Basis_85,360,2586,609,323.9,0.8863,1424.5
1.5,Basis_85,361,4071,635,313.6,0.8267,905.0
1.5,Basis_85,362,1862,620,319.5,0.9192,1977.6
1.5,Basis_85,363,2988,612,324.6,0.8684,1232.9
1.5,Basis_85,364,2979,704,283.6,0.8853,1236.4
1.5,Basis_85,365,3106,585,294.0,0.876,1186.0
1.5,Basis_85,366,2749,563,279.2,0.8958,1340.0
1.5,Basis_85,367,4170,634,313.2,0.8227,883.2
1.5,Basis_85,368,3400,600,324.9,0.8501,1083.6
1.5,Basis_85,369,3850,595,291.0,0.8479,956.4
1.5,Basis_85,370,4476,556,275.2,0.8328,823.0
1.5,Basis_85,371,3624,634,324.5,0.8403,1016.4
1.5,Basis_85,372,3335,598,296.7,0.8657,1104.9
1.5,Basis_85,373,2510,567,293.4,0.9,1467.8
1.5,Basis_85,374,3904,696,281.1,0.851,943.6
1.5,Basis_85,375,3486,593,307.8,0.8543,1056.3
1.5,Basis_85,376,4305,560,303.4,0.8227,855.5
1.5,Basis_85,377,3528,558,313.2,0.85,1043.9
1.5,Basis_85,378,3051,641,303.4,0.8744,1207.3
1.5,Basis_85,379,3517,538,320.6,0.847,1047.7
1.5,Basis_85,380,3456,595,322.2,0.8488,1065.7
1.5,Basis_85,381,3380,614,321.6,0.8524,1089.8
1.5,Basis_85,382,3966,642,289.3,0.8443,928.9
1.5,Basis_85,383,4164,658,278.9,0.8424,884.7
1.5,Basis_85,384,3034,647,315.8,0.87,1214.4
1.5,Basis_85,385,3500,684,275.4,0.8691,1052.0
1.5,Basis_85,386,5450,714,279.6,0.7932,676.0
1.5,Basis_85,387,3136,573,314.8,0.8659,1174.1
1.5,Basis_85,388,3727,634,292.0,0.8523,988.5
1.5,Basis_85,389,3380,574,307.3,0.859,1089.7
1.5,Basis_85,390,4158,567,281.2,0.8412,885.6
1.5,Basis_85,391,3260,649,305.0,0.8651,1130.0
1.5,Basis_85,392,3058,586,311.9,0.8705,1204.3
1.5,Basis_85,393,2498,628,282.9,0.9041,1474.7
1.5,Basis_85,394,3926,591,279.0,0.8513,938.2
1.5,Basis_85,395,3707,665,299.2,0.8495,993.8
1.5,Basis_85,396,3602,634,320.2,0.8435,1022.6
1.5,Basis_85,397,2765,560,317.2,0.8809,1331.9
1.5,Basis_85,398,3987,641,323.8,0.8248,924.1
1.5,Basis_85,399,3826,563,299.2,0.8446,962.9
1.5,Basis_85,400,4406,606,315.4,0.8114,836.1
1.5,Basis_85,401,3967,572,292.3,0.8426,928.6
1.5,Basis_85,402,3813,599,297.0,0.8463,965.9
1.5,Basis_85,403,4120,558,283.5,0.8415,894.1
1.5,Basis_85,404,3626,594,292.3,0.8561,1015.7
1.5,Basis_85,405,3035,581,285.2,0.8825,1213.7
1.5,Basis_85,406,4526,563,287.5,0.8234,813.9
1.5,Basis_85,407,3514,594,290.9,0.8612,1048.2
1.5,Basis_85,408,3132,599,304.4,0.8706,1176.4
1.5,Basis_85,409,4225,614,322.1,0.8153,871.9
1.5,Basis_85,410,3938,601,323.8,0.8269,935.4
1.5,Basis_85,411,3440,651,323.0,0.8492,1070.8
1.5,Basis_85,412,4526,634,313.6,0.8074,814.0
1.5,Basis_85,413,3297,566,324.1,0.8549,1116.8
1.5,Basis_85,414,3388,641,315.6,0.8548,1086.8
1.5,Basis_85,415,3636,630,295.7,0.8541,1013.5
1.5,Basis_85,416,4044,578,323.8,0.8223,911.0
1.5,Basis_85,417,4555,572,301.3,0.8137,808.6
1.5,Basis_85,418,4119,586,276.7,0.8454,894.5
1.5,Basis_85,419,4052,663,296.4,0.8369,908.9
1.5,Basis_85,420,3945,598,317.9,0.8298,933.8
1.5,Basis_85,421,2540,671,322.4,0.8888,1449.9
1.5,Basis_85,422,3987,551,294.2,0.8408,923.9
1.5,Basis_85,423,4841,605,303.3,0.8007,761.0
1.5,Basis_85,424,3805,630,311.8,0.8389,968.0
1.5,Basis_85,425,1516,595,312.7,0.9357,2430.1
1.5,Basis_85,426,3329,593,281.0,0.873,1106.5
1.5,Basis_85,427,3793,676,278.3,0.8567,970.9
1.5,Basis_85,428,3693,612,288.2,0.8555,997.5
1.5,Basis_85,429,4984,570,297.4,0.7987,738.9
1.5,Basis_85,430,4331,637,315.4,0.8146,850.4
1.5,Basis_85,431,3384,587,305.8,0.8595,1088.5
1.5,Basis_85,432,5737,585,277.6,0.7838,642.0
1.5,Basis_85,433,4438,545,312.2,0.8119,829.9
1.5,Basis_85,434,4667,649,306.6,0.8058,789.3
1.5,Basis_85,435,3003,627,306.1,0.8752,1226.2
1.5,Basis_85,436,3507,600,298.5,0.8579,1050.1
1.5,Basis_85,437,4007,619,275.3,0.8503,919.6
1.5,Basis_85,438,3693,584,315.9,0.8416,997.5
1.5,Basis_85,439,4414,623,316.7,0.8102,834.5
1.5,Basis_85,440,3281,591,301.7,0.8656,1122.8
1.5,Basis_85,441,3192,728,319.5,0.8615,1153.5
1.5,Basis_85,442,4897,677,276.0,0.8166,752.2
1.5,Basis_85,443,3212,663,284.5,0.876,1146.9
1.5,Basis_85,444,3877,549,306.9,0.8384,949.8
1.5,Basis_85,445,5561,696,298.8,0.7744,662.4
1.5,Basis_85,446,4921,628,316.8,0.7883,748.3
1.5,Basis_85,447,3920,634,309.8,0.8352,939.6
1.5,Basis_85,448,3749,619,301.7,0.8465,982.7
1.5,Basis_85,449,4408,622,297.9,0.8217,835.6
1.5,Basis_85,450,4297,598,286.4,0.8329,857.1
1.5,Basis_85,451,3867,609,285.3,0.8502,952.6
1.5,Basis_85,452,2232,587,321.5,0.9026,1650.3
1.5,Basis_85,453,2350,601,309.3,0.9013,1567.3
1.5,Basis_85,454,3791,566,296.7,0.8473,971.6
1.5,Basis_85,455,3275,584,284.4,0.8735,1124.4
1.5,Basis_85,456,4519,606,292.2,0.8208,815.2
1.5,Basis_85,457,3241,684,312.7,0.8624,1136.0
1.5,Basis_85,458,2714,654,295.3,0.8912,1357.1
1.5,Basis_85,459,3476,577,281.4,0.8673,1059.9
1.5,Basis_85,460,3610,635,318.7,0.8438,1020.5
1.5,Basis_85,461,3344,584,291.8,0.8675,1101.7
1.5,Basis_85,462,2763,588,276.0,0.8965,1332.9
1.5,Basis_85,463,4029,633,304.4,0.8335,914.2
1.5,Basis_85,464,3430,630,301.9,0.8594,1073.6
1.5,Basis_85,465,4032,581,281.8,0.8457,913.4
1.5,Basis_85,466,5344,654,275.3,0.8003,689.4
1.5,Basis_85,467,4647,605,305.0,0.8076,792.6
1.5,Basis_85,468,4092,600,281.1,0.8438,900.2
1.5,Basis_85,469,3274,655,293.8,0.8694,1125.2
1.5,Basis_85,470,3664,600,286.4,0.8576,1005.6
1.5,Basis_85,471,3938,649,324.4,0.8266,935.4
1.5,Basis_85,472,2268,609,302.6,0.9068,1623.6
1.5,Basis_85,473,4058,599,301.5,0.8339,907.8
1.5,Basis_85,474,3517,584,301.6,0.856,1047.4
1.5,Basis_85,475,4399,558,297.8,0.8222,837.6
1.5,Basis_85,476,2820,605,281.2,0.8923,1305.8
1.5,Basis_85,477,3909,595,313.3,0.8338,942.6
1.5,Basis_85,478,2359,644,319.8,0.8976,1561.3
1.5,Basis_85,479,4193,671,302.2,0.828,878.4
1.5,Basis_85,480,3393,564,305.2,0.8594,1085.4
1.5,Basis_85,481,2537,640,309.5,0.8934,1452.2
1.5,Basis_85,482,3357,650,290.3,0.8677,1097.2
1.5,Basis_85,483,3666,586,292.6,0.8544,1004.7
1.5,Basis_85,484,4025,577,276.9,0.8487,914.9
1.5,Basis_85,485,2646,692,311.0,0.8883,1391.6
1.5,Basis_85,486,2877,642,314.9,0.877,1280.3
1.5,Basis_85,487,3150,556,316.8,0.8645,1168.8
1.5,Basis_85,488,3575,626,311.0,0.8491,1030.5
1.5,Basis_85,489,3391,663,316.8,0.8542,1086.3
1.5,Basis_85,490,4641,586,301.3,0.8101,793.5
1.5,Basis_85,491,3282,572,281.5,0.8746,1122.3
1.5,Basis_85,492,4421,712,310.2,0.8138,833.2
1.5,Basis_85,493,4464,654,289.1,0.8248,825.2
1.5,Basis_85,494,3398,588,306.7,0.8586,1084.4
1.5,Basis_85,495,3897,550,318.4,0.8316,945.3
1.5,Basis_85,496,4332,728,288.0,0.8306,850.1
1.5,Basis_85,497,4490,662,282.9,0.8276,820.5
1.5,Basis_85,498,4261,578,284.3,0.8356,864.4
1.5,Basis_85,499,4725,586,297.3,0.8092,779.3
1.5,Middels_90,0,2245,584,312.4,0.9048,1640.9
1.5,Middels_90,1,2845,594,305.0,0.8823,1295.2
1.5,Middels_90,2,2931,564,324.5,0.8709,1256.6
1.5,Middels_90,3,2631,620,300.6,0.8926,1400.0
1.5,Middels_90,4,2344,619,288.0,0.9084,1571.3
1.5,Middels_90,5,1923,668,320.6,0.9163,1914.9
1.5,Middels_90,6,2967,586,291.2,0.8827,1241.3
1.5,Middels_90,7,2989,651,282.7,0.8853,1231.7
1.5,Middels_90,8,2730,615,279.5,0.8964,1349.0
1.5,Middels_90,9,2933,679,309.7,0.8767,1255.5
1.5,Middels_90,10,3329,587,305.9,0.8618,1106.5
1.5,Middels_90,11,2236,606,319.0,0.9032,1648.0
1.5,Middels_90,12,609,600,278.3,0.9772,6097.0
1.5,Middels_90,13,2351,593,282.5,0.9098,1566.8
1.5,Middels_90,14,1172,651,319.6,0.9492,3146.6
1.5,Middels_90,15,2126,573,276.2,0.9203,1732.4
1.5,Middels_90,16,780,650,284.1,0.9699,4724.0
1.5,Middels_90,17,2310,601,315.1,0.9012,1594.3
1.5,Middels_90,18,1726,584,321.2,0.9248,2134.9
1.5,Middels_90,19,1369,595,284.9,0.947,2690.5
1.5,Middels_90,20,2933,595,309.9,0.8766,1255.3
1.5,Middels_90,21,3631,572,282.2,0.8609,1014.6
1.5,Middels_90,22,2860,665,287.5,0.8884,1287.8
1.5,Middels_90,23,2075,574,280.1,0.9211,1775.8
1.5,Middels_90,24,2490,600,300.8,0.8983,1479.3
1.5,Middels_90,25,2932,623,287.2,0.8857,1256.3
1.5,Middels_90,26,2812,616,309.8,0.8817,1309.7
1.5,Middels_90,27,1168,648,302.9,0.9519,3151.8
1.5,Middels_90,28,2671,542,295.3,0.893,1379.0
1.5,Middels_90,29,1869,613,284.4,0.9278,1970.3
1.5,Middels_90,30,2530,557,303.5,0.8958,1456.3
1.5,Middels_90,31,2294,586,286.2,0.9109,1606.2
1.5,Middels_90,32,2084,591,307.1,0.9132,1767.8
1.5,Middels_90,33,1854,684,287.3,0.9277,1986.3
1.5,Middels_90,34,1259,606,301.6,0.9484,2923.8
1.5,Middels_90,35,3806,675,297.1,0.8465,967.7
1.5,Middels_90,36,2756,573,319.6,0.8804,1336.5
1.5,Middels_90,37,1396,595,291.4,0.9448,2639.5
1.5,Middels_90,38,2506,593,319.4,0.8913,1469.3
1.5,Middels_90,39,1671,614,288.8,0.9345,2204.5
1.5,Middels_90,40,1890,630,313.5,0.9195,1947.5
1.5,Middels_90,41,2499,606,293.3,0.9004,1473.2
1.5,Middels_90,42,2296,647,322.1,0.8996,1603.7
1.5,Middels_90,43,1531,672,293.1,0.9391,2406.1
1.5,Middels_90,44,1138,621,310.5,0.9521,3240.1
1.5,Middels_90,45,1543,573,286.0,0.9401,2387.8
1.5,Middels_90,46,2593,563,302.5,0.8936,1421.3
1.5,Middels_90,47,3062,620,321.2,0.8665,1203.1
1.5,Middels_90,48,2867,703,313.9,0.8778,1284.8
1.5,Middels_90,49,2687,675,311.1,0.8865,1371.0
1.5,Middels_90,50,2317,592,317.2,0.9002,1589.3
1.5,Middels_90,51,2300,668,300.7,0.9061,1601.4
1.5,Middels_90,52,2245,530,287.3,0.9125,1640.8
1.5,Middels_90,53,2555,571,308.2,0.8931,1441.3
1.5,Middels_90,54,1897,592,276.7,0.9287,1940.4
1.5,Middels_90,55,3514,630,322.4,0.8462,1048.1
1.5,Middels_90,56,2463,593,300.0,0.8997,1494.9
1.5,Middels_90,57,2449,664,298.4,0.9008,1504.1
1.5,Middels_90,58,2884,749,286.6,0.8878,1277.0
1.5,Middels_90,59,2601,574,296.7,0.8953,1416.7
1.5,Middels_90,60,1218,573,303.3,0.9498,3021.4
1.5,Middels_90,61,1944,592,295.4,0.922,1894.4
1.5,Middels_90,62,2506,630,296.7,0.899,1469.4
1.5,Middels_90,63,2439,613,318.0,0.8947,1510.7
1.5,Middels_90,64,3498,691,323.2,0.8465,1052.9
1.5,Middels_90,65,2383,654,321.0,0.8962,1546.2
1.5,Middels_90,66,592,592,294.6,0.9849,9740.0
1.5,Middels_90,67,3497,601,281.9,0.8662,1053.6
1.5,Middels_90,68,2439,720,301.4,0.9003,1511.0
1.5,Middels_90,69,1915,587,279.9,0.9272,1923.4
1.5,Middels_90,70,1301,644,293.5,0.9481,2829.3
1.5,Middels_90,71,2582,620,294.0,0.8969,1426.0
1.5,Middels_90,72,1062,599,300.0,0.9568,3469.6
1.5,Middels_90,73,3219,587,285.7,0.8751,1143.9
1.5,Middels_90,74,2369,621,320.1,0.8971,1555.2
1.5,Middels_90,75,3380,623,287.6,0.868,1089.7
1.5,Middels_90,76,2888,559,294.5,0.8846,1275.8
1.5,Middels_90,77,1560,616,296.4,0.9372,2360.9
1.5,Middels_90,78,2980,622,317.1,0.8717,1235.9
1.5,Middels_90,79,3905,587,310.4,0.8355,943.2
1.5,Middels_90,80,2609,726,305.5,0.8918,1411.7
1.5,Middels_90,81,2253,558,277.9,0.915,1634.5
1.5,Middels_90,82,1860,605,311.1,0.9214,1979.9
1.5,Middels_90,83,3044,602,287.5,0.8812,1209.8
1.5,Middels_90,84,2734,658,302.3,0.8878,1347.6
1.5,Middels_90,85,2516,690,296.3,0.8988,1464.4
1.5,Middels_90,86,2362,621,316.4,0.8986,1560.0
1.5,Middels_90,87,1592,668,316.2,0.9317,2314.6
1.5,Middels_90,88,1957,581,292.4,0.9224,1883.3
1.5,Middels_90,89,1956,643,288.2,0.9235,1883.5
1.5,Middels_90,90,2330,640,281.3,0.911,1580.2
1.5,Middels_90,91,1958,612,280.4,0.9255,1881.6
1.5,Middels_90,92,2238,644,292.2,0.9113,1646.4
1.5,Middels_90,93,2300,658,294.3,0.9081,1601.9
1.5,Middels_90,94,1579,578,293.6,0.9371,2333.4
1.5,Middels_90,95,1832,698,300.3,0.9253,2010.2
1.5,Middels_90,96,1510,654,314.3,0.9356,2439.5
1.5,Middels_90,97,2034,630,315.1,0.9131,1811.9
1.5,Middels_90,98,2488,679,313.6,0.8942,1481.4
1.5,Middels_90,99,1705,623,300.5,0.9305,2161.5
1.5,Middels_90,100,3701,651,279.0,0.8599,995.3
1.5,Middels_90,101,2177,692,315.2,0.9068,1691.7
1.5,Middels_90,102,3464,606,286.6,0.8652,1063.3
1.5,Middels_90,103,2859,605,302.2,0.8827,1288.8
1.5,Middels_90,104,2831,649,308.8,0.8814,1301.7
1.5,Middels_90,105,2239,571,287.5,0.9126,1644.7
1.5,Middels_90,106,2666,607,282.7,0.8977,1381.3
1.5,Middels_90,107,2674,584,299.8,0.8911,1377.1
1.5,Middels_90,108,1537,731,305.6,0.9362,2396.9
1.5,Middels_90,109,2369,619,310.9,0.9,1555.1
1.5,Middels_90,110,2688,581,293.0,0.893,1369.6
1.5,Middels_90,111,1314,588,311.1,0.9445,2803.9
1.5,Middels_90,112,2329,686,281.1,0.9111,1581.2
1.5,Middels_90,113,2631,627,279.3,0.9002,1399.6
1.5,Middels_90,114,4574,686,279.4,0.8265,805.5
1.5,Middels_90,115,1510,593,288.1,0.941,2440.5
1.5,Middels_90,116,2849,644,275.6,0.8934,1292.4
1.5,Middels_90,117,2425,628,278.7,0.9083,1519.1
1.5,Middels_90,118,2266,619,313.9,0.9035,1625.8
1.5,Middels_90,119,2699,629,323.5,0.8815,1365.2
1.5,Middels_90,120,2588,602,302.5,0.8937,1423.7
1.5,Middels_90,121,1673,672,321.0,0.9271,2201.0
1.5,Middels_90,122,3035,599,301.1,0.876,1213.8
1.5,Middels_90,123,3456,640,311.0,0.8541,1065.7
1.5,Middels_90,124,2765,578,305.8,0.8852,1332.0
1.5,Middels_90,125,2119,564,321.2,0.9076,1737.9
1.5,Middels_90,126,3065,612,293.3,0.878,1201.8
1.5,Middels_90,127,2575,640,300.6,0.8949,1430.0
1.5,Middels_90,128,2887,553,277.2,0.8914,1276.4
1.5,Middels_90,129,1274,571,298.1,0.9484,2890.1
1.5,Middels_90,130,2804,585,323.9,0.8767,1313.9
1.5,Middels_90,131,1109,586,297.0,0.9553,3323.5
1.5,Middels_90,132,2814,626,289.1,0.8895,1308.7
1.5,Middels_90,133,2222,647,321.4,0.9031,1658.7
1.5,Middels_90,134,2660,628,306.7,0.8892,1384.7
1.5,Middels_90,135,2093,542,320.4,0.9089,1759.3
1.5,Middels_90,136,1839,620,317.3,0.9208,2003.8
1.5,Middels_90,137,1827,581,302.1,0.9251,2015.9
1.5,Middels_90,138,2995,552,275.3,0.8881,1229.5
1.5,Middels_90,139,2317,662,290.0,0.9087,1588.8
1.5,Middels_90,140,2862,592,297.6,0.8843,1286.7
1.5,Middels_90,141,3101,637,294.5,0.876,1187.5
1.5,Middels_90,142,1805,636,314.7,0.9229,2040.3
1.5,Middels_90,143,2154,608,318.9,0.9068,1710.5
1.5,Middels_90,144,1195,654,310.5,0.9496,3081.6
1.5,Middels_90,145,3639,595,293.1,0.8552,1012.0
1.5,Middels_90,146,2880,570,275.6,0.8923,1279.5
1.5,Middels_90,147,2055,570,286.4,0.9201,1792.3
1.5,Middels_90,148,2267,647,313.4,0.9035,1624.7
1.5,Middels_90,149,2421,578,323.4,0.8937,1521.2
1.5,Middels_90,150,1627,572,293.8,0.9351,2264.8
1.5,Middels_90,151,2671,592,296.7,0.8924,1379.3
1.5,Middels_90,152,1790,592,277.0,0.9327,2057.9
1.5,Middels_90,153,2152,600,304.4,0.9111,1712.1
1.5,Middels_90,154,1816,579,321.3,0.9208,2029.2
1.5,Middels_90,155,3919,635,282.8,0.8495,939.7
1.5,Middels_90,156,2392,745,308.9,0.8997,1540.0
1.5,Middels_90,157,2765,602,324.7,0.8781,1331.9
1.5,Middels_90,158,2611,607,313.2,0.889,1410.5
1.5,Middels_90,159,2953,574,311.0,0.8754,1247.4
1.5,Middels_90,160,1742,636,278.4,0.9342,2114.8
1.5,Middels_90,161,3962,558,275.5,0.8518,929.5
1.5,Middels_90,162,2538,607,315.2,0.8914,1451.4
1.5,Middels_90,163,3538,599,304.3,0.8539,1041.2
1.5,Middels_90,164,1621,612,314.1,0.9309,2272.0
1.5,Middels_90,165,2085,593,294.5,0.9166,1765.9
1.5,Middels_90,166,2182,594,319.5,0.9054,1688.6
1.5,Middels_90,167,3247,580,288.2,0.873,1134.4
1.5,Middels_90,168,3174,594,286.0,0.8768,1161.0
1.5,Middels_90,169,2638,615,280.7,0.8995,1396.0
1.5,Middels_90,170,2946,620,299.0,0.8804,1250.1
1.5,Middels_90,171,1712,663,299.0,0.9305,2152.1
1.5,Middels_90,172,3779,655,280.3,0.8562,974.7
1.5,Middels_90,173,1958,580,314.9,0.9163,1881.8
1.5,Middels_90,174,712,623,289.7,0.972,5175.3
1.5,Middels_90,175,3002,634,296.6,0.8791,1227.0
1.5,Middels_90,176,3441,567,283.6,0.8675,1070.4
1.5,Middels_90,177,3517,578,282.7,0.8651,1047.7
1.5,Middels_90,178,2306,601,318.5,0.9003,1598.1
1.5,Middels_90,179,2317,682,279.9,0.912,1589.2
1.5,Middels_90,180,2566,710,280.0,0.9025,1435.6
1.5,Middels_90,181,3232,563,305.6,0.866,1139.9
1.5,Middels_90,182,3689,599,316.2,0.8417,998.3
1.5,Middels_90,183,3988,577,295.4,0.8401,923.5
1.5,Middels_90,184,1566,700,277.4,0.941,2352.4
1.5,Middels_90,185,3611,650,300.3,0.8528,1019.9
1.5,Middels_90,186,2309,759,312.6,0.902,1594.6
1.5,Middels_90,187,1315,551,278.7,0.9502,2799.4
1.5,Middels_90,188,2721,578,285.6,0.8945,1353.8
1.5,Middels_90,189,3129,613,293.7,0.8752,1177.0
1.5,Middels_90,190,1382,651,315.0,0.941,2668.1
1.5,Middels_90,191,1386,678,320.3,0.9397,2655.4
1.5,Middels_90,192,1623,594,277.8,0.9388,2268.2
1.5,Middels_90,193,3735,553,313.6,0.841,986.2
1.5,Middels_90,194,1937,563,312.5,0.9179,1902.3
1.5,Middels_90,195,3141,588,276.1,0.8823,1172.6
1.5,Middels_90,196,2393,591,302.5,0.9018,1539.3
1.5,Middels_90,197,2387,591,301.7,0.9022,1542.5
1.5,Middels_90,198,3261,584,280.9,0.8756,1129.3
1.5,Middels_90,199,2359,570,294.9,0.9055,1561.0
1.5,Middels_90,200,2982,643,278.5,0.8872,1234.7
1.5,Middels_90,201,1797,586,280.0,0.9317,2050.1
1.5,Middels_90,202,2321,586,313.3,0.9013,1587.0
1.5,Middels_90,203,2580,586,287.8,0.8993,1428.3
1.5,Middels_90,204,747,580,278.1,0.9718,4934.7
1.5,Middels_90,205,2175,676,287.3,0.9152,1693.6
1.5,Middels_90,206,2770,657,311.3,0.8829,1329.5
1.5,Middels_90,207,1036,619,318.4,0.9552,3555.2
1.5,Middels_90,208,2764,697,280.2,0.8948,1332.3
1.5,Middels_90,209,3091,619,295.6,0.876,1191.7
1.5,Middels_90,210,1755,602,292.4,0.9303,2098.9
1.5,Middels_90,211,3090,633,284.2,0.8808,1192.5
1.5,Middels_90,212,2435,578,289.8,0.9042,1512.5
1.5,Middels_90,213,3112,601,284.2,0.88,1183.8
1.5,Middels_90,214,1356,619,317.6,0.9416,2717.5
1.5,Middels_90,215,2190,593,283.6,0.9157,1681.4
1.5,Middels_90,216,2688,593,320.7,0.8829,1370.0
1.5,Middels_90,217,2681,567,292.7,0.8935,1373.5
1.5,Middels_90,218,2107,587,302.0,0.9136,1747.5
1.5,Middels_90,219,2061,593,309.2,0.9136,1788.3
1.5,Middels_90,220,2474,634,275.7,0.9074,1489.1
1.5,Middels_90,221,2621,577,322.0,0.8855,1405.5
1.5,Middels_90,222,1620,588,318.5,0.93,2274.9
1.5,Middels_90,223,3273,557,289.6,0.8713,1125.4
1.5,Middels_90,224,2852,556,324.6,0.8744,1291.8
1.5,Middels_90,225,1047,557,319.4,0.9546,3520.6
1.5,Middels_90,226,3121,574,315.5,0.8663,1180.2
1.5,Middels_90,227,1837,572,281.3,0.9299,2005.8
1.5,Middels_90,228,2399,567,303.5,0.9012,1535.5
1.5,Middels_90,229,2435,608,290.2,0.9041,1512.7
1.5,Middels_90,230,1908,566,322.3,0.9165,1931.1
1.5,Middels_90,231,1623,579,305.0,0.9328,2270.0
1.5,Middels_90,232,3220,637,285.1,0.8753,1143.5
1.5,Middels_90,233,2243,706,300.9,0.9084,1643.0
1.5,Middels_90,234,3113,572,291.7,0.8767,1183.3
1.5,Middels_90,235,3769,614,294.9,0.8492,977.7
1.5,Middels_90,236,2222,614,320.0,0.9035,1658.3
1.5,Middels_90,237,921,682,317.0,0.9604,3998.9
1.5,Middels_90,238,3134,629,319.2,0.8642,1175.5
1.5,Middels_90,239,2856,641,310.2,0.8797,1289.2
1.5,Middels_90,240,1754,605,310.3,0.9261,2100.5
1.5,Middels_90,241,1498,570,291.3,0.9408,2458.5
1.5,Middels_90,242,2638,630,289.3,0.8964,1396.1
1.5,Middels_90,243,2944,630,289.0,0.8845,1251.6
1.5,Middels_90,244,2684,677,288.1,0.8951,1372.5
1.5,Middels_90,245,1803,585,279.6,0.9316,2043.8
1.5,Middels_90,246,2002,577,285.7,0.9224,1839.7
1.5,Middels_90,247,2973,655,306.2,0.8764,1238.8
1.5,Middels_90,248,2390,577,295.0,0.9043,1541.4
1.5,Middels_90,249,2170,601,301.6,0.9111,1696.6
1.5,Middels_90,250,860,565,305.4,0.9643,4280.7
1.5,Middels_90,251,670,580,288.9,0.9737,5494.4
1.5,Middels_90,252,1830,613,289.8,0.928,2013.3
1.5,Middels_90,253,3085,672,300.0,0.8744,1194.2
1.5,Middels_90,254,2547,608,300.6,0.8961,1446.0
1.5,Middels_90,255,2699,609,312.3,0.8856,1365.2
1.5,Middels_90,256,2376,570,296.5,0.9044,1550.9
1.5,Middels_90,257,3122,629,316.0,0.866,1179.4
1.5,Middels_90,258,3255,606,284.3,0.8744,1131.2
1.5,Middels_90,259,2033,584,296.5,0.9182,1813.1
1.5,Middels_90,260,2622,679,293.4,0.8956,1405.4
1.5,Middels_90,261,3136,609,275.6,0.8827,1174.5
1.5,Middels_90,262,3981,592,293.5,0.8414,925.2
1.5,Middels_90,263,2180,549,303.0,0.9104,1689.9
1.5,Middels_90,264,1649,633,301.2,0.9326,2234.2
1.5,Middels_90,265,2631,661,315.1,0.8874,1399.7
1.5,Middels_90,266,2719,571,276.3,0.898,1355.1
1.5,Middels_90,267,3658,655,308.4,0.8469,1007.0
1.5,Middels_90,268,3574,655,295.7,0.8566,1030.7
1.5,Middels_90,269,1956,550,291.0,0.9228,1884.3
1.5,Middels_90,270,1113,584,295.0,0.9554,3308.0
1.5,Middels_90,271,2722,643,275.9,0.8981,1353.3
1.5,Middels_90,272,2495,578,299.8,0.8985,1477.2
1.5,Middels_90,273,1547,696,282.5,0.9406,2379.2
1.5,Middels_90,274,2310,655,301.8,0.9054,1594.2
1.5,Middels_90,275,2593,627,305.1,0.8927,1421.2
1.5,Middels_90,276,2901,621,319.1,0.8744,1270.3
1.5,Middels_90,277,3050,606,280.9,0.8837,1207.9
1.5,Middels_90,278,2301,629,301.2,0.9059,1600.5
1.5,Middels_90,279,1874,622,298.6,0.9241,1966.2
1.5,Middels_90,280,3122,689,311.1,0.8681,1179.5
1.5,Middels_90,281,2691,629,323.2,0.8819,1369.0
1.5,Middels_90,282,1543,643,276.7,0.9421,2388.6
1.5,Middels_90,283,3468,577,322.2,0.8483,1062.2
1.5,Middels_90,284,2282,689,298.6,0.9075,1613.8
1.5,Middels_90,285,2308,634,302.0,0.9054,1596.2
1.5,Middels_90,286,2749,598,323.8,0.8792,1340.0
1.5,Middels_90,287,2750,677,309.3,0.8845,1339.0
1.5,Middels_90,288,2364,658,292.8,0.9061,1558.3
1.5,Middels_90,289,3563,601,321.3,0.8445,1033.4
1.5,Middels_90,290,3693,643,299.5,0.8499,997.6
1.5,Middels_90,291,3225,635,277.5,0.8785,1141.9
1.5,Middels_90,292,2218,700,306.5,0.9077,1660.4
1.5,Middels_90,293,2800,570,305.0,0.884,1315.0
1.5,Middels_90,294,2355,572,295.7,0.9055,1564.8
1.5,Middels_90,295,3224,693,311.5,0.8637,1142.8
1.5,Middels_90,296,2429,565,315.7,0.8959,1516.3
1.5,Middels_90,297,2344,663,314.1,0.9,1571.2
1.5,Middels_90,298,2021,587,283.1,0.9223,1822.6
1.5,Middels_90,299,2156,608,293.3,0.9141,1707.8
1.5,Middels_90,300,2954,549,300.1,0.8796,1246.6
1.5,Middels_90,301,2007,641,321.3,0.9125,1835.7
1.5,Middels_90,302,2216,641,286.0,0.914,1662.6
1.5,Middels_90,303,2786,719,292.3,0.8894,1321.6
1.5,Middels_90,304,3406,574,275.2,0.8728,1081.4
1.5,Middels_90,305,2754,692,294.2,0.89,1337.7
1.5,Middels_90,306,1869,585,303.5,0.923,1970.5
1.5,Middels_90,307,3582,593,292.4,0.8578,1028.2
1.5,Middels_90,308,2908,579,280.9,0.8891,1266.7
1.5,Middels_90,309,3322,654,295.1,0.867,1109.2
1.5,Middels_90,310,1187,521,317.0,0.9489,3103.2
1.5,Middels_90,311,2429,612,313.7,0.8966,1516.3
1.5,Middels_90,312,1153,665,296.9,0.9535,3193.8
1.5,Middels_90,313,2142,626,296.9,0.9136,1718.8
1.5,Middels_90,314,4052,580,277.9,0.8471,908.9
1.5,Middels_90,315,2264,609,297.3,0.9087,1628.1
1.5,Middels_90,316,1900,619,296.4,0.9236,1939.0
1.5,Middels_90,317,2593,581,306.8,0.8921,1421.1
1.5,Middels_90,318,2286,663,319.7,0.9008,1611.3
1.5,Middels_90,319,1414,613,301.8,0.942,2604.1
1.5,Middels_90,320,3029,643,314.5,0.8707,1215.9
1.5,Middels_90,321,2987,577,303.1,0.8771,1233.1
1.5,Middels_90,322,2908,607,319.6,0.8739,1267.3
1.5,Middels_90,323,1833,607,303.4,0.9245,2008.8
1.5,Middels_90,324,4114,585,277.0,0.8453,895.4
1.5,Middels_90,325,1763,607,318.0,0.9239,2088.1
1.5,Middels_90,326,1859,614,299.5,0.9244,1981.6
1.5,Middels_90,327,3048,622,301.5,0.8753,1208.6
1.5,Middels_90,328,2001,620,289.7,0.9213,1840.6
1.5,Middels_90,329,1515,685,279.5,0.9426,2433.5
1.5,Middels_90,330,3170,593,299.6,0.8711,1162.0
1.5,Middels_90,331,3041,574,293.8,0.8788,1211.5
1.5,Middels_90,332,3686,593,293.1,0.8534,999.6
1.5,Middels_90,333,2105,585,323.2,0.9077,1750.1
1.5,Middels_90,334,1503,591,278.6,0.9432,2451.8
1.5,Middels_90,335,2434,592,314.5,0.8961,1513.3
1.5,Middels_90,336,2299,608,281.8,0.9121,1602.5
1.5,Middels_90,337,3262,593,281.3,0.8754,1129.1
1.5,Middels_90,338,1712,621,311.2,0.9277,2152.3
1.5,Middels_90,339,1354,584,304.1,0.9442,2722.7
1.5,Middels_90,340,2736,665,321.8,0.8804,1345.9
1.5,Middels_90,341,2253,585,317.0,0.903,1634.4
1.5,Middels_90,342,3413,600,290.3,0.8655,1079.2
1.5,Middels_90,343,1112,584,322.4,0.9513,3312.8
1.5,Middels_90,344,2177,656,301.4,0.9109,1691.8
1.5,Middels_90,345,1944,635,306.8,0.919,1894.2
1.5,Middels_90,346,3381,585,319.7,0.8532,1089.1
1.5,Middels_90,347,3212,635,289.7,0.8737,1146.4
1.5,Middels_90,348,2663,586,298.6,0.8921,1383.8
1.5,Middels_90,349,1013,588,321.0,0.9558,3634.1
1.5,Middels_90,350,656,647,319.9,0.9733,5993.2
1.5,Middels_90,351,2660,586,296.0,0.8931,1384.5
1.5,Middels_90,352,1519,657,292.0,0.9398,2424.6
1.5,Middels_90,353,2985,608,278.9,0.8871,1234.6
1.5,Middels_90,354,1056,689,307.4,0.9559,3486.1
1.5,Middels_90,355,3393,686,291.7,0.8656,1085.6
1.5,Middels_90,356,633,630,295.8,0.99,14788.5
1.5,Middels_90,357,1959,682,291.2,0.9225,1879.4
1.5,Middels_90,358,3568,619,307.8,0.8509,1032.4
1.5,Middels_90,359,1169,600,305.6,0.9515,3150.7
1.5,Middels_90,360,1448,609,323.9,0.9363,2542.9
1.5,Middels_90,361,2896,635,313.6,0.8767,1272.1
1.5,Middels_90,362,710,620,319.5,0.9692,5191.1
1.5,Middels_90,363,1853,612,324.6,0.9184,1987.9
1.5,Middels_90,364,1680,704,283.6,0.9353,2191.9
1.5,Middels_90,365,1853,585,294.0,0.926,1987.8
1.5,Middels_90,366,1428,563,279.2,0.9458,2577.0
1.5,Middels_90,367,2994,634,313.2,0.8727,1230.0
1.5,Middels_90,368,2266,600,324.9,0.9001,1625.9
1.5,Middels_90,369,2586,595,291.0,0.8979,1424.6
1.5,Middels_90,370,3136,556,275.2,0.8828,1174.2
1.5,Middels_90,371,2489,634,324.5,0.8903,1479.8
1.5,Middels_90,372,2092,598,296.7,0.9157,1760.2
1.5,Middels_90,373,1253,567,293.4,0.95,2936.9
1.5,Middels_90,374,2594,696,281.1,0.901,1420.3
1.5,Middels_90,375,2289,593,307.8,0.9043,1608.2
1.5,Middels_90,376,3092,560,303.4,0.8727,1191.5
1.5,Middels_90,377,2352,558,313.2,0.9,1565.9
1.5,Middels_90,378,1837,641,303.4,0.9244,2005.3
1.5,Middels_90,379,2366,538,320.6,0.897,1556.5
1.5,Middels_90,380,2314,595,322.2,0.8988,1592.5
1.5,Middels_90,381,2236,614,321.6,0.9024,1648.4
1.5,Middels_90,382,2692,642,289.3,0.8943,1368.3
1.5,Middels_90,383,2842,658,278.9,0.8924,1295.6
1.5,Middels_90,384,1867,647,315.8,0.92,1973.3
1.5,Middels_90,385,2163,684,275.4,0.9191,1702.3
1.5,Middels_90,386,4133,714,279.6,0.8432,891.5
1.5,Middels_90,387,1967,573,314.8,0.9159,1872.4
1.5,Middels_90,388,2464,634,292.0,0.9023,1494.3
1.5,Middels_90,389,2182,574,307.3,0.909,1688.5
1.5,Middels_90,390,2849,567,281.2,0.8912,1292.8
1.5,Middels_90,391,2051,649,305.0,0.9151,1795.1
1.5,Middels_90,392,1879,586,311.9,0.9205,1961.9
1.5,Middels_90,393,1196,628,282.9,0.9541,3079.8
1.5,Middels_90,394,2607,591,279.0,0.9013,1413.5
1.5,Middels_90,395,2476,665,299.2,0.8995,1488.0
1.5,Middels_90,396,2453,634,320.2,0.8935,1502.5
1.5,Middels_90,397,1606,560,317.2,0.9309,2295.6
1.5,Middels_90,398,2848,641,323.8,0.8748,1293.2
1.5,Middels_90,399,2595,563,299.2,0.8946,1419.8
1.5,Middels_90,400,3238,606,315.4,0.8614,1137.7
1.5,Middels_90,401,2707,572,292.3,0.8926,1360.9
1.5,Middels_90,402,2573,599,297.0,0.8963,1431.6
1.5,Middels_90,403,2820,558,283.5,0.8915,1306.0
1.5,Middels_90,404,2366,594,292.3,0.9061,1556.7
1.5,Middels_90,405,1743,581,285.2,0.9325,2112.8
1.5,Middels_90,406,3245,563,287.5,0.8734,1135.3
1.5,Middels_90,407,2247,594,290.9,0.9112,1638.5
1.5,Middels_90,408,1922,599,304.4,0.9206,1917.3
1.5,Middels_90,409,3080,614,322.1,0.8653,1195.5
1.5,Middels_90,410,2800,601,323.8,0.8769,1315.5
1.5,Middels_90,411,2300,651,323.0,0.8992,1601.8
1.5,Middels_90,412,3351,634,313.6,0.8574,1099.4
1.5,Middels_90,413,2162,566,324.1,0.9049,1704.0
1.5,Middels_90,414,2223,641,315.6,0.9048,1657.5
1.5,Middels_90,415,2390,630,295.7,0.9041,1541.9
1.5,Middels_90,416,2905,578,323.8,0.8723,1267.6
1.5,Middels_90,417,3332,572,301.3,0.8637,1105.2
1.5,Middels_90,418,2786,586,276.7,0.8954,1321.9
1.5,Middels_90,419,2811,663,296.4,0.8869,1310.8
1.5,Middels_90,420,2785,598,317.9,0.8798,1322.1
1.5,Middels_90,421,1398,671,322.4,0.9388,2634.6
1.5,Middels_90,422,2735,551,294.2,0.8908,1346.9
1.5,Middels_90,423,3625,605,303.3,0.8507,1015.9
1.5,Middels_90,424,2624,630,311.8,0.8889,1403.8
1.5,Middels_90,425,599,595,312.7,0.9857,10905.9
1.5,Middels_90,426,2019,593,281.0,0.923,1825.1
1.5,Middels_90,427,2470,676,278.3,0.9067,1491.1
1.5,Middels_90,428,2414,612,288.2,0.9055,1525.3
1.5,Middels_90,429,3748,570,297.4,0.8487,983.1
1.5,Middels_90,430,3163,637,315.4,0.8646,1164.3
1.5,Middels_90,431,2180,587,305.8,0.9095,1690.1
1.5,Middels_90,432,4410,585,277.6,0.8338,835.2
1.5,Middels_90,433,3259,545,312.2,0.8619,1130.3
1.5,Middels_90,434,3465,649,306.6,0.8558,1062.9
1.5,Middels_90,435,1802,627,306.1,0.9252,2045.6
1.5,Middels_90,436,2274,600,298.5,0.9079,1620.0
1.5,Middels_90,437,2667,619,275.3,0.9003,1380.7
1.5,Middels_90,438,2526,584,315.9,0.8916,1457.7
1.5,Middels_90,439,3252,623,316.7,0.8602,1132.9
1.5,Middels_90,440,2061,591,301.7,0.9156,1788.3
1.5,Middels_90,441,2041,728,319.5,0.9115,1805.3
1.5,Middels_90,442,3562,677,276.0,0.8666,1034.0
1.5,Middels_90,443,1917,663,284.5,0.926,1921.6
1.5,Middels_90,444,2678,549,306.9,0.8884,1375.5
1.5,Middels_90,445,4329,696,298.8,0.8244,851.1
1.5,Middels_90,446,3759,628,316.8,0.8383,979.8
1.5,Middels_90,447,2730,634,309.8,0.8852,1348.7
1.5,Middels_90,448,2527,619,301.7,0.8965,1457.5
1.5,Middels_90,449,3171,622,297.9,0.8717,1161.3
1.5,Middels_90,450,3013,598,286.4,0.8829,1223.1
1.5,Middels_90,451,2575,609,285.3,0.9002,1430.0
1.5,Middels_90,452,1085,587,321.5,0.9526,3390.9
1.5,Middels_90,453,1160,601,309.3,0.9513,3177.1
1.5,Middels_90,454,2551,566,296.7,0.8973,1444.5
1.5,Middels_90,455,1980,584,284.4,0.9235,1859.8
1.5,Middels_90,456,3259,606,292.2,0.8708,1130.6
1.5,Middels_90,457,2064,684,312.7,0.9124,1784.3
1.5,Middels_90,458,1467,654,295.3,0.9412,2511.0
1.5,Middels_90,459,2167,577,281.4,0.9173,1700.4
1.5,Middels_90,460,2454,635,318.7,0.8938,1501.2
1.5,Middels_90,461,2082,584,291.8,0.9175,1769.7
1.5,Middels_90,462,1428,588,276.0,0.9465,2578.3
1.5,Middels_90,463,2819,633,304.4,0.8835,1306.7
1.5,Middels_90,464,2211,630,301.9,0.9094,1666.1
1.5,Middels_90,465,2726,581,281.8,0.8957,1351.4
1.5,Middels_90,466,4004,654,275.3,0.8503,919.7
1.5,Middels_90,467,3440,605,305.0,0.8576,1070.9
1.5,Middels_90,468,2782,600,281.1,0.8938,1324.1
1.5,Middels_90,469,2020,655,293.8,0.9194,1823.6
1.5,Middels_90,470,2377,600,286.4,0.9076,1549.7
1.5,Middels_90,471,2803,649,324.4,0.8766,1314.5
1.5,Middels_90,472,1050,609,302.6,0.9568,3503.6
1.5,Middels_90,473,2835,599,301.5,0.8839,1298.9
1.5,Middels_90,474,2295,584,301.6,0.906,1604.7
1.5,Middels_90,475,3161,558,297.8,0.8722,1165.3
1.5,Middels_90,476,1511,605,281.2,0.9423,2437.8
1.5,Middels_90,477,2733,595,313.3,0.8838,1348.1
1.5,Middels_90,478,1208,644,319.8,0.9476,3050.6
1.5,Middels_90,479,2974,671,302.2,0.878,1238.3
1.5,Middels_90,480,2187,564,305.2,0.9094,1684.4
1.5,Middels_90,481,1347,640,309.5,0.9434,2735.8
1.5,Middels_90,482,2089,650,290.3,0.9177,1763.7
1.5,Middels_90,483,2407,586,292.6,0.9044,1530.1
1.5,Middels_90,484,2695,577,276.9,0.8987,1366.4
1.5,Middels_90,485,1462,692,311.0,0.9383,2518.6
1.5,Middels_90,486,1707,642,314.9,0.927,2157.4
1.5,Middels_90,487,1988,556,316.8,0.9145,1852.3
1.5,Middels_90,488,2391,626,311.0,0.8991,1541.2
1.5,Middels_90,489,2229,663,316.8,0.9042,1653.3
1.5,Middels_90,490,3420,586,301.3,0.8601,1077.1
1.5,Middels_90,491,1973,572,281.5,0.9246,1866.6
1.5,Middels_90,492,3233,712,310.2,0.8638,1139.1
1.5,Middels_90,493,3190,654,289.1,0.8748,1154.7
1.5,Middels_90,494,2196,588,306.7,0.9086,1677.4
1.5,Middels_90,495,2740,550,318.4,0.8816,1344.6
1.5,Middels_90,496,3055,728,288.0,0.8806,1206.0
1.5,Middels_90,497,3188,662,282.9,0.8776,1155.7
1.5,Middels_90,498,2966,578,284.3,0.8856,1242.1
1.5,Middels_90,499,3489,586,297.3,0.8592,1056.1
1.5,Samferdsel_96,0,830,584,312.4,0.9648,4437.9
1.5,Samferdsel_96,1,1396,594,305.0,0.9423,2641.3
1.5,Samferdsel_96,2,1568,564,324.5,0.9309,2347.6
1.5,Samferdsel_96,3,1161,620,300.6,0.9526,3173.1
1.5,Samferdsel_96,4,810,619,288.0,0.9684,4551.6
1.5,Samferdsel_96,5,676,668,320.6,0.9763,6758.1
1.5,Samferdsel_96,6,1449,586,291.2,0.9427,2541.0
1.5,Samferdsel_96,7,1427,651,282.7,0.9453,2581.6
1.5,Samferdsel_96,8,1148,615,279.5,0.9564,3206.1
1.5,Samferdsel_96,9,1508,679,309.7,0.9367,2445.0
1.5,Samferdsel_96,10,1883,587,305.9,0.9218,1955.1
1.5,Samferdsel_96,11,850,606,319.0,0.9632,4336.9
1.5,Samferdsel_96,12,601,600,278.3,0.99,13916.0
1.5,Samferdsel_96,13,787,593,282.5,0.9698,4683.0
1.5,Samferdsel_96,14,654,651,319.6,0.99,15981.2
1.5,Samferdsel_96,15,579,573,276.2,0.9803,7003.1
1.5,Samferdsel_96,16,651,650,284.1,0.99,14204.9
1.5,Samferdsel_96,17,908,601,315.1,0.9612,4058.4
1.5,Samferdsel_96,18,587,584,321.2,0.9848,10545.5
1.5,Samferdsel_96,19,595,595,284.9,0.99,14247.4
1.5,Samferdsel_96,20,1509,595,309.9,0.9366,2442.7
1.5,Samferdsel_96,21,2064,572,282.2,0.9209,1784.6
1.5,Samferdsel_96,22,1322,665,287.5,0.9484,2784.7
1.5,Samferdsel_96,23,574,574,280.1,0.9811,7425.2
1.5,Samferdsel_96,24,1020,600,300.8,0.9583,3609.6
1.5,Samferdsel_96,25,1393,623,287.2,0.9457,2644.2
1.5,Samferdsel_96,26,1385,616,309.8,0.9417,2658.5
1.5,Samferdsel_96,27,648,648,302.9,0.99,15146.4
1.5,Samferdsel_96,28,1174,542,295.3,0.953,3137.7
1.5,Samferdsel_96,29,615,613,284.4,0.9878,11674.0
1.5,Samferdsel_96,30,1074,557,303.5,0.9558,3433.0
1.5,Samferdsel_96,31,748,586,286.2,0.9709,4919.9
1.5,Samferdsel_96,32,644,591,307.1,0.9732,5718.8
1.5,Samferdsel_96,33,686,684,287.3,0.9877,11649.9
1.5,Samferdsel_96,34,606,606,301.6,0.99,15078.7
1.5,Samferdsel_96,35,2320,675,297.1,0.9065,1588.6
1.5,Samferdsel_96,36,1372,573,319.6,0.9404,2683.0
1.5,Samferdsel_96,37,598,595,291.4,0.99,14570.2
1.5,Samferdsel_96,38,1124,593,319.4,0.9513,3280.4
1.5,Samferdsel_96,39,615,614,288.8,0.99,14437.9
1.5,Samferdsel_96,40,636,630,313.5,0.9795,7653.8
1.5,Samferdsel_96,41,993,606,293.3,0.9604,3707.7
1.5,Samferdsel_96,42,924,647,322.1,0.9596,3984.1
1.5,Samferdsel_96,43,675,672,293.1,0.99,14656.8
1.5,Samferdsel_96,44,622,621,310.5,0.99,15526.2
1.5,Samferdsel_96,45,573,573,286.0,0.99,14297.9
1.5,Samferdsel_96,46,1131,563,302.5,0.9536,3257.9
1.5,Samferdsel_96,47,1685,620,321.2,0.9265,2185.4
1.5,Samferdsel_96,48,1460,703,313.9,0.9378,2524.6
1.5,Samferdsel_96,49,1266,675,311.1,0.9465,2909.4
1.5,Samferdsel_96,50,924,592,317.2,0.9602,3986.1
1.5,Samferdsel_96,51,831,668,300.7,0.9661,4436.3
1.5,Samferdsel_96,52,706,530,287.3,0.9725,5215.3
1.5,Samferdsel_96,53,1123,571,308.2,0.9531,3284.0
1.5,Samferdsel_96,54,592,592,276.7,0.9887,12246.8
1.5,Samferdsel_96,55,2142,630,322.4,0.9062,1718.7
1.5,Samferdsel_96,56,991,593,300.0,0.9597,3719.3
1.5,Samferdsel_96,57,969,664,298.4,0.9608,3806.7
1.5,Samferdsel_96,58,1342,749,286.6,0.9478,2744.6
1.5,Samferdsel_96,59,1110,574,296.7,0.9553,3318.3
1.5,Samferdsel_96,60,573,573,303.3,0.99,15163.9
1.5,Samferdsel_96,61,595,592,295.4,0.982,8219.5
1.5,Samferdsel_96,62,1018,630,296.7,0.959,3621.8
1.5,Samferdsel_96,63,1048,613,318.0,0.9547,3513.9
1.5,Samferdsel_96,64,2132,691,323.2,0.9065,1728.6
1.5,Samferdsel_96,65,1005,654,321.0,0.9562,3664.3
1.5,Samferdsel_96,66,592,592,294.6,0.99,14730.2
1.5,Samferdsel_96,67,1929,601,281.9,0.9262,1910.5
1.5,Samferdsel_96,68,971,720,301.4,0.9603,3792.6
1.5,Samferdsel_96,69,592,587,279.9,0.9872,10973.5
1.5,Samferdsel_96,70,644,644,293.5,0.99,14677.0
1.5,Samferdsel_96,71,1081,620,294.0,0.9569,3412.4
1.5,Samferdsel_96,72,600,599,300.0,0.99,15000.7
1.5,Samferdsel_96,73,1672,587,285.7,0.9351,2202.2
1.5,Samferdsel_96,74,987,621,320.1,0.9571,3729.0
1.5,Samferdsel_96,75,1844,623,287.6,0.928,1998.2
1.5,Samferdsel_96,76,1386,559,294.5,0.9446,2656.7
1.5,Samferdsel_96,77,616,616,296.4,0.99,14821.3
1.5,Samferdsel_96,78,1587,622,317.1,0.9317,2321.9
1.5,Samferdsel_96,79,2482,587,310.4,0.8955,1484.5
1.5,Samferdsel_96,80,1162,726,305.5,0.9518,3168.1
1.5,Samferdsel_96,81,663,558,277.9,0.975,5555.8
1.5,Samferdsel_96,82,607,605,311.1,0.9814,8376.5
1.5,Samferdsel_96,83,1508,602,287.5,0.9412,2443.8
1.5,Samferdsel_96,84,1271,658,302.3,0.9478,2897.6
1.5,Samferdsel_96,85,1025,690,296.3,0.9588,3599.1
1.5,Samferdsel_96,86,964,621,316.4,0.9586,3820.5
1.5,Samferdsel_96,87,669,668,316.2,0.99,15810.5
1.5,Samferdsel_96,88,587,581,292.4,0.9824,8294.7
1.5,Samferdsel_96,89,648,643,288.2,0.9835,8725.0
1.5,Samferdsel_96,90,760,640,281.3,0.971,4847.4
1.5,Samferdsel_96,91,615,612,280.4,0.9855,9655.5
1.5,Samferdsel_96,92,725,644,292.2,0.9713,5084.8
1.5,Samferdsel_96,93,797,658,294.3,0.9681,4619.5
1.5,Samferdsel_96,94,578,578,293.6,0.99,14679.3
1.5,Samferdsel_96,95,704,698,300.3,0.9853,10215.9
1.5,Samferdsel_96,96,654,654,314.3,0.99,15714.5
1.5,Samferdsel_96,97,641,630,315.1,0.9731,5846.6
1.5,Samferdsel_96,98,1077,679,313.6,0.9542,3420.7
1.5,Samferdsel_96,99,623,623,300.5,0.99,15027.4
1.5,Samferdsel_96,100,2117,651,279.0,0.9199,1740.5
1.5,Samferdsel_96,101,775,692,315.2,0.9668,4753.7
1.5,Samferdsel_96,102,1923,606,286.6,0.9252,1916.2
1.5,Samferdsel_96,103,1396,605,302.2,0.9427,2639.5
1.5,Samferdsel_96,104,1398,649,308.8,0.9414,2633.9
1.5,Samferdsel_96,105,703,571,287.5,0.9726,5247.9
1.5,Samferdsel_96,106,1103,607,282.7,0.9577,3339.5
1.5,Samferdsel_96,107,1201,584,299.8,0.9511,3067.8
1.5,Samferdsel_96,108,731,731,305.6,0.99,15282.1
1.5,Samferdsel_96,109,948,619,310.9,0.96,3890.5
1.5,Samferdsel_96,110,1181,581,293.0,0.953,3119.8
1.5,Samferdsel_96,111,588,588,311.1,0.99,15554.2
1.5,Samferdsel_96,112,756,686,281.1,0.9711,4865.0
1.5,Samferdsel_96,113,1049,627,279.3,0.9602,3510.5
1.5,Samferdsel_96,114,2992,686,279.4,0.8865,1231.4
1.5,Samferdsel_96,115,593,593,288.1,0.99,14404.2
1.5,Samferdsel_96,116,1246,644,275.6,0.9534,2955.6
1.5,Samferdsel_96,117,839,628,278.7,0.9683,4391.2
1.5,Samferdsel_96,118,858,619,313.9,0.9635,4297.0
1.5,Samferdsel_96,119,1333,629,323.5,0.9415,2765.5
1.5,Samferdsel_96,120,1126,602,302.5,0.9537,3270.5
1.5,Samferdsel_96,121,675,672,321.0,0.9871,12426.9
1.5,Samferdsel_96,122,1567,599,301.1,0.936,2351.1
1.5,Samferdsel_96,123,2035,640,311.0,0.9141,1809.9
1.5,Samferdsel_96,124,1320,578,305.8,0.9452,2791.0
1.5,Samferdsel_96,125,745,564,321.2,0.9676,4953.9
1.5,Samferdsel_96,126,1558,612,293.3,0.938,2364.6
1.5,Samferdsel_96,127,1105,640,300.6,0.9549,3331.8
1.5,Samferdsel_96,128,1292,553,277.2,0.9514,2852.7
1.5,Samferdsel_96,129,571,571,298.1,0.99,14906.0
1.5,Samferdsel_96,130,1439,585,323.9,0.9367,2560.1
1.5,Samferdsel_96,131,586,586,297.0,0.99,14851.3
1.5,Samferdsel_96,132,1286,626,289.1,0.9495,2864.7
1.5,Samferdsel_96,133,846,647,321.4,0.9631,4355.8
1.5,Samferdsel_96,134,1218,628,306.7,0.9492,3021.7
1.5,Samferdsel_96,135,714,542,320.4,0.9689,5158.3
1.5,Samferdsel_96,136,623,620,317.3,0.9808,8274.3
1.5,Samferdsel_96,137,585,581,302.1,0.9851,10117.0
1.5,Samferdsel_96,138,1390,552,275.3,0.9481,2650.0
1.5,Samferdsel_96,139,795,662,290.0,0.9687,4637.9
1.5,Samferdsel_96,140,1377,592,297.6,0.9443,2673.9
1.5,Samferdsel_96,141,1601,637,294.5,0.936,2300.5
1.5,Samferdsel_96,142,641,636,314.7,0.9829,9188.4
1.5,Samferdsel_96,143,768,608,318.9,0.9668,4799.4
1.5,Samferdsel_96,144,655,654,310.5,0.99,15523.5
1.5,Samferdsel_96,145,2132,595,293.1,0.9152,1727.9
1.5,Samferdsel_96,146,1274,570,275.6,0.9523,2888.9
1.5,Samferdsel_96,147,570,570,286.4,0.9801,7199.0
1.5,Samferdsel_96,148,858,647,313.4,0.9635,4297.9
1.5,Samferdsel_96,149,1055,578,323.4,0.9537,3492.3
1.5,Samferdsel_96,150,573,572,293.8,0.99,14689.9
1.5,Samferdsel_96,151,1181,592,296.7,0.9524,3119.4
1.5,Samferdsel_96,152,593,592,277.0,0.99,13851.6
1.5,Samferdsel_96,153,699,600,304.4,0.9711,5266.5
1.5,Samferdsel_96,154,579,579,321.3,0.9808,8376.8
1.5,Samferdsel_96,155,2357,635,282.8,0.9095,1562.8
1.5,Samferdsel_96,156,962,745,308.9,0.9597,3832.6
1.5,Samferdsel_96,157,1404,602,324.7,0.9381,2623.3
1.5,Samferdsel_96,158,1201,607,313.2,0.949,3069.4
1.5,Samferdsel_96,159,1531,574,311.0,0.9354,2405.3
1.5,Samferdsel_96,160,637,636,278.4,0.99,13920.3
1.5,Samferdsel_96,161,2358,558,275.5,0.9118,1561.9
1.5,Samferdsel_96,162,1137,607,315.2,0.9514,3243.1
1.5,Samferdsel_96,163,2085,599,304.3,0.9139,1766.8
1.5,Samferdsel_96,164,613,612,314.1,0.99,15705.6
1.5,Samferdsel_96,165,593,593,294.5,0.9766,6297.9
1.5,Samferdsel_96,166,798,594,319.5,0.9654,4614.9
1.5,Samferdsel_96,167,1713,580,288.2,0.933,2149.7
1.5,Samferdsel_96,168,1628,594,286.0,0.9368,2264.0
1.5,Samferdsel_96,169,1063,615,280.7,0.9595,3462.3
1.5,Samferdsel_96,170,1468,620,299.0,0.9404,2508.7
1.5,Samferdsel_96,171,664,663,299.0,0.99,14948.4
1.5,Samferdsel_96,172,2202,655,280.3,0.9162,1672.9
1.5,Samferdsel_96,173,587,580,314.9,0.9763,6652.3
1.5,Samferdsel_96,174,627,623,289.7,0.99,14485.6
1.5,Samferdsel_96,175,1511,634,296.6,0.9391,2436.3
1.5,Samferdsel_96,176,1882,567,283.6,0.9275,1956.5
1.5,Samferdsel_96,177,1952,578,282.7,0.9251,1886.4
1.5,Samferdsel_96,178,917,601,318.5,0.9603,4015.6
1.5,Samferdsel_96,179,739,682,279.9,0.972,4988.7
1.5,Samferdsel_96,180,986,710,280.0,0.9625,3731.9
1.5,Samferdsel_96,181,1784,563,305.6,0.926,2063.6
1.5,Samferdsel_96,182,2292,599,316.2,0.9017,1607.3
1.5,Samferdsel_96,183,2492,577,295.4,0.9001,1477.9
1.5,Samferdsel_96,184,703,700,277.4,0.99,13869.4
1.5,Samferdsel_96,185,2140,650,300.3,0.9128,1721.4
1.5,Samferdsel_96,186,896,759,312.6,0.962,4110.3
1.5,Samferdsel_96,187,552,551,278.7,0.99,13934.4
1.5,Samferdsel_96,188,1174,578,285.6,0.9545,3139.4
1.5,Samferdsel_96,189,1624,613,293.7,0.9352,2267.3
1.5,Samferdsel_96,190,654,651,315.0,0.99,15751.9
1.5,Samferdsel_96,191,678,678,320.3,0.99,16014.6
1.5,Samferdsel_96,192,595,594,277.8,0.99,13888.7
1.5,Samferdsel_96,193,2327,553,313.6,0.901,1583.8
1.5,Samferdsel_96,194,563,563,312.5,0.9779,7059.3
1.5,Samferdsel_96,195,1539,588,276.1,0.9423,2391.8
1.5,Samferdsel_96,196,931,591,302.5,0.9618,3954.1
1.5,Samferdsel_96,197,923,591,301.7,0.9622,3991.4
1.5,Samferdsel_96,198,1687,584,280.9,0.9356,2182.1
1.5,Samferdsel_96,199,860,570,294.9,0.9655,4278.4
1.5,Samferdsel_96,200,1397,643,278.5,0.9472,2638.7
1.5,Samferdsel_96,201,587,586,280.0,0.99,14001.9
1.5,Samferdsel_96,202,910,586,313.3,0.9613,4046.3
1.5,Samferdsel_96,203,1043,586,287.8,0.9593,3531.5
1.5,Samferdsel_96,204,580,580,278.1,0.99,13905.1
1.5,Samferdsel_96,205,685,676,287.3,0.9752,5786.2
1.5,Samferdsel_96,206,1350,657,311.3,0.9429,2727.0
1.5,Samferdsel_96,207,620,619,318.4,0.99,15918.8
1.5,Samferdsel_96,208,1188,697,280.2,0.9548,3102.4
1.5,Samferdsel_96,209,1595,619,295.6,0.936,2308.3
1.5,Samferdsel_96,210,602,602,292.4,0.99,14622.1
1.5,Samferdsel_96,211,1533,633,284.2,0.9408,2402.1
1.5,Samferdsel_96,212,910,578,289.8,0.9642,4047.6
1.5,Samferdsel_96,213,1557,601,284.2,0.94,2367.3
1.5,Samferdsel_96,214,620,619,317.6,0.99,15881.1
1.5,Samferdsel_96,215,633,593,283.6,0.9757,5827.7
1.5,Samferdsel_96,216,1312,593,320.7,0.9429,2810.7
1.5,Samferdsel_96,217,1172,567,292.7,0.9535,3143.9
1.5,Samferdsel_96,218,644,587,302.0,0.9736,5718.5
1.5,Samferdsel_96,219,630,593,309.2,0.9736,5846.1
1.5,Samferdsel_96,220,871,634,275.7,0.9674,4231.6
1.5,Samferdsel_96,221,1249,577,322.0,0.9455,2951.9
1.5,Samferdsel_96,222,591,588,318.5,0.99,15923.4
1.5,Samferdsel_96,223,1747,557,289.6,0.9313,2108.9
1.5,Samferdsel_96,224,1489,556,324.6,0.9344,2473.0
1.5,Samferdsel_96,225,558,557,319.4,0.99,15968.5
1.5,Samferdsel_96,226,1720,574,315.5,0.9263,2141.6
1.5,Samferdsel_96,227,572,572,281.3,0.9899,13892.1
1.5,Samferdsel_96,228,942,567,303.5,0.9612,3909.4
1.5,Samferdsel_96,229,913,608,290.2,0.9641,4040.1
1.5,Samferdsel_96,230,566,566,322.3,0.9765,6872.0
1.5,Samferdsel_96,231,580,579,305.0,0.99,15252.4
1.5,Samferdsel_96,232,1671,637,285.1,0.9353,2204.6
1.5,Samferdsel_96,233,774,706,300.9,0.9684,4764.0
1.5,Samferdsel_96,234,1599,572,291.7,0.9367,2305.6
1.5,Samferdsel_96,235,2268,614,294.9,0.9092,1623.7
1.5,Samferdsel_96,236,839,614,320.0,0.9635,4386.4
1.5,Samferdsel_96,237,682,682,317.0,0.99,15849.6
1.5,Samferdsel_96,238,1749,629,319.2,0.9242,2106.4
1.5,Samferdsel_96,239,1432,641,310.2,0.9397,2572.1
1.5,Samferdsel_96,240,607,605,310.3,0.9861,11193.2
1.5,Samferdsel_96,241,570,570,291.3,0.99,14564.2
1.5,Samferdsel_96,242,1111,630,289.3,0.9564,3316.2
1.5,Samferdsel_96,243,1413,630,289.0,0.9445,2605.5
1.5,Samferdsel_96,244,1148,677,288.1,0.9551,3205.2
1.5,Samferdsel_96,245,586,585,279.6,0.99,13977.7
1.5,Samferdsel_96,246,577,577,285.7,0.9824,8095.6
1.5,Samferdsel_96,247,1530,655,306.2,0.9364,2407.6
1.5,Samferdsel_96,248,892,577,295.0,0.9643,4132.5
1.5,Samferdsel_96,249,705,601,301.6,0.9711,5220.5
1.5,Samferdsel_96,250,566,565,305.4,0.99,15271.1
1.5,Samferdsel_96,251,580,580,288.9,0.99,14445.5
1.5,Samferdsel_96,252,614,613,289.8,0.988,12102.7
1.5,Samferdsel_96,253,1610,672,300.0,0.9344,2286.1
1.5,Samferdsel_96,254,1077,608,300.6,0.9561,3420.3
1.5,Samferdsel_96,255,1284,609,312.3,0.9456,2871.5
1.5,Samferdsel_96,256,885,570,296.5,0.9644,4165.4
1.5,Samferdsel_96,257,1725,629,316.0,0.926,2136.3
1.5,Samferdsel_96,258,1701,606,284.3,0.9344,2165.3
1.5,Samferdsel_96,259,584,584,296.5,0.9782,6814.3
1.5,Samferdsel_96,260,1116,679,293.4,0.9556,3304.7
1.5,Samferdsel_96,261,1532,609,275.6,0.9427,2403.3
1.5,Samferdsel_96,262,2476,592,293.5,0.9014,1488.1
1.5,Samferdsel_96,263,720,549,303.0,0.9704,5110.7
1.5,Samferdsel_96,264,634,633,301.2,0.99,15058.0
1.5,Samferdsel_96,265,1229,661,315.1,0.9474,2997.0
1.5,Samferdsel_96,266,1118,571,276.3,0.958,3293.1
1.5,Samferdsel_96,267,2225,655,308.4,0.9069,1655.7
1.5,Samferdsel_96,268,2078,655,295.7,0.9166,1771.9
1.5,Samferdsel_96,269,550,550,291.0,0.9828,8455.2
1.5,Samferdsel_96,270,585,584,295.0,0.99,14749.8
1.5,Samferdsel_96,271,1119,643,275.9,0.9581,3290.1
1.5,Samferdsel_96,272,1020,578,299.8,0.9585,3613.9
1.5,Samferdsel_96,273,697,696,282.5,0.99,14123.0
1.5,Samferdsel_96,274,846,655,301.8,0.9654,4355.0
1.5,Samferdsel_96,275,1144,627,305.1,0.9527,3222.2
1.5,Samferdsel_96,276,1515,621,319.1,0.9344,2432.2
1.5,Samferdsel_96,277,1476,606,280.9,0.9437,2495.9
1.5,Samferdsel_96,278,833,629,301.2,0.9659,4417.7
1.5,Samferdsel_96,279,626,622,298.6,0.9841,9373.2
1.5,Samferdsel_96,280,1701,689,311.1,0.9281,2164.1
1.5,Samferdsel_96,281,1323,629,323.2,0.9419,2783.9
1.5,Samferdsel_96,282,644,643,276.7,0.99,13834.5
1.5,Samferdsel_96,283,2097,577,322.2,0.9083,1757.4
1.5,Samferdsel_96,284,802,689,298.6,0.9675,4592.3
1.5,Samferdsel_96,285,844,634,302.0,0.9654,4364.3
1.5,Samferdsel_96,286,1384,598,323.8,0.9392,2662.2
1.5,Samferdsel_96,287,1322,677,309.3,0.9445,2786.8
1.5,Samferdsel_96,288,853,658,292.8,0.9661,4313.3
1.5,Samferdsel_96,289,2189,601,321.3,0.9045,1683.0
1.5,Samferdsel_96,290,2217,643,299.5,0.9099,1662.0
1.5,Samferdsel_96,291,1634,635,277.5,0.9385,2255.5
1.5,Samferdsel_96,292,776,700,306.5,0.9677,4745.6
1.5,Samferdsel_96,293,1351,570,305.0,0.944,2724.4
1.5,Samferdsel_96,294,859,572,295.7,0.9655,4288.3
1.5,Samferdsel_96,295,1804,693,311.5,0.9237,2041.6
1.5,Samferdsel_96,296,1028,565,315.7,0.9559,3579.7
1.5,Samferdsel_96,297,937,663,314.1,0.96,3930.1
1.5,Samferdsel_96,298,587,587,283.1,0.9823,8015.6
1.5,Samferdsel_96,299,650,608,293.3,0.9741,5667.9
1.5,Samferdsel_96,300,1482,549,300.1,0.9396,2485.8
1.5,Samferdsel_96,301,650,641,321.3,0.9725,5840.0
1.5,Samferdsel_96,302,670,641,286.0,0.974,5498.8
1.5,Samferdsel_96,303,1274,719,292.3,0.9494,2889.0
1.5,Samferdsel_96,304,1799,574,275.2,0.9328,2046.7
1.5,Samferdsel_96,305,1251,692,294.2,0.95,2944.3
1.5,Samferdsel_96,306,591,585,303.5,0.983,8925.3
1.5,Samferdsel_96,307,2071,593,292.4,0.9178,1778.8
1.5,Samferdsel_96,308,1335,579,280.9,0.9491,2760.5
1.5,Samferdsel_96,309,1824,654,295.1,0.927,2020.4
1.5,Samferdsel_96,310,521,521,317.0,0.99,15850.8
1.5,Samferdsel_96,311,1020,612,313.7,0.9566,3610.5
1.5,Samferdsel_96,312,668,665,296.9,0.99,14846.6
1.5,Samferdsel_96,313,655,626,296.9,0.9736,5630.6
1.5,Samferdsel_96,314,2462,580,277.9,0.9071,1496.1
1.5,Samferdsel_96,315,776,609,297.3,0.9687,4747.7
1.5,Samferdsel_96,316,622,619,296.4,0.9836,9019.9
1.5,Samferdsel_96,317,1152,581,306.8,0.9521,3199.7
1.5,Samferdsel_96,318,903,663,319.7,0.9608,4077.9
1.5,Samferdsel_96,319,613,613,301.8,0.99,15092.4
1.5,Samferdsel_96,320,1623,643,314.5,0.9307,2268.2
1.5,Samferdsel_96,321,1529,577,303.1,0.9371,2409.4
1.5,Samferdsel_96,322,1524,607,319.6,0.9339,2417.8
1.5,Samferdsel_96,323,609,607,303.4,0.9845,9771.8
1.5,Samferdsel_96,324,2518,585,277.0,0.9053,1462.6
1.5,Samferdsel_96,325,612,607,318.0,0.9839,9852.9
1.5,Samferdsel_96,326,616,614,299.5,0.9844,9622.0
1.5,Samferdsel_96,327,1581,622,301.5,0.9353,2329.1
1.5,Samferdsel_96,328,626,620,289.7,0.9813,7749.9
1.5,Samferdsel_96,329,685,685,279.5,0.99,13976.5
1.5,Samferdsel_96,330,1694,593,299.6,0.9311,2173.9
1.5,Samferdsel_96,331,1536,574,293.8,0.9388,2398.5
1.5,Samferdsel_96,332,2177,593,293.1,0.9134,1691.9
1.5,Samferdsel_96,333,738,585,323.2,0.9677,4997.1
1.5,Samferdsel_96,334,591,591,278.6,0.99,13929.2
1.5,Samferdsel_96,335,1028,592,314.5,0.9561,3581.3
1.5,Samferdsel_96,336,731,608,281.8,0.9721,5047.0
1.5,Samferdsel_96,337,1691,593,281.3,0.9354,2178.5
1.5,Samferdsel_96,338,623,621,311.2,0.9877,12663.5
1.5,Samferdsel_96,339,584,584,304.1,0.99,15203.2
1.5,Samferdsel_96,340,1363,665,321.8,0.9404,2701.9
1.5,Samferdsel_96,341,859,585,317.0,0.963,4285.7
1.5,Samferdsel_96,342,1890,600,290.3,0.9255,1948.7
1.5,Samferdsel_96,343,585,584,322.4,0.99,16120.2
1.5,Samferdsel_96,344,711,656,301.4,0.9709,5184.0
1.5,Samferdsel_96,345,642,635,306.8,0.979,7309.9
1.5,Samferdsel_96,346,2000,585,319.7,0.9132,1842.2
1.5,Samferdsel_96,347,1687,635,289.7,0.9337,2183.2
1.5,Samferdsel_96,348,1181,586,298.6,0.9521,3117.3
1.5,Samferdsel_96,349,588,588,321.0,0.99,16052.0
1.5,Samferdsel_96,350,648,647,319.9,0.99,15997.0
1.5,Samferdsel_96,351,1167,586,296.0,0.9531,3155.7
1.5,Samferdsel_96,352,657,657,292.0,0.99,14600.9
1.5,Samferdsel_96,353,1398,608,278.9,0.9471,2633.7
1.5,Samferdsel_96,354,690,689,307.4,0.99,15369.2
1.5,Samferdsel_96,355,1879,686,291.7,0.9256,1961.7
1.5,Samferdsel_96,356,633,630,295.8,0.99,14788.5
1.5,Samferdsel_96,357,685,682,291.2,0.9825,8332.6
1.5,Samferdsel_96,358,2132,619,307.8,0.9109,1727.7
1.5,Samferdsel_96,359,600,600,305.6,0.99,15280.2
1.5,Samferdsel_96,360,612,609,323.9,0.99,16194.1
1.5,Samferdsel_96,361,1487,635,313.6,0.9367,2478.8
1.5,Samferdsel_96,362,621,620,319.5,0.99,15972.6
1.5,Samferdsel_96,363,616,612,324.6,0.9784,7500.0
1.5,Samferdsel_96,364,704,704,283.6,0.99,14181.0
1.5,Samferdsel_96,365,585,585,294.0,0.986,10535.6
1.5,Samferdsel_96,366,563,563,279.2,0.99,13957.8
1.5,Samferdsel_96,367,1582,634,313.2,0.9327,2326.4
1.5,Samferdsel_96,368,906,600,324.9,0.9601,4070.8
1.5,Samferdsel_96,369,1067,595,291.0,0.9579,3452.8
1.5,Samferdsel_96,370,1531,556,275.2,0.9428,2406.5
1.5,Samferdsel_96,371,1127,634,324.5,0.9503,3268.1
1.5,Samferdsel_96,372,606,598,296.7,0.9757,6107.9
1.5,Samferdsel_96,373,571,567,293.4,0.99,14671.6
1.5,Samferdsel_96,374,1021,696,281.1,0.961,3607.3
1.5,Samferdsel_96,375,854,593,307.8,0.9643,4311.9
1.5,Samferdsel_96,376,1635,560,303.4,0.9327,2253.4
1.5,Samferdsel_96,377,942,558,313.2,0.96,3915.1
1.5,Samferdsel_96,378,644,641,303.4,0.9844,9699.2
1.5,Samferdsel_96,379,987,538,320.6,0.957,3729.3
1.5,Samferdsel_96,380,942,595,322.2,0.9588,3914.2
1.5,Samferdsel_96,381,860,614,321.6,0.9624,4282.0
1.5,Samferdsel_96,382,1165,642,289.3,0.9543,3164.6
1.5,Samferdsel_96,383,1258,658,278.9,0.9524,2928.0
1.5,Samferdsel_96,384,654,647,315.8,0.98,7890.7
1.5,Samferdsel_96,385,692,684,275.4,0.9791,6590.9
1.5,Samferdsel_96,386,2552,714,279.6,0.9032,1443.8
1.5,Samferdsel_96,387,584,573,314.8,0.9759,6540.6
1.5,Samferdsel_96,388,951,634,292.0,0.9623,3871.4
1.5,Samferdsel_96,389,742,574,307.3,0.969,4957.5
1.5,Samferdsel_96,390,1278,567,281.2,0.9512,2883.7
1.5,Samferdsel_96,391,657,649,305.0,0.9751,6112.2
1.5,Samferdsel_96,392,592,586,311.9,0.9805,8002.2
1.5,Samferdsel_96,393,628,628,282.9,0.99,14147.2
1.5,Samferdsel_96,394,1021,591,279.0,0.9613,3605.4
1.5,Samferdsel_96,395,998,665,299.2,0.9595,3690.3
1.5,Samferdsel_96,396,1070,634,320.2,0.9535,3439.5
1.5,Samferdsel_96,397,560,560,317.2,0.99,15862.4
1.5,Samferdsel_96,398,1483,641,323.8,0.9348,2483.7
1.5,Samferdsel_96,399,1117,563,299.2,0.9546,3298.1
1.5,Samferdsel_96,400,1837,606,315.4,0.9214,2006.1
1.5,Samferdsel_96,401,1195,572,292.3,0.9526,3083.5
1.5,Samferdsel_96,402,1084,599,297.0,0.9563,3396.2
1.5,Samferdsel_96,403,1260,558,283.5,0.9515,2920.8
1.5,Samferdsel_96,404,853,594,292.3,0.9661,4313.2
1.5,Samferdsel_96,405,581,581,285.2,0.99,14261.3
1.5,Samferdsel_96,406,1707,563,287.5,0.9334,2158.2
1.5,Samferdsel_96,407,728,594,290.9,0.9712,5055.5
1.5,Samferdsel_96,408,605,599,304.4,0.9806,7852.8
1.5,Samferdsel_96,409,1708,614,322.1,0.9253,2155.8
1.5,Samferdsel_96,410,1435,601,323.8,0.9369,2566.7
1.5,Samferdsel_96,411,931,651,323.0,0.9592,3955.0
1.5,Samferdsel_96,412,1942,634,313.6,0.9174,1897.8
1.5,Samferdsel_96,413,797,566,324.1,0.9649,4616.6
1.5,Samferdsel_96,414,822,641,315.6,0.9648,4482.2
1.5,Samferdsel_96,415,894,630,295.7,0.9641,4118.6
1.5,Samferdsel_96,416,1540,578,323.8,0.9323,2390.5
1.5,Samferdsel_96,417,1866,572,301.3,0.9237,1974.4
1.5,Samferdsel_96,418,1189,586,276.7,0.9554,3098.5
1.5,Samferdsel_96,419,1320,663,296.4,0.9469,2792.7
1.5,Samferdsel_96,420,1396,598,317.9,0.9398,2639.5
1.5,Samferdsel_96,421,671,671,322.4,0.99,16121.1
1.5,Samferdsel_96,422,1232,551,294.2,0.9508,2988.9
1.5,Samferdsel_96,423,2168,605,303.3,0.9107,1698.7
1.5,Samferdsel_96,424,1207,630,311.8,0.9489,3053.2
1.5,Samferdsel_96,425,595,595,312.7,0.99,15634.0
1.5,Samferdsel_96,426,595,593,281.0,0.983,8269.8
1.5,Samferdsel_96,427,882,676,278.3,0.9667,4175.7
1.5,Samferdsel_96,428,881,612,288.2,0.9655,4178.7
1.5,Samferdsel_96,429,2260,570,297.4,0.9087,1629.4
1.5,Samferdsel_96,430,1762,637,315.4,0.9246,2090.4
1.5,Samferdsel_96,431,734,587,305.8,0.9695,5017.8
1.5,Samferdsel_96,432,2818,585,277.6,0.8938,1307.2
1.5,Samferdsel_96,433,1844,545,312.2,0.9219,1998.4
1.5,Samferdsel_96,434,2023,649,306.6,0.9158,1820.0
1.5,Samferdsel_96,435,627,627,306.1,0.9852,10326.8
1.5,Samferdsel_96,436,794,600,298.5,0.9679,4645.2
1.5,Samferdsel_96,437,1062,619,275.3,0.9603,3467.7
1.5,Samferdsel_96,438,1127,584,315.9,0.9516,3265.7
1.5,Samferdsel_96,439,1855,623,316.7,0.9202,1985.0
1.5,Samferdsel_96,440,600,591,301.7,0.9756,6193.3
1.5,Samferdsel_96,441,740,728,319.5,0.9715,5607.8
1.5,Samferdsel_96,442,1960,677,276.0,0.9266,1878.7
1.5,Samferdsel_96,443,665,663,284.5,0.986,10146.9
1.5,Samferdsel_96,444,1238,549,306.9,0.9484,2976.0
1.5,Samferdsel_96,445,2848,696,298.8,0.8844,1293.0
1.5,Samferdsel_96,446,2364,628,316.8,0.8983,1557.8
1.5,Samferdsel_96,447,1305,634,309.8,0.9452,2824.5
1.5,Samferdsel_96,448,1062,619,301.7,0.9565,3468.5
1.5,Samferdsel_96,449,1687,622,297.9,0.9317,2181.8
1.5,Samferdsel_96,450,1468,598,286.4,0.9429,2508.9
1.5,Samferdsel_96,451,1027,609,285.3,0.9602,3587.8
1.5,Samferdsel_96,452,587,587,321.5,0.99,16073.8
1.5,Samferdsel_96,453,601,601,309.3,0.99,15466.6
1.5,Samferdsel_96,454,1061,566,296.7,0.9573,3473.4
1.5,Samferdsel_96,455,584,584,284.4,0.9835,8643.3
1.5,Samferdsel_96,456,1746,606,292.2,0.9308,2110.5
1.5,Samferdsel_96,457,692,684,312.7,0.9724,5660.2
1.5,Samferdsel_96,458,655,654,295.3,0.99,14766.0
1.5,Samferdsel_96,459,595,577,281.4,0.9773,6188.3
1.5,Samferdsel_96,460,1067,635,318.7,0.9538,3453.0
1.5,Samferdsel_96,461,587,584,291.8,0.9775,6498.3
1.5,Samferdsel_96,462,588,588,276.0,0.99,13798.0
1.5,Samferdsel_96,463,1368,633,304.4,0.9435,2694.9
1.5,Samferdsel_96,464,747,630,301.9,0.9694,4933.1
1.5,Samferdsel_96,465,1158,581,281.8,0.9557,3182.9
1.5,Samferdsel_96,466,2399,654,275.3,0.9103,1535.2
1.5,Samferdsel_96,467,1991,605,305.0,0.9176,1850.7
1.5,Samferdsel_96,468,1209,600,281.1,0.9538,3045.7
1.5,Samferdsel_96,469,662,655,293.8,0.9794,7147.7
1.5,Samferdsel_96,470,833,600,286.4,0.9676,4417.9
1.5,Samferdsel_96,471,1440,649,324.4,0.9366,2558.8
1.5,Samferdsel_96,472,612,609,302.6,0.99,15128.4
1.5,Samferdsel_96,473,1370,599,301.5,0.9439,2689.0
1.5,Samferdsel_96,474,830,584,301.6,0.966,4438.6
1.5,Samferdsel_96,475,1677,558,297.8,0.9322,2196.7
1.5,Samferdsel_96,476,606,605,281.2,0.99,14059.2
1.5,Samferdsel_96,477,1321,595,313.3,0.9438,2787.3
1.5,Samferdsel_96,478,647,644,319.8,0.99,15990.9
1.5,Samferdsel_96,479,1511,671,302.2,0.938,2436.6
1.5,Samferdsel_96,480,739,564,305.2,0.9694,4986.5
1.5,Samferdsel_96,481,641,640,309.5,0.99,15475.8
1.5,Samferdsel_96,482,657,650,290.3,0.9777,6506.6
1.5,Samferdsel_96,483,896,586,292.6,0.9644,4108.3
1.5,Samferdsel_96,484,1099,577,276.9,0.9587,3349.6
1.5,Samferdsel_96,485,693,692,311.0,0.99,15549.9
1.5,Samferdsel_96,486,643,642,314.9,0.987,12129.3
1.5,Samferdsel_96,487,593,556,316.8,0.9745,6209.6
1.5,Samferdsel_96,488,969,626,311.0,0.9591,3802.8
1.5,Samferdsel_96,489,832,663,316.8,0.9642,4423.4
1.5,Samferdsel_96,490,1952,586,301.3,0.9201,1886.1
1.5,Samferdsel_96,491,572,572,281.5,0.9846,9143.1
1.5,Samferdsel_96,492,1809,712,310.2,0.9238,2036.6
1.5,Samferdsel_96,493,1662,654,289.1,0.9348,2217.7
1.5,Samferdsel_96,494,755,588,306.7,0.9686,4879.5
1.5,Samferdsel_96,495,1351,550,318.4,0.9416,2726.2
1.5,Samferdsel_96,496,1519,728,288.0,0.9406,2424.1
1.5,Samferdsel_96,497,1624,662,282.9,0.9376,2266.9
1.5,Samferdsel_96,498,1411,578,284.3,0.9456,2611.0
1.5,Samferdsel_96,499,2001,586,297.3,0.9192,1840.7
2.0,Basis_85,0,3423,776,312.4,0.8548,1075.9
2.0,Basis_85,1,4051,791,305.0,0.8323,909.1
2.0,Basis_85,2,4066,707,324.5,0.8209,905.8
2.0,Basis_85,3,3856,825,300.6,0.8426,955.2
2.0,Basis_85,4,3623,824,288.0,0.8584,1016.6
2.0,Basis_85,5,3072,889,320.6,0.8663,1198.9
2.0,Basis_85,6,4233,776,291.2,0.8327,870.3
2.0,Basis_85,7,4294,868,282.7,0.8353,857.9
2.0,Basis_85,8,4049,822,279.5,0.8464,909.8
2.0,Basis_85,9,4123,907,309.7,0.8267,893.3
2.0,Basis_85,10,4533,776,305.9,0.8118,812.6
2.0,Basis_85,11,3391,808,319.0,0.8532,1086.6
2.0,Basis_85,12,1928,801,278.3,0.9272,1910.9
2.0,Basis_85,13,3654,790,282.5,0.8598,1007.9
2.0,Basis_85,14,2323,868,319.6,0.8992,1585.6
2.0,Basis_85,15,3461,761,276.2,0.8703,1064.6
2.0,Basis_85,16,2077,866,284.1,0.9199,1774.1
2.0,Basis_85,17,3479,802,315.1,0.8512,1058.6
2.0,Basis_85,18,2873,776,321.2,0.8748,1282.5
2.0,Basis_85,19,2663,762,284.9,0.897,1383.9
2.0,Basis_85,20,4122,795,309.9,0.8266,893.4
2.0,Basis_85,21,4935,762,282.2,0.8109,746.3
2.0,Basis_85,22,4142,888,287.5,0.8384,889.4
2.0,Basis_85,23,3388,752,280.1,0.8711,1086.8
2.0,Basis_85,24,3715,798,300.8,0.8483,991.6
2.0,Basis_85,25,4214,832,287.2,0.8357,874.0
2.0,Basis_85,26,4002,822,309.8,0.8317,920.6
2.0,Basis_85,27,2385,864,302.9,0.9019,1544.7
2.0,Basis_85,28,3918,710,295.3,0.843,940.0
2.0,Basis_85,29,3164,817,284.4,0.8778,1164.0
2.0,Basis_85,30,3743,713,303.5,0.8458,984.1
2.0,Basis_85,31,3581,782,286.2,0.8609,1028.8
2.0,Basis_85,32,3283,787,307.1,0.8632,1121.9
2.0,Basis_85,33,3136,913,287.3,0.8777,1174.4
2.0,Basis_85,34,2482,808,301.6,0.8984,1484.5
2.0,Basis_85,35,5046,900,297.1,0.7965,729.9
2.0,Basis_85,36,3909,763,319.6,0.8304,942.4
2.0,Basis_85,37,2659,795,291.4,0.8948,1385.0
2.0,Basis_85,38,3660,790,319.4,0.8413,1006.3
2.0,Basis_85,39,2946,818,288.8,0.8845,1250.1
2.0,Basis_85,40,3066,840,313.5,0.8695,1201.2
2.0,Basis_85,41,3756,808,293.3,0.8504,980.7
2.0,Basis_85,42,3441,861,322.1,0.8496,1070.7
2.0,Basis_85,43,2786,896,293.1,0.8891,1321.4
2.0,Basis_85,44,2323,829,310.5,0.9021,1585.6
2.0,Basis_85,45,2831,700,286.0,0.8901,1301.2
2.0,Basis_85,46,3808,713,302.5,0.8436,967.0
2.0,Basis_85,47,4207,826,321.2,0.8165,875.2
2.0,Basis_85,48,4039,936,313.9,0.8278,911.7
2.0,Basis_85,49,3870,900,311.1,0.8365,951.7
2.0,Basis_85,50,3479,756,317.2,0.8502,1058.7
2.0,Basis_85,51,3525,889,300.7,0.8561,1045.0
2.0,Basis_85,52,3527,707,287.3,0.8625,1044.4
2.0,Basis_85,53,3750,760,308.2,0.8431,982.1
2.0,Basis_85,54,3230,775,276.7,0.8787,1140.5
2.0,Basis_85,55,4658,843,322.4,0.7962,790.9
2.0,Basis_85,56,3693,770,300.0,0.8497,997.7
2.0,Basis_85,57,3682,887,298.4,0.8508,1000.0
2.0,Basis_85,58,4170,1000,286.6,0.8378,883.4
2.0,Basis_85,59,3841,767,296.7,0.8453,958.8
2.0,Basis_85,60,2434,766,303.3,0.8998,1513.5
2.0,Basis_85,61,3191,789,295.4,0.872,1154.2
2.0,Basis_85,62,3749,840,296.7,0.849,982.7
2.0,Basis_85,63,3596,816,318.0,0.8447,1024.2
2.0,Basis_85,64,4638,921,323.2,0.7965,794.2
2.0,Basis_85,65,3531,872,321.0,0.8462,1043.6
2.0,Basis_85,66,1629,727,294.6,0.9349,2261.9
2.0,Basis_85,67,4802,802,281.9,0.8162,767.0
2.0,Basis_85,68,3660,962,301.4,0.8503,1006.5
2.0,Basis_85,69,3231,783,279.9,0.8772,1140.0
2.0,Basis_85,70,2558,860,293.5,0.8981,1440.7
2.0,Basis_85,71,3835,825,294.0,0.8469,960.2
2.0,Basis_85,72,2289,798,300.0,0.9068,1608.9
2.0,Basis_85,73,4511,767,285.7,0.8251,816.8
2.0,Basis_85,74,3519,826,320.1,0.8471,1046.7
2.0,Basis_85,75,4661,832,287.6,0.818,790.3
2.0,Basis_85,76,4137,742,294.5,0.8346,890.2
2.0,Basis_85,77,2803,822,296.4,0.8872,1314.2
2.0,Basis_85,78,4142,754,317.1,0.8217,889.3
2.0,Basis_85,79,5093,782,310.4,0.7855,723.4
2.0,Basis_85,80,3814,966,305.5,0.8418,965.6
2.0,Basis_85,81,3580,727,277.9,0.865,1029.2
2.0,Basis_85,82,3044,805,311.1,0.8714,1209.9
2.0,Basis_85,83,4325,697,287.5,0.8312,851.5
2.0,Basis_85,84,3952,879,302.3,0.8378,932.1
2.0,Basis_85,85,3758,920,296.3,0.8488,980.0
2.0,Basis_85,86,3526,829,316.4,0.8486,1044.8
2.0,Basis_85,87,2756,889,316.2,0.8817,1336.4
2.0,Basis_85,88,3216,774,292.4,0.8724,1145.4
2.0,Basis_85,89,3233,859,288.2,0.8735,1139.1
2.0,Basis_85,90,3640,853,281.3,0.861,1011.9
2.0,Basis_85,91,3272,816,280.4,0.8755,1126.1
2.0,Basis_85,92,3498,859,292.2,0.8613,1053.0
2.0,Basis_85,93,3552,878,294.3,0.8581,1037.3
2.0,Basis_85,94,2833,754,293.6,0.8871,1300.1
2.0,Basis_85,95,3058,931,300.3,0.8753,1204.2
2.0,Basis_85,96,2681,871,314.3,0.8856,1373.5
2.0,Basis_85,97,3203,840,315.1,0.8631,1150.4
2.0,Basis_85,98,3661,907,313.6,0.8442,1006.1
2.0,Basis_85,99,2930,831,300.5,0.8805,1257.3
2.0,Basis_85,100,5022,868,279.0,0.8099,733.6
2.0,Basis_85,101,3345,923,315.2,0.8568,1100.8
2.0,Basis_85,102,4750,808,286.6,0.8152,775.6
2.0,Basis_85,103,4077,740,302.2,0.8327,903.5
2.0,Basis_85,104,4023,865,308.8,0.8314,915.7
2.0,Basis_85,105,3520,756,287.5,0.8626,1046.1
2.0,Basis_85,106,3969,809,282.7,0.8477,927.9
2.0,Basis_85,107,3904,741,299.8,0.8411,943.7
2.0,Basis_85,108,2742,972,305.6,0.8862,1343.4
2.0,Basis_85,109,3554,825,310.9,0.85,1036.6
2.0,Basis_85,110,3946,732,293.0,0.843,933.3
2.0,Basis_85,111,2498,776,311.1,0.8945,1474.7
2.0,Basis_85,112,3639,915,281.1,0.8611,1012.0
2.0,Basis_85,113,3951,836,279.3,0.8502,932.4
2.0,Basis_85,114,5892,916,279.4,0.7765,625.2
2.0,Basis_85,115,2789,725,288.1,0.891,1321.2
2.0,Basis_85,116,4186,859,275.6,0.8434,879.8
2.0,Basis_85,117,3745,838,278.7,0.8583,983.2
2.0,Basis_85,118,3440,824,313.9,0.8535,1071.0
2.0,Basis_85,119,3836,839,323.5,0.8315,960.1
2.0,Basis_85,120,3805,804,302.5,0.8437,968.1
2.0,Basis_85,121,2821,896,321.0,0.8771,1305.7
2.0,Basis_85,122,4259,798,301.1,0.826,865.1
2.0,Basis_85,123,4640,852,311.0,0.8041,793.7
2.0,Basis_85,124,3969,727,305.8,0.8352,927.8
2.0,Basis_85,125,3266,745,321.2,0.8576,1127.8
2.0,Basis_85,126,4322,815,293.3,0.828,852.5
2.0,Basis_85,127,3800,853,300.6,0.8449,969.0
2.0,Basis_85,128,4214,732,277.2,0.8414,873.9
2.0,Basis_85,129,2510,740,298.1,0.8984,1467.5
2.0,Basis_85,130,3940,780,323.9,0.8267,934.7
2.0,Basis_85,131,2349,742,297.0,0.9053,1568.5
2.0,Basis_85,132,4088,833,289.1,0.8395,900.9
2.0,Basis_85,133,3366,861,321.4,0.8531,1094.1
2.0,Basis_85,134,3861,837,306.7,0.8392,954.0
2.0,Basis_85,135,3244,721,320.4,0.8589,1135.7
2.0,Basis_85,136,3000,825,317.3,0.8708,1228.2
2.0,Basis_85,137,3045,775,302.1,0.8751,1209.1
2.0,Basis_85,138,4333,733,275.3,0.8381,849.9
2.0,Basis_85,139,3589,881,290.0,0.8587,1026.4
2.0,Basis_85,140,4100,672,297.6,0.8343,898.3
2.0,Basis_85,141,4352,851,294.5,0.826,846.3
2.0,Basis_85,142,2975,847,314.7,0.8729,1237.8
2.0,Basis_85,143,3309,811,318.9,0.8568,1113.4
2.0,Basis_85,144,2383,871,310.5,0.8996,1546.6
2.0,Basis_85,145,4897,794,293.1,0.8052,752.3
2.0,Basis_85,146,4214,754,275.6,0.8423,873.8
2.0,Basis_85,147,3342,726,286.4,0.8701,1102.3
2.0,Basis_85,148,3442,861,313.4,0.8535,1070.0
2.0,Basis_85,149,3561,770,323.4,0.8437,1034.6
2.0,Basis_85,150,2881,752,293.8,0.8851,1278.9
2.0,Basis_85,151,3912,789,296.7,0.8424,941.6
2.0,Basis_85,152,3120,788,277.0,0.8827,1180.8
2.0,Basis_85,153,3360,801,304.4,0.8611,1095.8
2.0,Basis_85,154,2961,712,321.3,0.8708,1243.8
2.0,Basis_85,155,5222,847,282.8,0.7995,705.3
2.0,Basis_85,156,3584,993,308.9,0.8497,1027.7
2.0,Basis_85,157,3899,804,324.7,0.8281,944.4
2.0,Basis_85,158,3787,809,313.2,0.839,972.5
2.0,Basis_85,159,4137,761,311.0,0.8254,890.3
2.0,Basis_85,160,3065,847,278.4,0.8842,1201.9
2.0,Basis_85,161,5299,745,275.5,0.8018,695.0
2.0,Basis_85,162,3707,809,315.2,0.8414,993.8
2.0,Basis_85,163,4749,798,304.3,0.8039,775.8
2.0,Basis_85,164,2793,816,314.1,0.8809,1318.4
2.0,Basis_85,165,3337,760,294.5,0.8666,1103.9
2.0,Basis_85,166,3335,794,319.5,0.8554,1104.8
2.0,Basis_85,167,4526,707,288.2,0.823,814.0
2.0,Basis_85,168,4459,789,286.0,0.8268,825.8
2.0,Basis_85,169,3952,819,280.7,0.8495,932.3
2.0,Basis_85,170,4178,826,299.0,0.8304,881.6
2.0,Basis_85,171,2944,885,299.0,0.8805,1251.3
2.0,Basis_85,172,5093,873,280.3,0.8062,723.2
2.0,Basis_85,173,3127,769,314.9,0.8663,1177.9
2.0,Basis_85,174,1984,832,289.7,0.922,1857.4
2.0,Basis_85,175,4245,845,296.6,0.8291,867.9
2.0,Basis_85,176,4739,754,283.6,0.8175,777.1
2.0,Basis_85,177,4819,727,282.7,0.8151,764.4
2.0,Basis_85,178,3462,762,318.5,0.8503,1064.2
2.0,Basis_85,179,3633,909,279.9,0.862,1013.6
2.0,Basis_85,180,3882,945,280.0,0.8525,949.0
2.0,Basis_85,181,4437,745,305.6,0.816,830.2
2.0,Basis_85,182,4855,780,316.2,0.7917,758.7
2.0,Basis_85,183,5235,768,295.4,0.7901,703.5
2.0,Basis_85,184,2894,934,277.4,0.891,1272.9
2.0,Basis_85,185,4837,867,300.3,0.8028,761.3
2.0,Basis_85,186,3489,1012,312.6,0.852,1056.0
2.0,Basis_85,187,2637,734,278.7,0.9002,1396.6
2.0,Basis_85,188,4010,769,285.6,0.8445,918.4
2.0,Basis_85,189,4385,816,293.7,0.8252,840.3
2.0,Basis_85,190,2551,871,315.0,0.891,1444.6
2.0,Basis_85,191,2538,903,320.3,0.8897,1451.8
2.0,Basis_85,192,2951,791,277.8,0.8888,1248.6
2.0,Basis_85,193,4910,710,313.6,0.791,750.3
2.0,Basis_85,194,3114,727,312.5,0.8679,1182.5
2.0,Basis_85,195,4476,755,276.1,0.8323,823.0
2.0,Basis_85,196,3611,787,302.5,0.8518,1020.1
2.0,Basis_85,197,3609,788,301.7,0.8522,1020.7
2.0,Basis_85,198,4574,753,280.9,0.8256,805.5
2.0,Basis_85,199,3609,721,294.9,0.8555,1020.8
2.0,Basis_85,200,4305,858,278.5,0.8372,855.4
2.0,Basis_85,201,3112,781,280.0,0.8817,1183.6
2.0,Basis_85,202,3497,782,313.3,0.8513,1053.4
2.0,Basis_85,203,3860,781,287.8,0.8493,954.6
2.0,Basis_85,204,2071,727,278.1,0.9218,1778.6
2.0,Basis_85,205,3457,901,287.3,0.8652,1065.6
2.0,Basis_85,206,3954,878,311.3,0.8329,931.6
2.0,Basis_85,207,2194,824,318.4,0.9052,1679.6
2.0,Basis_85,208,4079,929,280.2,0.8448,902.9
2.0,Basis_85,209,4337,825,295.6,0.826,849.3
2.0,Basis_85,210,3015,756,292.4,0.8803,1221.9
2.0,Basis_85,211,4386,843,284.2,0.8308,840.0
2.0,Basis_85,212,3707,711,289.8,0.8542,993.8
2.0,Basis_85,213,4408,802,284.2,0.83,835.7
2.0,Basis_85,214,2516,825,317.6,0.8916,1464.5
2.0,Basis_85,215,3490,790,283.6,0.8657,1055.5
2.0,Basis_85,216,3836,790,320.7,0.8329,959.9
2.0,Basis_85,217,3940,741,292.7,0.8435,934.8
2.0,Basis_85,218,3328,783,302.0,0.8636,1107.0
2.0,Basis_85,219,3252,790,309.2,0.8636,1132.9
2.0,Basis_85,220,3811,845,275.7,0.8574,966.9
2.0,Basis_85,221,3765,712,322.0,0.8355,978.4
2.0,Basis_85,222,2776,787,318.5,0.88,1327.0
2.0,Basis_85,223,4546,720,289.6,0.8213,810.5
2.0,Basis_85,224,3987,740,324.6,0.8244,924.1
2.0,Basis_85,225,2201,741,319.4,0.9046,1674.6
2.0,Basis_85,226,4289,734,315.5,0.8163,858.9
2.0,Basis_85,227,3146,762,281.3,0.8799,1170.9
2.0,Basis_85,228,3612,733,303.5,0.8512,1019.6
2.0,Basis_85,229,3703,811,290.2,0.8541,994.3
2.0,Basis_85,230,3050,718,322.3,0.8665,1207.6
2.0,Basis_85,231,2831,773,305.0,0.8828,1301.5
2.0,Basis_85,232,4513,851,285.1,0.8253,816.1
2.0,Basis_85,233,3465,942,300.9,0.8584,1062.8
2.0,Basis_85,234,4375,762,291.7,0.8267,841.8
2.0,Basis_85,235,5017,818,294.9,0.7992,734.2
2.0,Basis_85,236,3372,818,320.0,0.8535,1092.2
2.0,Basis_85,237,2083,908,317.0,0.9104,1768.2
2.0,Basis_85,238,4288,839,319.2,0.8142,859.2
2.0,Basis_85,239,4044,853,310.2,0.8297,910.7
2.0,Basis_85,240,2940,805,310.3,0.8761,1252.5
2.0,Basis_85,241,2763,728,291.3,0.8908,1333.2
2.0,Basis_85,242,3911,840,289.3,0.8464,941.7
2.0,Basis_85,243,4218,840,289.0,0.8345,873.4
2.0,Basis_85,244,3962,903,288.1,0.8451,929.6
2.0,Basis_85,245,3120,780,279.6,0.8816,1180.6
2.0,Basis_85,246,3293,725,285.7,0.8724,1119.1
2.0,Basis_85,247,4177,872,306.2,0.8264,881.9
2.0,Basis_85,248,3638,769,295.0,0.8543,1012.4
2.0,Basis_85,249,3392,802,301.6,0.8611,1085.8
2.0,Basis_85,250,2068,753,305.4,0.9143,1782.5
2.0,Basis_85,251,1945,753,288.9,0.9237,1893.5
2.0,Basis_85,252,3100,816,289.8,0.878,1188.0
2.0,Basis_85,253,4312,896,300.0,0.8244,854.2
2.0,Basis_85,254,3772,740,300.6,0.8461,976.3
2.0,Basis_85,255,3877,812,312.3,0.8356,949.9
2.0,Basis_85,256,3617,728,296.5,0.8544,1018.3
2.0,Basis_85,257,4289,839,316.0,0.816,858.9
2.0,Basis_85,258,4553,809,284.3,0.8244,809.2
2.0,Basis_85,259,3274,714,296.5,0.8682,1125.0
2.0,Basis_85,260,3876,907,293.4,0.8456,950.3
2.0,Basis_85,261,4472,812,275.6,0.8327,823.6
2.0,Basis_85,262,5236,789,293.5,0.7914,703.4
2.0,Basis_85,263,3395,732,303.0,0.8604,1084.8
2.0,Basis_85,264,2873,844,301.2,0.8826,1282.7
2.0,Basis_85,265,3800,880,315.1,0.8374,969.2
2.0,Basis_85,266,4051,761,276.3,0.848,909.2
2.0,Basis_85,267,4851,873,308.4,0.7969,759.2
2.0,Basis_85,268,4820,873,295.7,0.8066,764.3
2.0,Basis_85,269,3220,661,291.0,0.8728,1143.6
2.0,Basis_85,270,2363,777,295.0,0.9054,1559.4
2.0,Basis_85,271,4057,858,275.9,0.8481,907.9
2.0,Basis_85,272,3722,769,299.8,0.8485,989.6
2.0,Basis_85,273,2853,928,282.5,0.8906,1291.4
2.0,Basis_85,274,3532,872,301.8,0.8554,1043.2
2.0,Basis_85,275,3799,837,305.1,0.8427,969.6
2.0,Basis_85,276,4053,829,319.1,0.8244,908.6
2.0,Basis_85,277,4360,809,280.9,0.8337,844.6
2.0,Basis_85,278,3525,839,301.2,0.8559,1045.1
2.0,Basis_85,279,3107,830,298.6,0.8741,1185.5
2.0,Basis_85,280,4308,917,311.1,0.8181,855.3
2.0,Basis_85,281,3829,839,323.2,0.8319,961.7
2.0,Basis_85,282,2874,858,276.7,0.8921,1281.9
2.0,Basis_85,283,4611,768,322.2,0.7983,798.8
2.0,Basis_85,284,3517,916,298.6,0.8575,1047.6
2.0,Basis_85,285,3527,845,302.0,0.8554,1044.3
2.0,Basis_85,286,3888,796,323.8,0.8292,947.7
2.0,Basis_85,287,3941,903,309.3,0.8345,934.5
2.0,Basis_85,288,3622,879,292.8,0.8561,1017.0
2.0,Basis_85,289,4710,802,321.3,0.7945,782.0
2.0,Basis_85,290,4921,858,299.5,0.7999,748.4
2.0,Basis_85,291,4553,846,277.5,0.8285,809.1
2.0,Basis_85,292,3420,935,306.5,0.8577,1076.9
2.0,Basis_85,293,4009,745,305.0,0.834,918.8
2.0,Basis_85,294,3601,747,295.7,0.8555,1023.3
2.0,Basis_85,295,4406,924,311.5,0.8137,836.0
2.0,Basis_85,296,3596,706,315.7,0.8459,1024.3
2.0,Basis_85,297,3518,882,314.1,0.85,1047.3
2.0,Basis_85,298,3322,766,283.1,0.8723,1108.8
2.0,Basis_85,299,3413,810,293.3,0.8641,1079.4
2.0,Basis_85,300,4183,696,300.1,0.8296,880.7
2.0,Basis_85,301,3154,854,321.3,0.8625,1168.2
2.0,Basis_85,302,3504,853,286.0,0.864,1051.3
2.0,Basis_85,303,4046,958,292.3,0.8394,910.1
2.0,Basis_85,304,4744,685,275.2,0.8228,776.3
2.0,Basis_85,305,4007,922,294.2,0.84,919.5
2.0,Basis_85,306,3084,780,303.5,0.873,1194.7
2.0,Basis_85,307,4842,770,292.4,0.8078,760.7
2.0,Basis_85,308,4219,773,280.9,0.8391,873.0
2.0,Basis_85,309,4569,871,295.1,0.817,806.2
2.0,Basis_85,310,2349,690,317.0,0.8989,1568.2
2.0,Basis_85,311,3603,815,313.7,0.8466,1022.2
2.0,Basis_85,312,2393,887,296.9,0.9035,1538.7
2.0,Basis_85,313,3384,832,296.9,0.8636,1088.6
2.0,Basis_85,314,5379,748,277.9,0.7971,684.9
2.0,Basis_85,315,3500,815,297.3,0.8587,1052.0
2.0,Basis_85,316,3142,824,296.4,0.8736,1172.1
2.0,Basis_85,317,3792,731,306.8,0.8421,971.3
2.0,Basis_85,318,3437,885,319.7,0.8508,1071.3
2.0,Basis_85,319,2635,763,301.8,0.892,1398.0
2.0,Basis_85,320,4200,858,314.5,0.8207,876.8
2.0,Basis_85,321,4203,712,303.1,0.8271,876.5
2.0,Basis_85,322,4059,810,319.6,0.8239,907.5
2.0,Basis_85,323,3048,809,303.4,0.8745,1208.7
2.0,Basis_85,324,5444,780,277.0,0.7953,676.7
2.0,Basis_85,325,2923,809,318.0,0.8739,1260.4
2.0,Basis_85,326,3090,818,299.5,0.8744,1192.5
2.0,Basis_85,327,4269,804,301.5,0.8253,862.8
2.0,Basis_85,328,3273,826,289.7,0.8713,1125.4
2.0,Basis_85,329,2832,914,279.5,0.8926,1300.9
2.0,Basis_85,330,4400,790,299.6,0.8211,837.2
2.0,Basis_85,331,4295,712,293.8,0.8288,857.8
2.0,Basis_85,332,4941,790,293.1,0.8034,745.4
2.0,Basis_85,333,3245,733,323.2,0.8577,1135.3
2.0,Basis_85,334,2825,775,278.6,0.8932,1304.1
2.0,Basis_85,335,3605,789,314.5,0.8461,1021.7
2.0,Basis_85,336,3605,810,281.8,0.8621,1021.5
2.0,Basis_85,337,4571,790,281.3,0.8254,805.7
2.0,Basis_85,338,2895,829,311.2,0.8777,1272.3
2.0,Basis_85,339,2565,756,304.1,0.8942,1436.5
2.0,Basis_85,340,3882,887,321.8,0.8304,949.0
2.0,Basis_85,341,3415,755,317.0,0.853,1078.5
2.0,Basis_85,342,4682,781,290.3,0.8155,786.7
2.0,Basis_85,343,2254,777,322.4,0.9013,1633.9
2.0,Basis_85,344,3400,875,301.4,0.8609,1083.5
2.0,Basis_85,345,3146,846,306.8,0.869,1171.1
2.0,Basis_85,346,4534,781,319.7,0.8032,812.4
2.0,Basis_85,347,4485,846,289.7,0.8237,821.4
2.0,Basis_85,348,3896,781,298.6,0.8421,945.6
2.0,Basis_85,349,2161,776,321.0,0.9058,1704.6
2.0,Basis_85,350,1767,861,319.9,0.9233,2085.9
2.0,Basis_85,351,3905,781,296.0,0.8431,943.3
2.0,Basis_85,352,2782,878,292.0,0.8898,1324.7
2.0,Basis_85,353,4304,811,278.9,0.8371,855.7
2.0,Basis_85,354,2254,917,307.4,0.9059,1633.5
2.0,Basis_85,355,4655,915,291.7,0.8156,791.2
2.0,Basis_85,356,1153,843,295.8,0.9537,3194.2
2.0,Basis_85,357,3225,908,291.2,0.8725,1142.3
2.0,Basis_85,358,4765,825,307.8,0.8009,773.1
2.0,Basis_85,359,2373,801,305.6,0.9015,1551.3
2.0,Basis_85,360,2586,815,323.9,0.8863,1424.5
2.0,Basis_85,361,4071,847,313.6,0.8267,905.0
2.0,Basis_85,362,1862,826,319.5,0.9192,1977.6
2.0,Basis_85,363,2988,815,324.6,0.8684,1232.9
2.0,Basis_85,364,2979,937,283.6,0.8853,1236.4
2.0,Basis_85,365,3106,768,294.0,0.876,1186.0
2.0,Basis_85,366,2749,721,279.2,0.8958,1340.0
2.0,Basis_85,367,4170,845,313.2,0.8227,883.2
2.0,Basis_85,368,3400,801,324.9,0.8501,1083.6
2.0,Basis_85,369,3850,795,291.0,0.8479,956.4
2.0,Basis_85,370,4476,724,275.2,0.8328,823.0
2.0,Basis_85,371,3624,845,324.5,0.8403,1016.4
2.0,Basis_85,372,3335,794,296.7,0.8657,1104.9
2.0,Basis_85,373,2510,756,293.4,0.9,1467.8
2.0,Basis_85,374,3904,928,281.1,0.851,943.6
2.0,Basis_85,375,3486,754,307.8,0.8543,1056.3
2.0,Basis_85,376,4305,747,303.4,0.8227,855.5
2.0,Basis_85,377,3528,745,313.2,0.85,1043.9
2.0,Basis_85,378,3051,854,303.4,0.8744,1207.3
2.0,Basis_85,379,3517,669,320.6,0.847,1047.7
2.0,Basis_85,380,3456,711,322.2,0.8488,1065.7
2.0,Basis_85,381,3380,818,321.6,0.8524,1089.8
2.0,Basis_85,382,3966,857,289.3,0.8443,928.9
2.0,Basis_85,383,4164,878,278.9,0.8424,884.7
2.0,Basis_85,384,3034,860,315.8,0.87,1214.4
2.0,Basis_85,385,3500,913,275.4,0.8691,1052.0
2.0,Basis_85,386,5450,952,279.6,0.7932,676.0
2.0,Basis_85,387,3136,766,314.8,0.8659,1174.1
2.0,Basis_85,388,3727,845,292.0,0.8523,988.5
2.0,Basis_85,389,3380,718,307.3,0.859,1089.7
2.0,Basis_85,390,4158,752,281.2,0.8412,885.6
2.0,Basis_85,391,3260,865,305.0,0.8651,1130.0
2.0,Basis_85,392,3058,781,311.9,0.8705,1204.3
2.0,Basis_85,393,2498,837,282.9,0.9041,1474.7
2.0,Basis_85,394,3926,788,279.0,0.8513,938.2
2.0,Basis_85,395,3707,887,299.2,0.8495,993.8
2.0,Basis_85,396,3602,845,320.2,0.8435,1022.6
2.0,Basis_85,397,2765,718,317.2,0.8809,1331.9
2.0,Basis_85,398,3987,853,323.8,0.8248,924.1
2.0,Basis_85,399,3826,749,299.2,0.8446,962.9
2.0,Basis_85,400,4406,809,315.4,0.8114,836.1
2.0,Basis_85,401,3967,724,292.3,0.8426,928.6
2.0,Basis_85,402,3813,797,297.0,0.8463,965.9
2.0,Basis_85,403,4120,721,283.5,0.8415,894.1
2.0,Basis_85,404,3626,791,292.3,0.8561,1015.7
2.0,Basis_85,405,3035,698,285.2,0.8825,1213.7
2.0,Basis_85,406,4526,748,287.5,0.8234,813.9
2.0,Basis_85,407,3514,794,290.9,0.8612,1048.2
2.0,Basis_85,408,3132,798,304.4,0.8706,1176.4
2.0,Basis_85,409,4225,818,322.1,0.8153,871.9
2.0,Basis_85,410,3938,802,323.8,0.8269,935.4
2.0,Basis_85,411,3440,871,323.0,0.8492,1070.8
2.0,Basis_85,412,4526,844,313.6,0.8074,814.0
2.0,Basis_85,413,3297,742,324.1,0.8549,1116.8
2.0,Basis_85,414,3388,854,315.6,0.8548,1086.8
2.0,Basis_85,415,3636,840,295.7,0.8541,1013.5
2.0,Basis_85,416,4044,761,323.8,0.8223,911.0
2.0,Basis_85,417,4555,742,301.3,0.8137,808.6
2.0,Basis_85,418,4119,781,276.7,0.8454,894.5
2.0,Basis_85,419,4052,882,296.4,0.8369,908.9
2.0,Basis_85,420,3945,796,317.9,0.8298,933.8
2.0,Basis_85,421,2540,895,322.4,0.8888,1449.9
2.0,Basis_85,422,3987,717,294.2,0.8408,923.9
2.0,Basis_85,423,4841,760,303.3,0.8007,761.0
2.0,Basis_85,424,3805,843,311.8,0.8389,968.0
2.0,Basis_85,425,1516,795,312.7,0.9357,2430.1
2.0,Basis_85,426,3329,787,281.0,0.873,1106.5
2.0,Basis_85,427,3793,901,278.3,0.8567,970.9
2.0,Basis_85,428,3693,762,288.2,0.8555,997.5
2.0,Basis_85,429,4984,759,297.4,0.7987,738.9
2.0,Basis_85,430,4331,850,315.4,0.8146,850.4
2.0,Basis_85,431,3384,782,305.8,0.8595,1088.5
2.0,Basis_85,432,5737,780,277.6,0.7838,642.0
2.0,Basis_85,433,4438,710,312.2,0.8119,829.9
2.0,Basis_85,434,4667,866,306.6,0.8058,789.3
2.0,Basis_85,435,3003,718,306.1,0.8752,1226.2
2.0,Basis_85,436,3507,801,298.5,0.8579,1050.1
2.0,Basis_85,437,4007,824,275.3,0.8503,919.6
2.0,Basis_85,438,3693,777,315.9,0.8416,997.5
2.0,Basis_85,439,4414,831,316.7,0.8102,834.5
2.0,Basis_85,440,3281,788,301.7,0.8656,1122.8
2.0,Basis_85,441,3192,972,319.5,0.8615,1153.5
2.0,Basis_85,442,4897,902,276.0,0.8166,752.2
2.0,Basis_85,443,3212,882,284.5,0.876,1146.9
2.0,Basis_85,444,3877,732,306.9,0.8384,949.8
2.0,Basis_85,445,5561,927,298.8,0.7744,662.4
2.0,Basis_85,446,4921,837,316.8,0.7883,748.3
2.0,Basis_85,447,3920,845,309.8,0.8352,939.6
2.0,Basis_85,448,3749,825,301.7,0.8465,982.7
2.0,Basis_85,449,4408,830,297.9,0.8217,835.6
2.0,Basis_85,450,4297,796,286.4,0.8329,857.1
2.0,Basis_85,451,3867,812,285.3,0.8502,952.6
2.0,Basis_85,452,2232,781,321.5,0.9026,1650.3
2.0,Basis_85,453,2350,739,309.3,0.9013,1567.3
2.0,Basis_85,454,3791,754,296.7,0.8473,971.6
2.0,Basis_85,455,3275,756,284.4,0.8735,1124.4
2.0,Basis_85,456,4519,808,292.2,0.8208,815.2
2.0,Basis_85,457,3241,913,312.7,0.8624,1136.0
2.0,Basis_85,458,2714,872,295.3,0.8912,1357.1
2.0,Basis_85,459,3476,720,281.4,0.8673,1059.9
2.0,Basis_85,460,3610,846,318.7,0.8438,1020.5
2.0,Basis_85,461,3344,769,291.8,0.8675,1101.7
2.0,Basis_85,462,2763,717,276.0,0.8965,1332.9
2.0,Basis_85,463,4029,843,304.4,0.8335,914.2
2.0,Basis_85,464,3430,843,301.9,0.8594,1073.6
2.0,Basis_85,465,4032,776,281.8,0.8457,913.4
2.0,Basis_85,466,5344,871,275.3,0.8003,689.4
2.0,Basis_85,467,4647,805,305.0,0.8076,792.6
2.0,Basis_85,468,4092,801,281.1,0.8438,900.2
2.0,Basis_85,469,3274,873,293.8,0.8694,1125.2
2.0,Basis_85,470,3664,798,286.4,0.8576,1005.6
2.0,Basis_85,471,3938,865,324.4,0.8266,935.4
2.0,Basis_85,472,2268,815,302.6,0.9068,1623.6
2.0,Basis_85,473,4058,798,301.5,0.8339,907.8
2.0,Basis_85,474,3517,741,301.6,0.856,1047.4
2.0,Basis_85,475,4399,745,297.8,0.8222,837.6
2.0,Basis_85,476,2820,805,281.2,0.8923,1305.8
2.0,Basis_85,477,3909,739,313.3,0.8338,942.6
2.0,Basis_85,478,2359,859,319.8,0.8976,1561.3
2.0,Basis_85,479,4193,895,302.2,0.828,878.4
2.0,Basis_85,480,3393,745,305.2,0.8594,1085.4
2.0,Basis_85,481,2537,852,309.5,0.8934,1452.2
2.0,Basis_85,482,3357,867,290.3,0.8677,1097.2
2.0,Basis_85,483,3666,686,292.6,0.8544,1004.7
2.0,Basis_85,484,4025,768,276.9,0.8487,914.9
2.0,Basis_85,485,2646,923,311.0,0.8883,1391.6
2.0,Basis_85,486,2877,857,314.9,0.877,1280.3
2.0,Basis_85,487,3150,718,316.8,0.8645,1168.8
2.0,Basis_85,488,3575,833,311.0,0.8491,1030.5
2.0,Basis_85,489,3391,885,316.8,0.8542,1086.3
2.0,Basis_85,490,4641,697,301.3,0.8101,793.5
2.0,Basis_85,491,3282,745,281.5,0.8746,1122.3
2.0,Basis_85,492,4421,950,310.2,0.8138,833.2
2.0,Basis_85,493,4464,872,289.1,0.8248,825.2
2.0,Basis_85,494,3398,760,306.7,0.8586,1084.4
2.0,Basis_85,495,3897,668,318.4,0.8316,945.3
2.0,Basis_85,496,4332,971,288.0,0.8306,850.1
2.0,Basis_85,497,4490,881,282.9,0.8276,820.5
2.0,Basis_85,498,4261,763,284.3,0.8356,864.4
2.0,Basis_85,499,4725,781,297.3,0.8092,779.3
2.0,Middels_90,0,2245,776,312.4,0.9048,1640.9
2.0,Middels_90,1,2845,791,305.0,0.8823,1295.2
2.0,Middels_90,2,2931,707,324.5,0.8709,1256.6
2.0,Middels_90,3,2631,825,300.6,0.8926,1400.0
2.0,Middels_90,4,2344,824,288.0,0.9084,1571.3
2.0,Middels_90,5,1923,889,320.6,0.9163,1914.9
2.0,Middels_90,6,2967,776,291.2,0.8827,1241.3
2.0,Middels_90,7,2989,868,282.7,0.8853,1231.7
2.0,Middels_90,8,2730,822,279.5,0.8964,1349.0
2.0,Middels_90,9,2933,907,309.7,0.8767,1255.5
2.0,Middels_90,10,3329,776,305.9,0.8618,1106.5
2.0,Middels_90,11,2236,808,319.0,0.9032,1648.0
2.0,Middels_90,12,809,801,278.3,0.9772,6097.0
2.0,Middels_90,13,2351,790,282.5,0.9098,1566.8
2.0,Middels_90,14,1172,868,319.6,0.9492,3146.6
2.0,Middels_90,15,2126,761,276.2,0.9203,1732.4
2.0,Middels_90,16,879,866,284.1,0.9699,4724.0
2.0,Middels_90,17,2310,802,315.1,0.9012,1594.3
2.0,Middels_90,18,1726,776,321.2,0.9248,2134.9
2.0,Middels_90,19,1369,762,284.9,0.947,2690.5
2.0,Middels_90,20,2933,795,309.9,0.8766,1255.3
2.0,Middels_90,21,3631,762,282.2,0.8609,1014.6
2.0,Middels_90,22,2860,888,287.5,0.8884,1287.8
2.0,Middels_90,23,2075,752,280.1,0.9211,1775.8
2.0,Middels_90,24,2490,798,300.8,0.8983,1479.3
2.0,Middels_90,25,2932,832,287.2,0.8857,1256.3
2.0,Middels_90,26,2812,822,309.8,0.8817,1309.7
2.0,Middels_90,27,1168,864,302.9,0.9519,3151.8
2.0,Middels_90,28,2671,710,295.3,0.893,1379.0
2.0,Middels_90,29,1869,817,284.4,0.9278,1970.3
2.0,Middels_90,30,2530,713,303.5,0.8958,1456.3
2.0,Middels_90,31,2294,782,286.2,0.9109,1606.2
2.0,Middels_90,32,2084,787,307.1,0.9132,1767.8
2.0,Middels_90,33,1854,913,287.3,0.9277,1986.3
2.0,Middels_90,34,1259,808,301.6,0.9484,2923.8
2.0,Middels_90,35,3806,900,297.1,0.8465,967.7
2.0,Middels_90,36,2756,763,319.6,0.8804,1336.5
2.0,Middels_90,37,1396,795,291.4,0.9448,2639.5
2.0,Middels_90,38,2506,790,319.4,0.8913,1469.3
2.0,Middels_90,39,1671,818,288.8,0.9345,2204.5
2.0,Middels_90,40,1890,840,313.5,0.9195,1947.5
2.0,Middels_90,41,2499,808,293.3,0.9004,1473.2
2.0,Middels_90,42,2296,861,322.1,0.8996,1603.7
2.0,Middels_90,43,1531,896,293.1,0.9391,2406.1
2.0,Middels_90,44,1138,829,310.5,0.9521,3240.1
2.0,Middels_90,45,1543,700,286.0,0.9401,2387.8
2.0,Middels_90,46,2593,713,302.5,0.8936,1421.3
2.0,Middels_90,47,3062,826,321.2,0.8665,1203.1
2.0,Middels_90,48,2867,936,313.9,0.8778,1284.8
2.0,Middels_90,49,2687,900,311.1,0.8865,1371.0
2.0,Middels_90,50,2317,756,317.2,0.9002,1589.3
2.0,Middels_90,51,2300,889,300.7,0.9061,1601.4
2.0,Middels_90,52,2245,707,287.3,0.9125,1640.8
2.0,Middels_90,53,2555,760,308.2,0.8931,1441.3
2.0,Middels_90,54,1897,775,276.7,0.9287,1940.4
2.0,Middels_90,55,3514,843,322.4,0.8462,1048.1
2.0,Middels_90,56,2463,770,300.0,0.8997,1494.9
2.0,Middels_90,57,2449,887,298.4,0.9008,1504.1
2.0,Middels_90,58,2884,1000,286.6,0.8878,1277.0
2.0,Middels_90,59,2601,767,296.7,0.8953,1416.7
2.0,Middels_90,60,1218,766,303.3,0.9498,3021.4
2.0,Middels_90,61,1944,789,295.4,0.922,1894.4
2.0,Middels_90,62,2506,840,296.7,0.899,1469.4
2.0,Middels_90,63,2439,816,318.0,0.8947,1510.7
2.0,Middels_90,64,3498,921,323.2,0.8465,1052.9
2.0,Middels_90,65,2383,872,321.0,0.8962,1546.2
2.0,Middels_90,66,728,727,294.6,0.9849,9740.0
2.0,Middels_90,67,3497,802,281.9,0.8662,1053.6
2.0,Middels_90,68,2439,962,301.4,0.9003,1511.0
2.0,Middels_90,69,1915,783,279.9,0.9272,1923.4
2.0,Middels_90,70,1301,860,293.5,0.9481,2829.3
2.0,Middels_90,71,2582,825,294.0,0.8969,1426.0
2.0,Middels_90,72,1062,798,300.0,0.9568,3469.6
2.0,Middels_90,73,3219,767,285.7,0.8751,1143.9
2.0,Middels_90,74,2369,826,320.1,0.8971,1555.2
2.0,Middels_90,75,3380,832,287.6,0.868,1089.7
2.0,Middels_90,76,2888,742,294.5,0.8846,1275.8
2.0,Middels_90,77,1560,822,296.4,0.9372,2360.9
2.0,Middels_90,78,2980,754,317.1,0.8717,1235.9
2.0,Middels_90,79,3905,782,310.4,0.8355,943.2
2.0,Middels_90,80,2609,966,305.5,0.8918,1411.7
2.0,Middels_90,81,2253,727,277.9,0.915,1634.5
2.0,Middels_90,82,1860,805,311.1,0.9214,1979.9
2.0,Middels_90,83,3044,697,287.5,0.8812,1209.8
2.0,Middels_90,84,2734,879,302.3,0.8878,1347.6
2.0,Middels_90,85,2516,920,296.3,0.8988,1464.4
2.0,Middels_90,86,2362,829,316.4,0.8986,1560.0
2.0,Middels_90,87,1592,889,316.2,0.9317,2314.6
2.0,Middels_90,88,1957,774,292.4,0.9224,1883.3
2.0,Middels_90,89,1956,859,288.2,0.9235,1883.5
2.0,Middels_90,90,2330,853,281.3,0.911,1580.2
2.0,Middels_90,91,1958,816,280.4,0.9255,1881.6
2.0,Middels_90,92,2238,859,292.2,0.9113,1646.4
2.0,Middels_90,93,2300,878,294.3,0.9081,1601.9
2.0,Middels_90,94,1579,754,293.6,0.9371,2333.4
2.0,Middels_90,95,1832,931,300.3,0.9253,2010.2
2.0,Middels_90,96,1510,871,314.3,0.9356,2439.5
2.0,Middels_90,97,2034,840,315.1,0.9131,1811.9
2.0,Middels_90,98,2488,907,313.6,0.8942,1481.4
2.0,Middels_90,99,1705,831,300.5,0.9305,2161.5
2.0,Middels_90,100,3701,868,279.0,0.8599,995.3
2.0,Middels_90,101,2177,923,315.2,0.9068,1691.7
2.0,Middels_90,102,3464,808,286.6,0.8652,1063.3
2.0,Middels_90,103,2859,740,302.2,0.8827,1288.8
2.0,Middels_90,104,2831,865,308.8,0.8814,1301.7
2.0,Middels_90,105,2239,756,287.5,0.9126,1644.7
2.0,Middels_90,106,2666,809,282.7,0.8977,1381.3
2.0,Middels_90,107,2674,741,299.8,0.8911,1377.1
2.0,Middels_90,108,1537,972,305.6,0.9362,2396.9
2.0,Middels_90,109,2369,825,310.9,0.9,1555.1
2.0,Middels_90,110,2688,732,293.0,0.893,1369.6
2.0,Middels_90,111,1314,776,311.1,0.9445,2803.9
2.0,Middels_90,112,2329,915,281.1,0.9111,1581.2
2.0,Middels_90,113,2631,836,279.3,0.9002,1399.6
2.0,Middels_90,114,4574,916,279.4,0.8265,805.5
2.0,Middels_90,115,1510,725,288.1,0.941,2440.5
2.0,Middels_90,116,2849,859,275.6,0.8934,1292.4
2.0,Middels_90,117,2425,838,278.7,0.9083,1519.1
2.0,Middels_90,118,2266,824,313.9,0.9035,1625.8
2.0,Middels_90,119,2699,839,323.5,0.8815,1365.2
2.0,Middels_90,120,2588,804,302.5,0.8937,1423.7
2.0,Middels_90,121,1673,896,321.0,0.9271,2201.0
2.0,Middels_90,122,3035,798,301.1,0.876,1213.8
2.0,Middels_90,123,3456,852,311.0,0.8541,1065.7
2.0,Middels_90,124,2765,727,305.8,0.8852,1332.0
2.0,Middels_90,125,2119,745,321.2,0.9076,1737.9
2.0,Middels_90,126,3065,815,293.3,0.878,1201.8
2.0,Middels_90,127,2575,853,300.6,0.8949,1430.0
2.0,Middels_90,128,2887,732,277.2,0.8914,1276.4
2.0,Middels_90,129,1274,740,298.1,0.9484,2890.1
2.0,Middels_90,130,2804,780,323.9,0.8767,1313.9
2.0,Middels_90,131,1109,742,297.0,0.9553,3323.5
2.0,Middels_90,132,2814,833,289.1,0.8895,1308.7
2.0,Middels_90,133,2222,861,321.4,0.9031,1658.7
2.0,Middels_90,134,2660,837,306.7,0.8892,1384.7
2.0,Middels_90,135,2093,721,320.4,0.9089,1759.3
2.0,Middels_90,136,1839,825,317.3,0.9208,2003.8
2.0,Middels_90,137,1827,775,302.1,0.9251,2015.9
2.0,Middels_90,138,2995,733,275.3,0.8881,1229.5
2.0,Middels_90,139,2317,881,290.0,0.9087,1588.8
2.0,Middels_90,140,2862,672,297.6,0.8843,1286.7
2.0,Middels_90,141,3101,851,294.5,0.876,1187.5
2.0,Middels_90,142,1805,847,314.7,0.9229,2040.3
2.0,Middels_90,143,2154,811,318.9,0.9068,1710.5
2.0,Middels_90,144,1195,871,310.5,0.9496,3081.6
2.0,Middels_90,145,3639,794,293.1,0.8552,1012.0
2.0,Middels_90,146,2880,754,275.6,0.8923,1279.5
2.0,Middels_90,147,2055,726,286.4,0.9201,1792.3
2.0,Middels_90,148,2267,861,313.4,0.9035,1624.7
2.0,Middels_90,149,2421,770,323.4,0.8937,1521.2
2.0,Middels_90,150,1627,752,293.8,0.9351,2264.8
2.0,Middels_90,151,2671,789,296.7,0.8924,1379.3
2.0,Middels_90,152,1790,788,277.0,0.9327,2057.9
2.0,Middels_90,153,2152,801,304.4,0.9111,1712.1
2.0,Middels_90,154,1816,712,321.3,0.9208,2029.2
2.0,Middels_90,155,3919,847,282.8,0.8495,939.7
2.0,Middels_90,156,2392,993,308.9,0.8997,1540.0
2.0,Middels_90,157,2765,804,324.7,0.8781,1331.9
2.0,Middels_90,158,2611,809,313.2,0.889,1410.5
2.0,Middels_90,159,2953,761,311.0,0.8754,1247.4
2.0,Middels_90,160,1742,847,278.4,0.9342,2114.8
2.0,Middels_90,161,3962,745,275.5,0.8518,929.5
2.0,Middels_90,162,2538,809,315.2,0.8914,1451.4
2.0,Middels_90,163,3538,798,304.3,0.8539,1041.2
2.0,Middels_90,164,1621,816,314.1,0.9309,2272.0
2.0,Middels_90,165,2085,760,294.5,0.9166,1765.9
2.0,Middels_90,166,2182,794,319.5,0.9054,1688.6
2.0,Middels_90,167,3247,707,288.2,0.873,1134.4
2.0,Middels_90,168,3174,789,286.0,0.8768,1161.0
2.0,Middels_90,169,2638,819,280.7,0.8995,1396.0
2.0,Middels_90,170,2946,826,299.0,0.8804,1250.1
2.0,Middels_90,171,1712,885,299.0,0.9305,2152.1
2.0,Middels_90,172,3779,873,280.3,0.8562,974.7
2.0,Middels_90,173,1958,769,314.9,0.9163,1881.8
2.0,Middels_90,174,844,832,289.7,0.972,5175.3
2.0,Middels_90,175,3002,845,296.6,0.8791,1227.0
2.0,Middels_90,176,3441,754,283.6,0.8675,1070.4
2.0,Middels_90,177,3517,727,282.7,0.8651,1047.7
2.0,Middels_90,178,2306,762,318.5,0.9003,1598.1
2.0,Middels_90,179,2317,909,279.9,0.912,1589.2
2.0,Middels_90,180,2566,945,280.0,0.9025,1435.6
2.0,Middels_90,181,3232,745,305.6,0.866,1139.9
2.0,Middels_90,182,3689,780,316.2,0.8417,998.3
2.0,Middels_90,183,3988,768,295.4,0.8401,923.5
2.0,Middels_90,184,1566,934,277.4,0.941,2352.4
2.0,Middels_90,185,3611,867,300.3,0.8528,1019.9
2.0,Middels_90,186,2309,1012,312.6,0.902,1594.6
2.0,Middels_90,187,1315,734,278.7,0.9502,2799.4
2.0,Middels_90,188,2721,769,285.6,0.8945,1353.8
2.0,Middels_90,189,3129,816,293.7,0.8752,1177.0
2.0,Middels_90,190,1382,871,315.0,0.941,2668.1
2.0,Middels_90,191,1386,903,320.3,0.9397,2655.4
2.0,Middels_90,192,1623,791,277.8,0.9388,2268.2
2.0,Middels_90,193,3735,710,313.6,0.841,986.2
2.0,Middels_90,194,1937,727,312.5,0.9179,1902.3
2.0,Middels_90,195,3141,755,276.1,0.8823,1172.6
2.0,Middels_90,196,2393,787,302.5,0.9018,1539.3
2.0,Middels_90,197,2387,788,301.7,0.9022,1542.5
2.0,Middels_90,198,3261,753,280.9,0.8756,1129.3
2.0,Middels_90,199,2359,721,294.9,0.9055,1561.0
2.0,Middels_90,200,2982,858,278.5,0.8872,1234.7
2.0,Middels_90,201,1797,781,280.0,0.9317,2050.1
2.0,Middels_90,202,2321,782,313.3,0.9013,1587.0
2.0,Middels_90,203,2580,781,287.8,0.8993,1428.3
2.0,Middels_90,204,747,727,278.1,0.9718,4934.7
2.0,Middels_90,205,2175,901,287.3,0.9152,1693.6
2.0,Middels_90,206,2770,878,311.3,0.8829,1329.5
2.0,Middels_90,207,1036,824,318.4,0.9552,3555.2
2.0,Middels_90,208,2764,929,280.2,0.8948,1332.3
2.0,Middels_90,209,3091,825,295.6,0.876,1191.7
2.0,Middels_90,210,1755,756,292.4,0.9303,2098.9
2.0,Middels_90,211,3090,843,284.2,0.8808,1192.5
2.0,Middels_90,212,2435,711,289.8,0.9042,1512.5
2.0,Middels_90,213,3112,802,284.2,0.88,1183.8
2.0,Middels_90,214,1356,825,317.6,0.9416,2717.5
2.0,Middels_90,215,2190,790,283.6,0.9157,1681.4
2.0,Middels_90,216,2688,790,320.7,0.8829,1370.0
2.0,Middels_90,217,2681,741,292.7,0.8935,1373.5
2.0,Middels_90,218,2107,783,302.0,0.9136,1747.5
2.0,Middels_90,219,2061,790,309.2,0.9136,1788.3
2.0,Middels_90,220,2474,845,275.7,0.9074,1489.1
2.0,Middels_90,221,2621,712,322.0,0.8855,1405.5
2.0,Middels_90,222,1620,787,318.5,0.93,2274.9
2.0,Middels_90,223,3273,720,289.6,0.8713,1125.4
2.0,Middels_90,224,2852,740,324.6,0.8744,1291.8
2.0,Middels_90,225,1047,741,319.4,0.9546,3520.6
2.0,Middels_90,226,3121,734,315.5,0.8663,1180.2
2.0,Middels_90,227,1837,762,281.3,0.9299,2005.8
2.0,Middels_90,228,2399,733,303.5,0.9012,1535.5
2.0,Middels_90,229,2435,811,290.2,0.9041,1512.7
2.0,Middels_90,230,1908,718,322.3,0.9165,1931.1
2.0,Middels_90,231,1623,773,305.0,0.9328,2270.0
2.0,Middels_90,232,3220,851,285.1,0.8753,1143.5
2.0,Middels_90,233,2243,942,300.9,0.9084,1643.0
2.0,Middels_90,234,3113,762,291.7,0.8767,1183.3
2.0,Middels_90,235,3769,818,294.9,0.8492,977.7
2.0,Middels_90,236,2222,818,320.0,0.9035,1658.3
2.0,Middels_90,237,923,908,317.0,0.9604,3998.9
2.0,Middels_90,238,3134,839,319.2,0.8642,1175.5
2.0,Middels_90,239,2856,853,310.2,0.8797,1289.2
2.0,Middels_90,240,1754,805,310.3,0.9261,2100.5
2.0,Middels_90,241,1498,728,291.3,0.9408,2458.5
2.0,Middels_90,242,2638,840,289.3,0.8964,1396.1
2.0,Middels_90,243,2944,840,289.0,0.8845,1251.6
2.0,Middels_90,244,2684,903,288.1,0.8951,1372.5
2.0,Middels_90,245,1803,780,279.6,0.9316,2043.8
2.0,Middels_90,246,2002,725,285.7,0.9224,1839.7
2.0,Middels_90,247,2973,872,306.2,0.8764,1238.8
2.0,Middels_90,248,2390,769,295.0,0.9043,1541.4
2.0,Middels_90,249,2170,802,301.6,0.9111,1696.6
2.0,Middels_90,250,860,753,305.4,0.9643,4280.7
2.0,Middels_90,251,761,753,288.9,0.9737,5494.4
2.0,Middels_90,252,1830,816,289.8,0.928,2013.3
2.0,Middels_90,253,3085,896,300.0,0.8744,1194.2
2.0,Middels_90,254,2547,740,300.6,0.8961,1446.0
2.0,Middels_90,255,2699,812,312.3,0.8856,1365.2
2.0,Middels_90,256,2376,728,296.5,0.9044,1550.9
2.0,Middels_90,257,3122,839,316.0,0.866,1179.4
2.0,Middels_90,258,3255,809,284.3,0.8744,1131.2
2.0,Middels_90,259,2033,714,296.5,0.9182,1813.1
2.0,Middels_90,260,2622,907,293.4,0.8956,1405.4
2.0,Middels_90,261,3136,812,275.6,0.8827,1174.5
2.0,Middels_90,262,3981,789,293.5,0.8414,925.2
2.0,Middels_90,263,2180,732,303.0,0.9104,1689.9
2.0,Middels_90,264,1649,844,301.2,0.9326,2234.2
2.0,Middels_90,265,2631,880,315.1,0.8874,1399.7
2.0,Middels_90,266,2719,761,276.3,0.898,1355.1
2.0,Middels_90,267,3658,873,308.4,0.8469,1007.0
2.0,Middels_90,268,3574,873,295.7,0.8566,1030.7
2.0,Middels_90,269,1956,661,291.0,0.9228,1884.3
2.0,Middels_90,270,1113,777,295.0,0.9554,3308.0
2.0,Middels_90,271,2722,858,275.9,0.8981,1353.3
2.0,Middels_90,272,2495,769,299.8,0.8985,1477.2
2.0,Middels_90,273,1547,928,282.5,0.9406,2379.2
2.0,Middels_90,274,2310,872,301.8,0.9054,1594.2
2.0,Middels_90,275,2593,837,305.1,0.8927,1421.2
2.0,Middels_90,276,2901,829,319.1,0.8744,1270.3
2.0,Middels_90,277,3050,809,280.9,0.8837,1207.9
2.0,Middels_90,278,2301,839,301.2,0.9059,1600.5
2.0,Middels_90,279,1874,830,298.6,0.9241,1966.2
2.0,Middels_90,280,3122,917,311.1,0.8681,1179.5
2.0,Middels_90,281,2691,839,323.2,0.8819,1369.0
2.0,Middels_90,282,1543,858,276.7,0.9421,2388.6
2.0,Middels_90,283,3468,768,322.2,0.8483,1062.2
2.0,Middels_90,284,2282,916,298.6,0.9075,1613.8
2.0,Middels_90,285,2308,845,302.0,0.9054,1596.2
2.0,Middels_90,286,2749,796,323.8,0.8792,1340.0
2.0,Middels_90,287,2750,903,309.3,0.8845,1339.0
2.0,Middels_90,288,2364,879,292.8,0.9061,1558.3
2.0,Middels_90,289,3563,802,321.3,0.8445,1033.4
2.0,Middels_90,290,3693,858,299.5,0.8499,997.6
2.0,Middels_90,291,3225,846,277.5,0.8785,1141.9
2.0,Middels_90,292,2218,935,306.5,0.9077,1660.4
2.0,Middels_90,293,2800,745,305.0,0.884,1315.0
2.0,Middels_90,294,2355,747,295.7,0.9055,1564.8
2.0,Middels_90,295,3224,924,311.5,0.8637,1142.8
2.0,Middels_90,296,2429,706,315.7,0.8959,1516.3
2.0,Middels_90,297,2344,882,314.1,0.9,1571.2
2.0,Middels_90,298,2021,766,283.1,0.9223,1822.6
2.0,Middels_90,299,2156,810,293.3,0.9141,1707.8
2.0,Middels_90,300,2954,696,300.1,0.8796,1246.6
2.0,Middels_90,301,2007,854,321.3,0.9125,1835.7
2.0,Middels_90,302,2216,853,286.0,0.914,1662.6
2.0,Middels_90,303,2786,958,292.3,0.8894,1321.6
2.0,Middels_90,304,3406,685,275.2,0.8728,1081.4
2.0,Middels_90,305,2754,922,294.2,0.89,1337.7
2.0,Middels_90,306,1869,780,303.5,0.923,1970.5
2.0,Middels_90,307,3582,770,292.4,0.8578,1028.2
2.0,Middels_90,308,2908,773,280.9,0.8891,1266.7
2.0,Middels_90,309,3322,871,295.1,0.867,1109.2
2.0,Middels_90,310,1187,690,317.0,0.9489,3103.2
2.0,Middels_90,311,2429,815,313.7,0.8966,1516.3
2.0,Middels_90,312,1153,887,296.9,0.9535,3193.8
2.0,Middels_90,313,2142,832,296.9,0.9136,1718.8
2.0,Middels_90,314,4052,748,277.9,0.8471,908.9
2.0,Middels_90,315,2264,815,297.3,0.9087,1628.1
2.0,Middels_90,316,1900,824,296.4,0.9236,1939.0
2.0,Middels_90,317,2593,731,306.8,0.8921,1421.1
2.0,Middels_90,318,2286,885,319.7,0.9008,1611.3
2.0,Middels_90,319,1414,763,301.8,0.942,2604.1
2.0,Middels_90,320,3029,858,314.5,0.8707,1215.9
2.0,Middels_90,321,2987,712,303.1,0.8771,1233.1
2.0,Middels_90,322,2908,810,319.6,0.8739,1267.3
2.0,Middels_90,323,1833,809,303.4,0.9245,2008.8
2.0,Middels_90,324,4114,780,277.0,0.8453,895.4
2.0,Middels_90,325,1763,809,318.0,0.9239,2088.1
2.0,Middels_90,326,1859,818,299.5,0.9244,1981.6
2.0,Middels_90,327,3048,804,301.5,0.8753,1208.6
2.0,Middels_90,328,2001,826,289.7,0.9213,1840.6
2.0,Middels_90,329,1515,914,279.5,0.9426,2433.5
2.0,Middels_90,330,3170,790,299.6,0.8711,1162.0
2.0,Middels_90,331,3041,712,293.8,0.8788,1211.5
2.0,Middels_90,332,3686,790,293.1,0.8534,999.6
2.0,Middels_90,333,2105,733,323.2,0.9077,1750.1
2.0,Middels_90,334,1503,775,278.6,0.9432,2451.8
2.0,Middels_90,335,2434,789,314.5,0.8961,1513.3
2.0,Middels_90,336,2299,810,281.8,0.9121,1602.5
2.0,Middels_90,337,3262,790,281.3,0.8754,1129.1
2.0,Middels_90,338,1712,829,311.2,0.9277,2152.3
2.0,Middels_90,339,1354,756,304.1,0.9442,2722.7
2.0,Middels_90,340,2736,887,321.8,0.8804,1345.9
2.0,Middels_90,341,2253,755,317.0,0.903,1634.4
2.0,Middels_90,342,3413,781,290.3,0.8655,1079.2
2.0,Middels_90,343,1112,777,322.4,0.9513,3312.8
2.0,Middels_90,344,2177,875,301.4,0.9109,1691.8
2.0,Middels_90,345,1944,846,306.8,0.919,1894.2
2.0,Middels_90,346,3381,781,319.7,0.8532,1089.1
2.0,Middels_90,347,3212,846,289.7,0.8737,1146.4
2.0,Middels_90,348,2663,781,298.6,0.8921,1383.8
2.0,Middels_90,349,1013,776,321.0,0.9558,3634.1
2.0,Middels_90,350,871,861,319.9,0.9733,5993.2
2.0,Middels_90,351,2660,781,296.0,0.8931,1384.5
2.0,Middels_90,352,1519,878,292.0,0.9398,2424.6
2.0,Middels_90,353,2985,811,278.9,0.8871,1234.6
2.0,Middels_90,354,1056,917,307.4,0.9559,3486.1
2.0,Middels_90,355,3393,915,291.7,0.8656,1085.6
2.0,Middels_90,356,843,843,295.8,0.99,14788.5
2.0,Middels_90,357,1959,908,291.2,0.9225,1879.4
2.0,Middels_90,358,3568,825,307.8,0.8509,1032.4
2.0,Middels_90,359,1169,801,305.6,0.9515,3150.7
2.0,Middels_90,360,1448,815,323.9,0.9363,2542.9
2.0,Middels_90,361,2896,847,313.6,0.8767,1272.1
2.0,Middels_90,362,837,826,319.5,0.9692,5191.1
2.0,Middels_90,363,1853,815,324.6,0.9184,1987.9
2.0,Middels_90,364,1680,937,283.6,0.9353,2191.9
2.0,Middels_90,365,1853,768,294.0,0.926,1987.8
2.0,Middels_90,366,1428,721,279.2,0.9458,2577.0
2.0,Middels_90,367,2994,845,313.2,0.8727,1230.0
2.0,Middels_90,368,2266,801,324.9,0.9001,1625.9
2.0,Middels_90,369,2586,795,291.0,0.8979,1424.6
2.0,Middels_90,370,3136,724,275.2,0.8828,1174.2
2.0,Middels_90,371,2489,845,324.5,0.8903,1479.8
2.0,Middels_90,372,2092,794,296.7,0.9157,1760.2
2.0,Middels_90,373,1253,756,293.4,0.95,2936.9
2.0,Middels_90,374,2594,928,281.1,0.901,1420.3
2.0,Middels_90,375,2289,754,307.8,0.9043,1608.2
2.0,Middels_90,376,3092,747,303.4,0.8727,1191.5
2.0,Middels_90,377,2352,745,313.2,0.9,1565.9
2.0,Middels_90,378,1837,854,303.4,0.9244,2005.3
2.0,Middels_90,379,2366,669,320.6,0.897,1556.5
2.0,Middels_90,380,2314,711,322.2,0.8988,1592.5
2.0,Middels_90,381,2236,818,321.6,0.9024,1648.4
2.0,Middels_90,382,2692,857,289.3,0.8943,1368.3
2.0,Middels_90,383,2842,878,278.9,0.8924,1295.6
2.0,Middels_90,384,1867,860,315.8,0.92,1973.3
2.0,Middels_90,385,2163,913,275.4,0.9191,1702.3
2.0,Middels_90,386,4133,952,279.6,0.8432,891.5
2.0,Middels_90,387,1967,766,314.8,0.9159,1872.4
2.0,Middels_90,388,2464,845,292.0,0.9023,1494.3
2.0,Middels_90,389,2182,718,307.3,0.909,1688.5
2.0,Middels_90,390,2849,752,281.2,0.8912,1292.8
2.0,Middels_90,391,2051,865,305.0,0.9151,1795.1
2.0,Middels_90,392,1879,781,311.9,0.9205,1961.9
2.0,Middels_90,393,1196,837,282.9,0.9541,3079.8
2.0,Middels_90,394,2607,788,279.0,0.9013,1413.5
2.0,Middels_90,395,2476,887,299.2,0.8995,1488.0
2.0,Middels_90,396,2453,845,320.2,0.8935,1502.5
2.0,Middels_90,397,1606,718,317.2,0.9309,2295.6
2.0,Middels_90,398,2848,853,323.8,0.8748,1293.2
2.0,Middels_90,399,2595,749,299.2,0.8946,1419.8
2.0,Middels_90,400,3238,809,315.4,0.8614,1137.7
2.0,Middels_90,401,2707,724,292.3,0.8926,1360.9
2.0,Middels_90,402,2573,797,297.0,0.8963,1431.6
2.0,Middels_90,403,2820,721,283.5,0.8915,1306.0
2.0,Middels_90,404,2366,791,292.3,0.9061,1556.7
2.0,Middels_90,405,1743,698,285.2,0.9325,2112.8
2.0,Middels_90,406,3245,748,287.5,0.8734,1135.3
2.0,Middels_90,407,2247,794,290.9,0.9112,1638.5
2.0,Middels_90,408,1922,798,304.4,0.9206,1917.3
2.0,Middels_90,409,3080,818,322.1,0.8653,1195.5
2.0,Middels_90,410,2800,802,323.8,0.8769,1315.5
2.0,Middels_90,411,2300,871,323.0,0.8992,1601.8
2.0,Middels_90,412,3351,844,313.6,0.8574,1099.4
2.0,Middels_90,413,2162,742,324.1,0.9049,1704.0
2.0,Middels_90,414,2223,854,315.6,0.9048,1657.5
2.0,Middels_90,415,2390,840,295.7,0.9041,1541.9
2.0,Middels_90,416,2905,761,323.8,0.8723,1267.6
2.0,Middels_90,417,3332,742,301.3,0.8637,1105.2
2.0,Middels_90,418,2786,781,276.7,0.8954,1321.9
2.0,Middels_90,419,2811,882,296.4,0.8869,1310.8
2.0,Middels_90,420,2785,796,317.9,0.8798,1322.1
2.0,Middels_90,421,1398,895,322.4,0.9388,2634.6
2.0,Middels_90,422,2735,717,294.2,0.8908,1346.9
2.0,Middels_90,423,3625,760,303.3,0.8507,1015.9
2.0,Middels_90,424,2624,843,311.8,0.8889,1403.8
2.0,Middels_90,425,796,795,312.7,0.9857,10905.9
2.0,Middels_90,426,2019,787,281.0,0.923,1825.1
2.0,Middels_90,427,2470,901,278.3,0.9067,1491.1
2.0,Middels_90,428,2414,762,288.2,0.9055,1525.3
2.0,Middels_90,429,3748,759,297.4,0.8487,983.1
2.0,Middels_90,430,3163,850,315.4,0.8646,1164.3
2.0,Middels_90,431,2180,782,305.8,0.9095,1690.1
2.0,Middels_90,432,4410,780,277.6,0.8338,835.2
2.0,Middels_90,433,3259,710,312.2,0.8619,1130.3
2.0,Middels_90,434,3465,866,306.6,0.8558,1062.9
2.0,Middels_90,435,1802,718,306.1,0.9252,2045.6
2.0,Middels_90,436,2274,801,298.5,0.9079,1620.0
2.0,Middels_90,437,2667,824,275.3,0.9003,1380.7
2.0,Middels_90,438,2526,777,315.9,0.8916,1457.7
2.0,Middels_90,439,3252,831,316.7,0.8602,1132.9
2.0,Middels_90,440,2061,788,301.7,0.9156,1788.3
2.0,Middels_90,441,2041,972,319.5,0.9115,1805.3
2.0,Middels_90,442,3562,902,276.0,0.8666,1034.0
2.0,Middels_90,443,1917,882,284.5,0.926,1921.6
2.0,Middels_90,444,2678,732,306.9,0.8884,1375.5
2.0,Middels_90,445,4329,927,298.8,0.8244,851.1
2.0,Middels_90,446,3759,837,316.8,0.8383,979.8
2.0,Middels_90,447,2730,845,309.8,0.8852,1348.7
2.0,Middels_90,448,2527,825,301.7,0.8965,1457.5
2.0,Middels_90,449,3171,830,297.9,0.8717,1161.3
2.0,Middels_90,450,3013,796,286.4,0.8829,1223.1
2.0,Middels_90,451,2575,812,285.3,0.9002,1430.0
2.0,Middels_90,452,1085,781,321.5,0.9526,3390.9
2.0,Middels_90,453,1160,739,309.3,0.9513,3177.1
2.0,Middels_90,454,2551,754,296.7,0.8973,1444.5
2.0,Middels_90,455,1980,756,284.4,0.9235,1859.8
2.0,Middels_90,456,3259,808,292.2,0.8708,1130.6
2.0,Middels_90,457,2064,913,312.7,0.9124,1784.3
2.0,Middels_90,458,1467,872,295.3,0.9412,2511.0
2.0,Middels_90,459,2167,720,281.4,0.9173,1700.4
2.0,Middels_90,460,2454,846,318.7,0.8938,1501.2
2.0,Middels_90,461,2082,769,291.8,0.9175,1769.7
2.0,Middels_90,462,1428,717,276.0,0.9465,2578.3
2.0,Middels_90,463,2819,843,304.4,0.8835,1306.7
2.0,Middels_90,464,2211,843,301.9,0.9094,1666.1
2.0,Middels_90,465,2726,776,281.8,0.8957,1351.4
2.0,Middels_90,466,4004,871,275.3,0.8503,919.7
2.0,Middels_90,467,3440,805,305.0,0.8576,1070.9
2.0,Middels_90,468,2782,801,281.1,0.8938,1324.1
2.0,Middels_90,469,2020,873,293.8,0.9194,1823.6
2.0,Middels_90,470,2377,798,286.4,0.9076,1549.7
2.0,Middels_90,471,2803,865,324.4,0.8766,1314.5
2.0,Middels_90,472,1050,815,302.6,0.9568,3503.6
2.0,Middels_90,473,2835,798,301.5,0.8839,1298.9
2.0,Middels_90,474,2295,741,301.6,0.906,1604.7
2.0,Middels_90,475,3161,745,297.8,0.8722,1165.3
2.0,Middels_90,476,1511,805,281.2,0.9423,2437.8
2.0,Middels_90,477,2733,739,313.3,0.8838,1348.1
2.0,Middels_90,478,1208,859,319.8,0.9476,3050.6
2.0,Middels_90,479,2974,895,302.2,0.878,1238.3
2.0,Middels_90,480,2187,745,305.2,0.9094,1684.4
2.0,Middels_90,481,1347,852,309.5,0.9434,2735.8
2.0,Middels_90,482,2089,867,290.3,0.9177,1763.7
2.0,Middels_90,483,2407,686,292.6,0.9044,1530.1
2.0,Middels_90,484,2695,768,276.9,0.8987,1366.4
2.0,Middels_90,485,1462,923,311.0,0.9383,2518.6
2.0,Middels_90,486,1707,857,314.9,0.927,2157.4
2.0,Middels_90,487,1988,718,316.8,0.9145,1852.3
2.0,Middels_90,488,2391,833,311.0,0.8991,1541.2
2.0,Middels_90,489,2229,885,316.8,0.9042,1653.3
2.0,Middels_90,490,3420,697,301.3,0.8601,1077.1
2.0,Middels_90,491,1973,745,281.5,0.9246,1866.6
2.0,Middels_90,492,3233,950,310.2,0.8638,1139.1
2.0,Middels_90,493,3190,872,289.1,0.8748,1154.7
2.0,Middels_90,494,2196,760,306.7,0.9086,1677.4
2.0,Middels_90,495,2740,668,318.4,0.8816,1344.6
2.0,Middels_90,496,3055,971,288.0,0.8806,1206.0
2.0,Middels_90,497,3188,881,282.9,0.8776,1155.7
2.0,Middels_90,498,2966,763,284.3,0.8856,1242.1
2.0,Middels_90,499,3489,781,297.3,0.8592,1056.1
2.0,Samferdsel_96,0,830,776,312.4,0.9648,4437.9
2.0,Samferdsel_96,1,1396,791,305.0,0.9423,2641.3
2.0,Samferdsel_96,2,1568,707,324.5,0.9309,2347.6
2.0,Samferdsel_96,3,1161,825,300.6,0.9526,3173.1
2.0,Samferdsel_96,4,836,824,288.0,0.9684,4551.6
2.0,Samferdsel_96,5,896,889,320.6,0.9763,6758.1
2.0,Samferdsel_96,6,1449,776,291.2,0.9427,2541.0
2.0,Samferdsel_96,7,1427,868,282.7,0.9453,2581.6
2.0,Samferdsel_96,8,1148,822,279.5,0.9564,3206.1
2.0,Samferdsel_96,9,1508,907,309.7,0.9367,2445.0
2.0,Samferdsel_96,10,1883,776,305.9,0.9218,1955.1
2.0,Samferdsel_96,11,850,808,319.0,0.9632,4336.9
2.0,Samferdsel_96,12,801,801,278.3,0.99,13916.0
2.0,Samferdsel_96,13,798,790,282.5,0.9698,4683.0
2.0,Samferdsel_96,14,871,868,319.6,0.99,15981.2
2.0,Samferdsel_96,15,766,761,276.2,0.9803,7003.1
2.0,Samferdsel_96,16,867,866,284.1,0.99,14204.9
2.0,Samferdsel_96,17,908,802,315.1,0.9612,4058.4
2.0,Samferdsel_96,18,781,776,321.2,0.9848,10545.5
2.0,Samferdsel_96,19,763,762,284.9,0.99,14247.4
2.0,Samferdsel_96,20,1509,795,309.9,0.9366,2442.7
2.0,Samferdsel_96,21,2064,762,282.2,0.9209,1784.6
2.0,Samferdsel_96,22,1322,888,287.5,0.9484,2784.7
2.0,Samferdsel_96,23,756,752,280.1,0.9811,7425.2
2.0,Samferdsel_96,24,1020,798,300.8,0.9583,3609.6
2.0,Samferdsel_96,25,1393,832,287.2,0.9457,2644.2
2.0,Samferdsel_96,26,1385,822,309.8,0.9417,2658.5
2.0,Samferdsel_96,27,864,864,302.9,0.99,15146.4
2.0,Samferdsel_96,28,1174,710,295.3,0.953,3137.7
2.0,Samferdsel_96,29,818,817,284.4,0.9878,11674.0
2.0,Samferdsel_96,30,1074,713,303.5,0.9558,3433.0
2.0,Samferdsel_96,31,794,782,286.2,0.9709,4919.9
2.0,Samferdsel_96,32,795,787,307.1,0.9732,5718.8
2.0,Samferdsel_96,33,914,913,287.3,0.9877,11649.9
2.0,Samferdsel_96,34,808,808,301.6,0.99,15078.7
2.0,Samferdsel_96,35,2320,900,297.1,0.9065,1588.6
2.0,Samferdsel_96,36,1372,763,319.6,0.9404,2683.0
2.0,Samferdsel_96,37,796,795,291.4,0.99,14570.2
2.0,Samferdsel_96,38,1124,790,319.4,0.9513,3280.4
2.0,Samferdsel_96,39,819,818,288.8,0.99,14437.9
2.0,Samferdsel_96,40,845,840,313.5,0.9795,7653.8
2.0,Samferdsel_96,41,993,808,293.3,0.9604,3707.7
2.0,Samferdsel_96,42,924,861,322.1,0.9596,3984.1
2.0,Samferdsel_96,43,899,896,293.1,0.99,14656.8
2.0,Samferdsel_96,44,829,829,310.5,0.99,15526.2
2.0,Samferdsel_96,45,700,700,286.0,0.99,14297.9
2.0,Samferdsel_96,46,1131,713,302.5,0.9536,3257.9
2.0,Samferdsel_96,47,1685,826,321.2,0.9265,2185.4
2.0,Samferdsel_96,48,1460,936,313.9,0.9378,2524.6
2.0,Samferdsel_96,49,1266,900,311.1,0.9465,2909.4
2.0,Samferdsel_96,50,924,756,317.2,0.9602,3986.1
2.0,Samferdsel_96,51,902,889,300.7,0.9661,4436.3
2.0,Samferdsel_96,52,714,707,287.3,0.9725,5215.3
2.0,Samferdsel_96,53,1123,760,308.2,0.9531,3284.0
2.0,Samferdsel_96,54,776,775,276.7,0.9887,12246.8
2.0,Samferdsel_96,55,2142,843,322.4,0.9062,1718.7
2.0,Samferdsel_96,56,991,770,300.0,0.9597,3719.3
2.0,Samferdsel_96,57,969,887,298.4,0.9608,3806.7
2.0,Samferdsel_96,58,1342,1000,286.6,0.9478,2744.6
2.0,Samferdsel_96,59,1110,767,296.7,0.9553,3318.3
2.0,Samferdsel_96,60,766,766,303.3,0.99,15163.9
2.0,Samferdsel_96,61,791,789,295.4,0.982,8219.5
2.0,Samferdsel_96,62,1018,840,296.7,0.959,3621.8
2.0,Samferdsel_96,63,1048,816,318.0,0.9547,3513.9
2.0,Samferdsel_96,64,2132,921,323.2,0.9065,1728.6
2.0,Samferdsel_96,65,1005,872,321.0,0.9562,3664.3
2.0,Samferdsel_96,66,727,727,294.6,0.99,14730.2
2.0,Samferdsel_96,67,1929,802,281.9,0.9262,1910.5
2.0,Samferdsel_96,68,977,962,301.4,0.9603,3792.6
2.0,Samferdsel_96,69,787,783,279.9,0.9872,10973.5
2.0,Samferdsel_96,70,860,860,293.5,0.99,14677.0
2.0,Samferdsel_96,71,1081,825,294.0,0.9569,3412.4
2.0,Samferdsel_96,72,798,798,300.0,0.99,15000.7
2.0,Samferdsel_96,73,1672,767,285.7,0.9351,2202.2
2.0,Samferdsel_96,74,987,826,320.1,0.9571,3729.0
2.0,Samferdsel_96,75,1844,832,287.6,0.928,1998.2
2.0,Samferdsel_96,76,1386,742,294.5,0.9446,2656.7
2.0,Samferdsel_96,77,823,822,296.4,0.99,14821.3
2.0,Samferdsel_96,78,1587,754,317.1,0.9317,2321.9
2.0,Samferdsel_96,79,2482,782,310.4,0.8955,1484.5
2.0,Samferdsel_96,80,1162,966,305.5,0.9518,3168.1
2.0,Samferdsel_96,81,734,727,277.9,0.975,5555.8
2.0,Samferdsel_96,82,808,805,311.1,0.9814,8376.5
2.0,Samferdsel_96,83,1508,697,287.5,0.9412,2443.8
2.0,Samferdsel_96,84,1271,879,302.3,0.9478,2897.6
2.0,Samferdsel_96,85,1025,920,296.3,0.9588,3599.1
2.0,Samferdsel_96,86,964,829,316.4,0.9586,3820.5
2.0,Samferdsel_96,87,889,889,316.2,0.99,15810.5
2.0,Samferdsel_96,88,777,774,292.4,0.9824,8294.7
2.0,Samferdsel_96,89,860,859,288.2,0.9835,8725.0
2.0,Samferdsel_96,90,864,853,281.3,0.971,4847.4
2.0,Samferdsel_96,91,818,816,280.4,0.9855,9655.5
2.0,Samferdsel_96,92,867,859,292.2,0.9713,5084.8
2.0,Samferdsel_96,93,892,878,294.3,0.9681,4619.5
2.0,Samferdsel_96,94,755,754,293.6,0.99,14679.3
2.0,Samferdsel_96,95,936,931,300.3,0.9853,10215.9
2.0,Samferdsel_96,96,871,871,314.3,0.99,15714.5
2.0,Samferdsel_96,97,850,840,315.1,0.9731,5846.6
2.0,Samferdsel_96,98,1077,907,313.6,0.9542,3420.7
2.0,Samferdsel_96,99,831,831,300.5,0.99,15027.4
2.0,Samferdsel_96,100,2117,868,279.0,0.9199,1740.5
2.0,Samferdsel_96,101,935,923,315.2,0.9668,4753.7
2.0,Samferdsel_96,102,1923,808,286.6,0.9252,1916.2
2.0,Samferdsel_96,103,1396,740,302.2,0.9427,2639.5
2.0,Samferdsel_96,104,1398,865,308.8,0.9414,2633.9
2.0,Samferdsel_96,105,768,756,287.5,0.9726,5247.9
2.0,Samferdsel_96,106,1103,809,282.7,0.9577,3339.5
2.0,Samferdsel_96,107,1201,741,299.8,0.9511,3067.8
2.0,Samferdsel_96,108,972,972,305.6,0.99,15282.1
2.0,Samferdsel_96,109,948,825,310.9,0.96,3890.5
2.0,Samferdsel_96,110,1181,732,293.0,0.953,3119.8
2.0,Samferdsel_96,111,776,776,311.1,0.99,15554.2
2.0,Samferdsel_96,112,927,915,281.1,0.9711,4865.0
2.0,Samferdsel_96,113,1049,836,279.3,0.9602,3510.5
2.0,Samferdsel_96,114,2992,916,279.4,0.8865,1231.4
2.0,Samferdsel_96,115,725,725,288.1,0.99,14404.2
2.0,Samferdsel_96,116,1246,859,275.6,0.9534,2955.6
2.0,Samferdsel_96,117,851,838,278.7,0.9683,4391.2
2.0,Samferdsel_96,118,858,824,313.9,0.9635,4297.0
2.0,Samferdsel_96,119,1333,839,323.5,0.9415,2765.5
2.0,Samferdsel_96,120,1126,804,302.5,0.9537,3270.5
2.0,Samferdsel_96,121,899,896,321.0,0.9871,12426.9
2.0,Samferdsel_96,122,1567,798,301.1,0.936,2351.1
2.0,Samferdsel_96,123,2035,852,311.0,0.9141,1809.9
2.0,Samferdsel_96,124,1320,727,305.8,0.9452,2791.0
2.0,Samferdsel_96,125,755,745,321.2,0.9676,4953.9
2.0,Samferdsel_96,126,1558,815,293.3,0.938,2364.6
2.0,Samferdsel_96,127,1105,853,300.6,0.9549,3331.8
2.0,Samferdsel_96,128,1292,732,277.2,0.9514,2852.7
2.0,Samferdsel_96,129,741,740,298.1,0.99,14906.0
2.0,Samferdsel_96,130,1439,780,323.9,0.9367,2560.1
2.0,Samferdsel_96,131,745,742,297.0,0.99,14851.3
2.0,Samferdsel_96,132,1286,833,289.1,0.9495,2864.7
2.0,Samferdsel_96,133,873,861,321.4,0.9631,4355.8
2.0,Samferdsel_96,134,1218,837,306.7,0.9492,3021.7
2.0,Samferdsel_96,135,728,721,320.4,0.9689,5158.3
2.0,Samferdsel_96,136,830,825,317.3,0.9808,8274.3
2.0,Samferdsel_96,137,776,775,302.1,0.9851,10117.0
2.0,Samferdsel_96,138,1390,733,275.3,0.9481,2650.0
2.0,Samferdsel_96,139,894,881,290.0,0.9687,4637.9
2.0,Samferdsel_96,140,1377,672,297.6,0.9443,2673.9
2.0,Samferdsel_96,141,1601,851,294.5,0.936,2300.5
2.0,Samferdsel_96,142,851,847,314.7,0.9829,9188.4
2.0,Samferdsel_96,143,823,811,318.9,0.9668,4799.4
2.0,Samferdsel_96,144,871,871,310.5,0.99,15523.5
2.0,Samferdsel_96,145,2132,794,293.1,0.9152,1727.9
2.0,Samferdsel_96,146,1274,754,275.6,0.9523,2888.9
2.0,Samferdsel_96,147,731,726,286.4,0.9801,7199.0
2.0,Samferdsel_96,148,875,861,313.4,0.9635,4297.9
2.0,Samferdsel_96,149,1055,770,323.4,0.9537,3492.3
2.0,Samferdsel_96,150,752,752,293.8,0.99,14689.9
2.0,Samferdsel_96,151,1181,789,296.7,0.9524,3119.4
2.0,Samferdsel_96,152,789,788,277.0,0.99,13851.6
2.0,Samferdsel_96,153,808,801,304.4,0.9711,5266.5
2.0,Samferdsel_96,154,714,712,321.3,0.9808,8376.8
2.0,Samferdsel_96,155,2357,847,282.8,0.9095,1562.8
2.0,Samferdsel_96,156,1007,993,308.9,0.9597,3832.6
2.0,Samferdsel_96,157,1404,804,324.7,0.9381,2623.3
2.0,Samferdsel_96,158,1201,809,313.2,0.949,3069.4
2.0,Samferdsel_96,159,1531,761,311.0,0.9354,2405.3
2.0,Samferdsel_96,160,850,847,278.4,0.99,13920.3
2.0,Samferdsel_96,161,2358,745,275.5,0.9118,1561.9
2.0,Samferdsel_96,162,1137,809,315.2,0.9514,3243.1
2.0,Samferdsel_96,163,2085,798,304.3,0.9139,1766.8
2.0,Samferdsel_96,164,816,816,314.1,0.99,15705.6
2.0,Samferdsel_96,165,767,760,294.5,0.9766,6297.9
2.0,Samferdsel_96,166,804,794,319.5,0.9654,4614.9
2.0,Samferdsel_96,167,1713,707,288.2,0.933,2149.7
2.0,Samferdsel_96,168,1628,789,286.0,0.9368,2264.0
2.0,Samferdsel_96,169,1063,819,280.7,0.9595,3462.3
2.0,Samferdsel_96,170,1468,826,299.0,0.9404,2508.7
2.0,Samferdsel_96,171,885,885,299.0,0.99,14948.4
2.0,Samferdsel_96,172,2202,873,280.3,0.9162,1672.9
2.0,Samferdsel_96,173,776,769,314.9,0.9763,6652.3
2.0,Samferdsel_96,174,833,832,289.7,0.99,14485.6
2.0,Samferdsel_96,175,1511,845,296.6,0.9391,2436.3
2.0,Samferdsel_96,176,1882,754,283.6,0.9275,1956.5
2.0,Samferdsel_96,177,1952,727,282.7,0.9251,1886.4
2.0,Samferdsel_96,178,917,762,318.5,0.9603,4015.6
2.0,Samferdsel_96,179,921,909,279.9,0.972,4988.7
2.0,Samferdsel_96,180,986,945,280.0,0.9625,3731.9
2.0,Samferdsel_96,181,1784,745,305.6,0.926,2063.6
2.0,Samferdsel_96,182,2292,780,316.2,0.9017,1607.3
2.0,Samferdsel_96,183,2492,768,295.4,0.9001,1477.9
2.0,Samferdsel_96,184,935,934,277.4,0.99,13869.4
2.0,Samferdsel_96,185,2140,867,300.3,0.9128,1721.4
2.0,Samferdsel_96,186,1026,1012,312.6,0.962,4110.3
2.0,Samferdsel_96,187,735,734,278.7,0.99,13934.4
2.0,Samferdsel_96,188,1174,769,285.6,0.9545,3139.4
2.0,Samferdsel_96,189,1624,816,293.7,0.9352,2267.3
2.0,Samferdsel_96,190,871,871,315.0,0.99,15751.9
2.0,Samferdsel_96,191,903,903,320.3,0.99,16014.6
2.0,Samferdsel_96,192,794,791,277.8,0.99,13888.7
2.0,Samferdsel_96,193,2327,710,313.6,0.901,1583.8
2.0,Samferdsel_96,194,733,727,312.5,0.9779,7059.3
2.0,Samferdsel_96,195,1539,755,276.1,0.9423,2391.8
2.0,Samferdsel_96,196,931,787,302.5,0.9618,3954.1
2.0,Samferdsel_96,197,923,788,301.7,0.9622,3991.4
2.0,Samferdsel_96,198,1687,753,280.9,0.9356,2182.1
2.0,Samferdsel_96,199,860,721,294.9,0.9655,4278.4
2.0,Samferdsel_96,200,1397,858,278.5,0.9472,2638.7
2.0,Samferdsel_96,201,782,781,280.0,0.99,14001.9
2.0,Samferdsel_96,202,910,782,313.3,0.9613,4046.3
2.0,Samferdsel_96,203,1043,781,287.8,0.9593,3531.5
2.0,Samferdsel_96,204,727,727,278.1,0.99,13905.1
2.0,Samferdsel_96,205,909,901,287.3,0.9752,5786.2
2.0,Samferdsel_96,206,1350,878,311.3,0.9429,2727.0
2.0,Samferdsel_96,207,825,824,318.4,0.99,15918.8
2.0,Samferdsel_96,208,1188,929,280.2,0.9548,3102.4
2.0,Samferdsel_96,209,1595,825,295.6,0.936,2308.3
2.0,Samferdsel_96,210,759,756,292.4,0.99,14622.1
2.0,Samferdsel_96,211,1533,843,284.2,0.9408,2402.1
2.0,Samferdsel_96,212,910,711,289.8,0.9642,4047.6
2.0,Samferdsel_96,213,1557,802,284.2,0.94,2367.3
2.0,Samferdsel_96,214,825,825,317.6,0.99,15881.1
2.0,Samferdsel_96,215,798,790,283.6,0.9757,5827.7
2.0,Samferdsel_96,216,1312,790,320.7,0.9429,2810.7
2.0,Samferdsel_96,217,1172,741,292.7,0.9535,3143.9
2.0,Samferdsel_96,218,794,783,302.0,0.9736,5718.5
2.0,Samferdsel_96,219,798,790,309.2,0.9736,5846.1
2.0,Samferdsel_96,220,871,845,275.7,0.9674,4231.6
2.0,Samferdsel_96,221,1249,712,322.0,0.9455,2951.9
2.0,Samferdsel_96,222,787,787,318.5,0.99,15923.4
2.0,Samferdsel_96,223,1747,720,289.6,0.9313,2108.9
2.0,Samferdsel_96,224,1489,740,324.6,0.9344,2473.0
2.0,Samferdsel_96,225,741,741,319.4,0.99,15968.5
2.0,Samferdsel_96,226,1720,734,315.5,0.9263,2141.6
2.0,Samferdsel_96,227,762,762,281.3,0.9899,13892.1
2.0,Samferdsel_96,228,942,733,303.5,0.9612,3909.4
2.0,Samferdsel_96,229,913,811,290.2,0.9641,4040.1
2.0,Samferdsel_96,230,724,718,322.3,0.9765,6872.0
2.0,Samferdsel_96,231,773,773,305.0,0.99,15252.4
2.0,Samferdsel_96,232,1671,851,285.1,0.9353,2204.6
2.0,Samferdsel_96,233,950,942,300.9,0.9684,4764.0
2.0,Samferdsel_96,234,1599,762,291.7,0.9367,2305.6
2.0,Samferdsel_96,235,2268,818,294.9,0.9092,1623.7
2.0,Samferdsel_96,236,839,818,320.0,0.9635,4386.4
2.0,Samferdsel_96,237,908,908,317.0,0.99,15849.6
2.0,Samferdsel_96,238,1749,839,319.2,0.9242,2106.4
2.0,Samferdsel_96,239,1432,853,310.2,0.9397,2572.1
2.0,Samferdsel_96,240,808,805,310.3,0.9861,11193.2
2.0,Samferdsel_96,241,728,728,291.3,0.99,14564.2
2.0,Samferdsel_96,242,1111,840,289.3,0.9564,3316.2
2.0,Samferdsel_96,243,1413,840,289.0,0.9445,2605.5
2.0,Samferdsel_96,244,1148,903,288.1,0.9551,3205.2
2.0,Samferdsel_96,245,780,780,279.6,0.99,13977.7
2.0,Samferdsel_96,246,731,725,285.7,0.9824,8095.6
2.0,Samferdsel_96,247,1530,872,306.2,0.9364,2407.6
2.0,Samferdsel_96,248,892,769,295.0,0.9643,4132.5
2.0,Samferdsel_96,249,810,802,301.6,0.9711,5220.5
2.0,Samferdsel_96,250,753,753,305.4,0.99,15271.1
2.0,Samferdsel_96,251,754,753,288.9,0.99,14445.5
2.0,Samferdsel_96,252,817,816,289.8,0.988,12102.7
2.0,Samferdsel_96,253,1610,896,300.0,0.9344,2286.1
2.0,Samferdsel_96,254,1077,740,300.6,0.9561,3420.3
2.0,Samferdsel_96,255,1284,812,312.3,0.9456,2871.5
2.0,Samferdsel_96,256,885,728,296.5,0.9644,4165.4
2.0,Samferdsel_96,257,1725,839,316.0,0.926,2136.3
2.0,Samferdsel_96,258,1701,809,284.3,0.9344,2165.3
2.0,Samferdsel_96,259,719,714,296.5,0.9782,6814.3
2.0,Samferdsel_96,260,1116,907,293.4,0.9556,3304.7
2.0,Samferdsel_96,261,1532,812,275.6,0.9427,2403.3
2.0,Samferdsel_96,262,2476,789,293.5,0.9014,1488.1
2.0,Samferdsel_96,263,741,732,303.0,0.9704,5110.7
2.0,Samferdsel_96,264,844,844,301.2,0.99,15058.0
2.0,Samferdsel_96,265,1229,880,315.1,0.9474,2997.0
2.0,Samferdsel_96,266,1118,761,276.3,0.958,3293.1
2.0,Samferdsel_96,267,2225,873,308.4,0.9069,1655.7
2.0,Samferdsel_96,268,2078,873,295.7,0.9166,1771.9
2.0,Samferdsel_96,269,663,661,291.0,0.9828,8455.2
2.0,Samferdsel_96,270,780,777,295.0,0.99,14749.8
2.0,Samferdsel_96,271,1119,858,275.9,0.9581,3290.1
2.0,Samferdsel_96,272,1020,769,299.8,0.9585,3613.9
2.0,Samferdsel_96,273,928,928,282.5,0.99,14123.0
2.0,Samferdsel_96,274,885,872,301.8,0.9654,4355.0
2.0,Samferdsel_96,275,1144,837,305.1,0.9527,3222.2
2.0,Samferdsel_96,276,1515,829,319.1,0.9344,2432.2
2.0,Samferdsel_96,277,1476,809,280.9,0.9437,2495.9
2.0,Samferdsel_96,278,851,839,301.2,0.9659,4417.7
2.0,Samferdsel_96,279,831,830,298.6,0.9841,9373.2
2.0,Samferdsel_96,280,1701,917,311.1,0.9281,2164.1
2.0,Samferdsel_96,281,1323,839,323.2,0.9419,2783.9
2.0,Samferdsel_96,282,859,858,276.7,0.99,13834.5
2.0,Samferdsel_96,283,2097,768,322.2,0.9083,1757.4
2.0,Samferdsel_96,284,930,916,298.6,0.9675,4592.3
2.0,Samferdsel_96,285,857,845,302.0,0.9654,4364.3
2.0,Samferdsel_96,286,1384,796,323.8,0.9392,2662.2
2.0,Samferdsel_96,287,1322,903,309.3,0.9445,2786.8
2.0,Samferdsel_96,288,892,879,292.8,0.9661,4313.3
2.0,Samferdsel_96,289,2189,802,321.3,0.9045,1683.0
2.0,Samferdsel_96,290,2217,858,299.5,0.9099,1662.0
2.0,Samferdsel_96,291,1634,846,277.5,0.9385,2255.5
2.0,Samferdsel_96,292,945,935,306.5,0.9677,4745.6
2.0,Samferdsel_96,293,1351,745,305.0,0.944,2724.4
2.0,Samferdsel_96,294,859,747,295.7,0.9655,4288.3
2.0,Samferdsel_96,295,1804,924,311.5,0.9237,2041.6
2.0,Samferdsel_96,296,1028,706,315.7,0.9559,3579.7
2.0,Samferdsel_96,297,937,882,314.1,0.96,3930.1
2.0,Samferdsel_96,298,768,766,283.1,0.9823,8015.6
2.0,Samferdsel_96,299,819,810,293.3,0.9741,5667.9
2.0,Samferdsel_96,300,1482,696,300.1,0.9396,2485.8
2.0,Samferdsel_96,301,864,854,321.3,0.9725,5840.0
2.0,Samferdsel_96,302,864,853,286.0,0.974,5498.8
2.0,Samferdsel_96,303,1274,958,292.3,0.9494,2889.0
2.0,Samferdsel_96,304,1799,685,275.2,0.9328,2046.7
2.0,Samferdsel_96,305,1251,922,294.2,0.95,2944.3
2.0,Samferdsel_96,306,783,780,303.5,0.983,8925.3
2.0,Samferdsel_96,307,2071,770,292.4,0.9178,1778.8
2.0,Samferdsel_96,308,1335,773,280.9,0.9491,2760.5
2.0,Samferdsel_96,309,1824,871,295.1,0.927,2020.4
2.0,Samferdsel_96,310,691,690,317.0,0.99,15850.8
2.0,Samferdsel_96,311,1020,815,313.7,0.9566,3610.5
2.0,Samferdsel_96,312,888,887,296.9,0.99,14846.6
2.0,Samferdsel_96,313,840,832,296.9,0.9736,5630.6
2.0,Samferdsel_96,314,2462,748,277.9,0.9071,1496.1
2.0,Samferdsel_96,315,823,815,297.3,0.9687,4747.7
2.0,Samferdsel_96,316,826,824,296.4,0.9836,9019.9
2.0,Samferdsel_96,317,1152,731,306.8,0.9521,3199.7
2.0,Samferdsel_96,318,903,885,319.7,0.9608,4077.9
2.0,Samferdsel_96,319,766,763,301.8,0.99,15092.4
2.0,Samferdsel_96,320,1623,858,314.5,0.9307,2268.2
2.0,Samferdsel_96,321,1529,712,303.1,0.9371,2409.4
2.0,Samferdsel_96,322,1524,810,319.6,0.9339,2417.8
2.0,Samferdsel_96,323,811,809,303.4,0.9845,9771.8
2.0,Samferdsel_96,324,2518,780,277.0,0.9053,1462.6
2.0,Samferdsel_96,325,811,809,318.0,0.9839,9852.9
2.0,Samferdsel_96,326,819,818,299.5,0.9844,9622.0
2.0,Samferdsel_96,327,1581,804,301.5,0.9353,2329.1
2.0,Samferdsel_96,328,831,826,289.7,0.9813,7749.9
2.0,Samferdsel_96,329,914,914,279.5,0.99,13976.5
2.0,Samferdsel_96,330,1694,790,299.6,0.9311,2173.9
2.0,Samferdsel_96,331,1536,712,293.8,0.9388,2398.5
2.0,Samferdsel_96,332,2177,790,293.1,0.9134,1691.9
2.0,Samferdsel_96,333,746,733,323.2,0.9677,4997.1
2.0,Samferdsel_96,334,776,775,278.6,0.99,13929.2
2.0,Samferdsel_96,335,1028,789,314.5,0.9561,3581.3
2.0,Samferdsel_96,336,819,810,281.8,0.9721,5047.0
2.0,Samferdsel_96,337,1691,790,281.3,0.9354,2178.5
2.0,Samferdsel_96,338,830,829,311.2,0.9877,12663.5
2.0,Samferdsel_96,339,756,756,304.1,0.99,15203.2
2.0,Samferdsel_96,340,1363,887,321.8,0.9404,2701.9
2.0,Samferdsel_96,341,859,755,317.0,0.963,4285.7
2.0,Samferdsel_96,342,1890,781,290.3,0.9255,1948.7
2.0,Samferdsel_96,343,777,777,322.4,0.99,16120.2
2.0,Samferdsel_96,344,885,875,301.4,0.9709,5184.0
2.0,Samferdsel_96,345,853,846,306.8,0.979,7309.9
2.0,Samferdsel_96,346,2000,781,319.7,0.9132,1842.2
2.0,Samferdsel_96,347,1687,846,289.7,0.9337,2183.2
2.0,Samferdsel_96,348,1181,781,298.6,0.9521,3117.3
2.0,Samferdsel_96,349,776,776,321.0,0.99,16052.0
2.0,Samferdsel_96,350,861,861,319.9,0.99,15997.0
2.0,Samferdsel_96,351,1167,781,296.0,0.9531,3155.7
2.0,Samferdsel_96,352,878,878,292.0,0.99,14600.9
2.0,Samferdsel_96,353,1398,811,278.9,0.9471,2633.7
2.0,Samferdsel_96,354,917,917,307.4,0.99,15369.2
2.0,Samferdsel_96,355,1879,915,291.7,0.9256,1961.7
2.0,Samferdsel_96,356,843,843,295.8,0.99,14788.5
2.0,Samferdsel_96,357,913,908,291.2,0.9825,8332.6
2.0,Samferdsel_96,358,2132,825,307.8,0.9109,1727.7
2.0,Samferdsel_96,359,801,801,305.6,0.99,15280.2
2.0,Samferdsel_96,360,815,815,323.9,0.99,16194.1
2.0,Samferdsel_96,361,1487,847,313.6,0.9367,2478.8
2.0,Samferdsel_96,362,826,826,319.5,0.99,15972.6
2.0,Samferdsel_96,363,819,815,324.6,0.9784,7500.0
2.0,Samferdsel_96,364,937,937,283.6,0.99,14181.0
2.0,Samferdsel_96,365,769,768,294.0,0.986,10535.6
2.0,Samferdsel_96,366,724,721,279.2,0.99,13957.8
2.0,Samferdsel_96,367,1582,845,313.2,0.9327,2326.4
2.0,Samferdsel_96,368,906,801,324.9,0.9601,4070.8
2.0,Samferdsel_96,369,1067,795,291.0,0.9579,3452.8
2.0,Samferdsel_96,370,1531,724,275.2,0.9428,2406.5
2.0,Samferdsel_96,371,1127,845,324.5,0.9503,3268.1
2.0,Samferdsel_96,372,802,794,296.7,0.9757,6107.9
2.0,Samferdsel_96,373,759,756,293.4,0.99,14671.6
2.0,Samferdsel_96,374,1021,928,281.1,0.961,3607.3
2.0,Samferdsel_96,375,854,754,307.8,0.9643,4311.9
2.0,Samferdsel_96,376,1635,747,303.4,0.9327,2253.4
2.0,Samferdsel_96,377,942,745,313.2,0.96,3915.1
2.0,Samferdsel_96,378,858,854,303.4,0.9844,9699.2
2.0,Samferdsel_96,379,987,669,320.6,0.957,3729.3
2.0,Samferdsel_96,380,942,711,322.2,0.9588,3914.2
2.0,Samferdsel_96,381,860,818,321.6,0.9624,4282.0
2.0,Samferdsel_96,382,1165,857,289.3,0.9543,3164.6
2.0,Samferdsel_96,383,1258,878,278.9,0.9524,2928.0
2.0,Samferdsel_96,384,867,860,315.8,0.98,7890.7
2.0,Samferdsel_96,385,920,913,275.4,0.9791,6590.9
2.0,Samferdsel_96,386,2552,952,279.6,0.9032,1443.8
2.0,Samferdsel_96,387,774,766,314.8,0.9759,6540.6
2.0,Samferdsel_96,388,951,845,292.0,0.9623,3871.4
2.0,Samferdsel_96,389,742,718,307.3,0.969,4957.5
2.0,Samferdsel_96,390,1278,752,281.2,0.9512,2883.7
2.0,Samferdsel_96,391,872,865,305.0,0.9751,6112.2
2.0,Samferdsel_96,392,784,781,311.9,0.9805,8002.2
2.0,Samferdsel_96,393,838,837,282.9,0.99,14147.2
2.0,Samferdsel_96,394,1021,788,279.0,0.9613,3605.4
2.0,Samferdsel_96,395,998,887,299.2,0.9595,3690.3
2.0,Samferdsel_96,396,1070,845,320.2,0.9535,3439.5
2.0,Samferdsel_96,397,718,718,317.2,0.99,15862.4
2.0,Samferdsel_96,398,1483,853,323.8,0.9348,2483.7
2.0,Samferdsel_96,399,1117,749,299.2,0.9546,3298.1
2.0,Samferdsel_96,400,1837,809,315.4,0.9214,2006.1
2.0,Samferdsel_96,401,1195,724,292.3,0.9526,3083.5
2.0,Samferdsel_96,402,1084,797,297.0,0.9563,3396.2
2.0,Samferdsel_96,403,1260,721,283.5,0.9515,2920.8
2.0,Samferdsel_96,404,853,791,292.3,0.9661,4313.2
2.0,Samferdsel_96,405,699,698,285.2,0.99,14261.3
2.0,Samferdsel_96,406,1707,748,287.5,0.9334,2158.2
2.0,Samferdsel_96,407,803,794,290.9,0.9712,5055.5
2.0,Samferdsel_96,408,803,798,304.4,0.9806,7852.8
2.0,Samferdsel_96,409,1708,818,322.1,0.9253,2155.8
2.0,Samferdsel_96,410,1435,802,323.8,0.9369,2566.7
2.0,Samferdsel_96,411,931,871,323.0,0.9592,3955.0
2.0,Samferdsel_96,412,1942,844,313.6,0.9174,1897.8
2.0,Samferdsel_96,413,797,742,324.1,0.9649,4616.6
2.0,Samferdsel_96,414,866,854,315.6,0.9648,4482.2
2.0,Samferdsel_96,415,894,840,295.7,0.9641,4118.6
2.0,Samferdsel_96,416,1540,761,323.8,0.9323,2390.5
2.0,Samferdsel_96,417,1866,742,301.3,0.9237,1974.4
2.0,Samferdsel_96,418,1189,781,276.7,0.9554,3098.5
2.0,Samferdsel_96,419,1320,882,296.4,0.9469,2792.7
2.0,Samferdsel_96,420,1396,796,317.9,0.9398,2639.5
2.0,Samferdsel_96,421,895,895,322.4,0.99,16121.1
2.0,Samferdsel_96,422,1232,717,294.2,0.9508,2988.9
2.0,Samferdsel_96,423,2168,760,303.3,0.9107,1698.7
2.0,Samferdsel_96,424,1207,843,311.8,0.9489,3053.2
2.0,Samferdsel_96,425,795,795,312.7,0.99,15634.0
2.0,Samferdsel_96,426,789,787,281.0,0.983,8269.8
2.0,Samferdsel_96,427,915,901,278.3,0.9667,4175.7
2.0,Samferdsel_96,428,881,762,288.2,0.9655,4178.7
2.0,Samferdsel_96,429,2260,759,297.4,0.9087,1629.4
2.0,Samferdsel_96,430,1762,850,315.4,0.9246,2090.4
2.0,Samferdsel_96,431,795,782,305.8,0.9695,5017.8
2.0,Samferdsel_96,432,2818,780,277.6,0.8938,1307.2
2.0,Samferdsel_96,433,1844,710,312.2,0.9219,1998.4
2.0,Samferdsel_96,434,2023,866,306.6,0.9158,1820.0
2.0,Samferdsel_96,435,718,718,306.1,0.9852,10326.8
2.0,Samferdsel_96,436,811,801,298.5,0.9679,4645.2
2.0,Samferdsel_96,437,1062,824,275.3,0.9603,3467.7
2.0,Samferdsel_96,438,1127,777,315.9,0.9516,3265.7
2.0,Samferdsel_96,439,1855,831,316.7,0.9202,1985.0
2.0,Samferdsel_96,440,795,788,301.7,0.9756,6193.3
2.0,Samferdsel_96,441,983,972,319.5,0.9715,5607.8
2.0,Samferdsel_96,442,1960,902,276.0,0.9266,1878.7
2.0,Samferdsel_96,443,886,882,284.5,0.986,10146.9
2.0,Samferdsel_96,444,1238,732,306.9,0.9484,2976.0
2.0,Samferdsel_96,445,2848,927,298.8,0.8844,1293.0
2.0,Samferdsel_96,446,2364,837,316.8,0.8983,1557.8
2.0,Samferdsel_96,447,1305,845,309.8,0.9452,2824.5
2.0,Samferdsel_96,448,1062,825,301.7,0.9565,3468.5
2.0,Samferdsel_96,449,1687,830,297.9,0.9317,2181.8
2.0,Samferdsel_96,450,1468,796,286.4,0.9429,2508.9
2.0,Samferdsel_96,451,1027,812,285.3,0.9602,3587.8
2.0,Samferdsel_96,452,781,781,321.5,0.99,16073.8
2.0,Samferdsel_96,453,740,739,309.3,0.99,15466.6
2.0,Samferdsel_96,454,1061,754,296.7,0.9573,3473.4
2.0,Samferdsel_96,455,761,756,284.4,0.9835,8643.3
2.0,Samferdsel_96,456,1746,808,292.2,0.9308,2110.5
2.0,Samferdsel_96,457,920,913,312.7,0.9724,5660.2
2.0,Samferdsel_96,458,873,872,295.3,0.99,14766.0
2.0,Samferdsel_96,459,726,720,281.4,0.9773,6188.3
2.0,Samferdsel_96,460,1067,846,318.7,0.9538,3453.0
2.0,Samferdsel_96,461,776,769,291.8,0.9775,6498.3
2.0,Samferdsel_96,462,718,717,276.0,0.99,13798.0
2.0,Samferdsel_96,463,1368,843,304.4,0.9435,2694.9
2.0,Samferdsel_96,464,853,843,301.9,0.9694,4933.1
2.0,Samferdsel_96,465,1158,776,281.8,0.9557,3182.9
2.0,Samferdsel_96,466,2399,871,275.3,0.9103,1535.2
2.0,Samferdsel_96,467,1991,805,305.0,0.9176,1850.7
2.0,Samferdsel_96,468,1209,801,281.1,0.9538,3045.7
2.0,Samferdsel_96,469,878,873,293.8,0.9794,7147.7
2.0,Samferdsel_96,470,833,798,286.4,0.9676,4417.9
2.0,Samferdsel_96,471,1440,865,324.4,0.9366,2558.8
2.0,Samferdsel_96,472,815,815,302.6,0.99,15128.4
2.0,Samferdsel_96,473,1370,798,301.5,0.9439,2689.0
2.0,Samferdsel_96,474,830,741,301.6,0.966,4438.6
2.0,Samferdsel_96,475,1677,745,297.8,0.9322,2196.7
2.0,Samferdsel_96,476,805,805,281.2,0.99,14059.2
2.0,Samferdsel_96,477,1321,739,313.3,0.9438,2787.3
2.0,Samferdsel_96,478,860,859,319.8,0.99,15990.9
2.0,Samferdsel_96,479,1511,895,302.2,0.938,2436.6
2.0,Samferdsel_96,480,754,745,305.2,0.9694,4986.5
2.0,Samferdsel_96,481,852,852,309.5,0.99,15475.8
2.0,Samferdsel_96,482,873,867,290.3,0.9777,6506.6
2.0,Samferdsel_96,483,896,686,292.6,0.9644,4108.3
2.0,Samferdsel_96,484,1099,768,276.9,0.9587,3349.6
2.0,Samferdsel_96,485,923,923,311.0,0.99,15549.9
2.0,Samferdsel_96,486,857,857,314.9,0.987,12129.3
2.0,Samferdsel_96,487,726,718,316.8,0.9745,6209.6
2.0,Samferdsel_96,488,969,833,311.0,0.9591,3802.8
2.0,Samferdsel_96,489,895,885,316.8,0.9642,4423.4
2.0,Samferdsel_96,490,1952,697,301.3,0.9201,1886.1
2.0,Samferdsel_96,491,749,745,281.5,0.9846,9143.1
2.0,Samferdsel_96,492,1809,950,310.2,0.9238,2036.6
2.0,Samferdsel_96,493,1662,872,289.1,0.9348,2217.7
2.0,Samferdsel_96,494,769,760,306.7,0.9686,4879.5
2.0,Samferdsel_96,495,1351,668,318.4,0.9416,2726.2
2.0,Samferdsel_96,496,1519,971,288.0,0.9406,2424.1
2.0,Samferdsel_96,497,1624,881,282.9,0.9376,2266.9
2.0,Samferdsel_96,498,1411,763,284.3,0.9456,2611.0
2.0,Samferdsel_96,499,2001,781,297.3,0.9192,1840.7
